-699781.376	-1001286.294	-698666.268	-1001783.179	1308.367
-818157.27	-1038318.05	-817623.148	-1037014.96	1614.906
-738890.244	-1040092.129	-739143.03	-1040124.46	256.416
-649175.674	-1083114.173	-649508.54	-1081915.849	1371.919
-771691.03	-1056741.32	-770168.015	-1057386.5	1853.923
-698925.234	-1010862.723	-698831.482	-1012630.365	1894.236
-708233.01	-1084992.954	-707996.479	-1083867.228	1214.543
-722967.369	-1006661.187	-725864.598	-1006765.46	3658.513
-671323.556	-1013361.815	-671334.839	-1013380.04	28.198
-740517.56	-1057594.04	-740512.28	-1057582.49	13.851
-676072.97	-1057055.44	-676169.25	-1057074.54	99.588
-840762.94	-1019368.88	-840670.518	-1019476.288	224.628
-739456.84	-1047650.3	-739501.61	-1047742.46	106.05
-720554.445	-1047589.278	-720978.91	-1047681.804	455.251
-646860.963	-1084552.205	-647976.31	-1088461.283	4158.849
-641605.123	-1092203.697	-641361.511	-1092462.084	362.855
-768381.901	-1043327.415	-768948.186	-1044541.868	1363.288
-822538.061	-1068643.955	-822459.54	-1068874.63	245.409
-746806.121	-1017300.037	-746818.768	-1017317.733	23.714
-728616.024	-1078644.729	-728602.055	-1078644.568	14.796
-807534.432	-1051274.618	-807285.49	-1049727.11	1622.81
-765863.967	-983629.744	-766483.586	-982856.956	1018.893
-828416.25	-1029164.0	-828832.036	-1030165.093	1227.827
-722148.55	-1041869.95	-725662.193	-1042408.85	3611.081
-697966.78	-1002610.83	-697594.008	-1001104.644	1596.756
-691133.201	-1066124.921	-691161.547	-1066271.947	149.734
-803608.21	-1077857.96	-803916.975	-1076948.765	969.011
-723658.439	-1036741.984	-723901.304	-1036730.429	246.444
-654577.54	-1028792.8	-655721.4	-1026706.88	2690.545
-789713.931	-1027151.929	-789783.118	-1027080.451	109.688
-880059.211	-1017014.859	-880905.313	-1014385.715	3100.92
-718298.05	-1057596.86	-717259.4	-1057317.02	1076.641
-752145.81	-1038511.65	-752125.679	-1038679.677	175.767
-788150.0	-990375.94	-787980.79	-990434.66	179.539
-773231.14	-998764.04	-773902.9	-997205.3	1736.958
-711170.12	-1025870.9	-711022.23	-1025781.77	172.677
-649085.77	-1029046.31	-648804.6	-1029120.41	290.981
-771203.743	-989206.762	-771078.29	-990730.67	1876.642
-773237.107	-978438.398	-770903.04	-979469.9	2631.401
-811825.3	-986832.05	-811963.57	-985598.44	1353.977
-772117.211	-1018247.012	-771592.16	-1018016.29	599.463
-719573.58	-1015047.5	-719846.08	-1013478.47	1718.15
-806118.682	-1006432.464	-802905.445	-1007319.834	3902.596
-656208.767	-1092763.429	-656812.937	-1093501.15	1251.074
-688328.881	-1046580.985	-688233.175	-1046546.614	103.061
-852656.05	-1038915.62	-854429.27	-1039690.03	2061.306
-790860.627	-1002521.829	-793542.74	-999883.96	4228.216
-733481.924	-975306.942	-734539.895	-974968.556	1198.663
-699963.086	-1071719.372	-699077.33	-1070595.49	1475.335
-805541.115	-990403.576	-805521.1	-990411.345	23.137
-721396.0	-1052860.8	-721062.76	-1053407.858	694.766
-676359.333	-1040833.919	-675978.208	-1041097.886	468.313
-857071.95	-1039267.52	-854289.81	-1040087.67	3158.258
-663771.536	-1036203.713	-663566.08	-1037782.32	1602.556
-749112.72	-1053953.78	-749962.11	-1054825.44	1243.967
-765682.58	-1040663.16	-765097.63	-1039469.87	1472.771
-778922.16	-1071182.43	-781657.589	-1070927.959	2849.602
-756485.88	-996910.85	-755871.129	-995504.851	1816.279
-694157.94	-1044358.01	-694128.44	-1044382.37	44.133
-752450.15	-1042833.73	-752455.375	-1043124.0	291.694
-730244.83	-1030971.86	-729616.5	-1031588.92	884.489
-767628.36	-1046038.68	-767521.688	-1046058.5	108.638
-738807.89	-1040058.4	-738890.244	-1040092.129	89.033
-849492.813	-1064832.5	-849524.125	-1064819.0	45.116
-778922.16	-1071182.43	-778814.3	-1071062.64	166.124
-641605.123	-1092203.697	-642864.698	-1091196.524	1824.631
-734667.725	-1041598.981	-734904.4	-1041120.39	601.234
-781482.919	-985956.992	-781603.936	-986039.87	149.541
-740252.159	-1048828.77	-740042.682	-1048803.266	213.049
-819326.668	-1076797.521	-818948.018	-1077663.065	1277.563
-781065.17	-989219.41	-781064.88	-989176.29	43.121
-687128.448	-1059812.154	-688066.84	-1062324.49	3474.656
-702051.307	-1042737.632	-700476.8	-1041432.14	2093.526
-831413.73	-984863.759	-834024.087	-983878.067	3356.338
-745098.936	-1048384.833	-744834.87	-1048200.68	323.495
-690276.83	-1015960.33	-690459.05	-1018887.38	3164.45
-767326.434	-971436.256	-767218.369	-971343.443	153.146
-721519.313	-1032410.851	-721593.39	-1032506.03	120.612
-851518.2	-1010751.166	-851816.443	-1010487.409	399.736
-753684.045	-981066.838	-754958.704	-982106.82	1810.117
-737336.209	-1046745.719	-737336.38	-1046672.94	79.32
-757816.444	-1031573.963	-757892.83	-1031276.15	308.25
-721832.46	-1081626.08	-721734.23	-1079750.92	2112.543
-770406.95	-1016484.18	-770317.58	-1016319.82	189.035
-699256.34	-1061459.02	-698639.7	-1060855.31	886.94
-658260.77	-1017886.87	-658912.297	-1021936.138	6304.921
-649269.117	-1061763.106	-649286.677	-1061749.033	24.393
-671549.868	-1018795.541	-670644.52	-1018055.48	1212.025
-754958.704	-982106.82	-754170.984	-982983.49	1267.911
-733066.43	-1000888.03	-731996.41	-998262.67	3254.093
-738930.214	-1070969.271	-738946.797	-1071544.05	622.414
-687083.697	-1086022.321	-688233.261	-1086832.798	1432.665
-774993.72	-1033762.995	-774972.65	-1033732.19	41.335
-740572.33	-1040310.77	-740517.97	-1040263.89	86.195
-654990.782	-1070102.447	-655004.554	-1070119.791	25.338
-697482.489	-1026804.253	-697605.08	-1030139.578	3683.671
-833948.712	-1071199.905	-833895.713	-1071419.942	226.751
-801941.445	-1036474.226	-800263.776	-1036286.025	1963.593
-662783.192	-1048928.588	-663755.607	-1051422.114	2904.831
-865033.199	-1014739.988	-867009.472	-1014018.47	2176.956
-794659.195	-1039549.728	-798142.012	-1040529.697	3823.493
-782050.48	-1009785.59	-782023.23	-1007416.47	2517.078
-728843.855	-1039330.22	-729214.448	-1040266.062	1047.023
-739238.46	-1040119.82	-739082.491	-1040215.115	351.234
-708461.4	-1069518.07	-707874.94	-1069852.35	678.148
-738120.433	-1086138.778	-738150.745	-1085874.268	3091.035
-762551.91	-1038286.19	-762567.14	-1038342.76	58.652
-724640.929	-1034155.105	-726557.64	-1030504.07	4394.236
-705427.24	-1044468.27	-705211.72	-1044587.42	246.296
-748333.149	-980555.381	-748074.278	-981286.736	800.517
-718601.39	-1025304.16	-720536.65	-1026893.42	2544.968
-781214.734	-998287.394	-782077.75	-996422.43	2180.641
-646321.017	-1065809.304	-643828.134	-1066696.643	2726.027
-741812.93	-1041316.18	-742025.384	-1041551.688	353.962
-836190.341	-989605.311	-835338.541	-986249.51	3627.363
-689537.866	-1046430.53	-689541.189	-1046445.739	16.429
-771925.35	-1015431.21	-772409.43	-1015257.39	526.438
-724437.183	-1041554.406	-724451.812	-1041571.23	25.087
-696275.836	-1045441.325	-696311.254	-1045338.548	125.961
-765367.06	-1080162.52	-765999.3	-1078549.26	1804.559
-829974.814	-1072884.661	-830129.382	-1072797.519	177.564
-684709.56	-1008697.17	-684463.163	-1008439.427	356.596
-824860.766	-1067179.646	-823952.872	-1066561.885	1155.466
-659303.77	-1056898.26	-659290.395	-1054466.073	2620.217
-772417.03	-1059210.58	-772442.814	-1059091.704	121.996
-700619.652	-1070088.575	-699963.086	-1071719.372	1780.928
-676623.208	-1092587.477	-676956.373	-1091523.562	3034.501
-750178.031	-1005376.112	-750159.616	-1005373.797	19.827
-865292.98	-1015988.686	-865301.54	-1016244.292	267.06
-660644.73	-1082561.32	-658278.062	-1080883.94	3161.648
-645895.34	-1082488.863	-644785.521	-1082590.738	1141.334
-641200.314	-1062662.991	-641137.754	-1061523.742	1170.409
-732856.34	-1029634.35	-732473.929	-1029694.138	419.441
-784542.341	-1004527.927	-783314.78	-1005296.41	1505.351
-741810.06	-1048888.99	-743775.84	-1049079.58	2031.586
-776403.965	-1052478.333	-776091.979	-1050901.754	2046.636
-769389.42	-1033348.2	-769269.16	-1031918.29	1467.973
-778371.176	-1058882.796	-778543.215	-1058986.636	200.949
-741595.338	-1042667.249	-741631.52	-1043058.113	392.914
-779024.37	-981604.83	-778879.455	-981677.522	162.144
-763264.3	-977132.65	-763397.24	-977099.53	137.056
-726774.909	-1054699.946	-727029.82	-1054875.525	309.68
-727201.508	-993032.23	-725140.036	-993094.291	2601.659
-753337.248	-1047994.104	-753428.182	-1047855.423	165.847
-748228.245	-984805.298	-748266.93	-984834.88	48.713
-756891.0	-1048656.43	-755561.139	-1048762.837	1358.048
-706833.082	-1051923.937	-707080.209	-1050289.257	1702.257
-669508.322	-1044456.713	-669043.352	-1044621.083	495.85
-695912.142	-1063048.495	-695861.772	-1062713.259	340.823
-820611.661	-1069858.811	-821832.261	-1069947.466	1238.067
-671939.704	-1014790.747	-671157.532	-1014752.688	807.33
-719664.66	-1030725.65	-719755.49	-1030528.03	240.254
-646889.99	-1040994.64	-646418.13	-1041526.08	719.743
-788804.87	-979200.83	-789064.31	-977443.98	1779.303
-752070.68	-1038599.17	-752161.6	-1038473.45	155.159
-749343.934	-1045675.019	-751326.36	-1045689.05	1982.481
-664402.25	-1047829.813	-664184.063	-1047903.25	230.254
-824242.78	-1071919.35	-824346.25	-1071995.96	129.699
-675688.767	-1054501.648	-675849.46	-1054214.26	346.033
-753071.696	-979898.12	-752431.017	-980746.742	1169.7
-788280.93	-990324.35	-788150.0	-990375.94	141.225
-662627.63	-1025776.23	-662006.84	-1026065.79	754.179
-742518.5	-1045924.19	-742522.57	-1045850.3	74.132
-706247.82	-1004012.78	-706091.96	-1004485.88	499.97
-789158.18	-1016222.98	-788774.22	-1016148.65	410.718
-646565.498	-1077448.371	-646962.665	-1079051.72	2042.593
-747453.951	-1024023.395	-747371.97	-1023961.73	104.407
-763141.96	-992584.68	-762936.56	-992381.36	289.043
-754233.047	-1046633.889	-753444.92	-1047853.34	1504.624
-753600.19	-1041770.82	-753237.68	-1041867.54	375.541
-754682.0	-993568.33	-756148.73	-993317.52	1789.02
-650316.67	-1066703.03	-651043.587	-1068475.414	1943.327
-882361.76	-1020912.45	-882376.558	-1020884.772	31.785
-810692.36	-991756.35	-810760.28	-991750.83	76.267
-646333.375	-1062376.067	-646349.547	-1062365.682	23.488
-808214.44	-991501.83	-810681.831	-985609.893	7314.809
-810812.074	-1036876.588	-810276.99	-1036473.986	787.697
-725654.097	-998847.16	-727322.78	-1001073.29	3642.715
-702593.435	-1089864.197	-702961.865	-1089131.717	1986.791
-742614.85	-1013335.24	-742265.16	-1013559.67	416.516
-648320.15	-1058431.014	-648218.514	-1058462.339	106.533
-746021.746	-1054033.324	-745964.069	-1053779.076	261.533
-814348.83	-1031915.438	-815676.12	-1031636.57	1597.453
-725329.222	-978326.922	-724592.087	-974878.778	3556.571
-713680.036	-1033381.515	-714019.39	-1030869.42	2738.364
-746274.66	-993820.43	-745363.224	-990602.243	3698.843
-733709.44	-1030190.23	-732856.34	-1029634.35	1150.446
-778139.229	-981927.018	-778150.952	-981922.887	14.718
-767753.343	-1064569.401	-768216.533	-1064805.843	534.256
-737520.29	-1046623.77	-737762.72	-1046569.09	250.065
-766569.98	-1006757.01	-766470.27	-1008040.88	1427.696
-695047.376	-1044391.963	-694157.94	-1044358.01	890.761
-730812.91	-1045592.62	-730655.43	-1045534.04	189.066
-649184.804	-1019796.781	-649081.88	-1019866.94	126.006
-792277.4	-1036604.21	-791434.04	-1034401.32	2466.376
-828138.18	-988352.21	-829024.303	-985564.954	3213.682
-768394.55	-991513.293	-768913.823	-991587.479	525.573
-776179.99	-979470.54	-774371.24	-980479.83	2567.056
-680931.996	-991412.351	-681247.84	-991599.76	440.029
-729424.24	-1055153.083	-728273.927	-1055690.496	1341.069
-741783.23	-1022223.97	-741471.85	-1019735.03	2521.291
-704080.94	-1018633.22	-704031.14	-1018885.86	257.505
-814270.804	-1042305.748	-814250.59	-1042219.57	88.571
-770761.02	-979548.54	-773237.107	-978438.398	2788.244
-800928.821	-1006647.121	-798710.683	-1005533.253	2767.91
-738037.11	-1005368.743	-738002.88	-1005326.91	54.202
-808251.99	-998862.84	-807625.76	-999569.73	966.249
-729298.04	-1084653.56	-729054.11	-1086088.29	1779.366
-850635.225	-1022379.352	-846221.073	-1022074.287	4905.341
-701062.533	-1010506.052	-700948.227	-1010726.782	254.351
-794481.78	-1004012.95	-794481.072	-1003988.877	26.978
-712873.074	-983376.143	-712873.971	-983396.929	24.9
-758192.223	-1015753.97	-758638.51	-1013428.37	2819.793
-856461.245	-1058546.125	-856838.514	-1058576.18	407.629
-642862.219	-1071659.45	-640730.83	-1072215.52	2212.581
-714747.487	-1020317.35	-715971.72	-1019153.54	1722.415
-772600.332	-1054949.996	-772662.778	-1054864.906	105.577
-753305.819	-1004644.725	-753311.776	-1004662.85	21.037
-802663.404	-1071055.267	-806461.312	-1072615.239	4236.765
-780629.94	-1015323.93	-779957.29	-1013277.41	2181.41
-845263.628	-1031836.868	-845191.49	-1031871.04	84.488
-800845.07	-1040057.81	-799534.342	-1038607.217	2287.154
-783506.85	-1065494.96	-783554.64	-1066015.71	707.388
-783766.49	-973858.9	-784099.891	-975185.692	1495.582
-644574.533	-1038412.225	-644501.1	-1038399.972	75.736
-659255.092	-1065048.695	-659884.474	-1065080.258	640.001
-671157.532	-1014752.688	-671278.02	-1014903.47	219.355
-657637.67	-1071921.73	-659661.553	-1072015.61	2238.021
-673383.37	-1012036.57	-673303.995	-1012046.221	86.21
-850259.53	-1002106.96	-849278.494	-1001949.545	1007.488
-692398.456	-1061029.368	-691574.13	-1060305.91	1109.057
-687349.345	-1073792.005	-688002.282	-1075181.562	2053.024
-881432.276	-1028474.542	-881426.324	-1030947.055	2669.391
-848599.115	-1010014.034	-848631.622	-1009970.503	73.337
-810667.344	-991730.324	-810333.785	-991622.577	406.084
-816360.47	-1040386.63	-814540.66	-1041755.27	2588.949
-887508.86	-1019850.702	-887593.216	-1019848.564	84.384
-664324.403	-1076602.339	-665871.701	-1077467.464	1804.0
-827877.321	-1041525.222	-827952.099	-1041307.414	240.392
-669115.19	-1014089.95	-669096.11	-1014095.01	19.74
-783489.42	-1061938.708	-783301.77	-1061787.31	241.113
-649218.969	-1061762.193	-649175.166	-1061861.382	115.193
-827416.761	-1067890.621	-826590.528	-1066929.803	1314.935
-846571.19	-1058231.87	-849027.29	-1064681.514	8124.309
-702096.308	-1043248.3	-699059.06	-1044114.19	3167.845
-647250.053	-1071710.344	-647230.95	-1071708.757	20.662
-802162.267	-989165.468	-802745.655	-986906.4	2339.487
-677792.44	-1026214.67	-675281.436	-1028735.788	4104.103
-693984.34	-985511.09	-693882.019	-985360.406	188.904
-759709.546	-1022511.169	-758738.418	-1022082.312	1066.169
-666244.74	-1012055.81	-665581.79	-1012129.63	673.922
-713219.871	-1058449.529	-713318.64	-1057596.11	860.524
-756787.96	-1074718.42	-756668.73	-1074707.95	120.522
-806693.978	-1072845.383	-806475.528	-1072629.159	312.239
-734517.46	-1041013.28	-732453.52	-1040841.31	2111.317
-845456.526	-1038852.984	-846443.724	-1036838.121	2666.091
-835040.953	-1040646.03	-833692.707	-1042370.341	2436.272
-730385.752	-1043397.184	-730143.03	-1043481.59	257.184
-723303.99	-1003392.09	-723479.16	-1003385.98	190.817
-826432.35	-1070622.92	-826669.354	-1070793.339	314.055
-753333.535	-979268.124	-753862.964	-979708.209	1453.25
-861624.971	-1062894.808	-860415.091	-1062241.287	1434.306
-675640.02	-1070644.17	-673976.137	-1069265.756	2227.37
-831240.458	-999151.728	-831193.859	-999203.224	70.439
-770075.309	-979937.134	-769529.73	-980208.64	620.967
-756963.7	-1065845.66	-759007.55	-1068529.69	3461.746
-650684.518	-1064923.191	-648646.5	-1065164.625	2180.878
-870696.034	-1028508.817	-868550.73	-1025322.24	4748.766
-748331.57	-1058014.71	-748344.33	-1057914.08	105.126
-807087.86	-996251.48	-807022.055	-996238.78	71.906
-825530.02	-1076547.61	-824557.59	-1076392.94	986.519
-874060.667	-995595.356	-873406.78	-991086.604	5090.652
-796572.45	-1009553.07	-794318.27	-1008076.35	3171.167
-784212.8	-1059855.91	-783526.28	-1061170.79	1586.945
-690630.034	-1083921.78	-693617.036	-1085212.682	4234.744
-831365.121	-1070584.323	-832522.232	-1070640.672	1173.174
-674962.455	-1021144.372	-675391.292	-1019425.013	1914.445
-747391.63	-1054904.92	-747508.02	-1054938.99	123.643
-855476.543	-997761.633	-853365.73	-1002828.81	7399.454
-679531.5	-1068030.357	-679522.468	-1067119.159	934.077
-752450.15	-1042833.73	-752328.935	-1043033.012	234.82
-736747.68	-1038593.73	-735568.11	-1040276.17	2070.597
-777963.57	-980328.72	-778018.52	-980258.925	88.831
-765196.17	-991442.12	-765234.64	-991502.28	72.182
-779251.363	-993739.69	-780523.91	-993848.68	1497.579
-831111.946	-997765.178	-830193.24	-997923.3	942.572
-827404.39	-1021838.42	-827593.495	-1020692.692	1222.546
-779014.383	-981884.226	-779009.3	-981800.15	95.176
-744509.614	-989894.407	-744693.307	-988746.254	1196.011
-767952.16	-1018202.72	-767274.47	-1016513.4	1873.363
-754326.98	-1045709.048	-755007.66	-1046144.38	811.743
-777324.325	-973961.95	-777348.35	-973934.58	44.953
-829697.252	-1070349.003	-829918.574	-1070530.916	309.941
-744427.01	-1041940.53	-742589.37	-1041655.95	1875.231
-743748.95	-1024743.24	-743703.125	-1025022.688	283.894
-650508.75	-1024626.59	-649971.71	-1026167.52	1905.797
-668960.1	-1074642.45	-667006.204	-1075075.738	2028.516
-789558.28	-989147.0	-789599.47	-989178.13	60.26
-675234.35	-1007214.66	-675048.91	-1008405.81	1303.642
-662680.682	-1092699.221	-660193.355	-1090932.548	3490.446
-752105.489	-980945.987	-752687.05	-982562.7	2684.785
-770823.51	-981441.98	-770807.14	-981413.88	32.53
-745060.155	-988699.985	-744763.263	-988713.681	320.546
-697516.782	-1035928.448	-697541.012	-1035978.822	55.938
-660888.99	-1076633.9	-661479.04	-1077396.65	974.823
-742458.968	-1045227.057	-741982.434	-1043721.781	1646.518
-644971.38	-1032389.41	-643499.44	-1034658.75	2889.474
-647877.341	-1062897.559	-646271.32	-1063832.91	1906.507
-720501.53	-1007824.76	-721120.86	-1008565.41	1237.604
-756498.84	-1080484.19	-757206.48	-1080755.63	769.018
-816403.88	-1076194.94	-815495.249	-1077006.108	1299.392
-777861.4	-994155.78	-776977.4	-994336.9	920.452
-703994.683	-1051276.113	-702949.797	-1052173.005	1442.408
-755071.627	-972993.598	-756230.625	-971996.438	1624.824
-827959.95	-1025194.124	-828432.897	-1025096.197	482.979
-809128.779	-1074842.045	-807937.656	-1073945.98	1575.287
-645008.33	-1049648.67	-645067.71	-1049645.3	60.232
-813718.777	-1072673.812	-818651.724	-1074636.177	5448.655
-862971.997	-1029304.174	-863093.577	-1028678.965	680.207
-739353.38	-1033785.91	-739362.188	-1033725.438	62.441
-830319.0	-1023231.16	-831254.004	-1022479.198	1281.845
-867326.503	-1012994.96	-866969.154	-1012833.063	415.857
-865997.726	-1006888.609	-865417.798	-1006932.159	593.927
-644390.63	-1074453.586	-644363.469	-1074457.652	27.478
-677020.49	-1000618.96	-677452.67	-996678.42	4213.392
-826437.994	-1068327.778	-824983.948	-1067325.925	1791.022
-788376.49	-989836.61	-788657.3	-989779.55	286.954
-819105.02	-1017258.59	-819149.87	-1017315.07	72.182
-815246.656	-1034011.793	-813741.686	-1034385.49	1683.492
-698168.294	-995083.306	-699656.9	-989234.21	6376.233
-826730.649	-1070790.848	-826644.106	-1068543.16	2407.576
-857441.077	-1066745.506	-857682.671	-1066757.76	241.905
-719358.41	-1030469.28	-719467.12	-1030538.8	130.702
-664760.619	-1005645.69	-664728.44	-1005648.28	32.338
-645261.5	-1019198.11	-645714.73	-1017890.78	1400.089
-689519.15	-1046326.769	-689587.498	-1046417.111	115.575
-735378.68	-1040730.19	-735557.76	-1040276.86	495.865
-764859.74	-983493.05	-764427.96	-984213.11	906.913
-815143.711	-1070873.278	-815293.012	-1071088.658	262.076
-778958.856	-1029962.33	-780351.726	-1028866.151	1884.424
-863515.102	-1062767.975	-861624.971	-1062894.808	2354.044
-865944.702	-1046034.631	-867453.799	-1044174.344	2434.653
-726488.524	-1059462.93	-725952.316	-1059744.272	613.866
-685206.43	-1070551.72	-684936.41	-1068925.74	1669.823
-684827.173	-1062061.435	-686980.44	-1062408.9	2517.508
-809228.339	-1008664.888	-812426.4	-1007250.22	3728.769
-736690.38	-983714.019	-736667.864	-983719.336	25.414
-688864.228	-1079452.576	-688754.704	-1080190.043	793.371
-767615.32	-1045923.917	-767491.287	-1045988.307	176.499
-757249.19	-1054548.64	-758171.547	-1053690.762	1327.769
-759844.263	-994650.504	-759169.19	-993327.263	1568.092
-783870.85	-988372.22	-783982.72	-988290.11	148.203
-807838.519	-1027990.408	-808386.509	-1029996.246	2136.681
-783769.365	-1025764.997	-781142.37	-1024346.29	3036.855
-666052.66	-1013687.66	-664642.66	-1013307.79	1460.335
-848832.896	-1010100.024	-848962.91	-1010196.535	161.94
-690438.51	-1007547.74	-690227.01	-1008787.15	1539.32
-695848.88	-1063391.09	-694676.06	-1062700.39	1374.279
-711558.013	-1059050.548	-709530.633	-1060363.498	2470.939
-737247.074	-1035840.859	-737250.813	-1035813.563	27.551
-886250.58	-1006012.601	-887135.399	-1006153.178	933.168
-692470.7	-1037425.66	-692331.51	-1039270.14	1859.231
-715974.36	-1048190.05	-718045.351	-1046662.504	2933.938
-753550.831	-1045351.972	-753521.58	-1045244.16	111.74
-667732.27	-1052888.66	-666416.596	-1051353.785	2595.79
-788981.45	-1005130.06	-788963.31	-1005173.23	47.15
-751945.629	-984673.444	-751731.718	-984231.884	507.892
-765293.39	-1061827.9	-765106.286	-1060529.073	1870.695
-737206.749	-1023015.723	-737576.263	-1021220.559	2144.866
-679630.205	-1067940.403	-679959.244	-1068126.389	380.887
-709975.95	-1078585.03	-707680.002	-1079370.444	2743.433
-786314.85	-1063861.96	-785879.46	-1063937.49	448.364
-781165.18	-977555.19	-779744.871	-976486.266	1778.772
-677070.88	-1001484.59	-677007.72	-1000843.96	744.444
-716853.89	-1028471.05	-716792.41	-1028460.31	62.643
-678232.017	-1006361.03	-677815.19	-1005964.39	590.326
-764550.697	-1059651.999	-765494.96	-1058755.27	1559.368
-834476.86	-1034461.395	-835229.15	-1036761.68	2937.464
-652788.91	-1048069.96	-653801.06	-1046947.06	1578.339
-642027.43	-1036100.23	-641536.53	-1036240.3	510.995
-691713.46	-1050986.78	-692138.97	-1053501.65	2603.901
-714955.33	-1050127.92	-713785.282	-1051216.456	1904.648
-654291.117	-1037485.592	-652600.61	-1037242.8	1867.103
-719811.36	-993031.51	-726528.96	-994833.11	8751.242
-772290.594	-972053.928	-773077.46	-973270.523	1505.305
-740406.404	-1048873.624	-741046.815	-1048810.985	654.476
-693463.932	-1026383.908	-695271.118	-1026511.729	1896.262
-735825.19	-1046142.27	-734745.64	-1045801.2	1135.789
-717159.18	-1080163.72	-716793.53	-1080685.37	673.649
-738223.133	-1026283.648	-737151.093	-1027403.432	1570.521
-718581.56	-1070656.91	-717029.302	-1073941.21	4636.254
-814934.646	-1044042.706	-814270.804	-1042305.748	2314.66
-805521.1	-990411.345	-807218.882	-991570.862	2260.58
-776977.4	-994336.9	-775685.57	-995993.75	2295.857
-778671.883	-1022544.298	-778800.86	-1022489.66	140.492
-700948.227	-1010726.782	-701009.116	-1011040.206	319.853
-727819.46	-1073856.16	-727946.954	-1073950.328	175.379
-797092.49	-1041981.24	-797715.38	-1042168.53	658.902
-648218.514	-1058462.339	-648176.324	-1058521.286	73.125
-690459.05	-1018887.38	-691880.813	-1019898.25	1977.019
-740022.484	-1032690.58	-740013.875	-1032677.758	16.817
-832441.61	-1024564.49	-832638.577	-1024569.831	197.039
-854740.22	-1011317.25	-854546.74	-1011568.45	317.896
-781686.39	-976700.47	-781209.79	-976036.71	853.455
-710188.14	-1048859.05	-710182.35	-1049300.4	441.6
-724372.57	-1065211.67	-721564.055	-1069982.225	5783.225
-777798.65	-971854.93	-775193.89	-971812.77	2824.079
-685944.85	-993645.62	-685788.91	-993690.74	162.383
-807997.3	-1023995.28	-805933.271	-1023474.187	2221.932
-832911.048	-1027494.357	-834807.219	-1026606.637	2153.672
-749006.06	-998903.22	-749612.02	-998037.06	1211.768
-794276.65	-1021389.39	-794397.695	-1023702.711	2764.734
-730521.401	-1057413.653	-730531.813	-1057439.07	29.369
-675298.665	-1071534.53	-675198.195	-1071371.947	265.13
-763002.36	-1036772.169	-762993.042	-1036759.664	16.837
-644757.665	-1038531.886	-644892.875	-1038839.148	335.931
-722367.371	-1006034.439	-721659.61	-1005327.96	1075.346
-770807.14	-981413.88	-769283.265	-983580.511	3700.473
-740017.87	-1023680.65	-741582.743	-1023354.686	1909.317
-852196.714	-1010420.746	-852230.78	-1010352.22	129.141
-794666.078	-986619.372	-795341.173	-986115.417	870.65
-678205.782	-991822.832	-678506.4	-991606.16	435.909
-746181.747	-1054149.451	-746077.791	-1054052.872	143.842
-693104.317	-1069194.366	-694188.084	-1070765.684	1937.594
-652497.992	-1066015.383	-652274.886	-1066104.592	240.85
-642805.577	-1092189.703	-642864.698	-1091196.524	1008.983
-757897.741	-971877.005	-758207.97	-971824.14	366.77
-661199.007	-1036333.514	-658843.558	-1036421.033	2411.621
-729778.3	-987713.52	-728916.517	-986860.571	1755.818
-682729.164	-996505.443	-684556.785	-996046.574	2950.43
-778111.46	-1076900.66	-779507.38	-1077682.8	1676.923
-806683.103	-1070750.001	-804883.477	-1069352.662	2686.638
-680184.437	-1024783.66	-684152.15	-1027257.2	5037.667
-705497.782	-1055305.569	-704681.19	-1057271.49	2204.737
-765648.86	-1014631.0	-764160.43	-1016431.93	2520.108
-765437.161	-1051460.769	-767592.88	-1049843.99	3710.991
-741695.67	-1043261.92	-741854.177	-1043506.321	291.987
-648105.59	-1042943.23	-649026.99	-1042930.417	939.216
-646328.303	-1042747.946	-648105.59	-1042943.23	1809.233
-678590.879	-1024845.262	-675523.865	-1025031.442	3431.102
-767713.24	-1020395.35	-768007.545	-1020866.625	558.894
-687297.019	-1004332.947	-684528.15	-1005371.2	4960.427
-736319.77	-987791.74	-740361.66	-987432.43	4614.308
-790815.001	-1005014.454	-790798.577	-1005026.94	22.706
-777561.69	-1064473.0	-777421.09	-1064471.68	142.058
-671926.45	-1066273.52	-669692.44	-1068140.09	3195.505
-756447.96	-1021323.23	-756261.917	-1021338.145	203.7
-741585.11	-1042462.899	-741595.796	-1042546.691	87.211
-730940.9	-1057524.13	-731354.232	-1057376.602	447.067
-648175.388	-1058490.263	-648176.324	-1058521.286	31.037
-762567.14	-1038342.76	-762618.34	-1038545.51	209.882
-768246.13	-1007091.41	-768489.338	-1006064.852	1111.535
-783159.19	-985951.26	-786429.169	-985671.17	3399.403
-724561.98	-1065478.333	-724303.808	-1063006.377	3292.89
-775984.15	-977292.28	-776389.105	-977198.922	427.896
-667163.557	-1083642.392	-666976.85	-1084987.33	1402.213
-764261.78	-997949.66	-762872.288	-999971.451	2494.642
-866585.404	-1040998.766	-866570.558	-1040967.68	40.68
-747934.61	-980092.39	-748339.95	-979141.65	1121.179
-673860.1	-1011319.61	-673103.375	-1012159.25	1338.743
-853238.64	-1005290.72	-853220.61	-1005292.68	20.915
-812211.605	-1044382.774	-814216.137	-1042267.043	3168.524
-730629.2	-1084569.55	-730363.36	-1084639.28	286.051
-786504.24	-985626.52	-790570.55	-988005.54	5744.716
-691664.96	-1036227.03	-691007.84	-1035833.65	801.631
-763628.32	-976556.84	-763419.86	-977081.8	613.989
-695974.948	-1082369.357	-695521.784	-1081674.409	979.66
-772390.309	-1054712.423	-772391.897	-1054695.278	19.11
-788881.111	-1025129.916	-791324.55	-1023883.27	2783.228
-658457.852	-1051857.961	-658334.737	-1052094.419	287.875
-721440.643	-1056896.976	-720485.953	-1057079.4	977.804
-789625.983	-1027260.753	-789661.866	-1027019.796	243.662
-745388.884	-996068.068	-744036.04	-995306.13	1773.193
-819756.53	-1076870.55	-818728.15	-1074717.07	2442.168
-851348.499	-1041793.972	-852299.85	-1041099.68	1218.883
-666386.09	-1013742.47	-666372.05	-1013756.79	24.078
-772072.604	-1055109.476	-772600.332	-1054949.996	880.11
-697239.861	-1038815.407	-697248.668	-1038787.04	36.057
-705349.875	-1044497.918	-705261.63	-1044465.61	302.03
-763360.59	-1072785.59	-763306.519	-1072853.719	92.98
-721832.46	-1081626.08	-718816.05	-1080246.1	3441.399
-691280.26	-1049337.06	-692738.64	-1049095.92	1503.55
-729655.017	-1001739.13	-727786.246	-1001564.236	2006.203
-719856.982	-1019559.838	-719458.52	-1019522.39	408.588
-845263.628	-1031836.868	-845245.939	-1031964.905	168.585
-767792.95	-1022765.24	-768028.498	-1020847.565	2145.299
-724920.28	-1020590.19	-723882.82	-1021668.55	1928.878
-825105.07	-1064563.95	-825336.372	-1064370.67	301.941
-859612.768	-1012994.734	-859622.546	-1013029.012	41.121
-665351.65	-1074709.53	-664954.73	-1074235.15	657.742
-726907.287	-1054944.598	-726844.043	-1054963.478	68.2
-738956.875	-1048768.4	-739066.942	-1048837.079	251.285
-775931.861	-1014770.023	-776056.529	-1014620.924	194.372
-768948.186	-1044541.868	-771084.12	-1044639.87	2268.288
-750699.369	-993068.138	-755638.975	-991032.899	5489.104
-665581.79	-1012129.63	-665051.49	-1012206.8	542.934
-645050.708	-1074298.705	-645058.102	-1074054.935	247.103
-741472.762	-1058921.539	-741460.669	-1058925.122	13.899
-739933.37	-1055698.36	-737962.08	-1057878.6	3273.056
-696490.038	-1045413.991	-705349.875	-1044497.918	9069.065
-761851.211	-980207.841	-760789.082	-981676.851	2259.003
-721122.653	-1013634.872	-720730.33	-1012025.78	1793.915
-763530.548	-1022285.521	-763472.347	-1022342.542	86.355
-740628.86	-1074654.03	-740565.003	-1075583.468	988.294
-645139.2	-1049789.74	-645200.794	-1049985.649	205.932
-651504.349	-1069456.071	-651380.482	-1069460.765	124.76
-774638.4	-1000367.22	-774673.57	-1000296.917	78.635
-732450.528	-1054772.006	-732562.453	-1055095.45	342.598
-887874.331	-1020027.343	-887861.358	-1020176.436	149.672
-867788.045	-1017518.115	-867706.58	-1017480.5	89.79
-762838.747	-1028415.402	-762929.756	-1028472.199	108.175
-713993.34	-1063567.17	-711784.0	-1064749.93	3993.676
-726330.742	-988719.655	-726313.87	-985563.72	4347.171
-844157.23	-1005396.74	-844031.05	-1005115.65	309.429
-718816.05	-1080246.1	-718252.42	-1081151.425	1169.817
-782026.167	-1007397.616	-782023.23	-1007416.47	20.776
-673976.137	-1069265.756	-672661.78	-1068657.88	1475.652
-824116.77	-1073873.79	-824107.511	-1073718.837	155.229
-740190.65	-1048779.76	-740406.404	-1048873.624	235.856
-670436.689	-1076819.673	-669649.147	-1077852.807	1345.469
-718316.58	-1019140.73	-715971.72	-1019153.54	2602.996
-769875.188	-1053806.12	-770183.79	-1053803.3	309.654
-737215.96	-1035894.82	-737247.074	-1035840.859	62.499
-708863.65	-1054156.14	-708643.64	-1056377.41	2342.243
-780590.831	-987038.492	-781523.51	-986006.68	1463.632
-674109.19	-1055995.069	-674070.204	-1056029.286	52.113
-664512.06	-1020715.93	-664421.81	-1020529.25	209.477
-749578.5	-1051237.71	-749869.5	-1051283.82	312.469
-724592.087	-974878.778	-726757.632	-974343.727	2466.011
-820516.732	-995220.081	-818573.03	-999187.48	5798.761
-750377.052	-984570.46	-751132.379	-983338.102	1490.126
-823245.745	-1071548.892	-824063.43	-1071420.72	829.226
-641391.58	-1033562.7	-640566.277	-1033777.102	923.634
-802843.522	-986670.819	-802871.193	-986653.772	39.664
-668900.263	-1010304.089	-668848.3	-1010056.22	258.903
-781620.12	-995649.33	-781397.95	-995265.53	445.278
-788322.62	-1018466.92	-787841.5	-1017293.11	1404.535
-760003.88	-1013059.59	-758455.89	-1012416.89	1726.991
-707388.19	-1021381.55	-705237.46	-1015233.13	6793.881
-717534.646	-1074139.58	-717503.863	-1074135.453	31.058
-795766.35	-1003959.98	-795581.52	-1003424.16	566.805
-660888.99	-1076633.9	-660488.655	-1076972.41	548.179
-721547.42	-1069979.61	-724861.717	-1064740.481	6480.596
-666018.226	-1070164.497	-665519.497	-1072390.694	2541.38
-662294.7	-1072165.97	-661987.09	-1073794.27	1825.243
-674863.694	-1076462.292	-674637.39	-1078055.65	1718.614
-785178.16	-1051782.72	-785807.44	-1051302.42	858.648
-830110.31	-1073052.819	-831956.795	-1074208.004	2204.545
-784722.5	-1063858.94	-783503.83	-1062042.29	2342.382
-734056.437	-1031412.866	-731819.56	-1031524.2	2324.045
-649081.88	-1019866.94	-648881.23	-1019906.8	217.545
-868652.32	-1010419.15	-868667.144	-1010400.462	23.857
-737962.08	-1057878.6	-737315.04	-1057810.47	651.079
-866375.51	-1007319.368	-866511.434	-1007379.341	149.025
-690297.65	-1084598.126	-687080.844	-1085843.436	3724.673
-825861.794	-1026578.558	-825354.441	-1028443.432	2162.118
-667985.11	-1018128.56	-667706.318	-1019347.736	1303.752
-757043.375	-1065616.625	-756889.551	-1065640.076	157.624
-772417.03	-1059210.58	-773048.249	-1059316.095	644.005
-783019.1	-1007024.65	-783086.29	-1007065.1	80.099
-759863.323	-994662.72	-759847.685	-994666.142	17.708
-794250.59	-993522.31	-794893.45	-994671.92	1317.846
-668496.15	-1035373.03	-667434.36	-1033768.44	1994.719
-794692.01	-1067810.067	-796121.105	-1068873.145	1824.672
-789754.63	-1061227.5	-788859.04	-1062251.69	1427.292
-696810.82	-1070133.72	-696105.69	-1068556.318	1796.663
-640148.722	-1086130.675	-639926.348	-1085344.946	1262.245
-812883.77	-1012420.54	-813869.017	-1012270.555	1021.102
-734527.133	-1012633.693	-734494.586	-1012639.929	37.211
-777348.35	-973934.58	-777362.985	-973953.915	25.966
-798142.012	-1040529.697	-798436.954	-1040654.338	320.412
-724577.88	-1062535.3	-724167.957	-1062240.114	675.879
-745777.72	-1012660.43	-743460.973	-1015310.216	3733.98
-822459.54	-1068874.63	-822454.91	-1068924.56	52.455
-718661.881	-1070686.967	-718581.56	-1070656.91	86.746
-730428.745	-1057413.053	-730487.222	-1057428.568	60.5
-749869.5	-1051283.82	-748866.98	-1053876.95	3803.054
-689186.527	-1065944.914	-688947.767	-1065936.886	239.039
-869392.325	-1039644.254	-869430.152	-1039450.715	264.895
-833476.732	-1038908.045	-831003.56	-1040615.966	3348.914
-752082.5	-1036255.65	-751575.41	-1034443.519	1939.16
-693741.06	-1070969.8	-692414.164	-1070981.013	1395.359
-712005.61	-1022127.72	-713537.88	-1023025.75	1925.971
-691791.485	-1067486.309	-693113.22	-1068851.6	1978.253
-805046.157	-988856.915	-805117.082	-988938.519	141.199
-752698.839	-986984.752	-751893.901	-987526.245	1048.542
-649074.482	-1081102.697	-650324.406	-1080224.304	2554.908
-739209.05	-1021968.58	-737885.353	-1020982.033	1856.149
-859419.45	-1012013.5	-859406.3	-1012030.4	25.725
-670282.17	-1047974.17	-670250.125	-1047850.25	128.031
-726313.87	-985563.72	-726612.203	-984522.03	1179.293
-699781.376	-1001286.294	-699527.59	-1002090.321	911.23
-760144.97	-1011847.89	-759803.72	-1011182.22	748.044
-749132.32	-1035837.82	-751912.67	-1036668.09	3239.968
-858289.002	-999646.275	-858314.518	-999543.567	120.14
-746935.196	-1017374.917	-746965.041	-1017374.599	33.715
-822438.85	-1059272.19	-819740.529	-1058341.735	2958.479
-659312.896	-1030193.823	-658601.6	-1029590.43	1085.585
-703661.58	-1035118.35	-704897.606	-1033919.207	1991.047
-708489.08	-1041820.11	-708768.29	-1040762.91	1240.808
-693177.75	-1048932.25	-694097.928	-1048485.249	1064.451
-816170.84	-1003904.37	-816784.88	-1003586.38	693.294
-753337.621	-1047834.546	-753428.182	-1047855.423	97.895
-677073.236	-1057023.454	-676991.84	-1056752.87	570.266
-779046.215	-1029571.411	-778856.69	-1029627.639	197.69
-680891.06	-1028406.58	-680669.255	-1026409.046	2029.891
-751603.929	-1041232.075	-751550.16	-1040812.85	423.519
-687027.526	-1041754.471	-685684.47	-1041534.47	1540.216
-739860.717	-1080848.642	-737606.276	-1080142.949	2561.593
-704678.708	-1014785.048	-704896.61	-1014942.03	270.379
-677663.12	-1037797.67	-677256.85	-1037622.57	445.003
-723416.48	-1036992.96	-723333.95	-1036968.41	86.727
-772385.81	-1018391.77	-772117.211	-1018247.012	316.984
-857538.356	-1040343.281	-856641.138	-1042678.189	2688.343
-737591.776	-1051200.507	-737378.41	-1051200.73	221.951
-662979.82	-1024072.22	-662930.859	-1022904.339	1179.031
-711842.72	-1041644.94	-712106.34	-1041512.35	307.016
-739381.44	-1034615.21	-739550.275	-1035498.308	901.762
-804059.935	-1076620.581	-804232.895	-1076280.818	389.271
-644066.097	-1023903.328	-644077.794	-1022814.719	1109.838
-687329.116	-1078734.987	-687637.99	-1074883.63	4231.081
-717259.4	-1057317.02	-716425.506	-1057311.845	838.018
-776481.04	-975542.86	-776401.92	-975501.85	89.17
-782973.879	-989205.278	-783570.89	-988845.43	709.925
-784561.37	-1050591.4	-782765.879	-1049651.404	2040.615
-710977.87	-1025266.24	-711055.301	-1025126.549	159.819
-752432.92	-1038135.98	-753077.49	-1037346.2	1019.435
-852594.958	-1008631.623	-853220.61	-1005292.68	3876.288
-785977.28	-1023470.17	-785751.46	-1023155.57	388.94
-759076.96	-1053893.65	-758844.38	-1054442.2	615.718
-846443.724	-1036838.121	-843184.454	-1035767.624	4577.814
-750659.099	-1001857.843	-750766.055	-999807.791	2095.054
-746031.36	-1052928.029	-748866.98	-1053876.95	3337.562
-673341.23	-1017237.57	-673405.59	-1017255.57	69.312
-683695.85	-1039039.86	-679280.26	-1038094.26	4691.787
-804600.045	-988821.064	-804955.382	-988969.297	387.699
-688466.684	-1062197.847	-688433.97	-1062383.78	201.736
-769382.87	-990174.37	-768913.823	-991587.479	1516.829
-824839.115	-1069927.949	-824094.906	-1069738.914	769.809
-666052.66	-1013687.66	-666244.74	-1012055.81	1654.416
-775691.78	-1034209.7	-776024.673	-1034689.134	591.479
-773589.565	-1055806.896	-773578.204	-1055794.147	17.077
-770613.32	-1057820.99	-770168.015	-1057386.5	649.045
-688433.97	-1062383.78	-690795.86	-1065043.26	3703.072
-887784.316	-1012581.551	-890271.421	-1011767.347	3014.977
-670614.25	-1045185.875	-671824.35	-1045084.65	1294.453
-687771.26	-1010935.02	-687972.84	-1011065.64	249.025
-764193.53	-1038106.57	-764589.48	-1036488.88	1744.42
-646232.24	-1046458.52	-645863.64	-1045820.58	740.02
-813726.76	-1056547.92	-813856.39	-1055683.49	891.456
-674128.53	-1016623.03	-674699.77	-1016080.99	808.356
-666244.74	-1012055.81	-666173.04	-1011510.76	569.558
-650645.871	-1066052.082	-650571.6	-1066556.63	511.567
-796721.698	-1010100.98	-796544.06	-1010161.76	193.599
-760610.829	-1033853.973	-760632.449	-1033840.804	27.656
-669541.76	-1081268.375	-668279.711	-1080673.348	1501.91
-672504.88	-1008570.86	-673551.152	-1008561.937	1187.6
-729688.37	-1011027.81	-729872.994	-1011869.243	881.661
-695247.565	-1029725.528	-696066.6	-1032776.61	3230.036
-686529.58	-1059643.5	-686493.37	-1059480.66	179.81
-761869.05	-1044037.25	-761985.8	-1043710.7	351.007
-749720.36	-1051443.07	-746446.577	-1053783.202	4459.35
-774556.692	-1021132.591	-773661.384	-1019334.181	3097.109
-818778.245	-1027828.678	-820086.51	-1026747.71	1742.316
-767289.523	-1030419.662	-767284.046	-1030405.057	16.874
-710947.454	-1025580.954	-710977.87	-1025266.24	316.892
-781101.27	-1058535.42	-783553.147	-1058450.151	3124.41
-692363.09	-998251.16	-692138.17	-998232.95	225.665
-718555.855	-979436.015	-721021.3	-979133.49	2577.198
-689533.77	-1072698.38	-687258.963	-1071987.155	2796.526
-727882.96	-1055864.88	-727498.09	-1055856.04	411.402
-880074.07	-1020738.92	-880186.05	-1020865.91	177.83
-787882.07	-1011363.32	-788144.53	-1012423.94	1346.4
-839100.888	-993248.941	-838923.649	-993377.246	219.337
-829800.781	-1072833.673	-829863.983	-1072868.589	74.004
-819969.08	-998246.88	-821882.09	-997704.088	4101.663
-717029.302	-1073941.21	-716930.02	-1074651.97	728.774
-781539.03	-986001.46	-781523.51	-986006.68	18.621
-681010.66	-998087.02	-680910.023	-998142.572	115.316
-739659.583	-1081234.351	-736593.38	-1082815.93	3903.704
-736741.105	-973060.952	-736957.143	-973227.07	289.017
-687353.344	-1004362.122	-687275.98	-1004384.21	83.293
-754225.14	-1063340.86	-751360.12	-1060296.04	4642.187
-701751.9	-1074551.6	-701640.85	-1074568.41	117.059
-789741.53	-1059082.31	-789768.38	-1058969.06	116.536
-709250.04	-995537.72	-708417.301	-991680.123	4398.656
-690250.589	-1030009.771	-692916.61	-1031763.95	3388.874
-744548.532	-1047866.015	-744688.54	-1048201.99	366.962
-721709.137	-1048028.488	-720963.674	-1048017.921	757.637
-753727.9	-1045596.83	-753921.36	-1045635.63	202.981
-790206.27	-1005012.06	-790769.08	-1005236.152	1277.839
-757502.92	-1005108.84	-754998.283	-1004807.696	2607.657
-813441.667	-1071995.925	-813422.626	-1072143.35	154.382
-665226.62	-1028236.89	-664865.23	-1026806.1	1710.727
-737215.96	-1035894.82	-737239.85	-1035895.127	26.86
-783644.43	-1014052.56	-781927.11	-1013434.22	1932.534
-660948.93	-1001902.42	-660582.24	-1001564.12	551.73
-752655.72	-1049106.351	-751250.986	-1049054.633	1436.257
-731904.61	-972443.26	-732413.76	-974444.257	2370.866
-819612.5	-1075912.98	-819623.13	-1076040.47	131.891
-702745.877	-1065631.999	-703134.46	-1068229.24	2907.802
-648240.174	-1058494.014	-648197.279	-1058546.488	67.893
-765367.06	-1080162.52	-765408.29	-1080195.93	53.217
-721792.87	-1032929.71	-721637.41	-1032819.07	199.516
-646418.13	-1041526.08	-644618.793	-1041865.152	1858.275
-662439.277	-1040682.025	-662547.35	-1043114.02	2537.024
-723627.515	-1036753.24	-723416.48	-1036992.96	321.414
-794131.975	-1026382.306	-789573.256	-1027143.939	4666.577
-680661.217	-1062984.287	-679590.78	-1061605.57	1781.216
-737264.099	-1057893.862	-737128.122	-1057813.029	161.879
-880052.498	-1008271.662	-879432.57	-1007945.394	729.497
-658326.581	-1088923.328	-658351.659	-1088861.398	66.845
-791084.48	-1070616.5	-791606.75	-1071129.55	775.205
-709158.077	-1001193.512	-707326.961	-1002635.298	2429.556
-655730.76	-1022583.71	-655317.27	-1022689.81	426.889
-748764.256	-989288.169	-748753.9	-989283.07	11.543
-697845.08	-1024251.81	-697879.42	-1024755.13	506.564
-763618.94	-1061358.01	-763757.86	-1061027.09	693.546
-682468.58	-1018683.79	-682430.32	-1018740.76	68.985
-645863.64	-1045820.58	-645735.79	-1045402.815	437.124
-686476.08	-990166.38	-686415.83	-991132.39	969.046
-713251.65	-1059800.23	-711890.35	-1060438.64	1688.093
-755798.93	-1080711.14	-756345.75	-1076171.42	4912.666
-700047.39	-1016971.25	-700346.562	-1017072.948	340.035
-687848.906	-1056461.199	-687569.81	-1056047.47	514.446
-678869.3	-1023471.75	-677451.058	-1022228.31	1893.373
-834057.502	-1024380.541	-834359.548	-1024053.119	448.126
-764426.058	-977139.381	-764454.035	-977118.755	36.762
-764530.34	-1074144.75	-764235.842	-1073549.113	667.7
-711054.399	-1025067.317	-708891.15	-1022648.12	3529.761
-737358.08	-1057974.775	-737304.085	-1057980.39	60.623
-690377.59	-997946.71	-690094.53	-998410.86	578.038
-765050.924	-1023265.386	-764679.67	-1023604.65	506.705
-729368.5	-1079393.96	-729383.407	-1079754.76	361.355
-776091.979	-1050901.754	-776384.82	-1050649.1	400.199
-764189.86	-1017649.5	-763066.181	-1017946.531	1167.17
-680458.8	-1011176.49	-681800.77	-1011449.95	1684.964
-641454.015	-1075722.184	-641125.062	-1075815.382	347.328
-869866.577	-1037657.729	-869866.398	-1037678.079	21.212
-806693.978	-1072845.383	-806713.478	-1072855.768	34.716
-786279.05	-1018486.27	-785969.35	-1018223.45	410.918
-811727.31	-1017339.867	-811915.977	-1020278.537	3046.303
-783526.28	-1061170.79	-783618.34	-1061207.52	99.39
-643320.49	-1044829.44	-643529.68	-1045810.428	1003.495
-815742.213	-1031522.353	-815304.577	-1028287.612	3709.014
-804952.408	-989107.347	-804992.853	-989111.787	40.781
-741640.709	-1042597.162	-741595.338	-1042667.249	91.27
-701712.32	-1012534.577	-701596.83	-1012405.94	172.91
-776384.82	-1050649.1	-778372.16	-1049979.06	2334.796
-671676.996	-1053675.005	-670263.038	-1053337.584	1659.494
-799818.73	-998785.97	-800442.53	-998372.8	748.489
-692059.289	-1043683.795	-689070.72	-1043744.36	3041.552
-767013.48	-1037675.4	-766909.38	-1037768.3	149.59
-698162.83	-1068427.65	-698057.21	-1068369.48	123.07
-831260.444	-1066449.913	-831249.446	-1066452.545	12.209
-701380.27	-1007243.98	-700323.46	-1005801.32	1886.742
-692519.521	-1046074.747	-692452.786	-1046276.343	293.569
-681376.088	-1064537.425	-681287.458	-1064635.702	143.467
-775744.723	-1082193.433	-774619.24	-1081896.47	1862.003
-748101.88	-1037194.88	-749675.506	-1038543.624	2115.469
-693395.58	-1037423.123	-693520.0	-1034325.96	3517.224
-815246.72	-1013467.88	-816264.968	-1012124.115	1863.402
-646137.32	-1071163.56	-646151.41	-1071145.95	25.008
-788208.64	-990498.09	-788266.04	-990503.37	57.695
-694089.33	-1072562.65	-694627.074	-1072383.932	571.847
-811825.3	-986832.05	-812996.163	-986671.263	1342.707
-645244.928	-1060424.71	-645303.703	-1060413.091	81.405
-734792.939	-1045834.388	-734764.112	-1045640.265	197.141
-705779.31	-1019720.11	-704510.52	-1016457.09	4088.085
-765681.525	-990725.693	-765164.638	-989534.881	1361.655
-657381.271	-1045152.373	-655357.83	-1045018.11	2029.52
-649828.14	-1051460.55	-650028.63	-1050827.27	665.204
-656079.632	-1094741.71	-653761.317	-1094060.611	6311.161
-745363.224	-990602.243	-746740.18	-989425.29	2149.349
-724863.773	-1053139.85	-724828.216	-1053726.832	607.724
-642120.637	-1083459.658	-641999.909	-1083270.542	224.374
-691574.05	-997582.71	-690769.37	-996882.38	1066.815
-728664.809	-1060889.23	-728692.032	-1060906.438	39.263
-721734.23	-1079750.92	-721746.25	-1079696.64	57.681
-785761.21	-993341.67	-784256.274	-994402.039	1866.529
-854289.81	-1040087.67	-854429.27	-1039690.03	434.177
-774153.25	-1059067.97	-774407.999	-1059551.367	887.689
-770183.79	-1053803.3	-770212.7	-1053784.19	39.534
-747508.02	-1054938.99	-747480.01	-1054992.19	82.502
-709276.209	-1059920.284	-709530.633	-1060363.498	527.276
-701079.66	-1070721.51	-700619.652	-1070088.575	783.902
-773827.82	-974156.23	-773121.153	-974553.726	814.848
-736333.4	-1081373.52	-734314.75	-1081506.11	2032.841
-802541.423	-998769.185	-802866.19	-998231.72	637.215
-760190.23	-1045290.85	-760534.93	-1044665.63	758.288
-717088.02	-1060102.5	-716966.12	-1059997.85	163.716
-730839.726	-1045640.553	-730812.91	-1045592.62	54.927
-680626.31	-1018394.21	-682430.32	-1018740.76	2139.147
-760968.3	-1053414.23	-760651.171	-1053384.15	332.452
-821222.81	-1072426.52	-820086.52	-1072965.37	1639.911
-678393.98	-1074104.77	-678908.429	-1075980.569	1945.827
-652047.5	-1023327.26	-650683.511	-1024504.108	1878.53
-675527.54	-1031294.86	-673863.231	-1030835.681	1772.461
-717017.97	-1028526.27	-716574.81	-1028251.62	521.765
-654382.464	-1054649.897	-653654.938	-1055796.5	1367.053
-734905.92	-1045834.99	-735825.19	-1046142.27	974.644
-784339.78	-1064535.65	-784103.78	-1064968.52	818.015
-820309.994	-1008044.434	-821932.121	-1008583.691	1800.362
-752473.763	-999912.154	-752512.984	-999850.382	73.803
-736593.38	-1082815.93	-734888.653	-1083229.687	1928.21
-668553.21	-1004761.86	-669806.72	-1005247.88	1730.655
-763008.46	-1017707.62	-762990.67	-1017658.57	52.187
-742070.951	-1057036.488	-742076.679	-1057054.113	21.742
-733956.16	-1028843.1	-732817.12	-1028636.06	1172.491
-734779.021	-1043576.549	-734732.83	-1043650.65	96.714
-660276.396	-1031534.87	-659358.945	-1030264.62	1612.813
-772310.27	-1081676.44	-772422.27	-1081689.42	119.899
-712059.61	-1018772.808	-710400.32	-1017303.91	2260.894
-867757.78	-1017361.44	-870341.59	-1018137.35	2762.293
-846969.722	-1071458.04	-847132.19	-1070954.17	603.068
-750834.33	-987847.39	-751198.453	-988540.539	800.116
-661591.788	-1083559.081	-660644.73	-1082561.32	1884.635
-742493.44	-1046028.29	-741813.07	-1047094.23	1278.396
-783314.78	-1005296.41	-782673.08	-1005657.59	749.584
-736852.14	-1038334.68	-736747.68	-1038593.73	279.38
-724827.534	-1065091.835	-724869.48	-1065149.973	71.69
-844844.13	-1011374.13	-842891.95	-1010664.03	2697.53
-803803.869	-976929.666	-803730.46	-976981.38	89.798
-642864.698	-1091196.524	-643487.277	-1087685.842	3895.709
-845909.205	-1070288.711	-840551.637	-1070357.758	5899.217
-712106.34	-1041512.35	-712058.94	-1040994.58	545.091
-728835.734	-1061059.869	-728834.58	-1061079.68	21.683
-656933.304	-1077510.975	-660054.538	-1076258.042	3842.074
-729538.036	-1058695.777	-728770.004	-1058806.072	830.193
-750665.14	-969225.28	-752232.22	-969283.74	2355.169
-851345.22	-995275.32	-849337.108	-991340.404	5288.813
-753544.297	-1078888.772	-753604.798	-1079033.113	156.774
-831489.69	-1057699.8	-830987.48	-1056665.92	1250.243
-810771.91	-991753.27	-810799.14	-991824.71	77.712
-689403.04	-1016757.95	-685794.23	-1019181.53	4992.896
-684294.67	-1001305.09	-683860.022	-1002954.881	3481.455
-772813.618	-1055319.761	-773495.77	-1055868.64	898.289
-744036.04	-995306.13	-743303.43	-993703.84	2082.204
-652620.809	-1066831.943	-653039.41	-1067906.69	1153.406
-819306.997	-979429.212	-819611.997	-978717.675	828.824
-829850.651	-1072995.247	-829698.373	-1073153.348	219.805
-659721.31	-1032357.81	-660276.396	-1031534.87	1019.85
-642136.07	-1059290.71	-643543.881	-1062297.469	3582.856
-730718.34	-1083526.82	-730674.527	-1083621.898	107.692
-648988.473	-1058055.204	-648889.325	-1058112.566	114.563
-758371.92	-1040714.05	-758253.4	-1040701.45	125.419
-802580.204	-1022609.926	-801753.438	-1023673.569	1388.062
-701176.638	-1010409.645	-701164.592	-1010397.339	17.461
-814216.137	-1042267.043	-814250.59	-1042219.57	62.944
-656218.933	-1033673.179	-656246.977	-1031448.069	2326.18
-654718.673	-1037444.872	-654697.149	-1037545.137	102.734
-781818.55	-1022920.8	-782646.076	-1022846.69	1252.111
-711835.19	-1003771.39	-709908.03	-1003993.08	2128.961
-679925.531	-999357.282	-680031.91	-999395.38	113.152
-669697.05	-1011811.44	-666244.74	-1012055.81	3798.46
-647370.202	-1070293.104	-647586.316	-1070406.09	244.563
-806478.523	-1054687.767	-807727.166	-1053405.654	2033.963
-785338.24	-998942.01	-785328.31	-998693.36	249.539
-819511.67	-1075826.07	-819612.5	-1075912.98	134.572
-863093.577	-1028678.965	-861522.08	-1027500.9	2109.921
-646345.149	-1062385.989	-646259.626	-1063825.184	1498.59
-763676.79	-1058967.62	-762913.58	-1060092.25	1985.863
-735825.19	-1046142.27	-736423.45	-1046524.588	737.866
-704967.966	-1015039.181	-704869.377	-1015104.338	118.788
-696422.04	-996113.99	-696275.2	-995059.54	1319.59
-783503.83	-1062042.29	-783385.36	-1061966.31	151.829
-807210.486	-1077866.641	-807261.441	-1077681.501	204.307
-684528.15	-1005371.2	-684782.25	-1006729.16	1468.216
-833882.948	-1042635.148	-836045.875	-1043452.688	2391.216
-694916.365	-1073152.797	-694973.382	-1073099.973	78.925
-685867.365	-996829.746	-684950.74	-996639.44	963.963
-731211.441	-1056500.669	-731187.241	-1056627.94	274.395
-729383.407	-1079754.76	-729502.351	-1080841.587	1097.398
-667768.771	-1055949.579	-667732.27	-1052888.66	3092.228
-676704.44	-1010463.18	-674994.31	-1013613.33	4185.143
-805145.749	-1058032.169	-802717.786	-1056064.686	4042.215
-870282.98	-1018113.91	-868040.734	-1017497.515	2384.163
-651734.767	-1081204.567	-651549.386	-1081039.563	330.041
-867329.599	-1013014.407	-867326.503	-1012994.96	21.364
-811657.056	-1075500.977	-811163.664	-1075847.797	617.876
-737214.3	-1036110.1	-737221.62	-1036028.747	81.735
-656820.64	-1049277.7	-656777.827	-1049209.982	80.59
-759541.615	-970262.409	-759716.49	-970904.67	705.564
-652123.08	-1024688.68	-652045.78	-1024674.21	79.388
-780593.21	-1054091.28	-780483.59	-1052968.93	1153.336
-853365.73	-1002828.81	-852941.13	-1003389.92	747.629
-858316.24	-1008677.03	-856995.99	-1007466.21	1818.442
-731942.46	-1058578.55	-731273.19	-1062928.24	4800.381
-728146.12	-1003625.21	-727786.246	-1001564.236	2527.615
-712807.668	-1049340.283	-713218.389	-1049521.645	461.206
-676572.772	-1070747.448	-676565.734	-1070767.609	26.409
-817678.144	-1054560.091	-819442.15	-1054038.5	2076.229
-681926.98	-1010567.27	-681240.849	-1010673.343	724.276
-841342.57	-992949.56	-839100.888	-993248.941	2616.273
-819898.98	-1026230.286	-819878.633	-1026225.081	23.511
-640016.423	-1042136.147	-639960.604	-1042280.486	156.029
-693857.22	-1001639.89	-693763.178	-1000271.218	1608.623
-766842.694	-1009923.787	-765581.13	-1009982.57	1319.469
-847499.198	-1027049.942	-845865.288	-1027535.4	1759.627
-676234.284	-1075886.608	-676150.707	-1076182.597	334.855
-748000.61	-1017992.35	-746965.676	-1017400.74	1265.87
-688245.65	-1062409.67	-687136.67	-1063104.96	1321.994
-730621.63	-1042047.58	-730856.62	-1042063.53	235.532
-751636.58	-1038056.78	-751637.02	-1038034.94	25.216
-819851.38	-1075578.98	-819859.81	-1075632.48	64.601
-834486.639	-1073878.542	-833794.117	-1072679.423	1427.934
-840183.754	-1056792.045	-840611.07	-1059465.3	2926.596
-852025.15	-1010321.64	-852251.87	-1010228.49	245.918
-648218.514	-1058462.339	-648191.705	-1058473.464	29.093
-693113.22	-1068851.6	-693104.317	-1069194.366	342.883
-788459.55	-1072267.42	-787744.581	-1072123.789	1080.501
-656883.547	-1052673.686	-655601.323	-1051831.086	1582.833
-783209.77	-996298.28	-782808.7	-996219.12	409.974
-702956.97	-1010907.46	-702528.88	-1011405.28	845.041
-781603.936	-986039.87	-781539.03	-986001.46	75.611
-713163.84	-1026838.29	-712770.01	-1027092.35	476.857
-676562.503	-1071189.945	-676565.855	-1071209.691	23.517
-745978.33	-1031442.64	-744817.388	-1031217.957	1516.799
-658326.581	-1088923.328	-656635.901	-1088944.945	1767.282
-689876.75	-1020687.77	-690628.39	-1021314.1	1019.038
-696660.57	-1001127.39	-696674.938	-1001265.563	145.449
-704204.79	-1043184.73	-703462.71	-1043125.21	744.493
-755895.05	-991026.57	-755911.515	-991018.509	20.124
-781072.968	-1009265.796	-784332.276	-1007703.711	3629.675
-814413.36	-1013283.79	-813869.017	-1012270.555	1224.635
-832347.8	-993046.63	-831921.084	-993054.912	441.108
-867721.497	-1015612.621	-867749.501	-1015704.146	95.714
-747769.641	-989471.419	-747432.66	-989582.63	367.044
-789693.45	-1072501.06	-789266.33	-1072521.29	436.911
-715734.85	-1028532.58	-716301.255	-1027571.721	1222.332
-741601.38	-1006046.2	-739995.13	-1005497.33	2193.16
-785178.16	-1051782.72	-785022.91	-1050875.34	1136.371
-729058.506	-1057198.088	-729538.036	-1058695.777	1939.398
-689537.866	-1046430.53	-689587.498	-1046417.111	53.549
-698742.74	-999596.75	-698849.58	-996498.17	3797.812
-835329.698	-1001077.37	-832266.026	-999844.423	5316.406
-669940.204	-1047925.459	-669738.375	-1048283.0	431.069
-721753.897	-1066602.22	-721861.47	-1069843.87	6124.064
-749333.922	-1004411.141	-749265.548	-1004416.854	68.638
-766813.624	-1037065.826	-768199.24	-1036525.0	1606.641
-704060.581	-1055618.998	-704508.11	-1057325.301	1873.903
-802526.42	-998748.09	-802541.423	-998769.185	25.886
-840495.22	-1001101.04	-838823.55	-999849.65	3515.131
-782265.162	-979225.253	-780328.82	-979904.55	2253.533
-775826.218	-1014683.062	-777297.98	-1013203.73	2110.236
-683890.59	-1036417.26	-684305.309	-1035339.364	1191.251
-698405.12	-1004797.91	-698458.8	-1004746.19	92.332
-675081.441	-1076381.104	-674943.95	-1076363.873	138.599
-737298.622	-1057931.764	-737264.099	-1057893.862	51.51
-825922.287	-1025476.985	-825934.937	-1025464.152	19.642
-762567.14	-1038342.76	-762785.676	-1038246.981	240.261
-859734.14	-1012932.79	-859612.768	-1012994.734	153.32
-742517.724	-1056857.1	-742527.18	-1056846.75	15.423
-800662.705	-1059111.155	-798688.6	-1058929.45	2105.324
-821510.98	-996075.529	-821508.375	-996043.109	37.468
-830496.913	-1062786.197	-829788.412	-1060553.525	2394.376
-712332.49	-1078923.97	-711251.968	-1079633.447	1388.87
-664802.221	-1069038.226	-664722.059	-1069286.88	261.945
-777013.99	-1058699.76	-776890.3	-1059359.67	681.69
-824346.25	-1071995.96	-824371.81	-1072136.82	149.913
-653654.524	-1024225.887	-653562.49	-1025997.17	1807.227
-738002.88	-1005326.91	-736784.583	-1005122.723	1261.915
-833797.667	-1072485.553	-833778.651	-1072472.294	24.266
-756683.29	-1068529.86	-757098.83	-1070014.01	1887.155
-801907.575	-1059706.162	-802222.321	-1058100.506	1858.929
-798436.954	-1040654.338	-799382.085	-1042712.566	2532.094
-719644.184	-1021630.445	-717869.17	-1022169.19	1941.61
-778119.65	-1064849.13	-777903.87	-1064534.52	393.355
-719178.228	-1019507.295	-719190.421	-1019607.808	102.22
-679673.73	-1071374.91	-679528.41	-1071500.27	232.473
-677503.27	-996654.83	-677687.25	-996269.53	440.168
-826695.7	-1046988.145	-823431.822	-1046861.01	3608.954
-759269.75	-1006895.26	-758019.15	-1006862.84	1262.2
-727668.723	-1068945.166	-725744.18	-1069572.757	2056.668
-809585.21	-994142.99	-810583.34	-992016.14	3015.217
-789545.719	-1063955.989	-789557.904	-1063972.015	22.25
-760534.93	-1044665.63	-761419.84	-1044328.57	968.999
-766810.913	-1052223.818	-767065.288	-1052502.18	400.306
-644522.792	-1078228.107	-644785.521	-1082590.738	4903.672
-671769.276	-1069928.371	-670881.948	-1069497.115	990.876
-734447.363	-1055467.877	-734490.552	-1055419.647	71.045
-683582.63	-994793.68	-683504.009	-995029.32	298.139
-686094.88	-989268.7	-685924.29	-989226.49	176.001
-645845.051	-1042802.629	-645916.971	-1042711.207	249.357
-777963.57	-980328.72	-777834.01	-980181.6	196.163
-742063.155	-1057057.881	-742057.5	-1057042.55	18.368
-641599.391	-1068082.144	-641377.065	-1067248.964	919.996
-725939.51	-1087057.78	-725564.36	-1087039.45	404.182
-758594.475	-1047655.138	-759026.545	-1047924.626	511.587
-741669.495	-1047218.903	-741384.0	-1047519.75	414.752
-713742.68	-1005140.25	-713500.782	-1003654.163	1547.449
-747432.66	-989582.63	-747671.952	-990070.094	625.858
-853968.084	-1068008.173	-853487.125	-1067733.933	599.082
-838369.06	-1001460.2	-838823.55	-999849.65	2615.931
-752823.9	-997573.587	-754086.46	-996755.94	1523.74
-819336.57	-1071831.53	-819275.356	-1071762.21	105.994
-822202.31	-1044290.08	-822499.33	-1044286.84	329.507
-754779.968	-1047520.095	-754788.525	-1047527.713	12.496
-746935.196	-1017374.917	-746902.633	-1017351.676	40.006
-717572.936	-1074309.221	-717389.507	-1074398.742	204.118
-662913.22	-1009424.38	-663169.23	-1009728.83	429.918
-691979.36	-989142.98	-691755.48	-989824.26	1001.928
-805127.27	-1043943.27	-804790.97	-1042344.4	2229.815
-684582.25	-1034680.56	-684519.98	-1034864.07	195.764
-715074.63	-1040766.98	-714955.92	-1041793.94	1058.883
-726261.37	-980626.66	-726241.65	-980397.73	268.264
-797502.084	-1022274.611	-797839.792	-1021276.945	1068.043
-775845.511	-1014684.31	-776056.529	-1014620.924	225.466
-869808.32	-1041019.49	-872964.69	-1040529.927	3643.869
-670178.28	-996831.58	-670102.2	-996675.926	173.557
-700139.11	-1067678.62	-699841.41	-1066810.69	930.442
-804910.541	-1024792.196	-802794.93	-1024854.449	2566.475
-690250.589	-1030009.771	-692090.239	-1029413.062	2009.808
-788330.76	-981826.62	-789012.52	-981479.23	811.254
-752225.81	-1036646.64	-752759.25	-1037250.66	831.042
-826780.701	-1046935.199	-826985.449	-1046822.132	234.69
-833254.123	-1074912.867	-834373.817	-1075631.925	1333.972
-764482.173	-1023805.473	-764250.32	-1023773.75	276.384
-787739.253	-1006851.018	-787709.5	-1006785.75	71.735
-735502.4	-1028336.259	-735402.99	-1027568.28	774.594
-696253.724	-1034613.635	-697689.67	-1035007.89	1502.809
-840079.293	-1070472.054	-840523.27	-1070522.25	466.512
-715496.39	-1000040.36	-715127.57	-999209.96	909.042
-740663.06	-1026232.44	-738223.133	-1026283.648	2521.682
-764637.1	-1030011.46	-765746.49	-1029031.38	1711.783
-769035.413	-993099.911	-768819.527	-992032.256	1200.136
-717503.863	-1074135.453	-717029.302	-1073941.21	521.512
-774546.59	-1000258.14	-773231.14	-998764.04	2108.837
-653289.56	-1010452.73	-653082.09	-1010352.41	377.348
-884583.855	-1009276.31	-885754.491	-1008784.033	1285.68
-871098.782	-1032753.124	-871283.725	-1032561.522	280.542
-723713.141	-1035582.541	-723719.58	-1035551.59	43.98
-865134.846	-1016050.066	-865095.447	-1015806.938	255.243
-702745.877	-1065631.999	-701583.21	-1066071.1	1408.979
-818615.033	-1025318.297	-819884.348	-1026205.872	1970.939
-827627.983	-1065980.046	-828330.694	-1064699.168	1547.163
-734745.125	-1042155.188	-733200.063	-1042131.375	1559.68
-794481.072	-1003988.877	-794356.679	-1003853.725	184.141
-822661.746	-1066512.685	-822873.489	-1066841.354	395.841
-888038.029	-1019909.256	-887874.331	-1020027.343	215.252
-652800.92	-1044778.31	-652756.916	-1044690.62	98.161
-641003.486	-1073021.745	-640286.278	-1073530.947	1047.307
-747427.15	-1020180.7	-746562.875	-1019655.188	1085.309
-722728.545	-1006321.804	-722367.371	-1006034.439	478.153
-675474.68	-1010843.68	-673857.05	-1011738.34	1848.732
-690031.769	-995179.741	-689913.724	-995393.446	244.278
-740555.067	-1055377.392	-741262.938	-1055319.906	710.52
-775646.55	-1032626.12	-776588.52	-1032456.82	958.632
-646799.388	-1046277.294	-648082.94	-1047685.46	1915.135
-765681.525	-990725.693	-766031.67	-990340.716	543.836
-696367.74	-1001126.95	-696639.975	-1001044.38	287.112
-666696.66	-1030678.48	-667425.69	-1031463.45	1162.819
-669312.259	-1016992.142	-670530.658	-1016031.392	1586.933
-822549.266	-1049264.447	-824473.982	-1050432.725	2525.13
-869167.643	-1038279.309	-869160.787	-1038295.034	19.119
-710188.14	-1048859.05	-708564.782	-1048502.058	1699.476
-714955.92	-1041793.94	-714383.3	-1043075.86	1438.514
-667985.11	-1018128.56	-669086.92	-1017098.64	1569.742
-675849.46	-1054214.26	-675383.234	-1049879.299	4662.248
-672120.642	-1089643.44	-672211.697	-1089679.49	97.941
-887903.565	-1019841.518	-887874.331	-1020027.343	188.279
-771511.08	-1078430.42	-773974.94	-1077094.81	3081.529
-651414.86	-1057894.12	-654418.098	-1056187.692	5031.636
-694627.074	-1072383.932	-694973.382	-1073099.973	796.001
-644458.174	-1062415.751	-645066.18	-1061855.84	860.058
-739918.12	-1078945.14	-740215.99	-1079494.81	655.594
-766858.89	-1037449.749	-766845.368	-1037438.243	19.416
-652439.7	-1021371.68	-650798.66	-1020546.9	1939.252
-645222.09	-1037326.97	-644773.5	-1037891.361	724.122
-761471.89	-996476.41	-761946.575	-995064.163	1489.969
-652507.712	-1066027.362	-652497.992	-1066015.383	16.733
-714135.1	-1040635.74	-713258.3	-1040346.94	923.767
-724166.816	-1053718.129	-723198.334	-1054619.074	1538.035
-759269.75	-1006895.26	-758826.12	-1005172.76	1832.212
-753489.98	-1047986.67	-753326.703	-1048034.081	180.464
-751975.78	-1038549.02	-751945.005	-1038538.814	53.554
-646552.178	-1069047.573	-646797.905	-1070101.819	1087.796
-676431.36	-1035607.69	-673597.602	-1036645.257	3903.467
-681261.812	-1047100.125	-681398.099	-1047146.748	154.954
-679425.241	-1064083.037	-678410.454	-1063641.313	1156.039
-839061.481	-993065.451	-838864.168	-991542.112	1965.413
-653265.28	-1008248.86	-653680.66	-1007828.78	809.802
-679725.44	-1007082.48	-678451.24	-1008444.26	2330.166
-765847.928	-1023264.617	-765050.924	-1023265.386	801.674
-664865.23	-1026806.1	-664329.19	-1026751.51	563.374
-724303.808	-1063006.377	-724577.88	-1062535.3	551.904
-718716.86	-1055269.42	-718833.728	-1055399.71	175.33
-707778.92	-1042034.12	-704204.79	-1043184.73	3771.758
-741446.64	-1042000.11	-741663.03	-1042064.37	225.821
-840037.09	-1044765.746	-840162.191	-1045025.468	288.585
-663169.23	-1009728.83	-662928.31	-1011069.52	1389.505
-849094.251	-1010304.331	-848840.874	-1010200.239	283.485
-772600.85	-983797.65	-772546.91	-983665.96	142.945
-681177.192	-1064854.617	-681174.132	-1065747.15	932.29
-664834.165	-1035894.813	-664820.182	-1035921.943	33.423
-773517.96	-992433.34	-774202.32	-992661.03	890.027
-829850.651	-1072995.247	-829963.059	-1073058.576	207.066
-818542.134	-1001330.982	-818913.09	-1002521.17	1502.247
-713218.389	-1049521.645	-712882.343	-1049711.431	385.945
-751092.81	-1054280.59	-754037.11	-1054324.91	2971.049
-758696.918	-1082084.258	-757338.345	-1083774.219	2475.465
-734262.605	-1065215.685	-735851.303	-1064178.222	2097.335
-689710.27	-1038191.64	-689627.423	-1035843.007	2469.189
-755638.975	-991032.899	-755632.973	-991024.533	11.128
-746902.633	-1017351.676	-746818.768	-1017317.733	91.39
-859589.953	-1012999.229	-859427.308	-1012810.473	251.22
-868041.697	-1002230.454	-868466.953	-1001996.087	486.478
-729227.91	-1084557.39	-729942.52	-1083605.87	1279.412
-776091.979	-1050901.754	-776071.75	-1050624.5	343.856
-754998.283	-1004807.696	-753311.776	-1004662.85	1714.875
-751699.887	-986254.972	-751684.123	-986198.741	58.51
-726612.203	-984522.03	-726626.685	-984499.349	31.263
-823079.189	-1077229.863	-822622.41	-1076194.66	1449.957
-775046.211	-985303.495	-774616.967	-985471.357	472.138
-698500.86	-1004795.83	-698405.12	-1004797.91	96.389
-663061.438	-1022726.344	-664512.06	-1020715.93	2516.764
-772410.73	-1081798.56	-773393.7	-1082439.965	4495.908
-824557.59	-1076392.94	-823761.0	-1076417.74	797.908
-644328.519	-1038041.66	-644527.52	-1038188.014	247.229
-736546.792	-1065798.633	-734562.596	-1065442.796	2315.656
-728620.53	-1084460.42	-726703.865	-1086219.003	3010.029
-668279.711	-1080673.348	-668719.83	-1079577.06	1205.716
-767740.81	-1033208.76	-767516.145	-1030473.609	3132.511
-666720.53	-1075244.117	-666647.94	-1075281.28	82.042
-762845.67	-1041021.22	-762387.53	-1043099.51	2196.071
-723662.348	-987212.162	-723654.054	-987187.532	27.442
-693587.23	-991321.44	-691533.43	-993770.01	3328.64
-704002.618	-1055416.614	-704060.581	-1055618.998	213.49
-768205.212	-1023323.605	-768797.409	-1022728.128	875.369
-777924.71	-976226.2	-776572.98	-975967.95	1583.033
-757117.744	-1032239.539	-757816.444	-1031573.963	977.13
-680035.488	-1068174.017	-680386.462	-1069039.757	988.995
-760664.788	-1039529.696	-761299.46	-1039200.33	715.122
-802627.311	-986851.019	-802503.633	-986813.347	133.138
-766954.57	-980858.748	-767063.123	-980589.59	309.59
-762922.81	-1072426.15	-762869.6	-1072234.6	202.298
-784290.356	-1026763.126	-784706.56	-1026266.96	647.84
-887978.012	-1019360.905	-887831.657	-1019223.541	213.203
-683735.771	-994863.405	-683735.34	-994876.812	16.1
-700408.53	-1022894.48	-701889.2	-1023728.32	1874.383
-742420.7	-1049165.78	-742087.72	-1049062.09	353.031
-641543.114	-1068176.51	-639989.465	-1068443.161	1673.894
-650324.406	-1080224.304	-650579.818	-1078621.567	1699.57
-683207.8	-994620.61	-683211.26	-994632.66	14.578
-778849.38	-1029617.777	-779038.47	-1029561.661	197.241
-697610.397	-1074461.541	-696834.484	-1074781.516	873.288
-875290.624	-1010744.429	-874032.452	-1008795.661	2681.19
-646333.375	-1062376.067	-644458.174	-1062415.751	1913.859
-825413.344	-1070246.633	-825371.854	-1070237.647	57.135
-729539.891	-1057128.264	-730210.16	-1057359.89	709.226
-718234.8	-998122.27	-718190.04	-995343.27	2948.404
-645557.515	-1036699.955	-645222.09	-1037326.97	726.595
-882768.42	-1022174.046	-884584.089	-1021818.952	1856.419
-690314.82	-995625.48	-689914.682	-995409.262	463.377
-653706.307	-1024163.142	-653666.516	-1024174.205	41.922
-755875.499	-1034440.47	-755939.14	-1034460.74	83.6
-758171.547	-1053690.762	-759076.96	-1053893.65	1051.733
-782478.45	-972725.89	-782579.674	-971685.107	5982.721
-731485.306	-1056196.984	-731600.967	-1056010.854	219.202
-764153.58	-1033532.2	-764258.19	-1033081.62	463.559
-671859.83	-999802.66	-671488.937	-999315.258	613.405
-696167.44	-1054213.12	-693818.89	-1055083.13	2504.778
-649055.07	-1019600.4	-649081.88	-1019866.94	273.683
-808531.881	-1048741.992	-809789.61	-1048129.71	1564.032
-781520.077	-985990.071	-781482.919	-985956.992	50.016
-823835.5	-1076396.56	-824685.53	-1076388.79	851.131
-820923.25	-1012044.48	-820396.702	-1012136.434	558.242
-799245.125	-1001368.678	-799287.83	-1001381.43	51.51
-833474.288	-990036.628	-828138.18	-988352.21	6167.662
-669911.48	-1020070.35	-667706.318	-1019347.736	2599.959
-863513.534	-1042625.51	-863940.836	-1042221.619	666.132
-776209.61	-979397.5	-776120.45	-979334.08	109.554
-741888.77	-1069502.56	-740370.9	-1068792.036	2785.233
-659942.94	-1008908.75	-662913.22	-1009424.38	4482.825
-663890.85	-1032957.57	-660761.31	-1032147.72	3745.928
-764026.83	-977054.7	-763759.72	-977173.79	299.566
-644825.53	-1028849.56	-644717.33	-1027771.45	1141.45
-774495.89	-975005.19	-774514.85	-974990.51	28.239
-751974.705	-1043105.096	-752136.14	-1042822.68	423.417
-757599.465	-1034395.045	-758309.37	-1034186.71	759.168
-726837.119	-1041119.078	-725161.86	-1040315.19	1925.059
-770306.11	-1039368.94	-771813.517	-1038836.782	1855.834
-721284.824	-1039170.312	-719060.561	-1038420.999	2457.545
-661002.806	-1043241.153	-662108.94	-1040513.93	3171.886
-766632.26	-1037720.18	-766820.366	-1037693.14	190.04
-658948.14	-1028018.85	-657658.211	-1027917.403	1449.86
-788049.75	-1006847.45	-788006.17	-1006913.8	83.297
-819588.885	-1075793.762	-819612.5	-1075912.98	122.428
-807117.77	-993057.31	-807134.893	-993003.769	105.943
-687658.851	-1025776.211	-687615.17	-1025887.1	119.228
-702017.25	-1023575.44	-701889.2	-1023728.32	231.765
-665845.857	-1046282.575	-665473.336	-1046184.516	386.778
-694332.89	-991642.1	-694254.45	-993618.94	2253.838
-685410.226	-990766.144	-684456.68	-990102.34	1276.967
-653397.894	-1094012.823	-652594.696	-1095107.146	2937.664
-690227.01	-1008787.15	-688977.74	-1008137.47	1412.915
-682745.938	-989419.5	-682675.92	-990616.07	1694.998
-687791.452	-994894.186	-686740.46	-994862.24	1070.536
-744462.285	-987548.078	-744525.976	-985518.231	2108.651
-873603.06	-1012639.49	-872013.713	-1012171.656	1694.319
-704597.41	-1073576.2	-706403.78	-1074184.617	1944.164
-763349.65	-992839.56	-763350.3	-992817.46	24.571
-644812.45	-1025224.76	-644066.097	-1023903.328	1582.089
-662235.315	-1059060.07	-661439.501	-1059459.582	892.975
-670866.58	-994569.28	-670726.865	-994716.065	208.14
-855079.592	-1025327.497	-855918.859	-1025054.196	965.294
-650405.97	-1022066.09	-649566.83	-1020996.73	1509.359
-738576.608	-1060547.021	-741081.32	-1061607.38	3022.853
-837072.881	-1001122.397	-837599.181	-999977.821	1545.895
-759057.97	-1031667.64	-757816.444	-1031573.963	1581.279
-848826.599	-1016534.692	-847022.035	-1013573.709	4954.901
-712035.9	-1041732.29	-712106.34	-1041512.35	230.951
-843841.55	-1002700.27	-843796.78	-1002800.22	144.214
-840551.637	-1070357.758	-840403.074	-1070447.272	173.457
-766953.473	-981111.047	-763108.52	-981028.27	4046.023
-736699.04	-1038234.44	-736889.42	-1038378.58	238.824
-661756.959	-1046881.545	-665392.81	-1046161.73	3920.952
-643736.76	-1046002.53	-643499.7	-1046185.71	438.068
-859749.207	-1013110.078	-859622.546	-1013029.012	150.753
-877306.387	-998763.671	-880386.519	-998153.313	4088.829
-788266.04	-990503.37	-789149.05	-990849.48	985.623
-648175.16	-1017291.77	-646784.63	-1016584.72	1955.701
-778021.16	-971960.759	-779540.85	-972090.25	1562.022
-765353.59	-1080221.63	-765367.06	-1080162.52	62.071
-784365.893	-1059895.552	-784212.8	-1059855.91	158.688
-733677.42	-1004492.76	-729655.017	-1001739.13	5986.858
-794154.973	-983095.205	-794145.376	-983149.177	57.201
-652463.268	-1080231.127	-651974.543	-1078911.704	1529.234
-679748.9	-1010316.53	-679741.72	-1010278.02	39.188
-832044.399	-1029065.65	-832504.574	-1028511.063	732.663
-762915.919	-992362.478	-762564.02	-992066.04	460.23
-792265.291	-984819.119	-791804.912	-985582.064	891.322
-756880.218	-1065422.555	-756844.741	-1065253.931	172.421
-656412.571	-1067887.071	-656335.94	-1067661.83	239.062
-645570.393	-1042290.671	-645989.413	-1043086.399	899.729
-809512.423	-993567.602	-809493.61	-993562.76	20.357
-646158.268	-1035857.518	-645557.515	-1036699.955	1089.056
-876044.64	-1022819.8	-876199.704	-1023680.075	1001.226
-648137.96	-1066641.29	-648150.16	-1066740.416	99.875
-711274.29	-1046257.05	-711726.01	-1044957.93	1473.331
-727626.089	-1009490.16	-729688.37	-1011027.81	2725.301
-694182.92	-1040208.12	-694046.537	-1040418.3	250.654
-761804.098	-971881.321	-762003.297	-970013.102	2978.059
-676418.41	-999892.37	-674315.48	-997936.62	3461.649
-672595.3	-1023240.283	-673898.48	-1020353.88	3277.616
-797174.951	-1069103.723	-797207.371	-1069075.147	50.309
-645714.994	-1045400.989	-645722.138	-1045375.351	31.822
-694188.084	-1070765.684	-693741.06	-1070969.8	502.227
-734881.98	-1043480.92	-734791.26	-1043682.03	220.626
-701483.77	-1047075.82	-702013.998	-1046509.264	780.853
-856113.355	-1049196.757	-858009.186	-1049152.542	2007.22
-788466.315	-990034.547	-788405.81	-990185.11	163.36
-753073.16	-1037427.14	-753160.456	-1037488.903	106.967
-649116.853	-1066243.064	-650131.51	-1066509.43	1065.583
-831254.004	-1022479.198	-831771.87	-1022224.438	739.599
-772734.437	-1055317.123	-772932.614	-1055580.24	333.244
-824759.717	-1069691.343	-827545.17	-1070090.91	2831.33
-791156.4	-1065068.98	-791191.58	-1065090.32	41.146
-775704.41	-982371.16	-773862.08	-982143.2	2090.079
-740425.24	-984956.78	-740670.36	-985860.8	941.144
-829353.772	-1063700.731	-829630.225	-1065454.87	1943.27
-807572.676	-1010446.521	-807886.536	-1010849.681	705.481
-647365.34	-1018527.4	-645714.73	-1017890.78	1828.437
-770267.63	-1016474.41	-770406.95	-1016484.18	139.711
-700174.9	-1071901.69	-701079.66	-1070721.51	1551.097
-753657.17	-1045323.18	-753741.666	-1045468.962	204.324
-695043.74	-988893.66	-692473.116	-988864.773	2732.28
-859400.19	-1012778.21	-859406.3	-1012030.4	773.549
-810863.52	-992009.87	-810588.846	-992040.726	330.631
-696712.51	-1014727.51	-697152.768	-1014815.995	552.787
-758347.022	-1040674.358	-758371.92	-1040714.05	47.729
-648172.926	-1073424.829	-647278.364	-1071808.632	2015.376
-789673.57	-1026841.604	-790474.46	-1026767.65	806.536
-705718.77	-1015755.28	-705245.089	-1015162.207	765.939
-824204.15	-1071970.83	-824233.11	-1071922.28	58.949
-700135.02	-1068003.88	-700139.11	-1067678.62	328.605
-739410.736	-1054307.586	-739365.02	-1054324.082	51.975
-651701.208	-1065038.009	-650684.518	-1064923.191	1087.132
-721027.22	-979132.25	-721225.165	-979155.823	233.485
-735886.71	-1072198.31	-738946.797	-1071544.05	3454.961
-712841.43	-982561.72	-712893.52	-982436.991	135.26
-656556.57	-1006339.14	-655219.841	-1011057.936	6629.856
-852011.72	-1033267.21	-852030.17	-1033083.54	191.284
-721659.61	-1005327.96	-721098.21	-1003558.97	2094.694
-825950.05	-1025569.12	-825967.52	-1025677.531	109.841
-719412.41	-1030662.08	-719489.08	-1030707.48	99.542
-845245.939	-1031964.905	-846083.92	-1033571.49	1855.249
-759114.077	-993280.853	-759160.487	-993225.74	79.899
-657424.799	-1057490.718	-654418.098	-1056187.692	3307.637
-763081.543	-980987.626	-762967.238	-980983.02	114.981
-718947.25	-1005997.56	-719101.15	-1005453.17	566.197
-669738.375	-1048283.0	-668163.57	-1049062.769	1803.111
-762048.78	-1042973.87	-762387.53	-1043099.51	374.313
-775823.61	-1048782.01	-773864.194	-1048488.016	2362.439
-690795.86	-1065043.26	-690803.052	-1065148.176	105.27
-736662.005	-983697.37	-734657.725	-982816.189	2319.087
-682046.789	-1075733.534	-682555.384	-1075348.452	665.083
-701644.05	-1039147.18	-699459.57	-1038695.07	2364.097
-669096.11	-1014095.01	-668957.03	-1014140.25	146.552
-688376.03	-1000484.46	-687763.22	-1003297.52	3055.181
-693299.572	-1004550.262	-693305.03	-1004407.28	146.283
-791531.01	-1019221.8	-789158.18	-1016222.98	4123.162
-666788.659	-1075535.744	-665871.701	-1077467.464	2272.788
-767180.05	-980595.401	-766487.96	-980291.1	772.332
-650877.756	-1080320.181	-650324.406	-1080224.304	659.393
-704514.881	-1058537.38	-705984.986	-1061501.398	3374.407
-797478.12	-994976.98	-798345.32	-994740.24	911.456
-644353.789	-1074449.201	-644363.469	-1074457.652	14.533
-680011.47	-1041710.69	-682058.232	-1041108.813	2139.451
-732359.224	-1040961.372	-732287.17	-1040885.55	130.207
-708469.74	-1085004.36	-708617.79	-1084825.71	232.083
-673859.18	-1036991.5	-673597.602	-1036645.257	523.975
-753465.94	-1060133.48	-753002.54	-1060673.47	765.555
-720554.445	-1047589.278	-719977.53	-1046601.324	1167.489
-725468.37	-1011185.65	-727626.089	-1009490.16	3317.284
-721472.343	-1056910.857	-722062.83	-1058441.364	1686.207
-649928.66	-1031448.47	-649575.23	-1031531.19	362.999
-662153.77	-1022912.68	-660386.03	-1022995.96	1789.693
-741577.379	-1042544.644	-741585.11	-1042462.899	85.266
-759201.84	-1068758.21	-761089.62	-1070721.24	2724.691
-791823.188	-986770.938	-791151.273	-987552.659	1084.644
-744415.818	-1025176.428	-744432.002	-1025148.312	50.825
-814407.02	-1017451.0	-814382.515	-1017417.118	42.758
-691229.36	-1022081.02	-691771.528	-1023419.177	1452.498
-704847.721	-1008039.339	-704193.873	-1008993.01	1187.735
-675803.06	-1008342.46	-673860.1	-1011319.61	4604.429
-674603.26	-1085170.42	-678047.049	-1087810.462	5516.363
-651976.863	-1078879.35	-652004.862	-1078833.61	54.197
-772010.09	-974008.95	-770981.026	-975646.851	2541.783
-647889.573	-1067719.845	-647873.143	-1067710.293	21.559
-821506.23	-1071709.92	-821222.81	-1072426.52	770.615
-766845.45	-1013227.2	-765653.67	-1014483.26	1888.951
-717500.578	-1074329.57	-720073.289	-1071319.818	4540.605
-791003.305	-1005121.547	-790803.19	-1005131.05	200.567
-681240.77	-993505.54	-680988.235	-993110.658	514.766
-797706.25	-1070400.74	-799508.079	-1070481.606	1904.263
-788322.62	-1018466.92	-791114.2	-1019386.31	3019.9
-753117.8	-1020971.36	-751204.95	-1019753.38	2364.66
-721949.012	-1059070.728	-721373.47	-1060629.82	1662.257
-813245.666	-1017991.657	-813365.998	-1017598.31	427.146
-761091.924	-995027.082	-754985.457	-1001811.321	9676.018
-692295.411	-1046667.796	-692393.91	-1046471.76	220.898
-646137.32	-1071163.56	-645667.751	-1071370.708	516.616
-759048.524	-1047938.092	-759813.41	-1049340.45	2004.149
-763337.111	-1048754.536	-762550.42	-1050258.3	1855.562
-807218.882	-991570.862	-805541.115	-990403.576	2626.404
-863519.187	-1044414.338	-863513.534	-1042625.51	2721.966
-770241.279	-1050249.373	-770616.68	-1049952.96	791.801
-686608.81	-1054660.12	-685914.715	-1053772.587	1135.556
-830754.935	-1059526.568	-831265.27	-1057744.68	1992.86
-739143.03	-1040124.46	-739350.9	-1040088.34	211.133
-716776.47	-1028470.23	-716780.121	-1028419.632	52.866
-854902.93	-1038237.73	-855530.25	-1036701.857	1774.974
-747562.96	-1019502.35	-747599.375	-1019617.438	121.282
-663281.656	-1084264.71	-663442.177	-1084581.588	356.611
-659098.75	-1009155.77	-657651.71	-1010657.05	2133.2
-753063.822	-985251.483	-752698.839	-986984.752	1916.551
-670378.25	-1048213.313	-669881.57	-1048196.08	520.298
-880204.394	-1017070.064	-880151.53	-1017056.729	56.11
-819652.398	-1075671.193	-819811.51	-1075616.07	168.548
-665395.172	-1046191.379	-665392.81	-1046161.73	29.749
-695525.86	-994939.15	-696275.2	-995059.54	779.359
-867415.576	-1014634.834	-867721.497	-1015612.621	1024.649
-773180.24	-982370.02	-772772.16	-981632.61	899.234
-701933.768	-1018659.443	-700386.34	-1017542.52	2047.259
-690247.146	-995050.618	-690031.769	-995179.741	258.89
-754214.37	-988832.09	-755956.61	-990921.9	2884.593
-671738.538	-1093099.692	-671275.98	-1092124.2	1755.27
-650342.247	-1075757.499	-650589.631	-1078457.129	3113.358
-714821.655	-998230.155	-715055.607	-996634.085	1722.33
-772370.063	-1054697.184	-772390.309	-1054712.423	35.832
-724991.13	-1067014.4	-725713.35	-1066651.34	821.536
-747850.94	-1037441.67	-746296.162	-1037605.399	1580.696
-707194.39	-1067155.22	-707342.596	-1067840.561	816.484
-788459.966	-1013937.498	-788477.217	-1013950.601	21.915
-696636.6	-994249.17	-695962.77	-992333.25	2319.516
-724221.372	-1037346.047	-724283.282	-1037360.78	83.11
-694550.39	-1089676.0	-693908.675	-1090508.932	1402.949
-727355.342	-1055096.643	-727498.09	-1055856.04	886.013
-705436.794	-1046812.341	-705213.552	-1046907.088	242.716
-776434.877	-977166.515	-776326.15	-977345.98	210.862
-744113.81	-1028719.22	-744268.68	-1027560.53	1197.45
-728506.879	-1060761.621	-728535.537	-1060780.282	41.904
-741663.03	-1042064.37	-741521.63	-1042009.24	209.103
-776007.615	-1018697.758	-776123.48	-1018698.4	116.522
-795520.982	-1003368.997	-796617.37	-1002849.98	1213.032
-772371.88	-1055560.94	-771810.65	-1055290.41	637.692
-693762.45	-1032418.66	-693883.566	-1032463.944	130.098
-783489.42	-1061938.708	-783391.24	-1061960.53	114.103
-645095.13	-1025657.86	-645969.2	-1026861.65	1632.498
-867788.045	-1017518.115	-867814.1	-1017398.97	186.824
-726496.4	-1072033.33	-721765.39	-1072001.18	5383.825
-833504.385	-1072510.084	-834017.16	-1072558.02	515.019
-705966.084	-1071067.862	-705427.33	-1071399.53	634.355
-695908.221	-1034530.867	-696209.569	-1034541.427	314.863
-749015.514	-1045769.626	-749095.62	-1045762.39	89.262
-838827.113	-1054159.279	-840490.431	-1056312.086	3051.476
-786455.105	-1064322.263	-787208.275	-1066172.509	2103.677
-757705.96	-1039765.18	-757862.35	-1039890.22	214.931
-644804.59	-1049444.13	-644139.468	-1047621.263	2079.629
-759026.545	-1047924.626	-759044.19	-1047918.202	20.974
-703668.99	-1062360.73	-703392.676	-1059769.677	2853.291
-671682.411	-1084432.838	-668968.561	-1086290.602	4511.23
-757206.48	-1080755.63	-758696.918	-1082084.258	2181.35
-809663.17	-994174.16	-809177.84	-994195.19	492.49
-879501.125	-1023282.875	-881678.038	-1022283.404	2631.683
-676991.84	-1056752.87	-676514.22	-1056253.98	710.953
-681810.686	-1088876.854	-682615.938	-1087826.567	1412.727
-776696.195	-1034352.356	-775691.78	-1034209.7	1051.784
-876205.29	-1021469.48	-876129.73	-1021550.52	131.874
-737638.44	-1057658.8	-737596.76	-1057650.8	45.001
-703758.381	-1079749.097	-703858.334	-1077728.229	2124.573
-641686.67	-1037076.0	-641802.028	-1037420.401	382.306
-648028.985	-1054558.072	-648850.296	-1057904.804	3526.688
-807312.372	-1038652.671	-806646.111	-1039509.578	1110.902
-673053.29	-1012178.46	-673065.66	-1012180.91	13.185
-740425.24	-984956.78	-739456.77	-984455.4	1256.209
-710457.607	-1037049.321	-710240.621	-1036353.305	762.275
-759614.391	-976477.019	-759694.68	-976470.55	80.917
-823456.88	-1025260.68	-823451.63	-1026158.985	1062.219
-673857.05	-1011738.34	-673383.37	-1012036.57	560.754
-765408.29	-1080195.93	-766339.96	-1080322.38	956.888
-750401.242	-1005557.255	-750394.144	-1005574.589	20.328
-700358.813	-1017067.057	-700549.976	-1016985.471	239.704
-741735.77	-987581.701	-740411.92	-987030.62	1458.238
-867995.32	-1031386.54	-863459.709	-1029550.184	5340.208
-778917.1	-1060712.15	-777701.42	-1060876.17	1558.087
-723333.95	-1036968.41	-721909.138	-1036103.039	1870.378
-687748.17	-1003345.14	-687324.26	-1004263.0	1025.2
-761277.9	-1014712.0	-760604.3	-1013328.54	1539.1
-688190.74	-1048705.98	-688043.64	-1047784.78	1123.925
-746589.08	-1039185.64	-747850.94	-1037441.67	2154.815
-761986.299	-1025253.683	-761666.724	-1024862.228	538.799
-786598.47	-996189.5	-786800.7	-996166.2	203.652
-749021.91	-1023132.2	-747427.15	-1020180.7	3838.274
-750010.571	-1005717.902	-750027.08	-1005696.608	33.73
-685775.306	-1008252.372	-686814.05	-1008736.01	1215.35
-708693.97	-1050118.96	-708596.11	-1049854.13	286.87
-649412.96	-1069332.18	-649397.09	-1068087.73	2205.763
-745782.97	-982628.93	-744769.542	-981619.002	1462.018
-690169.154	-1066692.639	-688661.205	-1067992.973	2220.093
-655812.1	-1048450.58	-655855.307	-1048416.028	55.555
-752482.88	-1043314.671	-752240.69	-1042987.36	407.357
-758715.209	-1060308.79	-758984.96	-1060306.05	272.332
-793545.34	-994549.28	-794893.45	-994671.92	1382.352
-688433.97	-1062383.78	-688245.65	-1062409.67	193.046
-684489.68	-1065834.781	-684456.271	-1065830.333	54.922
-690144.75	-995126.75	-690238.75	-995190.78	113.89
-741289.93	-1026954.677	-741318.219	-1026828.168	132.2
-734657.963	-1045867.082	-734792.939	-1045834.388	196.032
-853654.412	-1058927.71	-854092.984	-1059209.321	676.689
-663044.42	-1054468.82	-661534.9	-1056956.81	3444.177
-704769.23	-1071747.73	-703712.723	-1072042.225	1143.591
-779116.42	-1042743.98	-777670.839	-1041084.169	2557.367
-865309.575	-993340.114	-866860.328	-998552.66	5965.771
-757098.83	-1070014.01	-757062.77	-1070140.36	131.58
-784300.96	-988109.78	-786897.49	-989063.07	3185.222
-730628.22	-1042752.2	-730464.91	-1043698.48	960.746
-771432.875	-995747.64	-770554.816	-995687.17	880.232
-711988.708	-1040692.742	-711981.896	-1040711.458	22.661
-746391.984	-1054066.041	-746278.879	-1054177.747	168.672
-644298.17	-1048031.02	-643431.223	-1047704.006	996.321
-643669.343	-1034932.529	-645953.826	-1035165.121	2402.936
-779250.426	-997226.575	-778812.234	-1000738.673	3920.618
-724124.816	-1055002.765	-723198.334	-1054619.074	1124.102
-641514.061	-1025133.864	-640620.04	-1024377.18	1257.237
-639797.044	-1032968.288	-644328.519	-1038041.66	7084.354
-783838.86	-988399.59	-782726.78	-987641.643	1470.998
-870928.851	-1000954.937	-872303.667	-1001395.343	1567.441
-741516.928	-1042621.167	-741506.63	-1042461.87	160.453
-744730.982	-1001506.622	-744946.808	-1001224.306	369.225
-753429.609	-1045777.357	-753494.85	-1045784.36	65.616
-781617.16	-985767.32	-783159.19	-985951.26	2092.678
-846221.073	-1022074.287	-846077.369	-1022040.031	148.465
-672142.31	-1009768.45	-670992.694	-1009940.001	1293.123
-778137.77	-1058760.2	-773823.199	-1056068.979	5161.927
-690438.47	-1055956.5	-690566.15	-1055814.5	195.703
-724028.92	-1008873.53	-722967.369	-1006661.187	2456.629
-795237.549	-1012020.629	-793617.229	-1013482.027	2317.691
-818946.6	-1027758.891	-819733.064	-1026468.279	1540.802
-757944.57	-1018902.47	-758869.214	-1018432.011	1053.036
-645715.132	-1042716.114	-645518.759	-1042729.318	196.877
-743733.598	-1024751.968	-746657.563	-1017680.468	7973.045
-719914.46	-1077603.56	-717192.428	-1075852.491	4443.06
-660641.29	-1076203.42	-660888.99	-1076633.9	500.286
-784018.32	-995398.78	-784256.274	-994402.039	1069.124
-815590.857	-1064630.056	-815086.286	-1064891.427	626.559
-735445.09	-1030178.68	-734772.38	-1029674.17	846.048
-649316.891	-1061705.052	-649294.156	-1061839.107	136.129
-770208.09	-1027884.02	-767805.41	-1026068.54	4355.265
-645348.96	-1052271.34	-645364.78	-1052486.63	216.249
-858444.317	-995101.939	-861412.91	-990472.22	7160.404
-697424.697	-1035914.68	-697549.715	-1035832.866	150.247
-734645.857	-1072632.119	-734636.107	-1072986.567	354.687
-705068.76	-1047873.8	-704751.508	-1048567.281	871.807
-725019.592	-1035314.128	-724399.64	-1034469.65	1056.427
-674699.77	-1016080.99	-675017.86	-1015823.96	423.004
-851679.954	-1010650.311	-851507.58	-1010767.77	214.114
-686881.544	-1058803.954	-686431.54	-1059403.19	750.772
-765956.108	-970334.302	-766488.889	-972130.108	5606.853
-657019.754	-1063024.574	-658077.11	-1064149.39	1879.203
-686738.235	-993832.623	-686073.991	-993614.154	703.224
-717942.7	-1065613.26	-716142.935	-1064705.901	2148.738
-884583.855	-1009276.31	-885723.47	-1010197.174	1513.896
-843135.49	-1000536.953	-844989.76	-994076.91	8183.034
-680011.47	-1041710.69	-679414.3	-1041652.05	600.055
-781640.64	-1020253.82	-784784.39	-1023650.31	4878.022
-675528.852	-1031255.575	-674384.818	-1029731.529	2063.572
-774654.557	-988981.697	-772692.12	-989136.26	2025.033
-734824.7	-1052989.06	-737308.984	-1051237.17	3057.097
-762038.22	-973337.892	-761892.92	-972790.19	568.267
-817473.473	-1049653.171	-812849.834	-1049467.983	5891.321
-659427.17	-1037681.69	-660445.077	-1038492.609	1695.736
-696275.2	-995059.54	-696701.07	-994294.03	974.987
-696029.607	-1045263.951	-695093.911	-1044413.908	1266.121
-772692.12	-989136.26	-771203.743	-989206.762	1588.769
-811663.996	-1027269.798	-813680.81	-1027925.43	2132.249
-687593.77	-1028876.38	-687757.878	-1028419.984	532.636
-810553.97	-991733.99	-810333.785	-991622.577	255.401
-869613.66	-1040332.96	-866877.057	-1038926.835	3341.562
-645105.96	-1049663.07	-645478.566	-1049546.01	394.279
-847981.715	-1062723.73	-845372.99	-1063113.76	3107.752
-776737.471	-1034379.852	-776149.73	-1034943.3	981.004
-767704.931	-1012697.57	-767438.13	-1012797.07	287.477
-849513.93	-1008292.36	-849514.114	-1008336.564	44.403
-732562.34	-1053986.92	-732450.096	-1054745.659	860.767
-738573.336	-1060565.649	-738559.393	-1060558.556	17.486
-737024.99	-1036287.62	-736840.53	-1036757.31	505.607
-712005.82	-1041598.33	-712035.9	-1041732.29	203.218
-852030.17	-1033083.54	-851674.691	-1031602.659	1942.791
-853839.06	-1024392.81	-850635.225	-1022379.352	4264.506
-726005.712	-1020273.05	-725954.836	-1019955.705	355.649
-737270.58	-1038760.9	-737520.52	-1039020.19	360.451
-723472.047	-1009554.734	-724028.92	-1008873.53	909.842
-740037.024	-1032679.043	-740022.484	-1032690.58	21.488
-865417.798	-1006932.159	-865411.578	-1006956.737	25.353
-709790.885	-1022701.685	-708891.15	-1022648.12	1310.677
-674637.39	-1078055.65	-676292.366	-1082313.565	5899.756
-819612.782	-1008068.581	-820309.994	-1008044.434	698.056
-742447.92	-1057030.3	-744053.61	-1057667.93	1841.217
-696426.87	-1001006.06	-696319.73	-1000896.59	153.179
-799184.546	-1015725.715	-797625.12	-1013152.09	3230.48
-757160.106	-1052335.222	-757402.828	-1052419.611	261.002
-802515.946	-1014086.344	-803282.683	-1012488.552	1807.84
-645129.9	-1025038.52	-646487.376	-1023965.665	1931.18
-793287.43	-1051912.18	-794753.218	-1049662.615	4512.659
-755449.02	-1081193.42	-754727.143	-1084397.371	7102.914
-844027.15	-1005078.51	-844038.724	-1005104.052	29.782
-654988.369	-1070998.936	-656933.304	-1077510.975	7552.597
-712891.898	-982747.303	-712877.22	-982763.524	27.374
-721734.23	-1079750.92	-721694.51	-1079694.03	69.429
-828650.137	-1025051.101	-830319.0	-1023231.16	2946.664
-682654.13	-1059857.1	-687848.521	-1056929.249	6465.493
-744437.968	-1025170.462	-744415.818	-1025176.428	25.406
-732430.487	-1054769.329	-732450.096	-1054745.659	43.071
-743703.125	-1025022.688	-743555.275	-1024949.43	165.051
-664261.049	-1047852.715	-670260.27	-1047666.95	6112.301
-791191.58	-1065090.32	-792335.7	-1064165.62	1684.117
-730856.62	-1042063.53	-730882.08	-1042065.154	25.512
-725335.37	-1028213.23	-724612.79	-1027039.26	1541.5
-647790.847	-1067393.64	-646819.494	-1068479.874	1533.537
-645356.061	-1042741.654	-645475.79	-1042722.862	121.381
-656123.371	-1061794.799	-657020.478	-1062950.696	1532.579
-780146.784	-975121.456	-780136.267	-975125.107	11.881
-724988.93	-1064518.87	-724372.57	-1065211.67	947.234
-850974.94	-1059171.953	-851755.047	-1055051.776	4331.675
-710938.84	-1049923.0	-710741.03	-1050352.91	508.388
-866375.51	-1007319.368	-866412.755	-1007295.052	47.95
-762683.732	-1040426.102	-762669.225	-1039851.164	575.124
-718531.302	-1074829.682	-718118.94	-1074538.02	512.745
-831921.084	-993054.912	-829579.044	-992664.87	2470.347
-670828.26	-1074758.31	-670493.82	-1074876.4	357.133
-778348.44	-1058916.35	-778382.944	-1059000.148	92.578
-847170.479	-1007441.499	-844933.3	-1005585.62	2965.725
-688899.57	-989589.51	-688277.3	-989840.08	708.297
-843367.441	-992167.464	-842568.76	-992116.35	811.7
-756325.51	-1036183.84	-757134.9	-1036802.08	1162.746
-732075.87	-1005296.73	-728146.12	-1003625.21	5183.094
-697541.012	-1035978.822	-697488.35	-1036432.86	458.739
-765080.703	-974789.501	-765059.6	-974782.79	23.104
-752718.19	-1006076.97	-753296.424	-1004671.452	1519.862
-648320.15	-1058431.014	-648316.398	-1058421.523	10.432
-754771.353	-1047530.553	-754598.61	-1047553.02	174.728
-655425.148	-1070143.698	-655004.554	-1070119.791	421.449
-872985.395	-1040333.041	-876689.855	-1039773.912	7598.626
-757505.78	-1039271.09	-757294.023	-1039645.091	448.285
-822691.204	-993747.305	-826393.58	-993760.31	5137.005
-791127.809	-987855.845	-790965.977	-987948.854	196.206
-643225.852	-1071268.715	-643808.34	-1070090.39	1495.069
-750766.055	-999807.791	-753228.46	-994109.99	8264.252
-696337.563	-1001026.313	-696367.74	-1001126.95	109.847
-721194.68	-1082065.94	-721299.06	-1082392.31	366.613
-869828.387	-1037680.321	-869167.643	-1038279.309	892.615
-701719.02	-1012444.79	-701719.186	-1012526.163	83.286
-712420.272	-983594.696	-712438.272	-983588.937	22.687
-751809.984	-1007105.322	-751923.796	-1006801.927	324.143
-696640.86	-1013523.41	-696549.32	-1013687.83	188.252
-748963.84	-990711.37	-748753.9	-989283.07	1748.811
-731557.09	-1056137.15	-731562.956	-1056376.26	247.663
-711342.154	-1053447.008	-710303.846	-1051630.394	2140.311
-698601.44	-1063577.91	-698164.88	-1063584.93	451.013
-711870.206	-1061974.768	-711857.938	-1061987.625	17.771
-734799.24	-1043636.72	-734745.125	-1042155.188	1610.92
-794092.27	-1044078.55	-794125.83	-1044350.99	274.499
-671157.532	-1014752.688	-670303.75	-1014305.27	963.972
-729466.74	-1078252.51	-729193.276	-1078529.174	389.274
-787963.388	-1061123.454	-787917.19	-1061122.81	46.202
-657651.71	-1010657.05	-655915.64	-1010865.18	1901.377
-684413.066	-994587.854	-684379.891	-994645.138	70.651
-820036.979	-1026366.183	-820017.319	-1026392.266	32.76
-758651.08	-1013410.21	-758455.89	-1012416.89	1018.929
-850224.24	-1010661.535	-850636.859	-1010801.445	443.386
-742338.099	-1026848.874	-743670.905	-1024947.276	2336.337
-759007.55	-1068529.69	-759177.11	-1068732.59	264.722
-646065.072	-1042716.985	-645916.971	-1042711.207	148.222
-870796.34	-1028019.47	-874344.73	-1021068.78	10742.819
-733554.49	-1083480.28	-732726.814	-1084027.306	1192.514
-846907.119	-1029513.505	-845865.288	-1027535.4	2369.626
-737661.145	-1057623.659	-737638.44	-1057658.8	44.261
-739577.587	-982765.461	-739534.3	-982791.08	50.429
-756989.6	-1032397.03	-756917.591	-1032428.333	82.316
-707395.27	-1021372.06	-707460.34	-1021447.15	99.369
-728049.438	-1040282.5	-728301.83	-1039146.96	1167.59
-646817.027	-1070110.852	-646804.66	-1070126.4	22.833
-768713.957	-972170.981	-768734.89	-972166.881	22.368
-820743.22	-1063814.623	-820585.924	-1063518.216	351.513
-747409.95	-1034670.67	-749323.33	-1033889.64	2249.101
-652756.916	-1044690.62	-651216.495	-1043242.764	2224.432
-756870.588	-1065638.939	-756889.551	-1065640.076	23.119
-804910.541	-1024792.196	-804735.243	-1026440.667	1731.573
-646380.531	-1071538.825	-646358.425	-1071536.046	24.894
-704179.784	-1009008.677	-704166.528	-1008995.424	20.554
-708408.027	-1058931.415	-708246.42	-1058914.524	164.146
-776457.57	-975926.16	-776494.34	-975986.92	74.94
-676726.07	-1006264.05	-675086.81	-1006293.2	1706.411
-660761.31	-1032147.72	-660276.396	-1031534.87	816.394
-765030.335	-975184.381	-765080.703	-974789.501	402.219
-652542.747	-1062334.365	-652486.137	-1062382.974	77.608
-772600.85	-983797.65	-772656.07	-983709.93	106.016
-886514.471	-1022626.883	-886513.43	-1022598.52	55.297
-852564.625	-1046612.94	-851819.82	-1047523.5	1277.882
-866212.348	-1049465.936	-868428.83	-1050088.405	2325.963
-809384.25	-994087.73	-809398.86	-994191.22	104.523
-708783.763	-1071503.143	-708118.84	-1072450.287	1281.033
-640148.722	-1086130.675	-642714.099	-1086174.846	2862.318
-681819.424	-1075513.693	-682046.789	-1075733.534	316.268
-854856.57	-1011412.45	-855036.52	-1011397.23	180.594
-779046.215	-1029571.411	-778945.801	-1029679.128	158.749
-824424.66	-1076786.93	-824335.17	-1076643.87	168.802
-675397.7	-1072188.45	-674394.04	-1072998.88	1501.048
-722332.58	-1017137.68	-721515.93	-1016968.04	857.636
-700853.71	-998518.14	-701015.15	-997671.7	887.225
-699228.75	-1084220.74	-699220.004	-1086836.49	3164.587
-710474.741	-1013302.23	-711292.841	-1012313.368	1326.356
-671011.67	-1048336.21	-671371.183	-1047810.527	708.357
-760994.984	-994698.074	-761077.286	-994700.252	86.416
-645724.47	-1074143.02	-645182.381	-1074268.023	556.357
-756662.9	-1065875.93	-753877.82	-1066653.36	2977.654
-723026.18	-1047430.95	-721709.137	-1048028.488	1446.307
-762779.554	-1043689.805	-762794.21	-1043674.35	21.867
-738613.52	-1001528.51	-738748.919	-1001258.549	347.219
-734657.725	-982816.189	-734107.555	-983034.011	602.119
-817287.37	-1070532.94	-817356.22	-1070566.11	82.59
-705984.986	-1061501.398	-704866.76	-1061699.46	1147.852
-767742.987	-973600.962	-767753.068	-973588.546	18.88
-689380.018	-1029127.238	-689199.57	-1027006.85	2564.508
-821758.61	-987273.78	-821606.079	-987225.304	173.519
-755823.163	-1033649.546	-754578.32	-1033875.92	1362.421
-789678.346	-1026737.209	-790130.99	-1026365.77	692.187
-711131.66	-1011675.56	-709859.31	-1013013.28	1904.394
-746302.213	-1054356.205	-746331.456	-1054349.706	31.441
-728124.965	-1071992.392	-727827.35	-1072053.3	304.07
-734591.1	-1022240.55	-733414.453	-1025012.115	3064.904
-786298.87	-1042608.88	-785874.31	-1045240.77	3839.024
-721028.2	-1065276.8	-720087.37	-1066519.01	1855.819
-751731.718	-984231.884	-750377.052	-984570.46	1513.352
-847264.676	-1070411.162	-847461.853	-1070382.288	199.282
-731999.944	-1057687.789	-731354.232	-1057376.602	908.323
-763380.91	-1072715.19	-764235.842	-1073549.113	1204.875
-818728.15	-1074717.07	-813711.95	-1072683.86	5557.919
-812119.815	-1017145.01	-813365.998	-1017598.31	1803.188
-869160.787	-1038295.034	-869144.766	-1038281.722	25.161
-830033.794	-1031139.986	-831791.806	-1029809.524	2512.418
-687874.492	-1039550.678	-689276.02	-1041251.79	2233.489
-821930.923	-997708.197	-824913.522	-997340.039	3580.786
-681692.29	-1059999.27	-682654.13	-1059857.1	1131.207
-863093.577	-1028678.965	-863828.17	-1026295.33	2701.407
-645287.16	-1060455.277	-645244.928	-1060424.71	61.954
-694237.635	-1076391.482	-691868.159	-1074084.509	3520.056
-852274.462	-1010201.283	-852595.394	-1008648.411	1919.182
-742338.29	-1026873.82	-739286.62	-1033463.37	7483.489
-698316.327	-1057860.241	-699767.59	-1058228.5	1696.686
-731944.906	-1081331.224	-731318.491	-1081395.334	639.769
-777244.09	-1022465.751	-776337.19	-1022113.34	998.336
-694823.848	-1038077.865	-693395.58	-1037423.123	1645.76
-796592.857	-1009438.693	-796978.76	-1006899.82	2904.854
-740580.83	-1040143.97	-740810.27	-1040213.68	324.872
-659779.64	-1068592.09	-657956.62	-1069270.74	1946.865
-756917.862	-1016333.564	-755096.69	-1017217.62	2038.468
-772204.52	-1063079.85	-771664.289	-1062200.37	1048.851
-753544.297	-1078888.772	-752092.071	-1079276.061	1621.203
-719314.324	-1049519.795	-719227.699	-1050025.693	518.963
-741757.33	-1047020.69	-741898.86	-1047009.98	142.731
-655315.375	-1026583.681	-655260.99	-1026577.1	54.793
-730701.69	-1057315.94	-730868.048	-1057213.587	198.297
-760925.0	-1070532.72	-760827.86	-1070429.44	141.8
-678925.5	-1039515.25	-676885.72	-1040443.22	2288.451
-725685.08	-1033315.51	-724852.45	-1034098.14	1150.381
-647345.533	-1071014.407	-647242.168	-1071682.457	736.128
-784340.233	-1026853.333	-784289.205	-1026790.087	81.264
-658900.48	-1012054.78	-658853.576	-1013422.483	1803.262
-756553.69	-1034846.22	-756734.07	-1035038.43	305.96
-658351.659	-1088861.398	-660162.685	-1086807.051	2886.606
-643487.277	-1087685.842	-642714.099	-1086174.846	1838.488
-859385.752	-1012800.02	-858880.97	-1012255.26	999.115
-675474.68	-1010843.68	-675655.518	-1009738.39	1417.777
-737315.04	-1057810.47	-737128.122	-1057813.029	186.942
-824369.557	-1069640.862	-823855.72	-1069646.52	555.109
-745792.773	-982646.313	-745780.31	-982643.215	13.908
-850128.496	-1074362.749	-850080.397	-1074377.018	50.35
-649071.447	-1067541.708	-650214.713	-1066673.462	1573.315
-686509.01	-1087172.16	-686491.08	-1087690.05	526.691
-822653.638	-1059316.149	-822590.536	-1059214.552	131.303
-751764.57	-1033120.59	-751596.74	-1033037.27	193.261
-706944.713	-1074501.568	-706403.78	-1074184.617	631.633
-770233.58	-1076648.03	-771511.08	-1078430.42	2240.925
-680469.593	-1048668.601	-678335.849	-1048911.227	2308.217
-757186.395	-999324.849	-760688.95	-998727.14	3803.631
-681395.684	-1071134.646	-679673.73	-1071374.91	1856.413
-878158.696	-1013432.341	-878446.41	-1011882.071	1615.845
-649291.665	-1060965.126	-649359.526	-1060736.691	250.277
-808721.81	-991258.59	-808700.584	-991218.76	46.325
-696412.493	-1063921.756	-694877.07	-1064101.78	1548.846
-820196.29	-1068830.88	-820611.661	-1069858.811	1159.092
-858716.326	-995805.151	-857727.851	-998248.061	3101.099
-859406.3	-1012030.4	-859395.01	-1012018.42	18.374
-725980.5	-1083703.27	-725860.458	-1083649.246	131.645
-673898.48	-1020353.88	-673021.41	-1020128.33	1059.74
-867018.375	-1013995.532	-867026.756	-1014027.188	55.681
-670645.41	-1038343.34	-667304.361	-1041101.153	5165.569
-777421.09	-1064471.68	-775337.088	-1066406.687	4440.817
-647852.61	-1059246.72	-647883.61	-1059352.33	110.11
-730433.77	-1043884.81	-730320.71	-1043500.64	425.439
-801002.08	-1032379.022	-799304.901	-1029049.172	3944.487
-811161.406	-1042049.504	-808968.166	-1042596.195	2588.05
-794503.91	-1062120.49	-795756.305	-1061411.799	1844.397
-691025.4	-1007118.65	-691343.38	-1006843.27	420.649
-697195.262	-1038979.307	-697177.04	-1038976.56	19.434
-702956.97	-1010907.46	-702516.565	-1010261.375	781.975
-689070.72	-1043744.36	-688732.773	-1043758.172	338.229
-714132.725	-1073338.675	-712117.51	-1071221.702	5403.093
-753875.83	-1041685.1	-753766.275	-1041830.108	196.408
-666097.53	-999186.01	-665659.82	-1000236.89	1430.422
-798366.93	-999644.1	-799818.73	-998785.97	2025.658
-755287.16	-999432.24	-754248.45	-997021.37	2754.707
-708116.272	-1016039.129	-707094.49	-1015993.99	1635.627
-787590.19	-1062308.66	-787483.154	-1061959.579	380.511
-680301.305	-1006924.26	-679725.44	-1007082.48	614.451
-869631.174	-1051272.688	-870379.374	-1050787.673	1458.18
-778543.215	-1058986.636	-783541.401	-1061964.012	5954.445
-756229.13	-1064141.66	-756770.213	-1065375.482	1498.026
-644318.761	-1038051.714	-639797.078	-1032981.95	7075.293
-749265.548	-1004416.854	-749090.496	-1004330.379	198.622
-718454.813	-1019105.75	-718316.58	-1019140.73	142.628
-691343.38	-1006843.27	-691235.735	-1006530.473	336.43
-734764.112	-1045640.265	-734871.69	-1045752.6	163.829
-661397.46	-1034322.3	-660539.64	-1034599.61	943.532
-671671.17	-994217.99	-671541.458	-994226.952	130.047
-686740.46	-994862.24	-685867.365	-996829.746	2329.933
-749022.214	-972993.748	-749046.648	-968960.265	4871.605
-693574.45	-1045192.32	-694097.928	-1048485.249	3508.089
-831791.806	-1029809.524	-832903.841	-1031528.395	2972.194
-735076.04	-1040992.76	-734667.725	-1041598.981	805.399
-759906.448	-1010347.176	-759401.46	-1010266.64	555.28
-700441.78	-1088317.93	-699263.048	-1087577.665	1599.903
-871474.565	-1005104.736	-869618.203	-1007584.616	3962.33
-762528.41	-1038705.278	-762387.286	-1038759.76	151.281
-700174.9	-1071901.69	-700115.94	-1071955.9	81.222
-643935.977	-1040626.868	-643930.173	-1040600.159	42.811
-674713.465	-1047420.203	-675084.65	-1047621.12	422.074
-876155.562	-1021359.829	-876185.879	-1021345.18	33.671
-651643.82	-1029548.21	-649621.6	-1029185.54	2160.974
-645735.79	-1045402.815	-645714.994	-1045400.989	22.702
-773198.18	-978453.94	-773231.21	-978427.34	42.551
-761412.54	-996633.82	-758959.408	-996318.164	2792.532
-639916.051	-1081174.223	-640247.606	-1080219.461	1378.493
-701099.716	-1050856.633	-701170.686	-1050328.027	543.977
-653082.09	-1010352.41	-651545.63	-1010290.19	1920.916
-743483.882	-1061707.065	-745018.289	-1060369.947	2095.216
-816650.416	-1075683.859	-816403.88	-1076194.94	592.264
-656027.63	-1011983.47	-658795.39	-1011722.96	3123.362
-670464.738	-1071072.651	-671820.9	-1073411.8	2835.333
-656108.2	-1048690.63	-656067.747	-1048723.149	51.983
-657931.81	-1048289.23	-657381.271	-1045152.373	3356.21
-836603.408	-1051931.422	-836341.28	-1052408.963	548.375
-725002.733	-1065593.652	-724891.11	-1066813.89	1382.299
-770210.38	-1053816.77	-770190.57	-1053825.54	23.503
-642292.66	-1093616.92	-641361.511	-1092462.084	1586.929
-745476.058	-1042442.099	-744427.01	-1041940.53	1225.679
-693003.18	-998300.05	-692363.09	-998251.16	641.965
-885169.37	-1016810.178	-885102.897	-1016857.919	84.337
-818230.1	-984913.28	-816748.835	-987169.243	2758.924
-725453.136	-998817.093	-725654.097	-998847.16	205.126
-766858.763	-1037423.041	-766858.89	-1037449.749	41.489
-882180.889	-1003054.844	-881270.899	-1001368.533	2572.858
-763989.372	-1024143.273	-764003.61	-1024125.807	25.798
-849341.108	-1036491.181	-850620.762	-1036813.505	1336.861
-857821.396	-1017685.681	-859557.256	-1016593.499	3111.799
-874066.119	-996690.38	-875262.46	-995503.88	1852.032
-812388.176	-977737.761	-812297.062	-977456.967	326.092
-728454.25	-1060923.44	-728282.37	-1061023.04	198.653
-679258.65	-1041636.42	-676250.16	-1042634.43	3247.736
-818904.75	-1068921.1	-820196.29	-1068830.88	1654.965
-820573.83	-1001637.48	-820469.461	-1007315.819	10851.372
-766628.606	-1023246.233	-766353.786	-1023253.612	274.938
-844761.0	-1030903.255	-841116.01	-1031187.07	3732.426
-796121.105	-1068873.145	-797174.951	-1069103.723	1080.661
-712625.01	-1079010.79	-712611.26	-1078889.11	148.772
-689289.117	-1090073.041	-689965.324	-1088969.229	1445.928
-643049.81	-1024267.01	-642347.908	-1024567.607	769.055
-845062.714	-1031835.4	-845245.939	-1031964.905	224.748
-732450.096	-1054745.659	-732450.528	-1054772.006	31.296
-770392.356	-1000118.005	-772697.187	-999447.262	2541.15
-871707.33	-1019437.94	-869616.016	-1020897.713	3660.933
-680697.38	-1050051.66	-680978.05	-1051551.51	1567.593
-819959.831	-1026300.162	-818946.6	-1027758.891	1825.339
-751477.25	-1025474.99	-753232.18	-1024998.24	1877.651
-643828.134	-1066696.643	-643250.92	-1066919.41	619.55
-708947.022	-1068917.61	-709267.717	-1068318.769	726.581
-776071.75	-1050624.5	-776384.82	-1050649.1	322.015
-774246.13	-977816.71	-775923.936	-977266.63	1845.339
-679590.78	-1061605.57	-678499.29	-1063064.14	1881.87
-683981.04	-1045580.36	-683720.859	-1044504.957	1111.021
-865997.726	-1006888.609	-867441.345	-1002735.791	5362.938
-739485.75	-1029242.48	-739299.15	-1029228.09	187.478
-686575.12	-1039593.79	-687874.492	-1039550.678	1301.564
-665794.8	-1014294.06	-663693.88	-1014805.29	2220.571
-841436.05	-1026926.25	-844761.0	-1030903.255	5743.931
-794145.376	-983149.177	-795450.938	-985788.52	3047.992
-752687.05	-982562.7	-753093.273	-983301.577	867.534
-718948.86	-1088120.98	-718920.88	-1088152.074	1285.363
-849514.114	-1008336.564	-849434.18	-1008755.3	441.724
-701179.42	-1050315.94	-701170.686	-1050328.027	17.06
-780713.7	-1068654.21	-779286.05	-1069070.46	1543.836
-707322.4	-1045354.97	-707917.65	-1044556.38	1009.975
-842488.834	-1036834.753	-845456.526	-1038852.984	4517.32
-770537.784	-1010225.627	-769111.6	-1007999.37	2717.625
-731748.04	-1031479.96	-731456.036	-1032452.02	1130.05
-717871.38	-1031498.06	-715650.83	-1032190.21	2801.118
-657091.01	-1022208.29	-656919.63	-1022278.57	185.603
-677792.44	-1026214.67	-678055.237	-1028645.783	3396.394
-640022.314	-1082782.538	-639921.775	-1083492.676	1073.575
-723703.199	-1036211.149	-723677.639	-1036221.999	30.94
-765746.49	-1029031.38	-765572.3	-1028412.02	663.928
-669541.76	-1081268.375	-670357.22	-1080322.771	1286.492
-692763.123	-1078645.94	-692559.898	-1080566.223	2267.073
-771281.929	-1061756.367	-771749.039	-1060604.088	1577.12
-746255.238	-1054054.79	-746502.643	-1054238.287	308.062
-674384.818	-1029731.529	-674361.294	-1029465.061	269.474
-758171.547	-1053690.762	-758844.38	-1054442.2	1072.127
-680358.135	-1067527.878	-678344.066	-1069057.355	2675.112
-679587.323	-1071764.46	-680612.899	-1073297.698	2078.355
-815086.286	-1064891.427	-814788.862	-1065223.28	526.335
-643570.536	-1046079.826	-643270.253	-1044720.053	1393.883
-669529.45	-1013894.36	-669517.02	-1013920.4	31.14
-697608.833	-1001082.178	-697594.008	-1001104.644	31.906
-770831.342	-1010431.064	-770659.27	-1011468.3	1052.431
-649298.085	-1061754.233	-649297.606	-1061776.981	24.119
-870390.26	-1017949.34	-870106.383	-1018127.974	353.702
-752253.935	-1043211.332	-752326.98	-1042897.041	448.909
-695647.36	-1055686.91	-693561.4	-1056600.7	2641.69
-749139.867	-1044020.697	-749191.481	-1044352.66	349.565
-670431.0	-1047137.14	-670338.535	-1047349.91	232.558
-667325.808	-1078035.471	-667418.895	-1078112.421	121.442
-765441.28	-1054104.82	-763495.498	-1050934.008	5833.075
-818230.1	-984913.28	-819634.076	-980184.852	5166.55
-761571.97	-1037412.88	-762551.91	-1038286.19	1344.308
-722663.507	-1006396.818	-722728.545	-1006321.804	99.523
-703583.63	-1089168.3	-703668.845	-1089052.406	150.936
-727739.13	-975636.15	-725909.568	-977352.281	2635.347
-749716.36	-1051238.55	-749720.36	-1051443.07	204.819
-690558.02	-1072701.96	-689533.77	-1072698.38	1177.557
-850195.5	-1010687.625	-850186.628	-1010641.007	49.928
-825792.196	-1025475.053	-825818.437	-1025475.499	40.495
-771592.16	-1018016.29	-770259.89	-1018648.16	1541.098
-769519.22	-1080204.5	-767940.059	-1080699.253	1714.019
-740152.75	-1030507.52	-740237.39	-1030261.3	262.056
-680276.02	-1067212.39	-679522.468	-1067119.159	784.618
-828983.675	-985529.775	-826779.953	-984446.308	3005.64
-756731.393	-987706.568	-757507.661	-987496.265	871.513
-741262.938	-1055319.906	-745998.38	-1054124.323	4963.432
-791814.44	-1039505.59	-790450.96	-1040318.98	1755.275
-688329.48	-1023091.54	-688387.54	-1023531.44	456.753
-711842.72	-1041644.94	-712365.36	-1041495.43	544.563
-654207.76	-1023022.35	-653846.459	-1023468.5	582.008
-852583.012	-1008637.457	-852594.958	-1008631.623	14.921
-709224.21	-1087573.41	-709135.278	-1086147.785	1461.508
-721225.165	-979155.823	-720783.766	-981450.211	2942.857
-777659.539	-1002051.994	-778812.234	-1000738.673	1983.684
-714250.17	-1026275.32	-713163.84	-1026838.29	1380.567
-695390.003	-1024767.071	-693680.59	-1025234.301	1814.441
-691592.123	-1088514.346	-694355.705	-1089393.858	3950.293
-884612.115	-1021810.074	-885768.713	-1021406.583	1281.414
-712407.94	-1019209.31	-714635.81	-1020389.88	2799.209
-640310.55	-1031771.38	-640378.25	-1031819.25	82.915
-744980.439	-1059935.492	-745039.596	-1059925.337	60.041
-681072.46	-1051644.97	-683665.563	-1050408.426	2899.208
-734995.56	-1025187.18	-733414.453	-1025012.115	1991.474
-819577.78	-1056410.112	-819740.529	-1058341.735	1967.8
-847132.19	-1070954.17	-847116.139	-1070917.101	43.283
-683941.278	-995272.125	-683855.99	-995313.98	100.49
-812729.78	-1071436.13	-813205.411	-1072126.728	845.999
-774673.57	-1000296.917	-776672.51	-998311.07	2870.277
-731701.37	-980759.98	-731127.29	-980749.41	589.431
-733747.465	-1053566.844	-733935.276	-1053561.424	306.664
-661219.349	-1077757.684	-660874.392	-1080267.596	2788.129
-645364.78	-1052486.63	-647963.442	-1054468.654	3383.0
-659220.915	-1079389.294	-660116.5	-1080216.09	1416.322
-707460.34	-1021447.15	-710952.04	-1025721.06	5577.045
-740361.66	-987432.43	-741480.124	-993828.554	8014.31
-664839.942	-1030463.206	-663328.766	-1029262.266	2060.548
-794390.371	-1020723.153	-794276.65	-1021389.39	697.113
-823222.53	-1069474.727	-822828.862	-1069529.776	403.529
-816246.79	-1011621.86	-816751.369	-1010628.466	1205.47
-850202.22	-1042068.29	-851348.499	-1041793.972	1187.605
-756649.728	-1049700.133	-756891.0	-1048656.43	1087.02
-809326.78	-991755.48	-809358.27	-991770.31	42.048
-723349.17	-1049053.61	-724926.28	-1048904.58	1719.619
-693763.178	-1000271.218	-691965.737	-998146.163	3052.622
-739416.634	-1054277.135	-740189.09	-1055208.574	1278.355
-843047.942	-1002069.217	-842860.55	-1002091.42	200.364
-656919.63	-1022278.57	-658083.92	-1023719.36	2129.083
-765353.59	-1080221.63	-765408.29	-1080195.93	60.712
-824175.43	-1076403.11	-824229.88	-1076428.91	304.216
-864442.09	-1014849.73	-864454.75	-1014835.04	20.359
-691664.96	-1036227.03	-693520.0	-1034325.96	2832.443
-781964.57	-995922.06	-781620.12	-995649.33	452.502
-674070.204	-1056029.286	-673446.92	-1056164.381	642.226
-661631.68	-1028707.03	-660600.295	-1028136.323	1218.157
-785384.123	-1060572.777	-783657.44	-1061218.98	1995.047
-819849.45	-1074283.26	-819856.95	-1074319.47	44.646
-772848.964	-1031590.826	-773028.08	-1031503.21	212.795
-702403.05	-1031934.43	-702366.34	-1031915.94	41.115
-795520.8	-979030.66	-795628.1	-978832.44	229.54
-730106.85	-1043466.23	-730452.94	-1043164.54	468.899
-654583.356	-1070049.561	-653444.512	-1071622.173	2015.283
-699676.871	-1068145.172	-700135.02	-1068003.88	479.734
-651460.323	-1090112.656	-651799.729	-1090349.683	415.361
-839367.739	-1069407.203	-840637.765	-1068920.25	1366.758
-778570.39	-973306.93	-777362.985	-973953.915	1381.845
-701640.85	-1074568.41	-700889.801	-1078074.226	3866.989
-808700.584	-991218.76	-808611.58	-991219.64	89.022
-729514.372	-1080889.537	-729485.542	-1080870.234	37.632
-801061.994	-1032382.651	-801941.445	-1036474.226	4635.774
-671823.64	-1060977.68	-672579.95	-1062530.59	1856.937
-760994.984	-994698.074	-759863.323	-994662.72	1191.535
-750676.86	-1010875.87	-751059.36	-1010180.34	803.845
-720087.37	-1066519.01	-719738.436	-1066678.565	394.296
-876248.094	-1021616.472	-876044.64	-1022819.8	1259.102
-829697.252	-1070349.003	-828884.152	-1069456.919	1218.087
-874312.717	-1007284.93	-875300.892	-1006650.861	1350.85
-761946.575	-995064.163	-761330.631	-994884.53	644.029
-697590.28	-995685.43	-698378.936	-995723.523	821.089
-697944.0	-1070337.97	-697851.121	-1070299.491	107.63
-764320.223	-977229.243	-764298.041	-977045.495	185.234
-876155.562	-1021359.829	-876190.41	-1021455.21	152.477
-642959.958	-1040436.707	-641510.31	-1041433.74	1815.013
-789047.504	-1072468.509	-788586.83	-1073144.05	913.859
-754607.34	-1035820.88	-754562.87	-1035818.81	45.955
-716913.25	-1017328.25	-715953.55	-1017612.59	1000.94
-772248.35	-1030173.62	-772208.43	-1030101.8	82.17
-720470.927	-1057084.328	-719702.14	-1057265.64	789.889
-697119.277	-1060869.356	-696535.05	-1060849.84	597.523
-643270.253	-1044720.053	-643232.72	-1044623.98	103.158
-833920.868	-1033591.514	-834476.86	-1034461.395	1046.286
-760255.56	-1034967.11	-758289.66	-1037634.71	3558.664
-676765.16	-1071455.83	-678242.44	-1074125.29	3204.988
-769366.7	-971553.53	-769294.599	-971517.262	80.836
-744573.76	-1075053.67	-743664.14	-1076112.04	1464.406
-773126.11	-1059054.9	-773048.249	-1059316.095	283.102
-850620.762	-1036813.505	-852656.05	-1038915.62	3313.532
-738004.483	-1046565.439	-738224.31	-1046716.3	267.251
-721714.93	-1045134.66	-722976.671	-1047379.047	2791.132
-781716.31	-1060897.64	-782150.44	-1060844.24	466.869
-670303.75	-1014305.27	-669600.52	-1014050.55	753.721
-807975.59	-1019026.288	-808586.509	-1021248.665	2525.494
-799077.81	-993548.97	-799213.12	-993419.47	194.373
-767805.41	-1026068.54	-767595.67	-1025910.37	316.236
-706177.089	-1067401.754	-704744.62	-1069437.54	2690.371
-731529.762	-1067858.408	-729305.28	-1069793.18	3106.415
-701568.13	-1012234.63	-701667.279	-1012297.562	119.657
-684448.47	-990115.0	-683930.899	-991603.792	1604.278
-867525.36	-1017267.4	-867797.09	-1017264.35	285.104
-713001.11	-1006409.73	-713742.68	-1005140.25	1503.641
-847289.002	-1070296.975	-847103.331	-1070324.09	188.646
-676956.373	-1091523.562	-677459.533	-1091180.847	614.968
-694455.13	-1052575.23	-693818.89	-1055083.13	2773.337
-699353.635	-999914.512	-698742.74	-999596.75	802.366
-715420.0	-1067995.05	-714685.022	-1069750.904	2595.724
-709087.68	-1088888.29	-709224.21	-1087573.41	1361.257
-740529.23	-1057581.17	-741847.992	-1057274.004	1367.775
-670614.25	-1045185.875	-669036.133	-1044634.777	1718.967
-671577.98	-1006391.83	-671549.72	-1006754.72	388.918
-701523.533	-1079594.385	-701993.354	-1081037.858	1874.953
-745013.89	-1059962.63	-745018.289	-1060369.947	420.415
-795702.75	-978794.42	-795628.1	-978832.44	87.471
-753016.49	-1037436.87	-752438.699	-1038144.74	913.754
-650425.21	-1035064.42	-648387.31	-1036026.6	2467.342
-767615.32	-1045923.917	-767684.069	-1045925.507	73.817
-681261.812	-1047100.125	-681345.871	-1046738.944	380.053
-647345.533	-1071014.407	-649242.897	-1072063.856	2205.976
-760192.584	-991129.884	-759622.695	-990240.968	1198.95
-649906.662	-1069949.529	-649412.96	-1069332.18	797.18
-859271.08	-1010969.95	-859257.63	-1010952.37	33.381
-753947.112	-1033697.12	-753912.95	-1033138.8	564.932
-758157.58	-1033374.13	-758836.53	-1033845.27	826.695
-745978.33	-1031442.64	-745130.41	-1030301.18	1882.253
-784697.145	-1007708.705	-784665.876	-1007701.217	39.224
-824103.65	-1075094.96	-824035.26	-1075024.83	106.838
-707080.209	-1050289.257	-707704.35	-1049529.74	1337.722
-797204.328	-1069117.112	-797174.951	-1069103.723	43.681
-710741.03	-1050352.91	-709951.15	-1050590.55	828.81
-746376.671	-1053972.257	-746391.984	-1054066.041	95.994
-704967.966	-1015039.181	-705027.205	-1015047.464	254.597
-779251.363	-993739.69	-777861.4	-994155.78	1519.636
-689233.07	-1061404.75	-691781.71	-1063248.08	3756.859
-753427.9	-1049000.73	-753492.002	-1050068.921	1072.288
-762996.38	-1072366.43	-762922.81	-1072426.15	128.511
-751792.832	-975676.789	-749275.24	-974110.5	3167.378
-770124.39	-983578.44	-770839.14	-983575.63	741.726
-776899.44	-1052308.473	-776863.78	-1052388.04	88.203
-811663.996	-1027269.798	-811830.888	-1027053.033	308.637
-783025.01	-1000786.78	-782981.17	-1000789.0	44.22
-684373.94	-994673.519	-684379.891	-994645.138	41.563
-667274.31	-1019346.6	-667559.74	-1021705.03	2449.118
-745060.155	-988699.985	-745958.08	-987636.28	1629.166
-708419.227	-991662.736	-712423.517	-983605.22	9063.689
-734657.224	-1006198.632	-732075.87	-1005296.73	3006.44
-810552.842	-1045120.031	-810740.903	-1045606.441	533.34
-711052.4	-1025670.01	-710963.47	-1025595.143	118.903
-676565.855	-1071209.691	-676545.294	-1071198.007	31.598
-755040.592	-975073.73	-754971.456	-975079.693	69.537
-810575.11	-991741.91	-810632.11	-991820.38	96.987
-780584.38	-1049899.73	-781677.917	-1049785.142	1105.549
-817540.37	-1031827.03	-815759.271	-1031571.235	2013.854
-778670.37	-996668.12	-778533.64	-996703.6	141.374
-690514.32	-1056005.92	-690506.35	-1056090.2	84.656
-734205.563	-1056541.375	-736125.971	-1057023.562	2013.092
-649964.51	-1055934.75	-651010.35	-1053240.12	3036.163
-642228.31	-1028441.14	-640652.89	-1029012.59	1742.44
-667902.946	-1031529.89	-669092.05	-1031725.74	1233.315
-867326.503	-1012994.96	-867341.426	-1012987.657	17.322
-817411.992	-1063506.723	-816146.27	-1064197.64	1476.695
-763628.32	-976556.84	-763638.895	-976417.956	147.663
-684379.891	-994645.138	-684393.618	-994662.914	25.428
-865149.161	-1016075.06	-865130.137	-1016067.314	22.685
-771377.93	-1061984.36	-771281.929	-1061756.367	249.891
-748084.48	-1035618.15	-749132.32	-1035837.82	1162.16
-650292.94	-1011460.39	-649881.53	-1011694.043	2095.975
-749090.496	-1004330.379	-748604.8	-1003219.44	1219.341
-745964.59	-1022943.18	-744982.633	-1021418.128	2105.596
-747340.192	-1036328.09	-747339.63	-1036309.707	19.514
-806729.222	-1027010.489	-807794.895	-1027397.361	1133.729
-648237.49	-1048240.12	-645414.186	-1049574.493	3207.704
-876537.832	-1030754.157	-878349.653	-1031651.384	2217.46
-778003.26	-971956.274	-778066.756	-971318.394	8328.795
-767079.448	-980592.736	-767046.6	-980774.5	458.751
-759044.19	-1047918.202	-759048.524	-1047938.092	22.98
-705112.095	-1015101.919	-707395.27	-1021372.06	6973.66
-824874.679	-1067330.845	-824867.795	-1067191.528	144.601
-688883.849	-1058534.562	-688742.145	-1058541.222	143.174
-656153.82	-1021977.87	-656946.47	-1021838.67	823.206
-829965.826	-1060342.269	-829679.437	-1060371.719	374.304
-766136.3	-1040888.08	-768381.901	-1043327.415	3920.937
-757373.21	-1040388.77	-757420.204	-1040997.825	613.951
-772310.27	-1081676.44	-772410.73	-1081798.56	158.178
-793254.17	-1060405.44	-790053.6	-1059337.48	3623.698
-852241.709	-1051299.341	-856558.174	-1056633.315	9016.733
-829589.15	-1040948.8	-831003.56	-1040615.966	1660.553
-827417.792	-1075394.971	-824371.81	-1072136.82	4983.49
-669023.951	-1044630.631	-669043.352	-1044621.083	37.674
-769974.29	-1058239.67	-770079.88	-1058149.69	139.162
-643687.778	-1034975.692	-642027.43	-1036100.23	2070.862
-715066.692	-1057435.978	-714104.234	-1058377.424	1381.639
-722362.624	-1054556.009	-721408.44	-1053712.59	1714.586
-741789.364	-1064502.999	-741769.205	-1064506.716	23.462
-685945.277	-993525.079	-685944.85	-993645.62	120.854
-766487.96	-980291.1	-763612.14	-977687.04	5067.143
-758678.932	-1048979.29	-759813.41	-1049340.45	1258.266
-681819.424	-1075513.693	-680185.978	-1081430.417	6669.833
-823355.76	-1063565.55	-821956.529	-1064924.03	2076.958
-752232.22	-969283.74	-754483.0	-969674.4	2499.602
-669241.87	-1070174.56	-669237.85	-1071413.68	1255.588
-786856.04	-1001095.15	-784552.08	-1000770.58	2689.323
-821591.64	-1013904.94	-820923.25	-1012044.48	2388.455
-865933.64	-1046371.91	-865931.325	-1046316.317	55.648
-672969.55	-994817.47	-671671.17	-994217.99	2021.114
-678596.625	-1082820.423	-676923.61	-1083106.525	2077.741
-717053.22	-1001828.61	-717811.44	-1001502.344	895.311
-820589.54	-1063489.47	-820758.321	-1063384.583	214.314
-770823.51	-981441.98	-772075.41	-980658.1	1601.757
-764589.48	-1036488.88	-764673.68	-1036205.79	300.508
-702258.08	-1062721.58	-701455.724	-1063024.755	864.522
-678065.93	-991301.26	-678419.702	-991168.547	383.764
-639861.337	-1059011.338	-639862.841	-1059620.588	2681.684
-746257.484	-1053880.571	-746262.613	-1053881.415	5.198
-706622.38	-1065074.64	-705153.44	-1065116.36	1566.072
-749275.24	-974110.5	-749194.939	-972258.483	1901.095
-653190.51	-1023454.51	-652047.5	-1023327.26	1196.951
-808585.606	-991258.913	-808611.58	-991219.64	206.075
-744462.285	-987548.078	-742977.964	-987871.438	1524.458
-822538.061	-1068643.955	-822504.08	-1069162.85	553.228
-798438.216	-1001761.199	-798528.72	-1002169.83	420.391
-725289.41	-1085667.7	-725564.36	-1087039.45	1650.865
-778814.3	-1071062.64	-779286.05	-1069070.46	2203.728
-680396.95	-1044919.04	-680379.32	-1044857.65	63.871
-786951.09	-989143.0	-786887.737	-989073.619	93.954
-684006.087	-995110.848	-683952.742	-995065.316	121.981
-790012.06	-1060982.27	-787963.388	-1061123.454	2075.238
-644516.187	-1038472.986	-644277.949	-1038606.572	282.934
-707915.61	-1021166.69	-707740.78	-1020386.26	818.13
-770067.387	-1057302.856	-769893.111	-1056003.317	1389.742
-653720.94	-1027087.75	-653620.3	-1027061.15	112.087
-729315.731	-1056841.451	-729058.506	-1057198.088	451.292
-639863.819	-1060016.777	-639949.802	-1059992.774	264.741
-774988.678	-1082272.713	-774619.24	-1081896.47	1885.71
-799277.79	-1001414.86	-799240.82	-1001410.07	40.558
-824159.63	-1072003.69	-824150.164	-1071997.183	11.487
-740263.048	-1048539.176	-740997.31	-1047888.83	981.312
-821332.799	-996435.808	-821301.72	-996383.229	64.615
-844691.731	-1049062.371	-845513.182	-1050136.627	1506.828
-865651.653	-1048439.778	-865933.64	-1046371.91	2103.292
-784323.73	-1006892.02	-784379.863	-1006932.783	83.927
-819918.122	-1008593.736	-819612.782	-1008068.581	791.569
-654752.092	-1068261.201	-654133.383	-1067171.189	1295.308
-867453.799	-1044174.344	-868650.468	-1043225.142	1531.845
-739206.313	-1033719.313	-739058.32	-1033585.74	205.749
-775167.6	-1015207.98	-775829.393	-1014756.219	805.499
-663771.536	-1036203.713	-661199.007	-1036333.514	2642.346
-798688.6	-1058929.45	-797697.956	-1059815.806	1441.304
-854800.89	-1011123.46	-854777.54	-1011091.37	47.334
-776106.906	-1014781.784	-776106.232	-1014749.764	40.644
-660162.685	-1086807.051	-659106.225	-1086477.216	1335.28
-648196.224	-1067247.528	-647896.691	-1067703.176	551.797
-759071.21	-1033683.539	-759083.146	-1033695.525	18.061
-826654.644	-1032180.645	-825640.1	-1032712.65	1189.113
-797014.828	-1029002.774	-797061.3	-1028774.628	239.753
-740121.86	-1003622.47	-740190.11	-1003507.66	133.583
-800076.476	-1021913.816	-800087.013	-1021806.933	109.369
-750975.981	-1073886.309	-751241.934	-1074165.482	395.659
-755209.1	-1019163.62	-755302.51	-1019567.2	414.639
-799809.037	-1047978.029	-801758.959	-1048034.473	2004.616
-789495.16	-1019934.7	-791114.2	-1019386.31	2295.398
-783541.401	-1061964.012	-783639.3	-1061919.5	137.457
-722098.15	-993211.14	-721751.87	-992468.98	834.443
-885460.917	-1015775.731	-885169.37	-1016810.178	1162.338
-766165.82	-991342.19	-767901.68	-991457.23	1813.271
-761666.724	-1024862.228	-758706.62	-1023700.47	3541.13
-797299.58	-1068850.802	-797380.64	-1068995.27	170.536
-865417.798	-1006932.159	-865343.62	-1006940.56	74.846
-748757.994	-1014323.258	-750047.208	-1015408.797	1778.284
-818342.922	-1049312.599	-817473.473	-1049653.171	950.038
-731404.222	-1008727.388	-731016.52	-1008914.65	435.151
-834135.627	-1070052.582	-836114.539	-1065585.291	5954.555
-714835.37	-1080351.05	-716328.6	-1083401.67	5900.695
-863236.64	-1047067.888	-861498.81	-1046321.03	2341.919
-770190.57	-1053825.54	-770183.79	-1053803.3	25.751
-792961.46	-1003326.84	-792127.679	-1002992.899	903.646
-759169.19	-993327.263	-759114.077	-993280.853	79.9
-645183.938	-1042723.0	-645204.688	-1042734.375	30.656
-748503.37	-1025506.13	-749471.42	-1026367.62	1379.581
-816751.369	-1010628.466	-817626.397	-1008079.578	3087.42
-692536.03	-1046146.19	-692580.496	-1046095.138	68.786
-799277.79	-1001414.86	-799432.633	-1001702.665	327.954
-748266.93	-984834.88	-750228.414	-988919.972	5044.434
-640123.901	-1043109.222	-639983.58	-1043150.83	152.858
-854513.56	-1011452.89	-854461.66	-1011514.51	92.17
-758024.852	-1015905.63	-757081.252	-1016222.829	1015.903
-800880.408	-1054551.349	-802399.077	-1055590.677	2085.988
-833817.48	-990512.85	-833474.288	-990036.628	588.634
-821380.38	-1015120.25	-821516.11	-1014579.04	577.948
-772772.16	-981632.61	-772541.83	-980125.34	1581.05
-694128.44	-1044382.37	-694114.03	-1044357.51	31.187
-848826.599	-1016534.692	-849819.671	-1016364.861	1020.811
-645261.5	-1019198.11	-644781.85	-1019489.29	590.787
-786800.7	-996166.2	-785924.5	-993271.36	3227.616
-720011.75	-1071233.346	-720117.76	-1071251.49	118.209
-734871.69	-1045752.6	-734905.92	-1045834.99	92.454
-669423.182	-1060972.228	-669366.41	-1063884.53	3931.313
-696029.39	-1045481.76	-692637.564	-1046241.056	3486.19
-674384.818	-1029731.529	-673863.231	-1030835.681	1599.76
-772252.958	-1022494.152	-768797.409	-1022728.128	3639.119
-681261.61	-1045087.45	-682263.2	-1045314.88	1027.406
-669122.277	-1060861.011	-667348.92	-1060124.02	2013.672
-782323.51	-1079136.2	-783339.08	-1078609.8	1144.136
-840326.19	-1008863.21	-840379.37	-1008893.03	61.557
-791773.631	-986774.146	-792028.321	-986617.401	300.612
-858716.326	-995805.151	-858444.317	-995101.939	807.886
-766339.96	-1080322.38	-765999.3	-1078549.26	1942.5
-739353.38	-1033785.91	-739275.09	-1033725.54	106.441
-642679.84	-1051189.81	-642683.09	-1050436.76	760.644
-651010.35	-1053240.12	-652508.028	-1051659.118	2497.656
-749465.23	-1050122.22	-749450.96	-1050111.98	17.564
-759516.3	-1015707.3	-760254.55	-1018376.922	2815.471
-739356.313	-1033691.125	-739377.625	-1033703.063	27.022
-724949.56	-1079714.09	-726218.61	-1080047.54	1480.776
-654041.209	-1081129.494	-654071.518	-1081504.252	443.639
-700825.306	-1010100.418	-700883.381	-1010387.523	293.515
-756325.51	-1036183.84	-756734.07	-1035038.43	1397.227
-859257.63	-1010952.37	-859274.95	-1010955.36	19.789
-805039.949	-987203.021	-806575.888	-983341.554	4870.624
-759177.11	-1068732.59	-759201.84	-1068758.21	35.608
-686629.83	-993525.39	-686041.36	-993242.57	785.84
-854549.78	-1038901.8	-854753.94	-1038523.71	444.965
-864330.796	-1043368.391	-864301.648	-1043408.757	51.337
-733621.226	-1014692.737	-734168.062	-1013936.158	938.385
-652391.738	-1081209.243	-651734.767	-1081204.567	686.744
-764548.0	-1023889.301	-764482.173	-1023805.473	106.675
-756795.41	-1050212.7	-757402.828	-1052419.611	2420.706
-830045.471	-1073007.368	-830010.454	-1073044.303	52.985
-797346.87	-1064462.71	-798303.21	-1066951.14	3054.527
-789673.57	-1026841.604	-789678.346	-1026737.209	104.504
-818748.281	-1056974.29	-819577.78	-1056410.112	1003.248
-774407.999	-1059551.367	-775933.69	-1060078.05	1697.124
-799418.873	-1028890.233	-799769.16	-1026441.49	2731.656
-774965.76	-975159.46	-773051.556	-976619.588	2746.371
-856643.815	-1066591.971	-857314.66	-1064862.76	1989.961
-661494.437	-1043198.104	-662547.35	-1043114.02	1080.65
-689214.05	-1020423.947	-689062.61	-1020772.0	379.925
-656335.94	-1067661.83	-656076.017	-1066182.731	1548.664
-733329.33	-1042060.1	-732836.67	-1042212.23	621.454
-790265.88	-1005024.77	-790611.107	-1005098.447	353.921
-769898.313	-1034656.295	-768977.62	-1034588.88	964.244
-761985.8	-1043710.7	-762414.74	-1043282.56	609.851
-766277.31	-1038549.28	-768899.02	-1037496.17	2907.335
-656556.57	-1006339.14	-655336.337	-1005434.894	1902.314
-692295.411	-1046667.796	-691205.33	-1048508.98	2189.858
-693587.23	-991321.44	-692939.02	-990204.98	1315.029
-766806.601	-1052210.031	-766913.952	-1052125.544	139.27
-739129.476	-1048763.162	-739324.81	-1048782.878	196.414
-686431.54	-1059403.19	-686131.085	-1059873.72	566.574
-751349.25	-1041115.938	-751454.25	-1041126.938	106.487
-658504.748	-1051652.558	-658457.852	-1051857.961	213.8
-756211.766	-1042483.919	-756262.518	-1042486.952	50.883
-711393.28	-1065750.8	-714685.022	-1069750.904	6871.166
-844496.82	-1006056.77	-844933.3	-1005585.62	990.127
-661588.134	-1088912.91	-660203.256	-1090906.22	2510.501
-661842.827	-1094137.372	-662680.682	-1092699.221	4556.738
-764772.972	-1010050.475	-762595.339	-1007603.092	4114.852
-776326.15	-977345.98	-776297.19	-977282.515	100.853
-739377.625	-1033703.063	-739362.188	-1033725.438	30.962
-857533.049	-1066623.251	-857732.115	-1066589.07	207.352
-824913.522	-997340.039	-825445.484	-995866.382	1630.218
-654259.08	-1033888.45	-654059.57	-1034024.07	270.935
-747563.18	-1019494.16	-747041.264	-1017634.962	2086.44
-781263.042	-985714.254	-781617.16	-985767.32	480.093
-676351.61	-1015305.71	-677862.51	-1016048.34	1817.642
-656472.334	-1069860.411	-656326.915	-1069967.999	181.281
-684456.68	-990102.34	-684448.47	-990115.0	16.545
-686493.37	-1059480.66	-686431.54	-1059403.19	99.123
-735488.86	-1040504.8	-735557.76	-1040276.86	239.414
-771751.37	-1060150.6	-772442.814	-1059091.704	2222.805
-809663.17	-994174.16	-809415.74	-994203.69	249.53
-719914.46	-1077603.56	-719949.29	-1077840.81	252.962
-781716.31	-1060897.64	-781656.319	-1060949.682	79.898
-724970.52	-1074858.62	-724640.93	-1075470.51	775.881
-751092.81	-1054280.59	-751153.908	-1053169.171	1140.46
-771695.42	-1051177.63	-771532.339	-1050366.719	1876.367
-812729.78	-1071436.13	-812493.877	-1070760.819	761.824
-847164.007	-1052900.35	-848378.564	-1054774.256	2725.227
-781512.0	-1007581.01	-779292.75	-1007094.87	2695.105
-764891.389	-975526.452	-764234.519	-975925.19	791.318
-881766.324	-1009134.231	-884362.294	-1009602.65	2677.67
-688749.65	-1008095.61	-688651.72	-1008095.12	101.12
-791003.305	-1005121.547	-790877.898	-1005206.126	159.849
-697316.589	-1026575.904	-697368.527	-1026667.204	105.741
-731456.036	-1032452.02	-729830.25	-1033130.7	1789.133
-679280.26	-1038094.26	-679442.077	-1037644.774	557.214
-852965.23	-1010593.78	-852819.54	-1010571.63	147.488
-777136.27	-1059288.63	-777013.99	-1058699.76	608.091
-772248.35	-1030173.62	-774508.13	-1029300.61	2582.916
-778433.87	-1059119.98	-780468.825	-1059820.652	2164.059
-657637.67	-1071921.73	-659857.84	-1075610.74	4676.476
-854768.45	-1002319.94	-855063.7	-1001965.68	462.275
-692961.71	-1082107.65	-692598.754	-1080646.661	1516.607
-712682.818	-1079173.214	-712411.89	-1079010.44	324.267
-727819.46	-1073856.16	-727784.73	-1073939.35	97.759
-843796.78	-1002800.22	-844110.592	-1005120.302	2884.416
-649026.99	-1042930.417	-650151.641	-1042705.927	1157.55
-780224.15	-1030413.4	-778955.724	-1029983.97	1426.539
-746350.157	-1053821.114	-746585.71	-1053649.2	291.915
-641629.526	-1037040.407	-641656.13	-1036998.19	50.231
-646776.35	-1025601.62	-647874.46	-1024284.84	1825.146
-693781.511	-1079055.923	-694069.206	-1078715.987	452.423
-660064.183	-1068439.061	-659849.537	-1068544.077	244.993
-865309.575	-993340.114	-862328.285	-994528.188	3506.84
-764298.041	-977045.495	-765030.335	-975184.381	2056.287
-879860.945	-1024818.193	-879501.125	-1023282.875	1579.481
-761129.02	-1053513.23	-760968.3	-1053414.23	192.188
-741532.85	-1042058.86	-741521.63	-1042009.24	50.897
-648133.96	-1022872.9	-649296.0	-1022367.68	1302.71
-776007.615	-1018697.758	-776158.328	-1018772.99	173.259
-726689.4	-990317.24	-729254.18	-990785.76	3602.176
-750065.549	-1003945.026	-750072.79	-1003929.06	21.797
-736800.71	-1037745.99	-736854.955	-1037974.562	235.019
-645849.286	-1042703.925	-645916.971	-1042711.207	68.221
-754188.564	-1061390.249	-753675.89	-1061412.21	531.56
-658860.17	-1023337.73	-658823.63	-1023364.03	45.556
-862395.853	-1023811.733	-864781.377	-1022291.407	3403.152
-736897.47	-1026809.06	-737151.093	-1027403.432	676.73
-720706.68	-990159.03	-717194.195	-992150.664	7389.108
-730548.07	-1041502.46	-730635.99	-1041909.89	416.927
-872762.304	-1016603.019	-875221.39	-1015757.36	3078.844
-788159.821	-1052491.734	-785807.44	-1051302.42	2788.614
-828066.378	-1034119.544	-826654.644	-1032180.645	2493.741
-686395.48	-991056.63	-686358.42	-991295.94	242.274
-721832.46	-1081626.08	-721194.68	-1082065.94	798.068
-697601.473	-1037827.882	-697616.116	-1037824.725	17.476
-751637.02	-1038034.94	-751658.12	-1038043.98	27.163
-724422.035	-1041567.578	-722543.63	-1041395.05	1917.084
-690769.37	-996882.38	-690378.47	-996190.1	801.606
-659358.945	-1030264.62	-659312.896	-1030193.823	84.568
-829117.04	-985474.93	-828983.675	-985529.775	144.244
-698699.67	-1041724.0	-697904.966	-1041996.604	842.329
-730868.048	-1057213.587	-731080.52	-1056883.61	412.345
-720706.68	-990159.03	-719505.542	-992802.08	2932.205
-830082.597	-1073037.995	-830045.471	-1073007.368	49.267
-644237.59	-1084047.54	-642693.355	-1084116.936	1807.922
-794952.821	-986527.764	-794590.963	-986617.093	391.254
-858563.572	-1008640.2	-858578.479	-1008620.268	28.103
-714274.947	-1062350.567	-711870.206	-1061974.768	2514.659
-804069.414	-1048124.188	-806173.04	-1047531.5	2217.43
-673780.16	-1046991.36	-674014.12	-1047280.44	373.635
-719458.421	-1019071.828	-718454.813	-1019105.75	1049.211
-819610.11	-1043267.663	-822202.31	-1044290.08	3864.224
-696834.484	-1074781.516	-695916.769	-1074824.692	948.729
-785376.44	-1042986.07	-783926.749	-1043266.965	1723.332
-683832.71	-1008037.48	-684782.25	-1006729.16	1630.93
-773288.74	-978357.61	-773248.94	-978418.24	73.077
-719489.08	-1030707.48	-718519.86	-1032019.4	1686.982
-819458.15	-1075912.13	-819353.97	-1075609.13	320.784
-763636.11	-1023108.7	-763384.83	-1022384.29	768.286
-796891.93	-1033882.09	-795739.55	-1037356.85	4110.155
-671606.35	-994148.73	-673264.643	-994341.451	1907.259
-681398.099	-1047146.748	-681594.23	-1047241.68	230.179
-760632.449	-1033840.804	-760647.712	-1033862.222	29.028
-759955.845	-1045151.847	-757175.64	-1045058.435	2812.011
-773248.94	-978418.24	-773288.74	-978357.61	72.75
-785167.69	-1014849.55	-784543.25	-1015416.38	1218.865
-700513.57	-1049666.632	-700502.25	-1049339.19	328.336
-773638.34	-1055673.199	-773495.77	-1055868.64	242.328
-845415.85	-1007787.98	-844157.23	-1005396.74	2877.369
-818268.597	-1063461.526	-817712.43	-1060613.02	3328.466
-662271.655	-1077069.689	-661479.04	-1077396.65	913.523
-722543.63	-1041395.05	-722809.95	-1042514.67	1196.345
-746818.768	-1017317.733	-746794.85	-1017330.327	31.785
-726844.043	-1054963.478	-724027.895	-1056719.96	3346.471
-656997.542	-1087336.797	-659042.13	-1085714.88	3804.105
-685968.83	-1077885.118	-687095.817	-1078683.199	1430.532
-752487.759	-983603.229	-751731.718	-984231.884	990.107
-781036.09	-1059946.3	-782150.44	-1060844.24	1482.28
-679029.09	-1001068.15	-678335.291	-1002373.392	1500.218
-792658.885	-1061574.541	-792636.539	-1061564.639	34.0
-742515.947	-998100.753	-738570.48	-999570.7	5050.005
-693911.362	-1072521.499	-691937.271	-1072584.723	3112.649
-696549.32	-1013687.83	-696712.51	-1014727.51	1079.53
-732768.863	-1029469.931	-732817.12	-1028636.06	859.79
-845241.937	-1014450.711	-845119.71	-1014533.287	150.411
-804085.47	-991997.42	-805133.389	-994169.159	2501.492
-645624.534	-1084805.598	-645606.194	-1085453.445	752.146
-866304.12	-1007000.304	-865997.726	-1006888.609	327.918
-784613.308	-1027026.831	-784908.833	-1026959.149	303.252
-806336.448	-1016737.023	-804239.62	-1015362.907	2742.356
-843918.16	-1002773.37	-846637.22	-1002556.99	2995.937
-775083.88	-1043492.9	-775439.69	-1043294.95	407.369
-790611.107	-1005098.447	-790712.739	-1005042.198	120.387
-798373.29	-1067537.04	-798345.777	-1067597.387	66.883
-668422.09	-1005060.78	-668553.21	-1004761.86	347.958
-717595.02	-1042830.33	-717562.46	-1042859.42	43.699
-711022.23	-1025781.77	-707454.24	-1021457.44	5668.435
-652196.12	-1011646.89	-651705.75	-1012646.17	1213.742
-640025.74	-1055326.843	-639851.872	-1055177.299	405.163
-804456.578	-996470.834	-804435.713	-996388.927	84.523
-757158.11	-978683.6	-756011.86	-980087.45	1962.161
-819049.11	-999147.84	-819055.79	-999123.85	28.808
-669109.184	-1010833.617	-669124.001	-1010876.083	70.654
-741627.06	-1001710.81	-741398.951	-1001930.92	363.176
-742533.36	-1045896.58	-742493.44	-1046028.29	138.754
-802728.095	-1001775.969	-803623.961	-1001321.414	1056.117
-751008.14	-1030205.85	-750830.51	-1029174.17	1048.864
-668632.14	-1015097.96	-669458.876	-1013775.064	1885.828
-880263.144	-1007673.309	-881684.648	-1007478.419	1608.318
-805993.21	-995316.03	-806496.7	-994995.52	618.776
-652196.12	-1011646.89	-650292.94	-1011460.39	2303.214
-770734.458	-1066240.568	-771884.49	-1066599.35	1218.779
-760154.756	-1048719.943	-762856.494	-1050845.201	3489.925
-764858.67	-1011509.36	-763147.8	-1010545.38	2015.42
-692473.116	-988864.773	-691979.36	-989142.98	579.99
-749132.46	-1012149.8	-751809.984	-1007105.322	5735.652
-838593.93	-1021984.24	-839393.945	-1025218.83	3553.285
-671986.186	-1050016.153	-671463.28	-1049185.36	998.345
-758643.631	-1049289.582	-758621.139	-1050300.073	1111.338
-754851.754	-1001837.015	-755025.976	-1001778.306	183.919
-693900.894	-1080600.033	-692591.102	-1080615.148	1811.512
-640898.56	-1041492.96	-641425.24	-1041454.88	533.429
-791835.05	-1033938.63	-791139.94	-1033601.8	1002.902
-758505.91	-1022715.61	-759251.08	-1022895.286	777.377
-764348.989	-977294.751	-766311.67	-980211.76	3834.278
-665556.808	-1056922.381	-664659.973	-1053339.834	3949.33
-642692.768	-1077259.837	-641686.481	-1076916.245	1173.647
-672190.329	-1083203.313	-671677.361	-1084068.87	1025.906
-741982.434	-1043721.781	-742458.968	-1045227.057	1690.734
-656862.505	-1068150.743	-656847.03	-1067663.14	491.738
-735724.709	-1027667.382	-736492.71	-1028281.71	1021.732
-783766.49	-973858.9	-784334.458	-974540.551	1022.205
-712394.631	-1007056.945	-712745.62	-1008418.9	1463.534
-850583.541	-1050505.684	-849869.602	-1048792.886	1914.355
-819336.57	-1071831.53	-821011.9	-1071493.72	2091.682
-773077.46	-973270.523	-773231.093	-971897.078	1424.701
-845202.589	-1031843.781	-845191.49	-1031871.04	29.432
-750415.883	-992224.643	-749120.289	-990973.438	1866.6
-664103.73	-1045863.71	-664935.923	-1043309.049	3667.594
-756713.033	-990019.522	-757518.776	-989583.235	1003.201
-694777.4	-985249.65	-696761.853	-982955.052	3931.914
-722762.63	-1039605.41	-721284.824	-1039170.312	1821.535
-647469.48	-1028188.01	-647666.53	-1028933.83	805.378
-826788.684	-1043921.802	-827032.435	-1043279.083	793.063
-777561.69	-1064473.0	-776364.77	-1062821.26	2079.516
-649046.44	-1058285.21	-648846.44	-1057921.15	415.383
-753082.234	-1019438.929	-753144.283	-1019290.304	161.06
-730283.513	-1063285.34	-729478.027	-1066173.335	3719.78
-776988.913	-1082022.756	-777149.598	-1082046.115	1211.667
-649306.272	-1061680.99	-649372.966	-1061144.702	542.801
-764187.59	-993195.93	-763837.45	-993504.81	467.292
-644938.05	-1088958.605	-643487.277	-1087685.842	2061.029
-828059.577	-997223.52	-828019.303	-997044.751	204.668
-759142.75	-1068600.375	-759177.11	-1068732.59	141.805
-722191.33	-1041984.3	-722261.6	-1041876.62	262.874
-696226.59	-1045571.556	-696029.39	-1045481.76	228.749
-876206.304	-1021352.709	-876185.879	-1021345.18	23.882
-829250.68	-1058476.11	-831265.27	-1057744.68	2207.713
-783587.85	-1031452.41	-781180.42	-1031701.87	2491.453
-759754.722	-1044467.336	-759767.89	-1042817.03	1664.935
-722062.83	-1058441.364	-721927.56	-1056816.23	2034.796
-811922.17	-1065456.546	-811942.127	-1065484.031	34.883
-799240.82	-1001410.07	-799245.125	-1001368.678	46.943
-815242.161	-1070957.669	-813735.208	-1071658.557	1720.018
-688066.84	-1062324.49	-688245.65	-1062409.67	200.693
-716837.48	-1002128.513	-715951.33	-1001441.12	1127.967
-827417.792	-1075394.971	-828657.82	-1075487.98	1252.784
-761348.047	-1083662.227	-761507.216	-1083686.401	885.106
-703433.588	-1089277.166	-703292.859	-1089790.854	9230.814
-696561.63	-996196.47	-696422.04	-996113.99	163.494
-739867.417	-1048497.285	-740009.513	-1048529.159	145.641
-800458.83	-1005123.939	-800928.821	-1006647.121	1624.141
-847327.469	-1050227.846	-847821.052	-1049826.281	643.793
-767065.288	-1052502.18	-769875.188	-1053806.12	3149.152
-734904.4	-1041120.39	-734517.46	-1041013.28	468.722
-644951.37	-1049697.6	-645008.33	-1049648.67	76.794
-651216.495	-1043242.764	-651198.62	-1043181.88	63.454
-649397.09	-1068087.73	-650254.698	-1066684.671	1678.805
-682436.42	-1018093.72	-682468.58	-1018683.79	594.108
-741146.58	-1047688.682	-741375.46	-1047504.02	295.834
-808233.0	-1071418.5	-808157.36	-1071439.843	78.819
-760586.316	-1021465.402	-761830.68	-1021728.81	1379.078
-658504.748	-1051652.558	-658306.16	-1050447.947	1252.548
-761907.571	-976770.73	-762685.372	-977846.601	1945.752
-819353.97	-1075609.13	-819264.862	-1075594.778	110.208
-747508.02	-1054938.99	-747568.087	-1055029.002	117.926
-649291.665	-1060965.126	-649189.405	-1060953.176	149.8
-696674.938	-1001265.563	-698404.31	-1004453.47	3643.948
-696760.706	-1013421.934	-696640.86	-1013523.41	158.133
-727274.83	-995905.14	-727431.61	-994557.49	1466.718
-754010.53	-1061799.67	-753675.89	-1061412.21	517.528
-764319.04	-977108.64	-764436.4	-977167.332	164.829
-725145.027	-1060895.97	-725056.337	-1061722.984	861.199
-671174.85	-1047493.04	-670431.0	-1047137.14	891.5
-748278.41	-1074278.36	-747148.196	-1074203.698	1546.773
-701518.7	-1053203.9	-700715.959	-1052395.539	1230.007
-691658.28	-995803.58	-692465.41	-996307.79	988.594
-681168.472	-1029384.679	-680891.06	-1028406.58	1016.686
-718188.94	-1031888.47	-717871.38	-1031498.06	555.93
-679172.1	-1053437.78	-680978.05	-1051551.51	2919.714
-649828.14	-1051460.55	-649211.54	-1050423.25	1269.45
-789713.931	-1027151.929	-789851.337	-1027166.723	138.2
-649211.54	-1050423.25	-647155.148	-1047910.482	3295.907
-640310.55	-1031771.38	-640233.33	-1030204.81	1638.253
-816170.84	-1003904.37	-814235.79	-1004758.79	2119.289
-744982.633	-1021418.128	-743918.15	-1021441.07	1099.359
-818981.927	-1075199.379	-818876.91	-1074880.42	341.182
-867418.721	-1014610.622	-867415.576	-1014634.834	28.908
-676292.366	-1082313.565	-674434.13	-1083718.49	2618.589
-768713.957	-972170.981	-768302.28	-971936.54	474.461
-850345.49	-1010731.944	-850303.189	-1010734.798	42.509
-766845.45	-1013227.2	-764786.263	-1013600.929	2110.55
-738971.93	-1033494.27	-737554.58	-1032825.0	1572.579
-782050.48	-1009785.59	-780297.889	-1009729.113	1759.39
-684556.785	-996046.574	-684950.74	-996639.44	721.115
-744913.19	-983035.98	-745780.31	-982643.215	990.598
-849048.33	-1002298.4	-849278.494	-1001949.545	421.722
-689446.59	-994859.59	-689540.7	-994871.36	95.178
-805046.157	-988856.915	-805036.492	-988692.512	166.525
-649026.99	-1042930.417	-650269.41	-1043896.52	1737.285
-791412.01	-1026696.42	-790678.909	-1026980.514	799.038
-753093.273	-983301.577	-753061.938	-983354.114	61.178
-683977.01	-995256.53	-683974.6	-995282.95	41.307
-783920.11	-1019150.09	-785751.46	-1023155.57	4838.356
-762915.919	-992362.478	-762941.79	-992367.91	32.311
-806683.103	-1070750.001	-806738.412	-1068728.082	2129.328
-653060.158	-1093797.093	-653447.178	-1093042.842	1013.297
-756917.862	-1016333.564	-757209.257	-1016685.09	519.309
-755698.61	-1036277.05	-755650.89	-1035456.56	880.326
-727793.899	-1040572.963	-727929.937	-1040777.035	249.791
-698699.67	-1041724.0	-698793.625	-1041595.938	160.34
-729545.024	-1037363.321	-728311.439	-1037625.802	1359.767
-727207.25	-1013923.12	-723694.18	-1014270.44	4116.434
-734636.107	-1072986.567	-734646.646	-1072998.231	18.236
-719573.58	-1015047.5	-720785.16	-1016735.96	2338.608
-763417.35	-1022304.798	-763457.945	-1022252.058	75.81
-733937.241	-972137.04	-731904.61	-972443.26	2211.709
-685682.71	-1014792.46	-685366.11	-1014977.7	369.006
-675277.496	-1046282.022	-675125.514	-1045981.28	342.719
-673324.09	-1043429.71	-673303.703	-1043503.367	76.551
-870696.034	-1028508.817	-870796.34	-1028019.47	507.506
-756000.029	-1034391.458	-755153.65	-1035285.29	1235.454
-722459.94	-1083683.62	-721740.02	-1083953.92	785.301
-734188.66	-994647.45	-732770.34	-993991.07	1598.567
-673314.3	-1012103.57	-673235.616	-1012182.841	111.77
-729227.91	-1084557.39	-728620.53	-1084460.42	645.794
-737490.74	-1035633.23	-738384.6	-1034761.48	1248.798
-809789.61	-1048129.71	-812708.61	-1047177.08	3265.748
-759866.87	-972977.63	-759850.619	-972865.737	113.21
-770301.57	-1016164.93	-770317.58	-1016319.82	155.817
-732174.09	-1040922.07	-734767.74	-1040996.46	2656.92
-752698.839	-986984.752	-752854.23	-988519.06	1668.823
-651145.588	-1045325.774	-650448.885	-1045428.71	710.739
-795222.501	-986638.994	-795263.688	-986737.04	124.046
-750010.571	-1005717.902	-748158.512	-1005367.104	2154.659
-793199.2	-983181.61	-793175.91	-983188.02	27.971
-791769.11	-986292.988	-791804.912	-985582.064	738.744
-864526.91	-1015039.05	-864273.56	-1014862.79	321.764
-673583.4	-1084431.66	-674603.26	-1085170.42	1280.924
-773437.1	-1067513.94	-773310.21	-1067510.22	128.274
-835866.39	-1032659.405	-835429.046	-1033696.089	1276.38
-719056.33	-1041002.22	-715825.398	-1040270.046	3343.538
-783920.11	-1019150.09	-783612.356	-1019313.592	384.405
-761830.68	-1021728.81	-763636.11	-1023108.7	2376.989
-645714.73	-1017890.78	-645335.65	-1017763.32	400.416
-759318.06	-1015367.68	-758874.248	-1013426.521	2321.981
-792103.448	-986597.519	-792028.132	-986651.745	188.91
-771139.03	-1003724.68	-770316.988	-1004126.594	916.165
-760647.712	-1033862.222	-760610.829	-1033853.973	61.27
-794590.963	-986617.093	-792103.448	-986597.519	2710.121
-824668.188	-1060950.97	-825439.162	-1058892.314	2295.338
-749257.29	-1010057.03	-749354.35	-1010423.3	383.862
-740793.95	-1040702.31	-740918.56	-1040961.15	289.792
-706403.78	-1074184.617	-705696.57	-1072586.84	2034.902
-647759.378	-1060941.888	-647806.841	-1060485.976	459.724
-651099.35	-1036057.73	-650425.21	-1035064.42	1237.129
-680366.89	-1001046.11	-681588.08	-1000094.86	1663.692
-767762.7	-1055178.08	-769518.938	-1054142.75	2489.465
-824128.174	-1073878.554	-824131.87	-1074814.98	937.161
-690523.891	-995554.392	-690289.7	-995274.992	365.708
-857587.613	-999831.837	-855476.543	-997761.633	4392.036
-715691.24	-1003004.78	-716065.78	-1003270.5	470.953
-740529.23	-1057581.17	-740517.56	-1057594.04	21.634
-745795.512	-982630.319	-745792.773	-982646.313	18.863
-716792.41	-1028460.31	-716776.47	-1028470.23	18.775
-662006.84	-1026065.79	-661877.34	-1025173.71	909.17
-847981.715	-1062723.73	-849027.29	-1064681.514	2785.526
-724834.911	-1066867.274	-724891.11	-1066813.89	81.383
-664728.44	-1005648.28	-663440.572	-1005056.297	2050.105
-720963.674	-1048017.921	-720813.672	-1048330.845	348.088
-826470.563	-1036756.862	-827757.15	-1034938.74	2312.279
-775670.719	-1064925.753	-775736.2	-1064261.9	668.751
-666018.226	-1070164.497	-664722.059	-1069286.88	2990.424
-643738.9	-1027158.62	-642228.31	-1028441.14	2294.85
-690094.53	-998410.86	-689375.05	-998992.22	940.806
-876123.83	-1021118.45	-875959.361	-1019407.808	1843.469
-673060.629	-1016547.86	-672753.02	-1016760.62	377.689
-715820.768	-1040249.342	-715825.398	-1040270.046	22.954
-641797.64	-1041826.898	-641514.71	-1041514.6	435.019
-789466.13	-1020968.258	-789495.16	-1019934.7	1293.769
-652273.806	-1026372.473	-652055.19	-1026467.11	242.381
-776369.209	-975951.979	-776310.924	-975940.009	59.501
-746148.845	-1007124.227	-743588.968	-1006059.4	2822.726
-777378.72	-1032412.01	-777744.03	-1031926.26	669.742
-817922.03	-1036911.7	-821529.279	-1038631.439	4480.559
-845547.732	-1039891.091	-845507.48	-1038886.21	1078.834
-810799.14	-991824.71	-810801.26	-991902.66	80.165
-756880.203	-1065655.615	-756870.588	-1065638.939	23.629
-671532.991	-1028463.149	-672221.29	-1031168.84	2992.754
-674265.513	-1018960.391	-674312.265	-1019535.362	746.111
-829239.63	-1074397.57	-825530.02	-1076547.61	5303.317
-740035.91	-1048705.8	-739856.55	-1048772.52	191.657
-751804.13	-1004450.95	-751424.034	-1004313.261	458.022
-776027.577	-1014675.413	-773723.726	-1016297.862	2882.399
-774246.13	-977816.71	-774137.11	-977853.18	157.595
-649162.702	-1072381.248	-649242.897	-1072063.856	330.617
-828832.036	-1030165.093	-830033.794	-1031139.986	1875.333
-667425.69	-1031463.45	-667050.43	-1033212.56	1819.878
-711973.004	-1040687.026	-711988.708	-1040692.742	18.128
-754811.591	-1063320.883	-754650.992	-1063263.595	171.115
-706827.6	-1069583.45	-706921.2	-1069889.39	322.335
-662108.94	-1040513.93	-661403.04	-1040077.11	866.331
-640511.029	-1082738.275	-640022.314	-1082782.538	532.683
-787445.176	-1062920.408	-787970.43	-1063151.69	573.927
-826590.528	-1066929.803	-823222.53	-1069474.727	4388.134
-725401.005	-978434.604	-725462.663	-978511.852	100.002
-792388.063	-978534.122	-792391.06	-978518.12	23.609
-645277.476	-1083572.424	-645473.846	-1084218.04	711.262
-767920.89	-991141.11	-766982.928	-989208.52	2172.721
-721527.44	-1003516.38	-722041.05	-1002970.84	1000.498
-779250.426	-997226.575	-780799.07	-998071.35	1766.518
-683482.151	-1066506.534	-680658.134	-1067462.859	2990.905
-822661.746	-1066512.685	-821804.609	-1066679.277	877.688
-767781.46	-1012709.8	-769011.59	-1014363.67	2218.962
-705237.46	-1015233.13	-705027.205	-1015047.464	280.751
-664530.55	-1069222.12	-662153.973	-1068753.801	2447.069
-740567.913	-1014769.19	-736790.235	-1014569.195	3849.624
-728399.76	-1022448.7	-731367.55	-1022331.55	3192.456
-738491.09	-1020682.01	-737885.353	-1020982.033	700.182
-683695.36	-992998.26	-682733.8	-992511.93	1959.703
-876242.996	-1030422.038	-876543.88	-1025650.58	6155.838
-795330.43	-1055353.6	-793970.96	-1055671.44	2092.103
-884949.578	-1018011.069	-883700.873	-1019663.734	2440.786
-747683.923	-1064691.835	-742145.86	-1064673.33	6773.728
-648867.65	-1037515.07	-648387.31	-1036026.6	1691.337
-646485.39	-1037826.33	-645846.83	-1036798.13	1310.698
-692480.86	-1046486.89	-692393.91	-1046471.76	92.891
-645727.305	-1042665.46	-645607.656	-1042430.919	263.297
-655096.03	-1054199.71	-654392.692	-1054642.076	839.622
-659564.47	-1054034.521	-660053.491	-1053848.304	565.615
-789489.75	-989260.36	-789599.47	-989178.13	137.114
-741854.22	-1010686.5	-740137.48	-1011440.94	1895.174
-703340.707	-1054249.386	-704002.618	-1055416.614	1362.993
-757934.49	-1010342.66	-757747.598	-1010433.883	208.24
-735521.07	-1040511.36	-735382.36	-1040739.75	275.917
-785924.5	-993271.36	-785761.21	-993341.67	190.37
-754607.573	-1035644.477	-754578.32	-1033875.92	1986.209
-697605.08	-1030139.578	-698038.13	-1031923.59	1907.536
-646478.203	-1068568.501	-646545.473	-1068527.193	88.92
-721714.93	-1045134.66	-719843.172	-1044008.229	2469.253
-730564.38	-1057446.88	-730891.19	-1057518.92	334.905
-740880.67	-1001694.33	-742486.9	-998318.24	4012.616
-860278.73	-1006748.49	-858578.479	-1008620.268	2662.55
-744763.263	-988713.681	-744693.307	-988746.254	78.3
-765579.51	-1074243.31	-770218.87	-1076595.4	5468.083
-721102.6	-1072331.29	-722226.76	-1072826.32	1262.667
-689233.07	-1061404.75	-688466.684	-1062197.847	1205.298
-764075.567	-977066.577	-764298.041	-977045.495	264.863
-649205.63	-1061116.033	-649372.966	-1061144.702	182.327
-734494.586	-1012639.929	-734520.128	-1012602.924	69.032
-765788.7	-990262.19	-765677.7	-990558.27	316.337
-678451.24	-1008444.26	-677198.54	-1010537.89	2923.18
-765408.141	-1051604.16	-766913.952	-1052125.544	1625.664
-747983.512	-984649.72	-748055.993	-984815.748	183.23
-750665.14	-969225.28	-751871.27	-970107.79	3754.212
-723474.115	-1036356.159	-723650.025	-1036501.706	236.956
-726383.719	-1070435.076	-726485.929	-1070435.268	110.116
-749654.164	-1078700.159	-747676.693	-1079372.08	2533.341
-803803.869	-976929.666	-803797.57	-976894.27	36.008
-745963.09	-1022964.21	-745964.59	-1022943.18	24.942
-727179.101	-1060948.226	-726793.67	-1060789.397	455.714
-681654.74	-994560.4	-681215.231	-994266.449	543.996
-668782.662	-1036107.387	-668496.15	-1035373.03	788.931
-753124.51	-1010953.81	-750676.86	-1010875.87	2486.874
-669692.44	-1068140.09	-668977.106	-1067594.311	915.821
-712882.343	-1049711.431	-710741.03	-1050352.91	2247.212
-769427.816	-1056808.768	-767762.7	-1055178.08	2499.833
-640898.56	-1041492.96	-641629.526	-1037040.407	5779.986
-670436.689	-1076819.673	-670499.965	-1076816.189	63.647
-668306.47	-1025376.41	-668898.705	-1022840.572	2708.662
-820396.702	-1012136.434	-818993.518	-1012754.21	1584.734
-750627.619	-1025630.881	-751335.55	-1025384.98	767.378
-804444.718	-1038920.636	-802460.343	-1038687.359	2403.835
-777773.68	-981956.07	-775414.03	-983225.06	3199.701
-811384.793	-1060414.363	-811367.092	-1060331.764	89.034
-679293.063	-990851.478	-679733.92	-991544.95	1066.637
-773823.199	-1056068.979	-773631.891	-1055891.607	262.022
-778917.1	-1060712.15	-780578.77	-1062574.61	2789.148
-842302.555	-1046516.057	-842349.978	-1046613.751	110.582
-819623.13	-1076040.47	-819612.78	-1076589.87	564.692
-773047.06	-1031228.34	-772865.013	-1031315.823	209.944
-723662.348	-987212.162	-720706.68	-990159.03	4236.079
-870162.02	-1044906.49	-869520.35	-1043346.23	1786.969
-880246.238	-1019134.669	-880106.128	-1017037.521	2236.059
-812056.7	-1016862.42	-812432.85	-1013986.31	2902.736
-752685.024	-1049177.554	-752734.577	-1049409.519	238.685
-737606.276	-1080142.949	-736689.21	-1080041.06	924.341
-736155.31	-987946.37	-736319.77	-987791.74	225.982
-644809.314	-1073394.96	-644819.178	-1073393.316	10.459
-776142.829	-979416.983	-776179.99	-979470.54	72.827
-744957.53	-1008093.73	-743839.09	-1008631.76	1250.85
-818797.56	-1019942.66	-817241.266	-1019931.56	1591.96
-746446.577	-1053783.202	-746376.671	-1053972.257	212.346
-809358.27	-991770.31	-809318.62	-991774.95	58.116
-779916.95	-983094.0	-780519.769	-983807.611	937.726
-692580.496	-1046095.138	-692519.521	-1046074.747	64.699
-789999.22	-1029582.85	-788623.02	-1030555.81	1744.642
-766382.69	-1052099.3	-767065.288	-1052502.18	794.46
-783758.47	-1044267.37	-785376.44	-1042986.07	2894.795
-697604.62	-999528.62	-697095.23	-996864.93	2852.708
-719334.593	-1002927.581	-717846.36	-1002316.8	2479.582
-740190.11	-1003507.66	-740829.08	-1001958.87	1748.495
-826472.441	-1068470.372	-826615.211	-1068384.514	166.601
-687569.81	-1056047.47	-687421.8	-1056195.02	267.151
-679781.5	-1010354.11	-680458.8	-1011176.49	1130.198
-742207.66	-971373.38	-742811.99	-976078.34	5766.622
-794508.83	-998061.18	-795519.83	-995402.33	3438.674
-770201.52	-1018458.77	-769888.27	-1017591.99	963.077
-766869.724	-1009908.032	-766866.215	-1009933.771	26.043
-649260.73	-1048288.6	-649315.16	-1048398.31	143.751
-735568.11	-1040276.17	-735382.36	-1040739.75	508.289
-726033.672	-972446.074	-726757.632	-974343.727	2882.523
-768875.26	-1035702.9	-768977.62	-1034588.88	1129.755
-651058.82	-1044615.54	-649293.63	-1044451.85	1772.777
-702591.63	-1070675.77	-703712.723	-1072042.225	1851.69
-777284.456	-996509.71	-777257.61	-996054.453	459.446
-714762.413	-1027902.794	-714641.39	-1027861.81	127.796
-784332.276	-1007703.711	-784551.99	-1007572.05	256.552
-825495.86	-1053317.43	-826213.02	-1052725.02	948.202
-730929.889	-1057204.495	-730830.32	-1057375.1	197.543
-752161.6	-1038473.45	-752432.92	-1038135.98	433.03
-701719.186	-1012526.163	-704453.1	-1014660.56	3532.843
-670314.0	-1047546.5	-670477.6	-1047600.09	178.996
-755235.77	-1036429.56	-754590.79	-1035902.17	909.149
-786559.102	-1061340.464	-785384.123	-1060572.777	1465.735
-694308.4	-991617.43	-694332.89	-991642.1	34.893
-762595.339	-1007603.092	-759869.32	-1006681.27	3057.23
-777842.114	-985595.75	-779449.713	-985374.92	2294.397
-850636.859	-1010801.445	-851518.2	-1010751.166	886.119
-754631.91	-1063279.292	-754624.95	-1063256.073	28.494
-741925.422	-1082482.181	-741950.155	-1085737.187	5314.47
-762800.39	-973592.59	-762921.827	-973598.762	127.084
-742599.176	-1046079.724	-742493.44	-1046028.29	134.996
-819149.87	-1017315.07	-822522.04	-1017189.31	3583.13
-766982.928	-989208.52	-767102.18	-989078.35	176.697
-751349.25	-1041115.938	-751459.03	-1041048.354	129.95
-671006.791	-1021002.446	-671537.295	-1019001.541	2302.607
-743594.29	-1020628.84	-744619.948	-1021117.129	1138.973
-790784.875	-1005217.062	-790798.607	-1005234.247	24.574
-750715.12	-1043202.08	-751974.705	-1043105.096	1360.404
-679425.241	-1064083.037	-679665.464	-1065415.499	1591.166
-675814.885	-1041137.364	-674506.896	-1042179.33	1694.803
-780793.557	-989314.909	-779130.4	-989055.72	1804.785
-771078.29	-990730.67	-771084.724	-991785.444	1127.863
-643811.132	-1022184.146	-641679.37	-1023333.67	3411.323
-849281.083	-1065563.125	-850163.81	-1066617.882	1512.385
-790941.96	-1034484.23	-788893.92	-1033754.56	2443.265
-675167.148	-1074093.622	-674943.95	-1076363.873	2370.213
-646384.95	-1016840.67	-645752.15	-1016432.323	1085.114
-882091.044	-1017735.02	-882213.977	-1017116.94	737.924
-712776.782	-1079029.394	-712682.818	-1079173.214	179.228
-768369.27	-1057962.9	-769365.932	-1057150.421	1417.813
-728209.958	-1022949.572	-728399.76	-1022448.7	654.144
-719497.051	-992828.454	-718190.04	-995343.27	2883.526
-820796.02	-1063693.532	-820743.22	-1063814.623	138.63
-675579.44	-1033002.51	-675527.54	-1031294.86	1728.632
-710766.209	-1070158.688	-708783.763	-1071503.143	2866.748
-756713.033	-990019.522	-756731.393	-987706.568	2568.273
-807650.58	-990353.79	-807784.97	-990455.03	239.951
-686841.974	-1066086.179	-685181.368	-1066206.294	1695.947
-699748.77	-997757.04	-699774.69	-995359.47	2894.676
-853227.3	-1005277.26	-853567.4	-1004294.55	1092.644
-781865.15	-1048439.48	-782508.45	-1049591.91	1341.18
-684434.33	-990100.31	-682745.938	-989419.5	2580.513
-734902.885	-1053869.137	-734169.2	-1053825.2	776.767
-739344.58	-1033713.78	-739275.09	-1033725.54	70.49
-793175.91	-983188.02	-793153.111	-983230.444	48.288
-820436.579	-1026745.197	-823451.63	-1026158.985	3175.878
-843131.733	-1057411.835	-843921.816	-1058030.155	2112.987
-656633.86	-1070308.88	-656675.335	-1070374.031	77.539
-763989.372	-1024143.273	-763664.655	-1024288.954	357.58
-708118.84	-1072450.287	-705966.084	-1071067.862	2894.588
-775984.15	-977292.28	-776326.15	-977345.98	370.023
-676250.16	-1042634.43	-674666.237	-1043065.477	1641.541
-653323.78	-1036128.19	-654059.57	-1034024.07	2259.77
-692193.646	-1029463.697	-692916.61	-1031763.95	2663.499
-730850.22	-996143.5	-728304.675	-994065.09	3972.206
-746816.113	-1067439.618	-745864.683	-1068619.617	1733.101
-742522.57	-1045850.3	-742458.968	-1045227.057	629.877
-704454.2	-1014723.62	-704678.708	-1014785.048	316.25
-725243.045	-1058432.144	-724027.895	-1056719.96	2225.612
-825240.835	-1064319.423	-825336.372	-1064370.67	109.111
-766883.809	-1046462.034	-767521.688	-1046058.5	777.708
-733914.475	-1053317.791	-734005.02	-1053336.7	100.375
-732051.83	-1040986.84	-732103.646	-1040876.88	125.87
-755938.32	-1031830.57	-755751.391	-1032452.898	688.132
-646572.22	-1029234.58	-646612.72	-1029025.29	213.207
-711052.4	-1025670.01	-711124.62	-1025831.21	188.65
-680409.556	-989585.247	-679466.541	-989570.958	1455.201
-765648.86	-1014631.0	-769011.59	-1014363.67	3451.847
-716119.768	-1048477.837	-714659.241	-1048748.234	1487.645
-705231.099	-1015094.761	-704967.966	-1015039.181	309.08
-707342.596	-1067840.561	-706827.6	-1069583.45	1851.357
-852025.15	-1010321.64	-852292.36	-1010381.54	286.954
-727322.317	-1058318.754	-725243.045	-1058432.144	2299.098
-857239.13	-1033987.9	-859334.96	-1031935.4	3020.428
-756117.029	-1034221.27	-756000.029	-1034391.458	206.532
-661491.52	-1046295.0	-660964.185	-1046088.619	572.815
-823465.147	-1076379.897	-824303.713	-1075020.57	1874.954
-676788.304	-991716.144	-675357.972	-991934.632	1953.563
-659164.367	-1065042.203	-658988.262	-1065359.861	459.48
-793087.077	-1064377.439	-792335.7	-1064165.62	789.782
-728620.53	-1084460.42	-727815.05	-1083942.25	1100.721
-671719.93	-1041676.199	-673546.85	-1042976.667	2543.157
-699234.121	-1087672.849	-697181.498	-1087404.295	2365.493
-872464.669	-1032874.098	-872614.328	-1033223.347	477.844
-639960.604	-1042280.486	-640016.423	-1042136.147	159.317
-702216.03	-1056459.18	-703931.569	-1057508.405	2150.091
-727734.171	-1074184.599	-726393.89	-1073258.642	1925.402
-746965.676	-1017400.74	-746939.588	-1017404.603	28.808
-657007.24	-1069561.841	-656472.334	-1069860.411	617.708
-759516.3	-1015707.3	-758239.87	-1016193.82	1374.845
-759400.55	-1009589.78	-759269.75	-1006895.26	3034.359
-819595.188	-1075679.25	-819652.398	-1075671.193	57.883
-739242.345	-1001705.951	-738748.919	-1001258.549	671.839
-760864.513	-1000583.034	-760688.95	-998727.14	1893.858
-811899.928	-1065506.872	-811922.17	-1065456.546	55.077
-751633.55	-1062340.88	-754453.681	-1063515.296	4335.76
-819264.862	-1075594.778	-819302.55	-1075496.64	110.955
-647716.73	-1054208.63	-647609.524	-1054245.965	167.181
-816893.762	-1069517.321	-816882.103	-1069528.576	17.491
-759345.19	-1056031.723	-759355.124	-1056085.696	54.975
-848378.564	-1054774.256	-849253.783	-1056172.622	1867.567
-729942.52	-1083605.87	-730674.527	-1083621.898	738.057
-821921.948	-997679.521	-822013.873	-996448.627	1487.653
-726152.344	-1051205.196	-726094.73	-1051630.11	430.807
-785879.46	-1063937.49	-784722.5	-1063858.94	1348.131
-674324.159	-1057175.819	-667943.849	-1059113.16	6778.269
-718906.5	-1016922.99	-719175.82	-1016530.84	544.926
-755258.008	-1046325.019	-755258.858	-1046303.702	23.739
-843640.906	-1021731.064	-839314.316	-1021318.603	4640.214
-780546.517	-1009551.238	-776116.121	-1014573.075	6793.064
-840796.862	-1039063.86	-839894.429	-1041506.852	2645.585
-706905.87	-1028430.1	-707185.87	-1028507.77	292.761
-674909.751	-1073907.919	-673775.041	-1076370.682	2713.65
-768780.443	-1061241.466	-770353.66	-1060804.791	1734.911
-741384.0	-1047519.75	-740035.91	-1048705.8	1800.517
-757549.968	-1049067.836	-757602.31	-1049500.47	441.13
-653423.62	-1030555.827	-653288.426	-1030346.54	254.019
-730655.43	-1045534.04	-730719.8	-1045394.6	172.849
-819300.52	-1075731.24	-819271.979	-1075735.204	42.842
-731273.19	-1062928.24	-731090.94	-1063326.74	438.223
-678306.819	-1002377.18	-677070.88	-1001484.59	1813.007
-843965.27	-1003002.31	-843761.02	-1002936.1	226.038
-662956.071	-1048677.243	-662315.995	-1049032.62	781.442
-887560.516	-1019868.019	-884358.116	-1021483.795	4027.037
-684496.2	-1065703.32	-684486.446	-1065823.749	121.456
-652577.566	-1044757.953	-651145.588	-1045325.774	1566.844
-674394.04	-1072998.88	-674909.751	-1073907.919	1118.622
-643669.343	-1034932.529	-643499.44	-1034658.75	335.939
-822634.434	-1069568.19	-823245.745	-1071548.892	2085.827
-858884.703	-1014431.02	-859749.207	-1013110.078	1728.973
-766632.26	-1037720.18	-766747.32	-1037626.07	158.347
-654207.76	-1023022.35	-653299.13	-1023139.24	947.339
-770124.39	-983578.44	-770374.86	-983338.06	352.902
-849463.51	-1002474.76	-849431.22	-1002496.71	57.615
-747940.297	-1017099.553	-747318.87	-1017001.64	821.135
-738444.54	-998239.718	-732506.853	-996720.549	7558.296
-741766.996	-1064489.266	-741789.364	-1064502.999	39.755
-741826.92	-1043491.34	-741667.69	-1043280.41	265.249
-763141.96	-992584.68	-763545.25	-992093.52	644.152
-817446.39	-1070558.94	-815525.153	-1070903.131	1951.99
-673060.629	-1016547.86	-672706.22	-1015107.8	1491.487
-812053.644	-1017077.163	-812056.7	-1016862.42	224.183
-809384.25	-994087.73	-809585.21	-994142.99	208.482
-644939.06	-1049741.53	-645298.82	-1050454.711	1007.282
-770553.82	-979593.09	-770635.2	-979600.35	95.877
-780483.59	-1052968.93	-780209.19	-1052580.14	479.406
-686922.48	-993715.83	-689446.59	-994859.59	2790.481
-742145.86	-1064673.33	-741789.364	-1064502.999	409.122
-645118.9	-1045890.91	-644849.066	-1047152.556	1293.309
-723901.304	-1036730.429	-724283.282	-1037360.78	880.697
-816445.5	-1069377.05	-816868.164	-1069518.245	500.518
-763531.11	-993047.25	-763369.78	-992839.07	263.438
-718463.59	-1008380.55	-718544.501	-1008651.76	303.149
-809766.998	-1029119.163	-811663.996	-1027269.798	3071.323
-660237.998	-1086828.299	-661179.667	-1084527.399	2638.097
-755025.976	-1001778.306	-761179.81	-994753.86	9902.293
-683295.221	-1065172.013	-683992.398	-1063882.896	1537.173
-736148.49	-1007963.14	-737866.679	-1005571.421	3011.789
-811830.888	-1027053.033	-811609.18	-1024678.44	2743.616
-760078.83	-976652.25	-760105.85	-976644.44	32.362
-697060.79	-1046682.57	-697002.42	-1046880.98	213.069
-649906.662	-1069949.529	-649786.847	-1070020.187	139.104
-688957.83	-1056736.91	-692291.01	-1058643.01	4181.572
-749325.603	-1044341.555	-749242.33	-1044511.21	192.867
-823761.0	-1076417.74	-823470.46	-1076465.18	294.522
-655762.18	-1018584.24	-655878.4	-1018527.01	134.257
-770694.099	-1069735.531	-770502.676	-1069954.578	291.123
-694947.241	-1029166.982	-695247.565	-1029725.528	702.786
-649372.966	-1061144.702	-649291.665	-1060965.126	197.237
-655919.27	-1048562.33	-656769.01	-1048573.79	850.384
-667596.64	-1016697.53	-668161.61	-1016709.32	589.003
-752374.83	-1043146.66	-752548.071	-1043362.204	276.63
-815590.582	-1043950.418	-817696.777	-1044028.456	2299.836
-805450.508	-1012456.415	-804404.726	-1013302.48	1370.645
-738570.48	-999570.7	-736715.438	-999326.162	1968.635
-773325.19	-978306.71	-773348.35	-978281.86	33.969
-663643.54	-1047828.42	-656769.01	-1048586.36	7285.767
-689629.06	-1035820.39	-689627.423	-1035843.007	22.676
-734904.4	-1041120.39	-735050.9	-1041000.8	189.114
-744778.424	-1048376.349	-744348.287	-1047616.458	875.371
-703485.16	-1089073.21	-703583.63	-1089168.3	153.042
-680588.724	-1064347.312	-679425.241	-1064083.037	1200.049
-859456.5	-996748.5	-858716.326	-995805.151	1320.099
-828544.984	-1071974.834	-828932.054	-1072228.151	462.755
-859589.953	-1012999.229	-859612.768	-1012994.734	24.391
-674434.13	-1083718.49	-674053.53	-1083790.15	427.941
-713550.47	-1017791.14	-717403.83	-1013182.66	7464.977
-726002.57	-988861.01	-726330.742	-988719.655	389.148
-672661.78	-1068657.88	-674573.09	-1067736.05	2136.35
-875959.361	-1019407.808	-875219.812	-1019175.928	1059.129
-759130.368	-1047663.758	-759204.415	-1047672.559	77.205
-648229.71	-1048214.72	-648235.47	-1048205.59	10.795
-816264.968	-1012124.115	-816164.41	-1011933.429	245.353
-642296.01	-1094976.12	-642099.11	-1095058.989	216.315
-703733.09	-1077097.09	-703348.626	-1076577.81	662.225
-692330.5	-998364.0	-692439.87	-998478.84	158.691
-729058.506	-1057198.088	-728066.664	-1055965.989	1763.163
-865272.948	-1015986.292	-865278.305	-1015964.147	26.136
-700441.78	-1088317.93	-700473.75	-1088323.41	37.715
-751631.12	-1041022.424	-751636.521	-1041297.117	343.501
-715420.0	-1067995.05	-714992.26	-1064696.34	3505.989
-740663.06	-1026232.44	-740325.08	-1025842.42	524.064
-748571.79	-989246.96	-747769.641	-989471.419	865.54
-756840.57	-1038169.12	-757294.023	-1039645.091	1726.644
-783516.82	-1058617.82	-784212.8	-1059855.91	1602.789
-644993.93	-1049839.45	-644945.99	-1049785.66	73.576
-689380.5	-1058492.11	-689296.152	-1058690.826	234.634
-678242.44	-1074125.29	-676234.284	-1075886.608	2717.094
-734667.725	-1041598.981	-733574.37	-1041925.75	1144.161
-744444.64	-1041362.66	-744438.125	-1041269.582	144.952
-730242.39	-1077387.21	-731774.599	-1077428.656	1627.198
-722790.83	-979017.63	-723261.699	-979691.061	1203.452
-782067.999	-1010291.553	-782050.48	-1009785.59	515.46
-727741.81	-1073818.99	-727784.73	-1073939.35	127.784
-756164.6	-993304.1	-756227.79	-991806.51	1538.464
-693883.566	-1032463.944	-696066.6	-1032776.61	2306.736
-706759.61	-1036013.73	-705605.06	-1036556.55	1293.149
-820209.74	-989166.5	-817440.385	-987824.75	3629.686
-721102.6	-1072331.29	-720323.832	-1071070.678	1712.895
-720459.31	-1084859.54	-719699.97	-1085550.72	1073.379
-708317.55	-1057431.48	-707832.949	-1057289.458	508.241
-717538.757	-1074174.434	-717615.03	-1074166.97	78.535
-769875.188	-1053806.12	-770494.286	-1053928.15	631.09
-832911.048	-1027494.357	-833504.056	-1025748.803	2071.093
-734041.0	-1068720.0	-734125.148	-1068801.398	117.315
-837072.881	-1001122.397	-835329.698	-1001077.37	2392.747
-755911.515	-991018.509	-755956.61	-990921.9	107.859
-701493.122	-1012267.925	-701426.13	-1012166.332	121.693
-699987.12	-1040664.48	-700881.593	-1039815.799	1275.127
-876242.996	-1030422.038	-876537.832	-1030754.157	528.051
-720302.516	-1070959.109	-717572.936	-1074309.221	4901.823
-688947.767	-1065936.886	-686841.974	-1066086.179	2146.945
-865944.702	-1046034.631	-864972.286	-1044654.765	1898.117
-654990.028	-1070130.784	-654988.369	-1070998.936	880.941
-684543.09	-994078.52	-684524.76	-993875.02	210.497
-819300.52	-1075731.24	-819567.0	-1075685.25	272.327
-696535.05	-1060849.84	-696197.4	-1059702.55	1255.869
-715849.855	-1067543.626	-715420.0	-1067995.05	640.143
-720560.46	-1005519.18	-719771.92	-1004374.9	2928.678
-650858.36	-1043750.1	-651216.495	-1043242.764	662.936
-859240.91	-1037850.75	-862990.333	-1037035.084	3999.963
-822074.13	-1016009.95	-821380.38	-1015120.25	1137.619
-800596.166	-1012756.763	-801108.0	-1008116.063	4778.674
-765351.032	-1023102.423	-765239.733	-1023113.709	140.96
-788497.064	-1013954.972	-788487.635	-1013962.555	12.98
-749450.96	-1050111.98	-745098.936	-1048384.833	5158.802
-817696.777	-1044028.456	-817578.366	-1042462.891	1699.895
-639846.141	-1052855.648	-644700.4	-1050094.82	5959.469
-723654.054	-987187.532	-723686.422	-987174.238	39.671
-760798.366	-976523.528	-760815.72	-976474.535	73.388
-684456.271	-1065830.333	-684486.446	-1065823.749	38.9
-681321.048	-1064389.756	-681287.93	-1064461.518	79.038
-667050.43	-1033212.56	-667319.162	-1033690.175	580.973
-763350.3	-992817.46	-763370.11	-992818.11	20.813
-649967.98	-1030992.87	-649928.66	-1031448.47	457.76
-662235.315	-1059060.07	-661501.52	-1058410.07	1044.883
-792398.72	-978527.25	-792388.063	-978534.122	14.418
-761986.299	-1025253.683	-761924.936	-1026064.781	837.7
-754336.728	-1045687.211	-755092.033	-1045687.374	759.531
-764793.8	-994787.52	-763837.45	-993504.81	1612.517
-773630.64	-1042294.64	-771416.56	-1042704.81	2592.03
-861128.379	-1005824.81	-860278.73	-1006748.49	1289.275
-765487.184	-1056779.747	-765592.541	-1056706.326	135.985
-744585.4	-1048128.72	-744555.04	-1048217.91	94.228
-864604.604	-1060866.453	-864909.972	-1059365.861	2187.615
-789012.52	-981479.23	-788537.62	-982462.36	1226.366
-759662.94	-976494.55	-759614.391	-976477.019	51.642
-703994.683	-1051276.113	-702914.4	-1049943.85	1809.166
-761145.62	-1070568.14	-763227.89	-1072531.86	3102.133
-715802.644	-1040275.867	-715513.44	-1040586.49	436.939
-724693.77	-1051072.26	-725880.561	-1051661.289	1359.948
-736155.31	-987946.37	-736631.28	-985374.91	2697.963
-783618.34	-1061207.52	-783532.06	-1061868.28	681.396
-708643.64	-1056377.41	-708317.55	-1057431.48	1246.208
-670965.53	-1008802.41	-672424.206	-1008814.981	1709.244
-782981.17	-1000789.0	-782989.44	-1000828.26	40.261
-674579.81	-1020864.91	-673898.48	-1020353.88	852.755
-757599.75	-1039889.39	-753875.83	-1041685.1	4250.296
-814533.496	-1013896.626	-814806.09	-1013848.04	316.821
-761207.79	-1034014.75	-760634.42	-1034959.18	1264.943
-762487.54	-978758.49	-761851.211	-980207.841	1926.042
-762856.494	-1050845.201	-762975.367	-1050789.735	166.946
-791408.81	-1045872.74	-791568.33	-1044904.05	1023.944
-698314.12	-1008460.98	-698925.234	-1010862.723	2773.883
-796544.06	-1010161.76	-796572.45	-1009553.07	625.643
-660386.03	-1022995.96	-658860.17	-1023337.73	1757.43
-808157.36	-1071439.843	-808102.851	-1071160.684	284.504
-692271.419	-1046317.644	-692500.234	-1046056.225	365.039
-720921.3	-1011698.64	-723472.047	-1009554.734	3418.237
-756840.57	-1038169.12	-756885.578	-1037955.246	223.13
-665051.49	-1012206.8	-664203.72	-1013240.89	1568.153
-763545.25	-992093.52	-764117.881	-991884.65	616.122
-843367.441	-992167.464	-846960.039	-990774.059	4200.127
-808211.018	-1014754.016	-810418.986	-1013689.3	2604.374
-843965.27	-1003002.31	-843706.44	-1002673.06	421.981
-716828.42	-1028430.58	-716792.41	-1028460.31	46.749
-734520.128	-1012602.924	-736148.49	-1007963.14	5013.491
-687480.32	-1004428.3	-688121.91	-1005129.46	1006.996
-691950.61	-1065160.608	-693268.136	-1066214.459	1884.527
-749716.36	-1051238.55	-749869.5	-1051283.82	220.43
-801255.009	-1013122.702	-801278.029	-1013124.806	23.161
-878319.919	-1027277.494	-877381.09	-1026048.84	1581.69
-768572.23	-1063516.11	-771377.93	-1061984.36	3460.485
-720501.53	-1007824.76	-718544.501	-1008651.76	2762.529
-797337.54	-979437.12	-800495.161	-978110.673	5652.537
-645748.625	-1090647.177	-642805.577	-1092189.703	3497.369
-762972.68	-1010383.12	-759400.55	-1009589.78	3868.147
-762082.323	-1026352.017	-762422.17	-1027892.26	1763.76
-761681.41	-1037105.19	-761571.97	-1037412.88	335.539
-765949.302	-1076303.012	-766069.463	-1076129.668	211.174
-658305.54	-1007290.38	-656556.57	-1006339.14	2090.447
-758232.25	-972614.85	-758270.57	-972697.23	90.909
-692393.91	-1046471.76	-692358.68	-1046574.8	109.534
-679158.914	-1030025.357	-681168.472	-1029384.679	2201.956
-730145.688	-993169.063	-729412.166	-990629.707	3896.683
-870597.7	-1010531.22	-871153.91	-1010993.66	805.785
-788856.01	-1038690.79	-788582.825	-1037890.899	1279.457
-701202.59	-1012387.6	-701281.438	-1012426.375	92.801
-812658.25	-1072236.5	-813328.04	-1072109.909	734.618
-730838.57	-1043194.93	-730675.04	-1043358.39	233.062
-802617.775	-1021022.365	-804793.658	-1019770.362	2761.035
-807650.58	-990353.79	-807685.43	-990267.62	93.76
-778812.234	-1000738.673	-781273.163	-1004046.684	4366.552
-690289.7	-995274.992	-690190.7	-995235.01	107.035
-787860.82	-978850.27	-786665.077	-979099.031	1292.849
-878764.562	-1022419.216	-879501.125	-1023282.875	1262.766
-790860.627	-1002521.829	-789545.41	-1002070.51	1390.505
-717053.22	-1001828.61	-717396.5	-1002059.24	899.476
-818876.91	-1074880.42	-818728.15	-1074717.07	221.059
-649293.63	-1044451.85	-650269.41	-1043896.52	1175.517
-680582.204	-989461.566	-680229.76	-988998.78	588.869
-857617.02	-1008873.03	-856691.375	-1008970.875	984.127
-671293.0	-1070489.27	-671769.276	-1069928.371	738.546
-734987.438	-1043489.69	-734791.26	-1043682.03	284.354
-721245.934	-1060993.837	-720968.998	-1063674.369	2775.747
-654976.495	-1070115.663	-654583.356	-1070049.561	398.964
-774496.01	-1055892.09	-775865.26	-1056885.35	1724.65
-868428.83	-1050088.405	-871563.861	-1048720.373	4273.504
-655315.375	-1026583.681	-655282.27	-1025459.61	1161.322
-653562.49	-1025997.17	-653620.3	-1027061.15	1075.798
-680218.73	-1016899.15	-681443.886	-1016580.791	1403.27
-663914.11	-1003293.55	-662603.44	-1002134.49	1909.725
-739191.32	-1033635.28	-739117.25	-1033551.44	142.426
-752530.639	-1077247.698	-755146.95	-1077081.38	2867.175
-648762.2	-1029133.73	-648861.608	-1028973.579	188.521
-809437.625	-1049733.25	-812925.859	-1049067.757	3881.175
-674999.298	-1006664.392	-673551.152	-1008561.937	2678.453
-796386.26	-1042773.31	-796202.74	-1044445.18	2126.931
-730645.6	-989247.51	-729778.3	-987713.52	1981.905
-783259.68	-996320.45	-783209.77	-996298.28	54.632
-740572.33	-1040310.77	-740437.62	-1040354.147	142.243
-820921.03	-1077379.74	-823471.08	-1076452.11	2761.91
-743555.275	-1024949.43	-743525.683	-1024934.562	51.891
-693857.22	-1001639.89	-692380.59	-1000266.21	2444.903
-816403.88	-1076194.94	-816418.066	-1076253.124	61.766
-711566.197	-1014286.525	-710474.741	-1013302.23	1478.58
-735851.303	-1064178.222	-733977.418	-1063555.082	2059.226
-683504.009	-995029.32	-683530.17	-995952.62	1085.149
-666528.091	-1068783.223	-666018.226	-1070164.497	1540.69
-868712.059	-1021790.194	-869616.016	-1020897.713	1694.245
-708800.374	-1075110.976	-709493.898	-1076664.669	3225.722
-698496.31	-1035648.844	-698369.796	-1034987.46	674.057
-797242.374	-1068992.553	-797225.383	-1069033.488	44.321
-658344.16	-1029084.93	-657658.211	-1027917.403	1387.249
-684506.17	-994253.69	-684465.51	-994535.698	284.942
-772391.897	-1054695.278	-772370.063	-1054697.184	26.275
-783867.67	-994628.48	-783084.22	-993501.92	1410.037
-806948.62	-989708.11	-806965.18	-989759.4	66.691
-645303.703	-1060413.091	-645287.16	-1060455.277	50.747
-778671.883	-1022544.298	-777244.09	-1022465.751	1530.374
-746969.765	-1004072.67	-746954.522	-1004054.132	31.014
-807092.05	-996176.3	-807087.86	-996251.48	78.13
-752930.2	-1037432.22	-753160.456	-1037488.903	252.916
-694114.03	-1044357.51	-694141.41	-1044339.51	37.206
-767418.563	-980775.831	-767138.17	-980622.421	327.052
-658239.03	-1005930.52	-658305.54	-1007290.38	1412.626
-777218.53	-1048643.03	-775823.61	-1048782.01	1412.154
-666696.66	-1030678.48	-665628.1	-1030560.71	1079.522
-644077.794	-1022814.719	-643811.132	-1022184.146	787.982
-863279.16	-998718.49	-861166.839	-999768.473	2626.503
-769011.59	-1014363.67	-769874.09	-1015908.58	2226.622
-665109.738	-1030269.571	-664839.942	-1030463.206	332.42
-688716.595	-1043740.464	-688732.773	-1043758.172	26.624
-824369.557	-1069640.862	-826472.441	-1068470.372	2553.624
-664502.78	-1047932.44	-664327.03	-1047880.92	183.163
-784270.171	-1026762.041	-783769.365	-1025764.997	1166.135
-698225.61	-1063063.57	-699256.34	-1061459.02	1955.567
-697601.473	-1037827.882	-695648.89	-1038421.25	2451.968
-649316.891	-1061705.052	-649298.085	-1061754.233	52.699
-817594.573	-1036995.655	-815246.656	-1034011.793	4509.067
-830984.252	-1065332.792	-829630.225	-1065454.87	1446.54
-748255.783	-1030596.93	-748374.24	-1028407.63	2266.493
-708417.301	-991680.123	-708419.227	-991662.736	19.577
-824026.79	-1073771.599	-824107.511	-1073718.837	123.842
-883757.002	-1021715.412	-883936.157	-1021566.292	238.841
-820673.12	-989381.2	-820209.74	-989166.5	515.332
-733891.89	-1053407.48	-733914.475	-1053317.791	105.194
-719755.49	-1030528.03	-719642.0	-1030529.89	115.915
-742445.595	-1057045.698	-743735.74	-1058144.17	1775.676
-762794.21	-1043674.35	-764413.7	-1043941.75	2179.403
-679528.41	-1071500.27	-679587.323	-1071764.46	272.941
-726496.4	-1072033.33	-725957.19	-1071372.88	863.127
-729502.351	-1080841.587	-729514.372	-1080889.537	77.314
-774371.24	-980479.83	-773862.08	-982143.2	2168.64
-660600.295	-1028136.323	-660125.873	-1028254.54	492.119
-647923.93	-1094532.48	-648561.92	-1095210.25	934.398
-802057.3	-999091.98	-802541.423	-998769.185	584.419
-703635.862	-1037189.932	-703661.58	-1035118.35	2525.932
-780793.58	-993776.99	-781206.691	-993468.119	556.621
-773146.172	-1031233.812	-776241.19	-1030072.87	3362.145
-835547.209	-989951.865	-834020.95	-990593.56	1712.283
-688201.86	-1053356.66	-688505.13	-1051236.35	2203.294
-771582.07	-1041055.57	-770186.892	-1039543.124	2320.798
-744438.125	-1041269.582	-744488.19	-1041311.68	72.378
-686268.84	-993149.63	-686065.342	-993601.918	702.132
-729539.891	-1057128.264	-729315.731	-1056841.451	401.469
-712438.272	-983588.937	-712423.517	-983605.22	34.69
-728834.58	-1061079.68	-729975.212	-1063167.207	2501.702
-672222.536	-1078964.284	-670968.886	-1078706.518	1864.417
-870492.524	-1035159.228	-871874.345	-1034118.846	1749.923
-716937.42	-1007933.48	-714147.66	-1008924.75	3102.065
-697797.7	-1053567.25	-700186.357	-1052771.488	2582.131
-832441.61	-1024564.49	-832703.871	-1023951.265	825.602
-652788.52	-1024989.77	-652273.806	-1026372.473	1623.777
-876124.29	-1021139.59	-876194.256	-1021323.626	197.506
-672388.42	-1014268.33	-672326.153	-1014439.536	182.193
-744897.887	-1026833.986	-743875.53	-1025696.44	1661.71
-662315.995	-1049032.62	-661758.59	-1047597.21	1609.625
-871874.345	-1034118.846	-871098.782	-1032753.124	1738.872
-677256.85	-1037622.57	-676047.76	-1037292.652	1260.713
-848763.027	-1010048.128	-848817.352	-1010040.504	58.756
-851033.045	-1018723.146	-851078.489	-1018209.76	598.205
-659288.519	-1008355.189	-658632.613	-1007570.898	1054.7
-802745.655	-986906.4	-802627.311	-986851.019	136.451
-687569.81	-1056047.47	-687445.825	-1055917.373	180.583
-749312.721	-1044251.85	-749325.603	-1044341.555	90.789
-724274.98	-1081959.74	-721832.46	-1081626.08	2743.504
-790712.739	-1005042.198	-790781.372	-1005118.501	118.943
-701719.961	-1012286.117	-702528.88	-1011405.28	1326.658
-643241.65	-1044616.06	-643357.52	-1044647.09	141.881
-739058.32	-1033585.74	-738971.93	-1033494.27	127.353
-658804.05	-1025491.79	-657159.238	-1024531.255	1933.919
-745864.683	-1068619.617	-743813.524	-1069243.996	2367.581
-658791.001	-1060312.349	-658734.781	-1060337.432	61.562
-840756.407	-1039033.045	-840796.862	-1039063.86	50.865
-713001.11	-1006409.73	-714572.525	-1006513.706	1673.857
-760447.14	-1059615.138	-760898.023	-1060233.296	891.64
-648889.325	-1058112.566	-648638.888	-1058260.078	291.314
-872985.395	-1040333.041	-869866.398	-1037678.079	5706.756
-686512.37	-990518.63	-686426.19	-990506.72	87.015
-694550.39	-1089676.0	-694772.607	-1090684.302	2460.444
-746721.41	-1011678.92	-746719.1	-1011750.25	71.992
-771416.56	-1042704.81	-771921.115	-1041128.653	1842.633
-797224.579	-1068798.163	-798345.777	-1067597.387	1778.449
-791147.957	-1033581.961	-795102.787	-1028956.598	6591.677
-703392.676	-1059769.677	-702768.8	-1059534.95	907.895
-869834.437	-1000438.862	-867678.05	-998459.66	3199.312
-760634.42	-1034959.18	-760606.221	-1034962.461	28.808
-708800.374	-1075110.976	-708187.83	-1075244.96	1331.533
-867825.597	-1017288.354	-867847.716	-1017285.814	24.596
-767346.246	-1040086.767	-768529.35	-1040347.1	1249.582
-797220.522	-1023550.419	-796853.478	-1023502.277	376.203
-847713.155	-1066306.545	-848587.265	-1066239.624	1010.494
-720052.54	-1075565.5	-719950.183	-1075713.04	182.234
-665628.1	-1030560.71	-665898.745	-1032132.011	1664.815
-649066.35	-1023932.14	-650508.75	-1024626.59	2026.137
-729466.74	-1078252.51	-730136.57	-1079066.52	1178.709
-802860.579	-986687.947	-802843.522	-986670.819	26.03
-817533.88	-1070541.42	-817507.47	-1070601.77	72.615
-655774.43	-1015985.09	-655843.43	-1016058.73	101.386
-759244.033	-1068497.749	-759295.33	-1068468.69	58.956
-756958.69	-1044056.74	-757077.25	-1043105.17	1034.64
-651145.068	-1076608.201	-650342.247	-1075757.499	1201.579
-738973.364	-1084211.183	-739928.36	-1082451.5	2297.967
-823054.383	-1047606.95	-821554.948	-1048307.873	1728.21
-733803.798	-985254.066	-733690.172	-986474.415	2505.509
-660268.625	-1087255.908	-661202.16	-1086315.52	1347.699
-733937.241	-972137.04	-734066.75	-972086.58	139.166
-699841.41	-1066810.69	-700387.25	-1066319.45	761.355
-737520.52	-1039020.19	-738807.89	-1040058.4	1656.689
-699709.298	-995267.078	-700211.37	-994675.68	997.831
-816146.27	-1064197.64	-815971.38	-1064373.54	252.656
-747427.15	-1020180.7	-747540.75	-1019621.563	574.207
-776578.17	-975595.74	-776481.04	-975542.86	110.594
-755041.005	-1016854.325	-755657.198	-1013741.211	3300.228
-654938.746	-1068629.13	-654752.092	-1068261.201	421.616
-741483.047	-984171.128	-740449.38	-984069.56	1098.452
-641830.694	-1058978.996	-641712.611	-1058542.261	456.841
-775016.4	-1033843.46	-774993.72	-1033762.995	89.027
-784706.56	-1026266.96	-789673.57	-1026841.604	5183.219
-719048.93	-1050490.37	-719549.768	-1051776.667	1403.514
-812095.043	-1023393.512	-813902.061	-1024065.431	2126.764
-703668.845	-1089052.406	-703330.28	-1089018.46	341.955
-761137.06	-1053405.7	-761129.02	-1053513.23	111.786
-664058.97	-1047818.75	-664261.049	-1047852.715	204.966
-723686.422	-987174.238	-723695.477	-987199.538	28.761
-869520.35	-1043346.23	-870985.48	-1042716.7	1678.342
-697002.42	-1046880.98	-697501.77	-1048576.23	1821.079
-825810.194	-1048982.067	-826325.4	-1047991.61	1163.071
-753595.4	-994051.75	-753851.93	-993658.93	556.28
-765863.485	-983721.005	-765150.999	-983372.343	810.719
-762849.939	-1040391.14	-763334.63	-1040409.66	485.82
-780868.79	-1023109.06	-781818.55	-1022920.8	1000.975
-736802.978	-1032360.481	-736994.459	-1032378.053	271.191
-645810.0	-1027252.38	-645969.2	-1026861.65	424.511
-721916.777	-1032975.383	-721792.87	-1032929.71	137.704
-770770.45	-1066037.26	-771035.44	-1064934.89	1138.314
-754768.421	-1001856.78	-754788.077	-1001786.249	73.225
-849304.122	-1028940.798	-849249.794	-1028945.888	54.589
-759071.725	-1047704.779	-758946.8	-1047715.38	171.33
-685485.66	-1072865.66	-686681.775	-1073823.663	1656.851
-650877.756	-1080320.181	-651974.543	-1078911.704	2123.1
-807518.2	-1026112.45	-807794.895	-1027397.361	1439.464
-691280.26	-1049337.06	-691713.46	-1050986.78	1755.207
-695101.87	-1011495.99	-694590.564	-1011296.896	553.655
-696066.6	-1032776.61	-697822.59	-1034061.34	2393.16
-789491.698	-1064086.379	-789555.135	-1064020.58	98.959
-741865.394	-1082445.309	-741925.422	-1082482.181	71.037
-793193.621	-1026561.355	-793865.509	-1026433.866	696.318
-724027.637	-1042840.928	-724041.077	-1042827.831	21.224
-877455.749	-1028168.893	-878239.65	-1027464.47	1109.996
-747762.892	-981878.26	-749690.597	-982185.135	2198.193
-738577.444	-1069075.136	-737068.94	-1070351.39	2535.994
-746312.16	-1007135.22	-746721.41	-1011678.92	4622.753
-826671.121	-1062964.062	-825240.835	-1064319.423	1986.094
-873603.06	-1012639.49	-873364.742	-1015038.539	2687.866
-671277.981	-1082418.007	-669541.76	-1081268.375	2631.791
-811732.45	-1017293.0	-812045.072	-1017091.715	391.989
-773400.23	-1067433.99	-773437.1	-1067513.94	88.704
-641294.357	-1074313.305	-639899.834	-1074605.061	1627.328
-797323.691	-1021577.978	-796743.252	-1021713.892	596.783
-770124.43	-1011939.43	-767781.46	-1012709.8	2523.868
-647871.59	-1018667.93	-647365.34	-1018527.4	525.443
-686522.06	-1059508.8	-686757.86	-1059493.77	244.495
-779155.01	-1043480.64	-779236.607	-1043685.413	222.056
-721831.82	-1032837.54	-721508.26	-1032421.66	527.084
-756211.766	-1042483.919	-756454.44	-1042130.3	508.883
-762929.756	-1028472.199	-763753.88	-1030032.14	1836.974
-640017.94	-1042964.66	-640061.58	-1043028.02	76.987
-681171.13	-1047426.99	-681292.92	-1047433.68	131.467
-802905.445	-1007319.834	-801982.816	-1007913.053	1243.728
-846905.631	-1029704.542	-846882.735	-1029706.228	22.958
-690663.34	-1082367.123	-688998.787	-1083121.351	2261.776
-746465.698	-1054244.406	-746181.747	-1054149.451	314.309
-667480.93	-1001337.08	-667991.59	-1000674.222	858.589
-713528.78	-1021332.54	-714635.81	-1020389.88	1466.239
-799508.079	-1070481.606	-801452.53	-1076304.46	7339.482
-672142.31	-1009768.45	-672077.19	-1011036.43	1270.936
-776731.11	-973928.64	-777324.325	-973961.95	595.673
-731600.967	-1056010.854	-732317.52	-1055113.43	1149.398
-798373.29	-1067537.04	-798400.967	-1067562.3	37.77
-672926.39	-1060561.43	-671795.61	-1060828.448	1194.264
-686096.57	-1010712.31	-686837.88	-1011094.67	935.532
-660174.35	-1015075.14	-660469.16	-1014999.53	381.423
-747554.85	-1019566.23	-747513.38	-1019535.13	60.006
-778354.93	-982840.37	-775046.211	-985303.495	4849.389
-833749.287	-1072545.879	-833658.629	-1072656.762	178.35
-752280.591	-1029233.34	-753336.78	-1029263.22	1525.103
-867153.465	-1001938.043	-866261.592	-1002064.318	933.813
-744510.13	-989935.9	-743303.43	-993703.84	4114.419
-674573.09	-1067736.05	-675690.37	-1067570.25	1212.312
-767494.606	-1023226.062	-767792.95	-1022765.24	560.414
-665783.24	-1039185.6	-665458.76	-1039205.67	333.322
-702366.34	-1031915.94	-698080.568	-1031875.656	4337.728
-734275.116	-1013785.963	-734280.716	-1013780.281	7.978
-766470.27	-1008040.88	-766886.432	-1009875.954	1901.431
-770293.832	-1060662.695	-771749.039	-1060604.088	1609.795
-746224.654	-1054171.412	-746181.747	-1054149.451	48.201
-764153.58	-1033532.2	-766746.83	-1036733.97	4469.419
-734772.38	-1029674.17	-734559.509	-1029374.867	372.222
-789516.43	-1027199.534	-789625.983	-1027260.753	137.731
-821079.97	-1071519.75	-821506.23	-1071709.92	466.789
-820001.306	-1026390.182	-820017.319	-1026392.266	17.11
-799809.037	-1047978.029	-800328.892	-1048892.208	1947.26
-881872.21	-1006938.51	-881891.08	-1006954.27	25.362
-840523.27	-1070522.25	-842572.97	-1071217.11	2198.126
-758407.752	-1021128.973	-755466.457	-1021017.746	3015.769
-665512.361	-1062368.242	-666069.34	-1063029.08	895.102
-779963.1	-991110.24	-779251.363	-993739.69	2879.807
-690092.367	-1088967.61	-690535.648	-1088628.29	583.24
-680697.38	-1050051.66	-682538.522	-1049193.512	2050.773
-708282.759	-1048488.32	-707704.35	-1049529.74	1240.55
-842860.55	-1002091.42	-842745.5	-1001935.625	216.75
-770981.026	-975646.851	-770178.782	-977825.038	2577.102
-772662.778	-1054864.906	-773026.593	-1055087.224	426.573
-767305.477	-1030413.63	-767289.523	-1030419.662	19.056
-799253.133	-1001546.675	-799331.67	-1001568.91	87.358
-699212.275	-1065647.246	-699360.43	-1065723.06	167.696
-647990.36	-1032865.77	-647475.185	-1033811.312	1077.425
-797546.47	-1028510.29	-797650.14	-1028584.26	127.713
-807132.5	-1007093.48	-808428.86	-1008377.375	1894.297
-724272.84	-1037388.347	-724223.542	-1037385.671	55.472
-688858.81	-1024493.81	-688841.052	-1024527.626	38.195
-788030.54	-1056044.58	-787825.85	-1055724.62	379.859
-726336.23	-981775.91	-726227.69	-981373.9	421.515
-655867.9	-1004824.949	-658239.03	-1005930.52	4496.958
-684220.492	-1066037.532	-683505.878	-1066498.52	1195.681
-770212.7	-1053784.19	-770317.013	-1053596.458	219.147
-750852.576	-1078422.336	-749654.164	-1078700.159	1241.394
-804182.309	-1060068.083	-804696.757	-1060212.003	538.242
-823918.42	-1076379.17	-824140.66	-1076361.08	223.148
-668682.99	-1092390.839	-669523.053	-1091902.984	1035.268
-744236.42	-1009120.34	-743839.09	-1008631.76	630.145
-869392.325	-1039644.254	-869760.72	-1037812.227	2013.228
-751637.21	-1006976.32	-751695.64	-1006990.75	65.867
-662781.884	-1058976.87	-662235.315	-1059060.07	563.538
-652542.747	-1062334.365	-652491.095	-1062328.171	52.022
-673359.17	-1017298.72	-673405.59	-1017255.57	63.382
-870341.59	-1018137.35	-870487.08	-1018234.17	174.767
-765168.47	-1037772.7	-765159.83	-1037765.08	11.949
-712344.92	-1015969.21	-712116.305	-1015732.558	363.501
-756190.559	-993844.372	-756162.76	-993334.08	525.278
-688732.547	-1058555.025	-688414.053	-1061323.311	3037.211
-719977.53	-1046601.324	-718828.8	-1045805.59	1575.701
-804600.045	-988821.064	-805089.981	-989045.638	545.409
-788332.757	-1064664.699	-788186.2	-1063310.5	1458.541
-865198.738	-1049418.508	-865314.314	-1050375.508	987.273
-797859.59	-1000584.11	-797658.008	-1000446.292	247.367
-715004.37	-1003747.86	-718256.376	-1004401.106	4774.13
-774109.779	-1027302.216	-773101.66	-1027226.3	1020.641
-750260.813	-981836.621	-750585.66	-982197.15	511.008
-801970.256	-1007936.59	-801945.574	-1007922.918	32.302
-824111.37	-1071479.55	-824063.43	-1071420.72	80.181
-794129.88	-1043579.34	-793187.171	-1043613.294	1012.749
-760624.075	-1040803.862	-762324.87	-1040520.03	1732.537
-646485.39	-1037826.33	-645656.76	-1038237.91	929.701
-763420.63	-977212.93	-763277.081	-977146.599	159.509
-764512.253	-997703.884	-764261.78	-997949.66	405.225
-722809.95	-1042514.67	-721714.93	-1045134.66	3009.84
-849524.125	-1064819.0	-850752.894	-1062275.087	3052.608
-795439.262	-985877.066	-795476.89	-985874.3	41.391
-842860.55	-1002091.42	-842868.84	-1002004.93	182.703
-650342.247	-1075757.499	-649422.742	-1074287.048	2143.295
-721288.14	-1056579.85	-722362.624	-1054556.009	2406.814
-844556.43	-1061431.761	-842337.405	-1060444.901	2564.953
-766800.29	-1037056.05	-766813.624	-1037065.826	19.869
-824863.93	-1052668.59	-826171.662	-1052692.013	1372.569
-872614.328	-1033223.347	-872116.886	-1034067.855	1057.682
-673757.12	-1065065.67	-674393.059	-1065501.458	848.792
-730570.9	-1042956.27	-730643.52	-1042110.79	851.306
-706560.61	-1015673.42	-705718.77	-1015755.28	899.574
-653883.8	-1046418.99	-653951.972	-1045922.459	501.198
-792414.944	-979502.006	-792360.12	-979425.55	94.225
-765648.759	-998992.338	-764261.78	-997949.66	2162.329
-814407.02	-1017451.0	-814761.761	-1017377.469	362.645
-707043.145	-1047369.448	-706674.3	-1047175.28	424.026
-748135.706	-1005360.224	-748140.66	-1005344.116	17.962
-850960.186	-1014908.947	-851461.777	-1014494.652	668.238
-755146.95	-1077081.38	-756345.75	-1076171.42	1590.764
-770275.01	-1015936.58	-771925.35	-1015431.21	1811.376
-759694.68	-976470.55	-759740.36	-976517.51	67.47
-805133.389	-994169.159	-805178.36	-994250.13	92.773
-739388.676	-1054246.035	-739416.634	-1054277.135	43.902
-762618.34	-1038545.51	-762593.868	-1038824.962	374.903
-696398.86	-986594.61	-699394.9	-986624.89	4073.365
-811681.231	-1065758.167	-811899.928	-1065506.872	339.016
-645724.47	-1074143.02	-644825.501	-1073404.509	1203.961
-771751.37	-1060150.6	-772417.03	-1059210.58	1182.768
-757841.8	-1039899.77	-757684.89	-1039998.96	204.455
-674994.31	-1013613.33	-674890.948	-1013709.212	149.575
-692398.188	-998321.563	-692363.09	-998251.16	79.516
-808233.0	-1071418.5	-808185.557	-1071296.55	180.299
-736067.29	-972759.2	-736741.105	-973060.952	943.015
-790474.46	-1026767.65	-790130.99	-1026365.77	538.89
-682496.19	-991621.711	-680625.78	-989592.65	2850.976
-670645.41	-1038343.34	-669365.819	-1036227.712	2613.453
-779096.91	-1060367.77	-778433.87	-1059119.98	1487.55
-776083.207	-1014759.946	-776106.906	-1014781.784	41.055
-775807.257	-1014701.919	-775826.218	-1014683.062	27.677
-718388.11	-1038712.794	-718121.73	-1038100.5	686.671
-783225.21	-1030316.79	-782560.95	-1028351.4	2081.823
-753698.5	-1066634.56	-751633.55	-1062340.88	7544.912
-736230.98	-988464.838	-736155.31	-987946.37	529.413
-790798.577	-1005026.94	-790785.313	-1005010.651	23.277
-853489.03	-1040574.85	-853619.73	-1041936.38	1486.839
-751326.36	-1045689.05	-751384.235	-1045613.361	116.931
-845737.637	-1059391.351	-844556.43	-1061431.761	2465.407
-802447.37	-998738.56	-799501.05	-1001491.58	4052.765
-740215.99	-1079494.81	-740102.41	-1080931.31	1498.621
-693003.18	-998300.05	-695477.027	-996993.808	4030.97
-822454.91	-1068924.56	-822399.257	-1068941.538	62.436
-707517.7	-1004096.04	-706091.96	-1004485.88	1734.902
-693680.59	-1025234.301	-695735.76	-1026015.665	2283.694
-691422.51	-993829.52	-690475.514	-993524.549	1010.14
-737180.56	-1036101.54	-737024.99	-1036287.62	242.562
-724863.773	-1053139.85	-724540.752	-1053298.081	367.341
-758253.4	-1040701.45	-758324.992	-1040666.032	79.888
-737963.03	-1057864.42	-739946.066	-1055665.419	3292.351
-740605.199	-1064951.861	-736546.792	-1065798.633	5135.817
-710981.52	-1050935.5	-710741.03	-1050352.91	675.81
-870422.68	-1018207.71	-870282.98	-1018113.91	168.296
-804404.726	-1013302.48	-804204.364	-1015322.504	2107.716
-726099.658	-1050785.485	-726152.344	-1051205.196	426.984
-787615.208	-989710.969	-787221.94	-989369.96	520.65
-729430.54	-1029841.99	-729616.5	-1031588.92	1936.1
-744514.179	-981522.01	-742481.38	-983608.42	3503.398
-690542.42	-1081541.74	-690676.192	-1082340.194	824.997
-641137.754	-1061523.742	-639949.802	-1059992.774	2048.91
-753959.685	-1045613.356	-754302.163	-1045692.465	352.088
-692204.04	-1051154.63	-692738.64	-1049095.92	2402.398
-681345.871	-1046738.944	-680779.96	-1046931.63	606.423
-641377.065	-1067248.964	-641021.02	-1067058.85	408.351
-723084.786	-984234.215	-723654.054	-987187.532	4284.096
-808223.64	-990949.31	-808515.85	-991162.91	362.752
-808859.77	-1004533.06	-809740.499	-1004240.265	959.876
-773231.093	-971897.078	-773213.54	-971852.23	52.672
-807739.25	-990341.35	-807705.007	-990364.568	51.55
-719803.459	-1057595.514	-719702.14	-1057265.64	350.48
-707018.55	-1039608.68	-702051.307	-1042737.632	7307.02
-781064.88	-989176.29	-780793.557	-989314.909	318.074
-698194.99	-1034920.52	-698369.796	-1034987.46	187.36
-876486.02	-1026238.44	-877381.09	-1026048.84	1185.825
-843694.07	-1002627.92	-843841.55	-1002700.27	173.606
-647990.36	-1032865.77	-649833.27	-1032576.94	2189.602
-766866.215	-1009933.771	-766842.694	-1009923.787	25.552
-808471.63	-991328.41	-808494.3	-991275.362	57.732
-750378.786	-1005549.152	-750401.242	-1005557.255	27.719
-708282.759	-1048488.32	-707915.843	-1046963.972	1738.278
-829963.059	-1073058.576	-830045.471	-1073007.368	97.04
-645518.759	-1042729.318	-645356.061	-1042741.654	163.493
-755855.912	-995499.119	-755872.151	-995485.295	28.081
-641514.71	-1041514.6	-641469.563	-1041469.75	63.913
-733405.4	-1042025.81	-733626.52	-1042062.24	232.337
-757493.817	-987386.907	-757267.007	-984599.297	3161.396
-754624.95	-1063256.073	-754010.53	-1061799.67	2063.017
-788881.111	-1025129.916	-788680.01	-1023327.75	2992.973
-888069.918	-1019912.142	-888038.029	-1019909.256	424.313
-748555.73	-1024956.416	-750627.619	-1025630.881	2370.791
-828518.24	-1067452.957	-829335.9	-1067212.49	859.779
-781276.156	-1065205.766	-778119.65	-1064849.13	3203.049
-775021.41	-1039047.45	-774306.54	-1039273.79	760.315
-661247.788	-1060001.457	-659255.092	-1065048.695	6297.607
-672318.158	-1012604.435	-672330.296	-1012608.536	13.943
-767457.178	-980747.749	-767418.563	-980775.831	48.211
-719918.3	-1084615.0	-719857.435	-1084645.331	68.466
-702807.89	-1029484.95	-703810.42	-1030188.63	1443.112
-799321.21	-1056571.07	-800013.98	-1055415.21	1374.801
-753144.283	-1019290.304	-754673.83	-1017453.87	2463.59
-647719.127	-1045908.413	-649047.638	-1047670.39	2304.986
-845567.78	-1007928.33	-845415.85	-1007787.98	208.041
-768950.04	-999418.05	-769027.74	-999452.77	85.11
-733675.105	-1015316.557	-733668.12	-1014744.36	759.642
-687244.819	-1009882.046	-685241.56	-1009201.33	2192.707
-718581.56	-1070656.91	-718061.147	-1070291.681	643.35
-640758.72	-1069107.283	-640988.613	-1069351.753	339.222
-846072.799	-1007934.831	-845567.78	-1007928.33	572.795
-752416.495	-974195.927	-752690.62	-972236.13	2485.014
-746954.522	-1004054.132	-745761.813	-1003659.195	1262.548
-657094.999	-1080603.56	-656815.057	-1081622.732	1435.541
-765408.141	-1051604.16	-765437.161	-1051460.769	146.325
-763794.948	-1040182.246	-765045.05	-1039464.7	1477.642
-768302.28	-971936.54	-767326.434	-971436.256	1099.602
-745720.029	-1042594.344	-745476.058	-1042442.099	327.441
-691533.43	-993770.01	-691937.46	-991755.66	2104.551
-707094.49	-1015993.99	-707107.89	-1015925.36	72.347
-759803.72	-1011182.22	-759906.448	-1010347.176	932.63
-701528.588	-1063540.191	-701312.21	-1063705.53	276.603
-824204.8	-1076334.16	-824257.03	-1076464.14	140.118
-642683.09	-1050436.76	-642841.85	-1047796.88	2669.358
-825313.57	-1029088.76	-823997.083	-1031074.688	2767.465
-711914.43	-1022050.9	-712005.61	-1022127.72	119.896
-755650.89	-1035456.56	-755763.53	-1034878.28	589.791
-730674.527	-1083621.898	-730629.2	-1084569.55	1011.121
-749772.962	-1049969.585	-749858.88	-1050156.31	210.5
-653274.017	-1030254.879	-653901.604	-1029503.98	983.01
-737772.44	-1057837.93	-737963.03	-1057864.42	192.426
-674924.1	-1006230.06	-675086.81	-1006293.2	174.544
-738992.52	-1040311.04	-739038.42	-1040337.81	53.136
-779744.871	-976486.266	-779575.13	-976375.19	202.864
-694069.151	-1040314.036	-694645.17	-1041725.22	1540.04
-780724.916	-1009557.171	-780880.66	-1009150.77	505.045
-758706.62	-1023700.47	-759251.08	-1022895.286	999.532
-685654.688	-993552.75	-685728.1	-993575.39	83.921
-716425.506	-1057311.845	-716319.893	-1056857.227	476.322
-815590.857	-1064630.056	-814776.967	-1064361.641	868.404
-718118.94	-1074538.02	-718929.37	-1073660.14	1649.475
-739945.128	-1048406.216	-740040.5	-1048642.14	255.567
-700915.204	-1010513.621	-700927.887	-1010529.799	20.571
-700390.17	-1053493.403	-697656.66	-1053658.25	2746.109
-754721.465	-1001870.286	-754768.421	-1001856.78	50.562
-737520.469	-1051085.235	-737591.776	-1051200.507	180.31
-760607.55	-1040804.24	-760624.075	-1040803.862	16.529
-644784.776	-1077825.179	-644522.792	-1078228.107	550.814
-696640.96	-1007359.589	-696411.51	-1007449.07	250.354
-752007.346	-1018911.755	-752215.179	-1018553.828	431.311
-714968.885	-1087407.117	-714682.82	-1088480.807	1141.253
-699196.5	-1055916.06	-696891.54	-1055061.82	2737.319
-659981.157	-1076134.679	-660136.76	-1076192.93	167.545
-827341.07	-1052243.08	-826325.4	-1047991.61	5436.251
-841357.154	-1010942.499	-840936.563	-1011852.615	1367.333
-762408.894	-993314.666	-761946.575	-995064.163	1825.544
-804924.075	-989096.845	-804806.243	-988967.024	176.913
-807312.372	-1038652.671	-804444.718	-1038920.636	3110.071
-830311.214	-1027135.661	-832044.399	-1029065.65	3538.466
-715285.172	-1080005.619	-715157.975	-1080069.009	142.796
-865198.738	-1049418.508	-863328.538	-1047075.128	3322.94
-735782.65	-994290.7	-734725.92	-994457.21	1125.887
-836817.298	-1056915.859	-836444.241	-1056307.197	831.328
-670530.658	-1016031.392	-670644.52	-1018055.48	2438.3
-719699.97	-1085550.72	-718775.66	-1088012.98	2867.732
-854712.44	-992471.85	-856245.965	-987780.178	5639.294
-770301.57	-1016164.93	-772145.95	-1016289.6	1872.312
-740011.94	-1011514.41	-737256.925	-1010320.687	3125.716
-770954.56	-1034522.777	-772761.907	-1033078.897	2446.833
-647774.02	-1059233.54	-647851.998	-1059211.296	86.913
-694960.38	-1087145.06	-695328.154	-1088322.168	1263.732
-717390.824	-1021655.853	-716438.38	-1022530.7	1398.388
-795395.58	-979342.28	-795520.8	-979030.66	336.813
-705112.095	-1015101.919	-705180.085	-1015148.305	82.306
-755611.131	-980195.085	-755006.918	-980759.374	969.856
-773690.064	-977974.951	-774246.13	-977816.71	603.829
-851348.499	-1041793.972	-851183.098	-1042206.542	488.507
-654583.356	-1070049.561	-651504.349	-1069456.071	3135.813
-794813.759	-986676.163	-794590.963	-986617.093	230.885
-725161.86	-1040315.19	-725158.78	-1040229.56	86.314
-720440.86	-1041212.08	-720286.94	-1041210.65	153.935
-760061.61	-1045933.24	-757484.4	-1046437.29	2764.174
-880059.211	-1017014.859	-878647.59	-1016413.42	1570.369
-762907.221	-1050623.978	-763495.498	-1050934.008	679.806
-876719.98	-1013377.32	-875933.168	-1013508.261	821.329
-671463.28	-1049185.36	-671453.484	-1048988.167	197.441
-714635.81	-1020389.88	-714747.487	-1020317.35	133.572
-767713.24	-1020395.35	-765908.844	-1020150.942	1858.047
-711375.94	-1044822.95	-708648.73	-1045259.4	2831.819
-732106.87	-1056824.41	-730981.14	-1056186.48	1348.258
-823835.5	-1076396.56	-823918.42	-1076379.17	84.755
-786817.24	-1009852.06	-786585.72	-1009820.43	234.387
-688505.13	-1051236.35	-688190.74	-1048705.98	2746.745
-667580.854	-1071084.734	-668606.725	-1072789.606	2216.169
-748363.74	-1010950.49	-749552.75	-1012219.86	1764.261
-748262.44	-1027946.56	-747395.28	-1027586.476	1038.691
-767241.0	-980439.39	-768069.06	-979492.87	1535.317
-671463.28	-1049185.36	-671544.788	-1049045.428	161.963
-754919.423	-988119.4	-755467.3	-987470.71	1015.432
-716837.48	-1002128.513	-717053.22	-1001828.61	391.068
-827341.07	-1052243.08	-829758.922	-1053034.519	2866.075
-649679.88	-1041503.66	-646889.99	-1040994.64	3056.05
-738576.608	-1060547.021	-738573.336	-1060565.649	22.949
-791121.12	-978514.74	-789064.31	-977443.98	2813.31
-757126.745	-1032268.154	-757108.177	-1032272.941	20.306
-780697.882	-1009437.239	-780546.517	-1009551.238	189.809
-777013.99	-1058699.76	-776622.26	-1058346.08	566.184
-727533.57	-983771.26	-726875.0	-983234.71	1138.804
-737315.04	-1057810.47	-737264.099	-1057893.862	112.557
-646526.173	-1066046.309	-646743.322	-1067779.455	1748.83
-659261.68	-1070362.596	-661168.88	-1070300.5	2170.549
-696891.54	-1055061.82	-695647.36	-1055686.91	1431.141
-728484.79	-1032303.11	-727095.671	-1031375.294	1682.163
-652396.83	-1062308.24	-652477.023	-1062427.322	146.705
-643595.338	-1039542.467	-642959.958	-1040436.707	1097.15
-763389.81	-992953.24	-763174.39	-993076.53	248.206
-702465.55	-1002891.55	-701337.4	-1003724.2	1431.827
-788537.62	-982462.36	-787525.92	-984347.2	2493.872
-887892.627	-1019817.324	-887947.324	-1019600.704	223.434
-832231.66	-993998.69	-830707.165	-996960.852	7239.347
-819489.537	-1076342.97	-819458.15	-1075912.13	433.793
-670651.509	-1021130.62	-670413.35	-1020801.35	408.504
-704198.73	-1030521.64	-702403.05	-1031934.43	2363.771
-665871.701	-1077467.464	-667325.808	-1078035.471	1968.111
-698265.972	-1089942.663	-697556.4	-1090392.389	2121.403
-723603.11	-1082662.2	-722190.11	-1085142.7	3949.927
-712883.468	-982937.197	-712877.22	-982763.524	174.538
-794692.01	-1067810.067	-795679.997	-1064193.145	3957.666
-743582.44	-1031752.64	-743887.93	-1031128.06	774.857
-817440.385	-987824.75	-816858.775	-987381.333	757.583
-807705.007	-990364.568	-808223.64	-990949.31	809.63
-690634.73	-1072849.38	-691293.59	-1075642.909	3242.02
-707342.596	-1067840.561	-708461.4	-1069518.07	2136.396
-867798.626	-1006764.106	-866511.434	-1007379.341	1492.41
-751454.25	-1041126.938	-751459.03	-1041048.354	81.978
-784290.356	-1026763.126	-784289.205	-1026790.087	31.183
-647873.143	-1067710.293	-646743.322	-1067779.455	1183.475
-693636.81	-1041161.74	-693060.92	-1042497.66	1558.159
-763759.72	-977173.79	-763420.63	-977212.93	341.88
-697634.39	-994570.19	-697255.32	-994348.55	462.777
-733168.314	-1025388.183	-731077.477	-1028160.791	3504.41
-688866.45	-1008086.58	-688749.65	-1008095.61	118.133
-819127.044	-1000624.817	-819205.852	-999912.507	791.977
-685505.55	-990812.11	-685410.226	-990766.144	106.165
-731035.755	-971957.39	-728957.97	-973977.14	3148.412
-767089.88	-999138.78	-766744.49	-996216.03	3220.899
-665793.867	-1091448.356	-668507.652	-1091797.497	3256.176
-773957.78	-995737.93	-774568.946	-994547.847	1477.214
-750481.898	-1003083.552	-750659.099	-1001857.843	1256.592
-682690.358	-1063043.568	-682321.453	-1062691.028	514.988
-772590.59	-1057139.05	-773187.92	-1058004.16	1401.474
-864222.74	-1014670.3	-859734.14	-1012932.79	4907.434
-759866.87	-972977.63	-759913.851	-973080.106	113.262
-783028.45	-1041392.85	-786090.39	-1037006.11	6166.501
-787483.154	-1061959.579	-786559.102	-1061340.464	1229.434
-717931.68	-1074774.45	-716930.02	-1074651.97	1063.002
-693340.93	-1061831.51	-692398.456	-1061029.368	1273.915
-789678.346	-1026737.209	-788881.111	-1025129.916	1874.658
-849530.54	-1064841.58	-853220.061	-1065083.953	3771.707
-664329.433	-1088720.01	-664519.478	-1089063.209	421.926
-869631.174	-1051272.688	-869901.092	-1051622.426	3910.894
-772546.91	-983665.96	-771549.54	-982560.38	1654.8
-858391.79	-1013161.04	-858884.703	-1014431.02	2050.78
-760736.63	-1031935.29	-759479.25	-1029428.5	3293.977
-760308.23	-1018604.28	-760277.5	-1018634.36	44.217
-820516.732	-995220.081	-819199.368	-993790.579	1946.503
-653706.307	-1024163.142	-653679.07	-1024120.953	53.098
-810780.18	-991970.74	-810621.584	-991824.357	217.622
-644022.3	-1053280.01	-642679.84	-1051189.81	2577.551
-723603.11	-1082662.2	-722459.94	-1083683.62	1543.993
-791734.12	-1047652.83	-792423.16	-1048951.2	2871.208
-760604.3	-1013328.54	-760421.48	-1012971.66	400.983
-709548.831	-1013318.313	-708340.625	-1014167.897	1582.732
-735366.12	-1027297.32	-734608.004	-1027176.601	843.089
-643250.92	-1066919.41	-643462.07	-1067914.49	1056.087
-751346.75	-1034441.65	-750079.66	-1033913.28	1447.496
-774310.46	-1006853.04	-774148.28	-1006863.95	163.101
-757615.04	-1039877.36	-757862.35	-1039890.22	247.795
-751460.039	-1074464.813	-752764.758	-1074806.328	1380.175
-814420.08	-988131.19	-810771.91	-991753.27	6386.463
-723930.764	-1047299.497	-724926.28	-1048904.58	2080.153
-885754.491	-1008784.033	-887146.313	-1006165.878	3277.876
-794620.463	-986556.358	-794666.078	-986619.372	95.842
-783554.64	-1066015.71	-783093.52	-1067530.6	1665.602
-723349.17	-1049053.61	-721590.121	-1050351.776	2374.079
-778531.494	-981681.515	-778659.197	-981267.035	468.234
-782726.78	-987641.643	-782154.75	-986473.19	1315.449
-774403.2	-1006979.17	-774310.46	-1006853.04	156.566
-806619.044	-1074946.343	-806521.31	-1073962.9	1011.358
-806521.31	-1073962.9	-806698.84	-1072860.548	1172.903
-671906.859	-1077655.554	-672222.536	-1078964.284	1462.72
-783000.21	-1044291.56	-782634.352	-1044538.258	759.165
-654133.383	-1067171.189	-652521.772	-1066017.858	2262.938
-822661.746	-1066512.685	-823878.304	-1066514.863	1244.546
-767291.194	-1078266.456	-770233.58	-1076648.03	3451.924
-783050.58	-1007080.54	-782979.14	-1007118.42	80.996
-732538.079	-1053884.384	-731145.825	-1053372.089	1503.134
-824002.89	-1011428.37	-823868.38	-1013022.22	1675.982
-772390.309	-1054712.423	-772662.778	-1054864.906	317.155
-643604.91	-1039469.98	-643648.62	-1039472.04	46.2
-648232.39	-1047796.96	-648522.29	-1048170.92	762.071
-806734.91	-996474.84	-806746.5	-996395.04	85.115
-724028.92	-1008873.53	-726485.95	-1007041.3	3879.045
-792197.43	-1041123.19	-792083.93	-1041155.31	118.528
-766981.251	-980976.408	-766953.473	-981111.047	137.524
-819205.852	-999912.507	-825231.354	-998609.884	6743.169
-753260.19	-1071639.32	-755344.83	-1071368.742	2310.83
-822782.768	-1008835.327	-823018.611	-1008315.888	663.785
-771941.93	-1037507.11	-769243.19	-1037394.21	2795.179
-858444.317	-995101.939	-854712.44	-992471.85	6364.061
-672598.24	-1032674.43	-673352.86	-1032759.32	765.012
-806963.57	-996427.91	-808251.99	-998862.84	2955.563
-766858.763	-1037423.041	-766803.76	-1037074.27	353.255
-646608.894	-1035148.209	-648327.05	-1036020.26	2035.629
-655124.918	-1068254.416	-654938.746	-1068629.13	494.747
-754682.0	-993568.33	-754101.289	-992495.668	1399.486
-655099.038	-1068726.923	-654997.148	-1068694.178	107.441
-702984.99	-1052881.869	-703340.707	-1054249.386	1436.863
-813460.061	-1065957.135	-813476.993	-1065953.547	19.324
-740173.965	-1056481.452	-740515.12	-1057578.56	1155.953
-765364.78	-1061948.48	-765269.55	-1061964.842	98.677
-674361.294	-1029465.061	-674110.887	-1028481.137	1025.55
-708112.032	-1070038.448	-707728.379	-1069934.999	400.776
-730879.83	-1042076.474	-730667.11	-1042312.4	342.559
-709135.278	-1086147.785	-708393.03	-1085245.969	1209.786
-675043.064	-1056723.951	-674365.546	-1057198.808	869.294
-825955.727	-1025691.804	-825528.77	-1025668.121	428.062
-870636.715	-999067.61	-869834.437	-1000438.862	1744.964
-753077.49	-1037346.2	-753162.621	-1037241.517	134.929
-747419.441	-1023887.103	-747426.456	-1023928.438	43.158
-848435.252	-1010297.065	-848437.289	-1010286.293	11.016
-752764.758	-1074806.328	-754115.375	-1075575.309	1592.637
-745978.025	-1022943.676	-745963.09	-1022964.21	40.565
-779063.45	-981850.24	-779860.566	-982997.266	1446.283
-748399.66	-995948.99	-749612.02	-998037.06	2582.594
-683505.878	-1066498.52	-683503.31	-1066511.71	15.499
-714240.58	-1040116.44	-713263.437	-1040260.418	987.701
-695749.54	-993803.93	-695962.77	-992333.25	1754.123
-725140.036	-993094.291	-726689.4	-990317.24	4361.292
-691342.203	-1067706.148	-693104.317	-1069194.366	2436.707
-751934.718	-1029089.783	-752280.591	-1029233.34	377.031
-775933.69	-1060078.05	-776890.3	-1059359.67	1315.859
-699888.738	-1058195.5	-699514.43	-1057402.52	880.581
-644812.162	-1073412.044	-644809.314	-1073394.96	20.917
-728099.7	-1079534.74	-727468.18	-1079410.892	949.832
-880052.498	-1008271.662	-880263.144	-1007673.309	649.889
-767759.585	-973602.723	-767742.987	-973600.962	20.712
-669326.41	-1035475.04	-668496.15	-1035373.03	836.695
-744416.779	-1083885.415	-745486.072	-1084388.131	1443.444
-721753.897	-1066602.22	-720087.37	-1066519.01	1854.376
-648868.92	-1019486.9	-647826.98	-1019477.46	1101.058
-701750.961	-1012322.66	-701746.877	-1012354.194	32.257
-776672.51	-998311.07	-775370.39	-996060.31	2736.564
-769951.24	-995580.14	-768014.7	-995202.91	1992.559
-711845.47	-1040741.69	-709967.89	-1041512.11	2034.539
-803529.555	-1076977.362	-802769.264	-1075821.103	1605.271
-813911.591	-1008172.417	-814810.843	-1006381.65	2049.271
-758629.38	-1022029.92	-758407.752	-1021128.973	951.803
-830984.252	-1065332.792	-830942.768	-1065061.502	285.001
-879867.594	-1020787.255	-879599.56	-1020720.76	276.165
-663771.536	-1036203.713	-661397.46	-1034322.3	3052.994
-852299.85	-1041099.68	-847974.88	-1040961.91	4667.054
-672915.76	-998637.81	-673848.98	-1000552.98	2617.75
-813911.591	-1008172.417	-812426.4	-1007250.22	1933.891
-684442.55	-1035071.69	-683386.861	-1034885.469	1097.342
-649468.97	-1031387.77	-649434.39	-1031417.11	45.35
-819639.065	-1007333.371	-819612.782	-1008068.581	744.074
-734206.583	-1013901.0	-734213.375	-1013919.354	22.823
-751923.796	-1006801.927	-754478.268	-1002091.131	5479.388
-819782.143	-1026288.38	-819904.908	-1026322.442	170.151
-717562.46	-1042859.42	-715924.94	-1042997.93	1733.01
-867829.675	-1006778.003	-867876.413	-1006927.398	156.923
-660445.077	-1038492.609	-661988.42	-1039509.63	1866.82
-651549.386	-1081039.563	-650877.756	-1080320.181	1484.9
-680325.31	-1045859.18	-680396.95	-1044919.04	1000.215
-752546.051	-985270.091	-751707.204	-986163.13	1374.193
-761089.62	-1070721.24	-761145.62	-1070568.14	176.605
-811576.772	-1017603.739	-811727.31	-1017339.867	309.474
-671006.791	-1021002.446	-670651.509	-1021130.62	379.199
-679630.205	-1067940.403	-679531.5	-1068030.357	133.546
-707402.253	-1032529.49	-707184.18	-1032446.4	241.48
-793199.2	-983181.61	-794092.3	-983129.35	934.458
-760426.849	-976146.255	-760266.0	-976457.688	356.902
-758309.8	-973475.47	-759866.87	-972977.63	1743.02
-818993.518	-1012754.21	-818528.084	-1013301.356	730.602
-842414.01	-1074804.08	-842432.549	-1074785.903	26.01
-867652.35	-1012406.82	-868652.32	-1010419.15	2338.365
-861324.758	-1008825.029	-867167.828	-1010925.707	6794.067
-753604.798	-1079033.113	-755146.95	-1077081.38	2765.94
-807147.564	-993035.497	-807117.77	-993057.31	40.002
-687445.825	-1055917.373	-687404.89	-1055806.78	118.157
-693799.008	-985409.631	-693459.63	-985440.32	346.166
-695525.86	-994939.15	-694805.3	-995371.38	1056.268
-760541.54	-1033838.85	-760610.829	-1033853.973	70.92
-822593.74	-1069482.0	-822489.045	-1069168.568	330.479
-715924.94	-1042997.93	-714383.3	-1043075.86	1553.876
-781214.734	-998287.394	-782549.33	-1000589.99	4573.321
-754572.88	-1035795.06	-754537.15	-1035708.28	105.33
-881703.433	-1022270.161	-881929.226	-1022103.728	280.956
-865651.653	-1048439.778	-865707.45	-1048533.08	109.705
-865278.305	-1015964.147	-865295.346	-1015968.513	18.912
-723899.63	-1050903.75	-724693.77	-1051072.26	909.736
-764017.237	-1024135.383	-763989.372	-1024143.273	47.548
-801952.175	-1007904.1	-801982.816	-1007913.053	37.835
-807965.166	-1072493.025	-810563.815	-1071887.514	2697.971
-754614.23	-1035771.28	-754607.34	-1035820.88	52.067
-870390.26	-1017949.34	-870454.8	-1018131.13	249.95
-759758.79	-1022562.13	-759709.546	-1022511.169	72.945
-647586.316	-1070406.09	-647612.939	-1070404.522	33.138
-731827.37	-1056765.91	-731447.732	-1056741.118	381.558
-839036.637	-1018937.763	-838839.6	-1019081.98	244.294
-666683.85	-1040351.24	-666295.02	-1041249.02	1018.762
-843305.65	-1042644.378	-839894.429	-1041506.852	4124.871
-724859.589	-1065156.77	-724831.883	-1065115.588	49.634
-749858.88	-1050156.31	-749465.23	-1050122.22	532.626
-857428.93	-1011866.86	-859309.08	-1012897.17	2267.981
-726355.674	-1029645.28	-725335.37	-1028213.23	2008.915
-749538.31	-1004515.68	-749522.02	-1004515.02	18.805
-676391.91	-1057186.82	-677014.127	-1057821.14	910.369
-850186.628	-1010641.007	-849094.251	-1010304.331	1248.929
-743760.77	-1021515.3	-743918.15	-1021441.07	174.187
-662680.682	-1092699.221	-663666.31	-1091817.99	1418.981
-672211.697	-1089679.49	-672313.35	-1089677.56	102.139
-859427.814	-1012787.461	-859427.308	-1012810.473	24.0
-752546.051	-985270.091	-751945.629	-984673.444	944.025
-736540.74	-982423.3	-736358.388	-982340.157	231.622
-653562.49	-1025997.17	-652893.41	-1026318.93	856.837
-709558.1	-1002063.35	-709955.586	-1000746.529	1675.852
-694237.635	-1076391.482	-693271.926	-1078184.103	2140.715
-819966.14	-1074245.14	-819889.406	-1074361.676	139.59
-852947.58	-1019297.82	-851033.045	-1018723.146	2118.177
-645139.2	-1049789.74	-645063.36	-1049850.29	100.959
-736792.043	-1038448.971	-736870.83	-1038210.02	251.871
-824035.26	-1075024.83	-823997.81	-1075021.58	37.602
-644849.066	-1047152.556	-645067.71	-1049645.3	2769.549
-733891.89	-1053407.48	-734005.02	-1053336.7	133.459
-681671.06	-1048041.65	-684041.7	-1045666.54	3851.025
-724027.637	-1042840.928	-722809.95	-1042514.67	1346.249
-806575.888	-983341.554	-809200.05	-983720.888	2931.269
-739314.48	-1033595.88	-739327.79	-1033613.66	22.212
-806580.366	-1062053.822	-810378.063	-1063157.418	5161.594
-757183.1	-1024611.37	-757514.647	-1024827.762	401.439
-770825.356	-973347.704	-771811.108	-972164.845	1736.082
-643357.52	-1044647.09	-643320.49	-1044829.44	189.496
-687631.02	-997626.25	-687699.089	-997235.854	411.863
-702741.319	-1085493.193	-703172.385	-1086097.618	755.781
-764786.263	-1013600.929	-765653.67	-1014483.26	1258.7
-790450.96	-1040318.98	-786380.289	-1040540.419	5302.913
-808214.44	-991501.83	-808259.75	-991522.18	58.846
-705211.72	-1044587.42	-696258.275	-1045456.41	9144.855
-720963.674	-1048017.921	-720519.25	-1047917.17	455.703
-757066.295	-1047375.812	-754788.525	-1047527.713	2321.329
-754526.906	-1063536.551	-754553.75	-1063526.759	31.952
-814637.5	-1069897.604	-816445.5	-1069377.05	1903.123
-699360.43	-1065723.06	-700778.29	-1064917.129	1684.343
-824368.015	-1061111.425	-822648.96	-1061866.51	2125.549
-826510.959	-1068335.296	-826615.211	-1068384.514	132.975
-651643.82	-1029548.21	-651631.14	-1029572.69	27.57
-737670.268	-1057743.61	-737638.44	-1057658.8	90.595
-737082.62	-1070361.22	-737072.78	-1070373.015	16.997
-647779.42	-1029670.83	-648741.2	-1030486.44	1273.735
-797165.7	-1009648.94	-796721.698	-1010100.98	671.359
-800071.814	-1017257.071	-798438.051	-1017768.105	1924.186
-700927.887	-1010529.799	-700934.131	-1010553.257	24.409
-827434.463	-1067893.731	-827430.283	-1067909.972	18.657
-736864.95	-1038384.1	-736753.35	-1038293.37	143.835
-692009.2	-1062034.14	-691323.86	-1061107.66	1198.974
-672280.13	-1014291.26	-672363.2	-1014434.51	170.149
-765364.78	-1061948.48	-768031.975	-1063196.66	3185.01
-790420.8	-1064175.72	-789753.24	-1064120.66	669.829
-793545.34	-994549.28	-792713.08	-994913.79	940.213
-680494.767	-1082143.702	-680353.748	-1082497.976	382.356
-856113.355	-1049196.757	-855628.204	-1046629.092	3542.223
-754869.91	-1046408.2	-754294.301	-1046395.686	579.944
-728526.364	-1028355.445	-728934.364	-1028196.229	451.059
-678268.824	-1069099.803	-678155.87	-1069138.538	119.468
-671318.326	-1013380.851	-671323.556	-1013361.815	23.99
-782077.75	-996422.43	-781895.681	-996105.509	365.572
-671566.691	-1083348.848	-671554.314	-1083339.587	16.557
-802745.655	-986906.4	-802860.579	-986687.947	257.149
-699709.298	-995267.078	-700163.24	-992871.868	2797.125
-815742.213	-1031522.353	-815759.271	-1031571.235	51.784
-747166.779	-980982.656	-747271.72	-979891.65	1151.909
-826561.251	-1068451.761	-826644.106	-1068543.16	123.364
-719510.87	-1030611.7	-719412.41	-1030662.08	138.46
-859299.634	-1026141.144	-858523.894	-1030182.818	6014.877
-750072.79	-1003929.06	-750481.898	-1003083.552	954.676
-864262.65	-1014830.74	-864222.74	-1014670.3	176.05
-765949.302	-1076303.012	-767291.194	-1078266.456	2435.013
-751727.92	-1056190.59	-753610.332	-1055794.016	2198.194
-701640.85	-1074568.41	-700570.04	-1072108.74	2868.698
-721975.74	-1041876.18	-722238.804	-1041749.558	319.61
-739501.61	-1047742.46	-739945.128	-1048406.216	877.985
-825354.441	-1028443.432	-824144.735	-1027704.958	1486.925
-801061.994	-1032382.651	-801002.08	-1032379.022	61.519
-788872.45	-997502.602	-786800.7	-996166.2	2607.601
-759622.695	-990240.968	-760349.589	-988703.119	2100.462
-770316.988	-1004126.594	-769163.84	-1004787.03	1356.653
-790053.6	-1059337.48	-789741.53	-1059082.31	434.61
-647429.71	-1088888.66	-646543.902	-1089958.564	1405.362
-747308.843	-1023989.877	-747325.9	-1023919.35	73.358
-850522.97	-1010785.18	-850636.859	-1010801.445	115.29
-648191.705	-1058473.464	-648187.866	-1058462.408	11.936
-817356.22	-1070566.11	-820611.661	-1069858.811	3336.182
-768977.65	-1052734.135	-769039.66	-1051459.32	1290.884
-867402.458	-1014608.839	-867418.721	-1014610.622	17.344
-753232.18	-1024998.24	-753113.08	-1024805.07	243.319
-715869.92	-1040181.649	-715820.768	-1040249.342	83.656
-700932.587	-1010576.171	-700850.258	-1010619.439	104.342
-808198.273	-1023759.267	-810296.354	-1022428.423	2635.411
-654712.715	-1081639.75	-655884.993	-1080168.593	2342.087
-728376.395	-1025974.213	-726689.83	-1026631.446	1832.29
-684449.59	-994630.45	-684413.066	-994587.854	60.226
-643529.68	-1045810.428	-643596.482	-1045856.711	97.079
-658823.63	-1023364.03	-658083.92	-1023719.36	833.317
-681422.653	-988462.031	-681372.749	-988479.947	3933.53
-692416.863	-1004296.387	-687763.22	-1003297.52	6982.09
-788144.83	-990291.65	-788208.64	-990498.09	309.7
-795911.538	-985983.896	-796123.47	-986051.64	222.499
-714650.501	-1080175.546	-714682.82	-1088480.807	12586.79
-816882.103	-1069528.576	-816868.164	-1069518.245	18.991
-753494.85	-1045784.36	-753877.31	-1045785.8	383.039
-858726.45	-1014810.57	-858884.703	-1014431.02	789.993
-743735.74	-1058144.17	-744980.439	-1059935.492	2284.122
-692473.116	-988864.773	-693459.63	-985440.32	5568.274
-733414.453	-1025012.115	-733168.314	-1025388.183	452.91
-749809.887	-1025988.112	-749595.87	-1025442.64	618.993
-759193.81	-1068765.22	-759070.16	-1068771.63	128.479
-656284.52	-1048566.54	-656033.2	-1048570.81	251.371
-724988.93	-1064518.87	-724827.534	-1065091.835	614.877
-798303.21	-1066951.14	-798652.692	-1067077.747	372.594
-876455.253	-1021280.48	-877286.626	-1021488.591	1126.373
-646565.498	-1077448.371	-650579.818	-1078621.567	4874.119
-821804.609	-1066679.277	-822804.131	-1068212.539	1842.858
-641716.414	-1058532.561	-644980.185	-1057370.44	3758.37
-645916.971	-1042711.207	-645715.132	-1042716.114	201.95
-750617.781	-1076624.699	-750680.81	-1076644.15	67.97
-770572.788	-1067179.634	-770780.87	-1067266.864	226.54
-748818.637	-1072539.24	-745947.38	-1072309.386	3957.65
-772848.17	-1031515.65	-772848.964	-1031590.826	82.111
-813415.85	-1046633.6	-814934.646	-1044042.706	3757.71
-725737.899	-1069763.208	-726383.719	-1070435.076	945.927
-696275.836	-1045441.325	-696490.038	-1045413.991	215.939
-791820.142	-1069886.402	-791846.26	-1069890.07	26.374
-721027.22	-979132.25	-722790.83	-979017.63	1769.11
-744913.19	-983035.98	-744769.542	-981619.002	1560.846
-783380.611	-977760.113	-783751.065	-977170.142	709.481
-744763.263	-988713.681	-744593.67	-987634.7	1162.277
-863328.538	-1047075.128	-863236.64	-1047067.888	92.281
-791785.451	-976203.762	-792547.07	-975695.2	1079.432
-697177.04	-1038976.56	-694645.17	-1041725.22	3955.671
-719964.66	-1084640.61	-719857.435	-1084645.331	107.442
-707604.21	-1003401.36	-706247.82	-1004012.78	1550.854
-690215.99	-997210.744	-689716.953	-997008.588	546.875
-778371.176	-1058882.796	-778474.61	-1058840.4	132.605
-756668.73	-1074707.95	-756448.302	-1074838.025	301.959
-803797.57	-976894.27	-803730.46	-976981.38	110.514
-763413.28	-977112.81	-763420.63	-977212.93	100.809
-887135.399	-1006153.178	-887150.256	-1006146.517	18.715
-674205.56	-1052947.414	-672648.861	-1053832.57	2064.756
-647716.73	-1054208.63	-647483.293	-1054008.443	307.755
-723448.35	-1020482.63	-721976.127	-1020248.353	1640.341
-737780.89	-1073920.26	-735886.71	-1072198.31	2807.529
-734124.18	-979885.81	-734081.86	-980868.34	1233.509
-660469.16	-1014999.53	-662744.92	-1014180.03	2505.648
-757974.56	-1037895.78	-757211.063	-1037791.513	787.962
-644825.53	-1028849.56	-645341.34	-1028549.0	674.564
-854983.08	-1011413.61	-854513.56	-1011452.89	471.162
-810563.815	-1071887.514	-812729.78	-1071436.13	2216.396
-648184.802	-1063849.961	-648216.898	-1064150.17	302.783
-811899.928	-1065506.872	-811942.127	-1065484.031	49.248
-749223.77	-1044290.27	-749242.33	-1044511.21	221.72
-830129.382	-1072797.519	-833504.385	-1072510.084	3435.114
-776749.33	-1034354.42	-776737.471	-1034379.852	29.611
-704786.109	-1015222.899	-704510.52	-1016457.09	1265.019
-674920.11	-1092527.843	-676956.373	-1091523.562	2385.711
-793250.807	-1004363.66	-794127.69	-1003786.15	1132.576
-661634.62	-1045289.7	-661522.78	-1043425.9	2126.502
-644784.776	-1077825.179	-645766.812	-1077440.453	1108.262
-730687.99	-1081563.35	-729869.164	-1082071.118	973.461
-813422.626	-1072143.35	-813337.29	-1072126.97	119.464
-765437.161	-1051460.769	-765461.77	-1051464.79	24.965
-741631.52	-1043058.113	-741854.177	-1043506.321	509.628
-763664.655	-1024288.954	-762082.323	-1026352.017	4121.214
-749711.46	-1078290.19	-749654.164	-1078700.159	491.381
-662439.277	-1040682.025	-662108.94	-1040513.93	372.095
-659849.537	-1068544.077	-659779.64	-1068592.09	85.603
-653646.188	-1055821.75	-653638.25	-1055805.75	19.411
-649297.606	-1061776.981	-649281.836	-1061781.562	17.164
-739048.14	-1033896.2	-738971.93	-1033494.27	432.108
-673775.041	-1076370.682	-670828.26	-1074758.31	3505.987
-678264.47	-1069167.266	-678155.87	-1069138.538	148.789
-681028.93	-1044054.66	-681943.75	-1042758.76	1622.915
-702192.06	-1009742.2	-702190.758	-1009785.457	47.616
-810659.26	-991757.7	-810632.11	-991820.38	77.466
-720526.708	-1056117.042	-721288.14	-1056579.85	899.21
-789608.58	-989239.3	-789725.259	-989204.734	122.932
-780485.3	-1040977.06	-781893.581	-1037032.955	4582.649
-671939.704	-1014790.747	-672062.917	-1014726.53	139.055
-706198.54	-1077282.85	-703733.09	-1077097.09	2513.164
-656675.335	-1070374.031	-659661.553	-1072015.61	3633.297
-795911.538	-985983.896	-796422.959	-985391.49	818.257
-683930.899	-991603.792	-683717.457	-992989.128	1411.478
-796209.77	-1049662.93	-799554.59	-1047903.381	4944.197
-801941.445	-1036474.226	-799508.992	-1038479.43	3605.77
-735262.793	-1013251.225	-734527.133	-1012633.693	964.315
-765632.14	-1074898.32	-760301.72	-1080143.79	8259.263
-779572.42	-972133.54	-778935.19	-972928.14	1416.788
-675017.86	-1015823.96	-676105.99	-1015473.53	1159.151
-806887.597	-1006244.926	-806442.499	-1004396.774	2001.608
-683869.808	-1062039.393	-683574.671	-1062240.606	358.203
-807466.389	-988021.288	-810032.78	-985827.55	3782.831
-805178.36	-994250.13	-805259.48	-994166.93	119.573
-661168.88	-1070300.5	-663828.882	-1070724.962	2881.88
-814347.41	-1017477.37	-814382.515	-1017417.118	69.741
-831841.063	-1024543.551	-832703.871	-1023951.265	1226.861
-736800.71	-1037745.99	-736852.14	-1038334.68	670.951
-671291.953	-1086947.758	-669926.958	-1088201.107	1898.782
-790915.02	-987974.67	-791001.246	-987901.667	113.262
-789012.52	-981479.23	-791844.85	-976260.45	6674.366
-651869.399	-1086573.583	-650914.341	-1085126.981	1945.58
-645584.93	-1076519.18	-645504.97	-1076863.933	358.698
-643930.173	-1040600.159	-643645.52	-1039548.34	1097.713
-799316.887	-1001589.365	-794405.95	-1003945.91	5447.747
-786897.49	-989063.07	-787090.31	-989195.54	234.01
-816772.625	-1014524.25	-816829.91	-1014519.23	57.743
-799507.399	-1038462.251	-798662.382	-1037329.219	1599.683
-726878.932	-1054903.12	-726849.801	-1054952.963	57.733
-857589.02	-1066880.62	-857397.986	-1066928.189	202.405
-849253.783	-1056172.622	-850974.94	-1059171.953	3618.835
-797880.15	-1001128.93	-797518.83	-1000895.41	435.793
-797771.687	-1028655.188	-799304.901	-1029049.172	1658.55
-728996.04	-1005550.439	-728146.12	-1003625.21	2958.398
-681171.13	-1047426.99	-680982.82	-1047338.25	223.604
-653736.225	-1007576.657	-653479.75	-1007565.245	1709.146
-684797.95	-1052891.12	-683702.25	-1051214.375	2027.386
-702651.98	-1032100.78	-702403.05	-1031934.43	299.913
-671933.94	-1047172.02	-672345.041	-1046919.799	486.936
-752512.984	-999850.382	-752823.9	-997573.587	2464.216
-792961.46	-1003326.84	-792631.3	-1002145.56	1229.788
-796895.697	-1025195.084	-797220.522	-1023550.419	1821.993
-827985.641	-1076715.365	-826752.787	-1076844.644	5370.764
-825699.63	-1025635.04	-825930.867	-1025606.763	232.96
-731057.466	-1050887.188	-732459.994	-1052408.904	2261.366
-649833.48	-1037909.58	-650261.77	-1038595.22	819.156
-876205.29	-1021469.48	-876018.18	-1021451.31	188.029
-711170.12	-1025870.9	-711034.162	-1025892.359	142.897
-731552.55	-1042108.1	-733198.76	-1042119.31	1665.807
-802539.96	-998661.72	-802447.37	-998738.56	120.322
-848704.334	-1010274.69	-848599.913	-1010322.541	115.117
-806619.044	-1074946.343	-804289.254	-1076350.861	2747.056
-725971.83	-1049155.86	-726099.658	-1050785.485	1656.434
-842937.02	-1002015.9	-843694.07	-1002627.92	995.252
-677552.53	-1071411.69	-678978.25	-1073020.88	2173.212
-731655.538	-981365.218	-731701.37	-980759.98	647.729
-778007.904	-971981.198	-777996.791	-971965.323	21.678
-727941.64	-1071846.7	-727909.11	-1071900.0	70.151
-725670.665	-1042432.966	-722478.95	-1041861.96	3288.765
-764235.842	-1073549.113	-763648.17	-1073885.23	690.315
-700476.8	-1041432.14	-698699.67	-1041724.0	1868.893
-702741.319	-1085493.193	-704097.718	-1083231.961	3976.647
-751554.189	-1045703.322	-751400.001	-1045798.738	186.666
-666097.53	-999186.01	-662771.157	-997468.035	4668.788
-768841.781	-1052658.302	-768792.382	-1052767.449	121.457
-680358.135	-1067527.878	-680256.859	-1067463.219	125.0
-805933.271	-1023474.187	-805457.62	-1024430.37	1172.027
-718430.87	-1007597.36	-718889.95	-1006082.01	1648.345
-799554.59	-1047903.381	-800110.031	-1046514.29	1547.418
-844371.505	-1015266.524	-844514.39	-1014430.18	1095.915
-640071.145	-1093682.786	-639953.72	-1096432.7	5847.806
-786222.78	-992025.7	-785761.21	-993341.67	1423.715
-690803.052	-1065148.176	-689186.527	-1065944.914	1826.863
-675849.46	-1054214.26	-675509.289	-1054207.776	342.844
-809621.157	-1053842.133	-807534.432	-1051274.618	5217.748
-848307.95	-1035856.97	-852011.72	-1033267.21	5057.377
-814347.41	-1017477.37	-814407.02	-1017451.0	65.829
-771084.724	-991785.444	-773776.733	-991481.284	3188.908
-750081.461	-1003938.849	-750065.549	-1003945.026	21.626
-731693.313	-1055903.791	-731146.852	-1056802.67	1052.312
-795034.18	-1026868.87	-793785.09	-1027214.36	1401.859
-791606.75	-1071129.55	-789693.45	-1072501.06	2582.185
-698162.83	-1068427.65	-699676.871	-1068145.172	1585.049
-683952.742	-995065.316	-683938.509	-995086.879	28.81
-642899.386	-1019705.743	-643393.56	-1020051.71	2524.184
-792653.91	-1061556.1	-792658.885	-1061574.541	21.537
-644574.533	-1038186.069	-644626.078	-1038208.679	56.764
-785328.31	-998693.36	-783557.32	-996606.88	3417.635
-820420.533	-1067697.474	-820444.415	-1067699.879	28.033
-758378.72	-1020350.72	-760586.316	-1021465.402	2528.826
-681215.231	-994266.449	-680919.45	-994669.96	605.357
-652463.463	-1051558.487	-650579.291	-1050632.471	2292.188
-739416.634	-1054277.135	-739410.736	-1054307.586	31.707
-736889.42	-1038378.58	-736852.14	-1038334.68	234.851
-747426.456	-1023928.438	-747453.951	-1024023.395	101.253
-869846.944	-1037645.178	-869916.774	-1037512.068	163.441
-661588.134	-1088912.91	-659784.206	-1089373.746	1949.226
-758192.223	-1015753.97	-758024.852	-1015905.63	226.047
-814421.534	-1067757.618	-816445.5	-1069377.05	2725.334
-760870.94	-1070667.92	-761145.62	-1070568.14	304.691
-814570.55	-1070242.4	-815143.711	-1070873.278	893.772
-740810.27	-1040213.68	-740689.13	-1040290.43	335.21
-663474.28	-1004383.935	-663440.572	-1005056.297	683.122
-733371.256	-1053884.618	-734123.51	-1053289.092	965.296
-791116.66	-978532.24	-791121.12	-978514.74	18.868
-835429.046	-1033696.089	-835436.002	-1033713.723	19.144
-691216.627	-1081881.763	-690542.42	-1081541.74	776.634
-696105.69	-1068556.318	-694413.003	-1068650.807	1745.564
-771738.96	-1017773.69	-771829.2	-1017624.27	192.049
-655855.307	-1048416.028	-655865.063	-1048396.514	23.48
-701201.77	-1010349.33	-701224.85	-1010374.38	35.774
-730830.32	-1057375.1	-730648.73	-1057654.01	334.206
-653423.62	-1030555.827	-651050.31	-1030179.44	2644.096
-746092.389	-1053933.229	-746257.484	-1053880.571	182.887
-807380.946	-992320.317	-807283.22	-992058.13	283.829
-723405.57	-1036180.08	-721916.777	-1032975.383	4009.406
-644185.343	-1059721.922	-644165.523	-1059726.601	22.545
-710947.59	-1066487.36	-711393.28	-1065750.8	888.688
-700435.97	-1061059.08	-699743.556	-1060255.837	1063.197
-710966.346	-1033701.742	-707402.253	-1032529.49	4509.512
-809398.86	-994191.22	-809415.74	-994203.69	22.938
-699225.47	-1045795.5	-699220.65	-1048191.68	2543.904
-644160.599	-1059706.294	-642136.07	-1059290.71	2116.419
-755911.515	-991018.509	-755901.06	-991045.05	47.154
-753928.13	-1020771.05	-753404.14	-1020020.39	1029.728
-803996.26	-1040348.68	-804444.718	-1038920.636	1560.755
-669092.05	-1031725.74	-670654.23	-1032880.939	2297.079
-866784.561	-1055673.503	-867510.561	-1055794.65	2793.86
-785820.327	-976749.551	-785739.323	-976850.146	129.502
-672153.087	-1080418.844	-674252.069	-1080977.408	2320.093
-741819.671	-981309.368	-741428.63	-982599.37	1454.297
-652790.576	-1028728.644	-652693.444	-1028466.555	279.856
-656255.699	-1070045.007	-655425.148	-1070143.698	859.946
-745063.567	-1074560.029	-745927.28	-1073305.393	1797.903
-673859.18	-1036991.5	-673108.98	-1036819.32	770.939
-725803.749	-1022124.234	-724158.64	-1023620.51	2299.635
-648082.94	-1047685.46	-648232.39	-1047796.96	186.471
-824063.43	-1071420.72	-824204.87	-1071403.23	223.842
-672313.263	-1012618.788	-672318.158	-1012604.435	17.217
-796544.06	-1010161.76	-794217.912	-1010748.602	2440.114
-657020.478	-1062950.696	-657019.754	-1063024.574	75.428
-666647.94	-1075281.28	-665351.65	-1074709.53	1562.047
-655042.068	-1068759.884	-654997.148	-1068694.178	79.829
-764193.53	-1038106.57	-765159.83	-1037765.08	1027.927
-640620.79	-1072163.79	-639894.453	-1072425.339	983.363
-671554.314	-1083339.587	-671563.613	-1083323.763	20.388
-852965.23	-1010593.78	-852913.01	-1010654.81	102.144
-857071.95	-1039267.52	-859240.91	-1037850.75	2696.184
-737221.62	-1036028.747	-737239.85	-1035895.127	134.863
-822202.31	-1044290.08	-823928.655	-1044099.604	1797.948
-752384.46	-1048708.75	-749772.962	-1049969.585	3035.234
-696426.87	-1001006.06	-696337.563	-1001026.313	98.403
-779548.5	-1080217.57	-779507.38	-1077682.8	3061.354
-661756.959	-1046881.545	-661491.52	-1046295.0	894.827
-682385.97	-1008835.85	-681451.6	-1009391.922	1088.308
-692470.7	-1037425.66	-691664.96	-1036227.03	1558.546
-775370.39	-996060.31	-774774.294	-996211.913	639.128
-749015.514	-1045769.626	-749050.16	-1045813.65	56.336
-753645.24	-1045631.4	-753550.831	-1045351.972	295.373
-716328.6	-1083401.67	-714968.885	-1087407.117	5107.245
-646418.13	-1041526.08	-646202.371	-1042722.936	1240.767
-824671.62	-1061033.041	-824368.015	-1061111.425	353.632
-670190.15	-1047706.29	-670142.063	-1047849.688	173.061
-783625.48	-1009898.28	-782050.48	-1009785.59	1583.523
-671159.25	-1047519.8	-681176.14	-1047284.84	10394.195
-682351.386	-994485.127	-682345.069	-994468.994	18.517
-721999.135	-1032679.218	-723872.477	-1031530.568	2350.888
-645191.576	-1049993.142	-644804.59	-1049444.13	672.806
-835338.541	-986249.51	-834368.509	-984071.789	2516.165
-794952.821	-986527.764	-794920.703	-986688.056	177.037
-763419.86	-977081.8	-763429.67	-977100.61	22.824
-733530.165	-1061873.5	-731273.19	-1062928.24	2586.406
-755013.192	-1017324.232	-755209.1	-1019163.62	1889.491
-765065.607	-974746.125	-766131.31	-972965.24	2144.545
-845167.583	-1031769.793	-845238.05	-1031751.382	82.318
-812576.94	-1013960.82	-814418.061	-1013904.695	1865.679
-713219.871	-1058449.529	-712627.804	-1058483.095	593.614
-699855.57	-1001220.21	-699781.376	-1001286.294	99.384
-798710.683	-1005533.253	-796978.76	-1006899.82	2830.019
-652045.78	-1024674.21	-652074.08	-1024611.04	69.519
-647880.34	-1067696.773	-647896.691	-1067703.176	19.445
-814382.515	-1017417.118	-814418.061	-1013904.695	3672.975
-755281.611	-1046316.443	-757098.591	-1047047.502	1971.203
-818651.724	-1074636.177	-818899.688	-1074846.176	325.92
-813911.591	-1008172.417	-817626.397	-1008079.578	3868.526
-684456.271	-1065830.333	-684409.04	-1065821.75	48.005
-814762.766	-1060740.963	-816333.79	-1059270.97	2398.316
-746787.335	-1017309.584	-746806.121	-1017300.037	22.797
-759314.01	-984887.872	-757493.817	-987386.907	3190.733
-753465.94	-1060133.48	-753931.96	-1059191.81	1237.384
-719549.768	-1051776.667	-717724.11	-1053686.03	3438.715
-642344.92	-1030653.09	-644298.13	-1030761.77	2005.489
-794437.34	-1003918.24	-794445.41	-1003817.64	117.506
-853122.407	-1044067.769	-852564.625	-1046612.94	2695.688
-810563.815	-1071887.514	-809201.691	-1069386.297	3907.886
-771084.724	-991785.444	-769238.54	-993296.93	2604.298
-744453.21	-1047760.88	-744348.287	-1047616.458	178.527
-690242.41	-995107.0	-690238.75	-995190.78	84.938
-684470.02	-993800.9	-684737.03	-993826.28	302.552
-662912.41	-1058845.404	-662884.858	-1058858.485	47.085
-826335.15	-1037293.3	-826470.563	-1036756.862	609.809
-791814.44	-1039505.59	-792197.43	-1041123.19	1681.584
-758239.87	-1016193.82	-758024.852	-1015905.63	366.377
-652523.86	-1048050.08	-652296.28	-1047526.95	596.508
-650579.291	-1050632.471	-650028.63	-1050827.27	648.65
-752258.777	-1068963.017	-753260.19	-1071639.32	3940.433
-802784.597	-977214.719	-802773.366	-977149.587	66.161
-751284.64	-1060098.92	-748421.62	-1058141.72	3516.543
-799384.86	-1001553.15	-799316.887	-1001589.365	77.02
-648387.31	-1036026.6	-648327.05	-1036020.26	61.626
-700310.18	-1005653.43	-699617.042	-1004972.588	999.551
-782808.7	-996219.12	-781964.57	-995922.06	904.644
-763664.0	-1062929.15	-763618.94	-1061358.01	1632.912
-702528.88	-1011405.28	-702956.97	-1010907.46	823.28
-753447.75	-1041691.59	-753637.4	-1041749.46	211.839
-740126.039	-1055086.99	-739410.736	-1054307.586	1109.224
-821882.09	-997704.088	-821921.948	-997679.521	46.917
-679414.3	-1041652.05	-678925.5	-1039515.25	2231.991
-876236.391	-1021602.8	-876254.449	-1021586.131	28.398
-850345.49	-1010731.944	-850186.628	-1010641.007	185.198
-726774.909	-1054699.946	-727026.639	-1054719.235	288.519
-878042.415	-1004389.221	-878105.048	-1004383.171	62.934
-703392.676	-1059769.677	-704514.881	-1058537.38	1843.799
-645504.97	-1076863.933	-644784.776	-1077825.179	1300.756
-756570.584	-990579.448	-756970.51	-990925.64	619.97
-761156.009	-1019960.611	-763026.768	-1018099.673	2725.455
-806831.71	-989712.44	-805580.55	-989185.89	1358.425
-733914.475	-1053317.791	-733688.643	-1053306.73	233.214
-849249.794	-1028945.888	-846905.631	-1029704.542	2469.764
-725420.66	-1041660.07	-724451.812	-1041571.23	972.918
-730877.41	-1045434.47	-730832.41	-1045592.97	185.89
-797022.73	-1056600.4	-796390.94	-1055155.03	1785.006
-734314.75	-1081506.11	-734896.444	-1079592.009	2419.636
-825515.288	-1016140.978	-825532.634	-1016158.117	25.51
-867847.716	-1017285.814	-867749.501	-1015704.146	1683.652
-665519.497	-1072390.694	-664678.424	-1072311.945	1075.354
-656862.505	-1068150.743	-656412.571	-1067887.071	531.224
-753931.96	-1059191.81	-752290.473	-1058671.187	1739.487
-795628.1	-978832.44	-798811.12	-974392.15	9488.916
-855628.204	-1046629.092	-855694.41	-1046247.65	398.94
-826497.19	-1025484.38	-826769.633	-1025440.266	277.166
-730247.242	-979495.286	-731127.29	-980749.41	1759.249
-867902.159	-1006942.079	-867908.926	-1006939.719	7.167
-748422.511	-1078422.559	-743757.419	-1079304.479	5419.204
-792375.04	-979389.02	-792606.16	-979568.23	323.813
-772761.907	-1033078.897	-774158.39	-1032853.55	1415.52
-691323.86	-1061107.66	-689296.152	-1058690.826	3554.864
-773101.66	-1027226.3	-772978.669	-1026497.713	741.82
-686986.884	-1071591.448	-686826.375	-1070694.396	923.419
-846960.039	-990774.059	-849690.309	-985269.413	8844.302
-776509.75	-975546.23	-776578.17	-975595.74	84.523
-870289.426	-1000815.521	-869834.437	-1000438.862	600.008
-723719.755	-987123.519	-723759.896	-987216.172	116.89
-789574.11	-1063961.26	-789839.955	-1064168.588	347.361
-825972.997	-1025706.344	-825955.727	-1025691.804	25.723
-659839.208	-1072077.168	-660121.15	-1072061.71	298.39
-762038.22	-973337.892	-760915.44	-974214.23	1644.411
-703278.325	-1089792.378	-703487.682	-1089002.434	9853.794
-757868.95	-991072.94	-757900.28	-991078.62	49.883
-754540.55	-1042087.55	-754787.94	-1042029.07	259.054
-662771.157	-997468.035	-661758.513	-998065.731	1843.965
-644022.3	-1053280.01	-640730.16	-1053153.74	3531.004
-740559.251	-1001796.456	-740534.457	-1001860.181	68.994
-844330.373	-1033732.859	-843184.454	-1035767.624	2405.81
-737154.375	-1038631.313	-737018.66	-1038511.31	181.202
-825401.77	-1070215.119	-825413.344	-1070246.633	37.816
-740600.709	-1070713.525	-740603.949	-1073225.593	2547.258
-762975.367	-1050789.735	-763105.738	-1050918.699	204.793
-719227.699	-1050025.693	-719291.016	-1050167.408	179.144
-643351.07	-1073096.02	-641294.357	-1074313.305	2428.472
-885893.23	-1020667.615	-885684.34	-1018888.909	2109.143
-829117.04	-985474.93	-831413.73	-984863.759	2572.773
-819274.598	-1065190.258	-819253.223	-1065170.414	34.036
-643758.357	-1062705.563	-644458.174	-1062415.751	760.079
-645062.731	-1074192.643	-645162.571	-1074255.841	139.979
-753637.4	-1041749.46	-757615.04	-1039877.36	4516.333
-754755.285	-1001979.444	-754768.421	-1001856.78	123.571
-655042.068	-1068759.884	-655099.038	-1068726.923	66.358
-712394.631	-1007056.945	-712530.7	-1007131.23	155.73
-778003.26	-971956.274	-778021.16	-971960.759	20.304
-755595.06	-1042268.62	-755725.81	-1041750.45	536.325
-668968.561	-1086290.602	-668357.916	-1086641.879	730.83
-779292.75	-1007094.87	-779194.03	-1007236.81	176.126
-698849.58	-996498.17	-699774.69	-995359.47	1844.855
-673117.27	-1077805.29	-673109.289	-1077823.336	19.732
-657091.01	-1022208.29	-656946.47	-1021838.67	410.272
-675198.195	-1071371.947	-673983.56	-1071086.53	1247.776
-880049.23	-1020712.27	-879869.627	-1020640.931	194.259
-658601.6	-1029590.43	-657604.594	-1030395.592	1307.139
-795673.01	-1028932.49	-795638.545	-1029350.775	420.82
-653828.341	-1023515.8	-653679.07	-1024120.953	623.495
-646458.253	-1071655.82	-646459.174	-1071635.768	22.838
-831776.45	-1054223.17	-831474.384	-1053645.196	665.202
-751747.313	-1007286.838	-751632.588	-1007525.016	264.382
-724755.096	-1067022.753	-722614.982	-1066511.47	3410.832
-782498.15	-999336.2	-782476.56	-998778.02	558.598
-677862.51	-1016048.34	-678543.68	-1015249.99	1082.462
-737329.67	-1035835.62	-737221.62	-1036028.747	279.202
-861498.81	-1046321.03	-855694.41	-1046247.65	6972.829
-691919.46	-1026567.0	-692578.833	-1024496.341	2202.579
-738733.01	-994172.457	-735782.65	-994290.7	3263.924
-668357.916	-1086641.879	-668395.94	-1085313.12	1417.02
-736287.503	-989378.611	-735782.65	-994290.7	6115.65
-782979.14	-1007118.42	-783019.1	-1007024.65	102.477
-867355.248	-1013000.322	-867349.757	-1013015.043	16.473
-823930.49	-1009103.738	-823782.609	-1010399.294	1603.42
-643645.52	-1039548.34	-643595.338	-1039542.467	53.254
-749578.5	-1051237.71	-749702.51	-1051274.86	222.263
-662317.088	-1075570.752	-662744.93	-1075958.2	593.098
-659942.94	-1008908.75	-659487.472	-1008874.069	457.318
-642692.768	-1077259.837	-643295.63	-1079918.169	3348.053
-736820.855	-1036772.279	-737031.576	-1036244.314	569.886
-819856.95	-1074319.47	-819933.52	-1074461.742	163.278
-761383.292	-1015001.54	-759516.3	-1015707.3	2098.604
-653460.785	-1073595.575	-653089.969	-1075934.876	3480.267
-690706.42	-988081.35	-689373.182	-985607.684	3821.82
-819442.15	-1054038.5	-819577.78	-1056410.112	2412.958
-753832.63	-1045767.94	-753922.75	-1045903.46	169.167
-723930.764	-1047299.497	-723253.94	-1047378.28	684.369
-647353.082	-1070283.365	-647367.445	-1070278.033	17.431
-674666.237	-1043065.477	-673440.367	-1043397.604	1270.076
-677554.527	-1088695.803	-674914.18	-1089234.17	2779.698
-718833.728	-1055399.71	-718357.44	-1057583.87	2536.936
-646743.322	-1067779.455	-646545.473	-1068527.193	782.016
-761255.95	-1042461.59	-761950.31	-1041800.06	983.988
-639945.564	-1087544.052	-640148.722	-1086130.675	1452.931
-868587.902	-1053914.352	-866525.734	-1053699.208	6391.131
-669510.703	-1044432.663	-669535.23	-1044445.601	33.71
-700358.813	-1017067.057	-700355.51	-1017085.84	27.27
-871707.33	-1019437.94	-874099.09	-1020900.9	2810.575
-683525.776	-1008619.715	-682385.97	-1008835.85	1167.916
-787825.85	-1055724.62	-785062.0	-1058418.22	4147.889
-740272.67	-1068698.72	-738577.444	-1069075.136	2248.447
-705432.1	-995854.64	-708400.425	-991677.132	5381.341
-707832.949	-1057289.458	-704838.284	-1057569.131	3152.484
-813869.017	-1012270.555	-814806.03	-1011991.35	1041.939
-823928.655	-1044099.604	-826096.839	-1043447.24	2265.657
-844031.05	-1005115.65	-844011.49	-1005076.04	82.042
-783019.1	-1007024.65	-783050.58	-1007080.54	64.248
-649246.15	-1014449.91	-648800.13	-1013239.62	1418.43
-792298.458	-1045843.765	-794125.83	-1044350.99	2529.811
-798425.685	-999791.675	-798447.91	-999886.06	96.967
-727842.643	-1040415.929	-728049.438	-1040282.5	266.077
-741842.018	-1047250.734	-741669.495	-1047218.903	189.113
-819623.13	-1076040.47	-819395.745	-1076687.44	698.612
-681797.21	-993912.17	-681240.77	-993505.54	718.72
-676222.02	-1057028.57	-676072.97	-1057055.44	152.796
-664642.66	-1013307.79	-665051.49	-1012206.8	1178.512
-768419.55	-1028090.41	-770208.09	-1027884.02	1853.006
-751080.485	-980975.691	-752105.489	-980945.987	1078.979
-742129.808	-1080899.379	-740470.232	-1080930.537	1821.524
-734767.74	-1040996.46	-735076.04	-1040992.76	485.387
-739242.345	-1001705.951	-738613.52	-1001528.51	822.129
-683482.151	-1066506.534	-683485.717	-1066495.028	13.696
-641425.24	-1041454.88	-641510.31	-1041433.74	87.702
-764454.035	-977118.755	-764436.4	-977167.332	110.038
-730458.67	-1043345.36	-730862.52	-1043140.22	457.356
-818778.245	-1027828.678	-818946.6	-1027758.891	183.817
-819612.78	-1076589.87	-820921.03	-1077379.74	1617.88
-877286.626	-1021488.591	-878764.562	-1022419.216	1794.966
-740580.83	-1040143.97	-740689.13	-1040290.43	184.345
-665998.12	-1039213.13	-665904.29	-1038767.04	455.866
-689899.342	-995399.552	-689913.724	-995393.446	18.179
-644149.596	-1038767.848	-643648.62	-1039472.04	864.219
-725056.337	-1061722.984	-724577.88	-1062535.3	968.861
-658083.92	-1023719.36	-657159.238	-1024531.255	1294.569
-645901.135	-1061451.155	-645287.16	-1060455.277	1186.424
-783618.34	-1061207.52	-783657.44	-1061218.98	40.758
-668553.21	-1004761.86	-668845.316	-1003441.49	1574.604
-710920.88	-999919.92	-709558.1	-1002063.35	2627.906
-673551.152	-1008561.937	-675048.91	-1008405.81	1529.321
-737018.66	-1038511.31	-736864.95	-1038384.1	199.542
-733491.88	-1064878.34	-731561.16	-1067617.97	3985.13
-647349.661	-1081907.056	-645895.34	-1082488.863	1703.763
-808259.75	-991522.18	-808466.28	-991341.55	288.805
-752734.577	-1049409.519	-751826.45	-1050796.91	1909.719
-750830.51	-1029174.17	-750968.809	-1028819.444	385.522
-768841.781	-1052658.302	-768977.65	-1052734.135	155.599
-745063.567	-1074560.029	-744573.76	-1075053.67	712.724
-746918.125	-1017516.563	-746360.857	-1017754.732	1011.677
-697391.442	-1072062.306	-697851.121	-1070299.491	1995.614
-679845.96	-1010291.61	-679769.06	-1010345.8	102.504
-671554.241	-1012972.103	-669697.05	-1011811.44	2207.183
-705779.31	-1019720.11	-704497.25	-1019010.64	1567.013
-676525.57	-1061343.46	-676102.921	-1060763.556	724.388
-675298.665	-1071534.53	-675397.7	-1072188.45	662.811
-728602.055	-1078644.568	-727549.081	-1078700.955	1173.086
-819055.79	-999123.85	-819069.756	-999150.362	43.079
-808551.193	-1032080.837	-805972.709	-1033625.098	3491.593
-784551.99	-1007572.05	-784559.29	-1007554.27	20.48
-656997.542	-1087336.797	-654684.264	-1087340.92	3190.484
-779286.05	-1069070.46	-778513.37	-1067377.03	2057.975
-760202.75	-983625.94	-760179.45	-983638.92	32.119
-799539.621	-1015762.067	-800457.397	-1013147.446	2944.724
-693912.33	-983978.069	-693882.019	-985360.406	2399.915
-744676.58	-997624.94	-745202.35	-996460.85	1352.027
-687058.38	-1025912.7	-686632.23	-1026029.46	443.358
-743022.731	-1024000.975	-743760.77	-1021515.3	2667.638
-802530.611	-1003046.286	-803763.404	-1004035.892	1819.987
-687783.35	-1038479.31	-686575.12	-1039593.79	2008.014
-756683.29	-1068529.86	-756527.4	-1068275.05	300.062
-854418.07	-1042733.21	-854300.61	-1040188.13	2738.268
-685968.83	-1077885.118	-686681.775	-1073823.663	4500.15
-686872.828	-993897.459	-686738.235	-993832.623	149.399
-788287.5	-1065353.53	-788332.757	-1064664.699	698.804
-872614.328	-1033223.347	-873308.551	-1034078.501	1195.581
-867507.198	-1013624.953	-867349.757	-1013015.043	632.422
-723677.639	-1036221.999	-723680.889	-1036185.247	48.814
-734336.53	-1066592.6	-734041.0	-1068720.0	2506.476
-735402.99	-1027568.28	-735724.709	-1027667.382	345.244
-699220.65	-1048191.68	-698314.29	-1047246.79	1316.764
-657094.999	-1080603.56	-655884.993	-1080168.593	1363.498
-686794.358	-1080842.599	-686501.686	-1080843.891	306.166
-661888.06	-1024949.01	-662153.77	-1022912.68	2077.604
-766220.87	-1042900.42	-766123.13	-1042170.21	756.734
-699758.44	-1004067.71	-699059.832	-1004382.054	779.588
-769214.1	-993589.54	-769238.54	-993296.93	305.349
-702768.8	-1059534.95	-701896.658	-1058378.527	1530.958
-721976.127	-1020248.353	-721748.38	-1020079.11	287.865
-768716.02	-972195.887	-767751.402	-973554.333	1695.14
-805095.286	-990190.91	-805024.92	-990252.48	97.121
-809500.35	-993536.53	-809522.65	-993549.24	29.386
-790877.898	-1005206.126	-790798.607	-1005234.247	92.103
-833176.461	-1061835.712	-832849.323	-1060328.067	1601.063
-805352.02	-1065256.11	-805526.666	-1063574.646	1810.997
-667561.482	-1025467.317	-668306.47	-1025376.41	767.106
-687271.32	-1031795.99	-685424.56	-1032839.43	2308.902
-716892.06	-1028325.35	-716840.05	-1028417.8	106.898
-647441.596	-1082008.575	-649074.482	-1081102.697	2738.671
-683974.6	-995282.95	-684556.785	-996046.574	1025.494
-723695.477	-987199.538	-723662.348	-987212.162	40.014
-690223.07	-997143.8	-690769.37	-996882.38	653.736
-774589.68	-1037732.32	-775021.41	-1039047.45	1478.323
-736358.388	-982340.157	-735923.36	-981412.58	1067.944
-750072.79	-1003929.06	-750081.461	-1003938.849	14.412
-734764.112	-1045640.265	-734820.63	-1045921.73	288.437
-886994.779	-1012209.452	-885481.877	-1015697.164	4087.652
-701143.14	-1055185.74	-701964.71	-1056572.05	1613.616
-780483.59	-1052968.93	-780447.34	-1052568.44	404.539
-820086.51	-1026747.71	-820436.579	-1026745.197	352.227
-647889.573	-1067719.845	-647367.445	-1070278.033	2731.296
-809740.499	-1004240.265	-809767.319	-1004181.139	67.923
-695848.88	-1063391.09	-695912.142	-1063048.495	355.128
-748399.66	-995948.99	-748375.322	-995418.19	539.062
-720875.398	-1063968.73	-716349.222	-1061215.837	6394.449
-659370.678	-1008787.28	-659294.372	-1008371.005	437.594
-829758.922	-1053034.519	-831965.824	-1053225.374	2565.194
-721245.934	-1060993.837	-717088.02	-1060102.5	5726.629
-647768.254	-1088915.886	-647832.09	-1089321.13	422.813
-799331.67	-1001568.91	-802886.96	-998364.25	4813.26
-683977.01	-995256.53	-683938.509	-995086.879	175.959
-765231.41	-1062235.92	-764224.07	-1060908.12	2166.149
-754483.0	-969674.4	-755562.866	-970576.235	1808.122
-870928.851	-1000954.937	-870289.426	-1000815.521	821.244
-833948.712	-1071199.905	-836617.377	-1071326.255	2791.345
-824229.88	-1076428.91	-824185.68	-1076313.69	123.424
-708156.75	-1007415.76	-709705.91	-1006779.335	1711.153
-718906.5	-1016922.99	-718378.04	-1017929.97	1159.767
-675527.54	-1031294.86	-675528.852	-1031255.575	39.325
-743813.524	-1069243.996	-742474.966	-1070295.532	1875.446
-718906.5	-1016922.99	-716913.25	-1017328.25	2111.509
-697656.66	-1053658.25	-696417.162	-1054119.286	1322.473
-747513.38	-1019535.13	-747563.18	-1019494.16	65.806
-830082.597	-1073037.995	-830010.454	-1073044.303	73.269
-815293.012	-1071088.658	-817251.698	-1072627.624	2578.508
-685424.56	-1032839.43	-685014.38	-1032689.79	540.162
-707342.596	-1067840.561	-706177.089	-1067401.754	1405.025
-675423.065	-1056776.702	-675285.676	-1056729.511	196.853
-770306.11	-1039368.94	-769188.45	-1037631.87	2280.8
-657068.638	-1061265.033	-657020.478	-1062950.696	1919.775
-828343.065	-992114.223	-827571.154	-989063.969	3276.783
-830496.913	-1062786.197	-829353.772	-1063700.731	1627.378
-769039.66	-1051459.32	-767592.88	-1049843.99	2827.216
-645969.2	-1026861.65	-646638.17	-1025843.13	1236.919
-843454.051	-1049428.271	-844691.731	-1049062.371	1342.637
-728356.483	-971612.153	-728567.02	-972171.56	4864.528
-701583.21	-1066071.1	-701699.76	-1066467.06	413.98
-686711.637	-1026428.942	-686599.315	-1026245.839	216.943
-779744.871	-976486.266	-781209.79	-976036.71	1758.143
-672286.57	-1013430.14	-674884.57	-1013545.47	3169.421
-664687.413	-1089591.815	-663666.31	-1091817.99	2659.457
-803595.72	-1041012.29	-801122.233	-1042749.785	3297.471
-688797.379	-1076150.545	-689510.76	-1076054.019	775.589
-770178.782	-977825.038	-770553.82	-979593.09	2033.211
-702366.34	-1031915.94	-702557.72	-1030313.19	1780.071
-783095.18	-1043944.62	-783204.779	-1043769.819	206.367
-726010.753	-980867.59	-724475.38	-981578.5	1815.952
-688651.72	-1008095.12	-688033.65	-1008448.13	736.9
-655884.993	-1080168.593	-655818.302	-1080134.738	75.855
-753334.92	-1025594.51	-753758.163	-1025794.588	471.438
-738599.863	-1049584.498	-737520.469	-1051085.235	1929.554
-771582.07	-1041055.57	-771921.115	-1041128.653	349.81
-846262.964	-1072549.949	-846969.722	-1071458.04	1359.021
-737256.925	-1010320.687	-738019.43	-1009028.93	1567.709
-712530.7	-1007131.23	-713001.11	-1006409.73	893.216
-645478.566	-1049546.01	-648229.71	-1048214.72	3145.239
-661815.94	-1019747.04	-660725.035	-1020574.153	1369.029
-645298.82	-1050454.711	-646943.532	-1050569.499	1948.837
-834024.087	-983878.067	-834339.5	-984063.875	453.677
-692291.01	-1058643.01	-692539.763	-1058560.784	284.194
-799448.64	-1054475.6	-796967.21	-1053971.04	2625.501
-696411.51	-1007449.07	-696714.09	-1009872.17	2743.273
-731146.852	-1056802.67	-730648.73	-1057654.01	986.403
-784256.274	-994402.039	-783867.67	-994628.48	537.076
-682911.605	-1089391.638	-683984.02	-1089600.62	1198.015
-744778.424	-1048376.349	-744555.04	-1048217.91	363.465
-727946.954	-1073950.328	-727734.171	-1074184.599	321.265
-778975.07	-1043223.18	-779155.01	-1043480.64	432.985
-747339.63	-1036309.707	-747360.061	-1036303.743	23.163
-770201.52	-1018458.77	-771829.2	-1017624.27	1854.299
-760607.55	-1040804.24	-761033.05	-1042194.675	1668.742
-779009.3	-981800.15	-778166.761	-980439.448	1610.504
-683000.678	-1033361.372	-684077.699	-1033039.805	1148.793
-712058.94	-1040994.58	-711981.896	-1040711.458	295.303
-802900.18	-998268.5	-802994.8	-998275.28	101.683
-696654.25	-1086644.32	-697297.346	-1085480.985	2209.359
-764716.53	-1060653.17	-764591.72	-1060064.19	612.16
-697606.343	-1037839.97	-697601.473	-1037827.882	14.358
-738774.46	-1048789.538	-738807.796	-1048949.172	163.439
-754195.55	-1037453.92	-756840.57	-1038169.12	2769.674
-764679.67	-1023604.65	-764620.16	-1023928.55	329.474
-869854.923	-1037688.21	-869828.387	-1037680.321	29.657
-775023.929	-1033730.424	-774993.72	-1033762.995	52.947
-717660.877	-1080102.827	-717159.18	-1080163.72	510.715
-673775.041	-1076370.682	-673117.27	-1077805.29	1578.238
-727741.81	-1073818.99	-727819.46	-1073856.16	92.054
-685596.24	-993630.49	-685654.688	-993552.75	106.228
-704310.07	-1008548.95	-704063.808	-1007039.172	1638.664
-789489.75	-989260.36	-789558.28	-989147.0	133.014
-654684.264	-1087340.92	-652789.055	-1086686.953	2190.318
-812219.241	-1036962.531	-811581.538	-1037657.666	1131.97
-749711.46	-1078290.19	-748422.511	-1078422.559	1466.213
-832522.232	-1070640.672	-833863.846	-1070978.163	1746.538
-760052.26	-1029217.17	-759861.728	-1027256.302	2982.461
-666416.596	-1051353.785	-665321.897	-1052204.756	1429.954
-821252.392	-996441.12	-821301.72	-996383.229	76.068
-774514.85	-974990.51	-774521.08	-975012.85	26.887
-776241.19	-1030072.87	-778849.38	-1029617.777	2652.709
-693921.379	-1074516.569	-691868.159	-1074084.509	2186.139
-770537.784	-1010225.627	-770863.616	-1010070.631	420.655
-787023.28	-1009846.62	-786817.24	-1009852.06	206.799
-674884.57	-1013545.47	-674994.31	-1013613.33	147.107
-654418.098	-1056187.692	-653664.313	-1055811.375	853.494
-652789.055	-1086686.953	-653372.04	-1089068.18	3080.835
-760925.0	-1070532.72	-760844.771	-1070553.569	92.397
-778533.64	-996703.6	-778234.747	-996274.26	599.662
-744322.67	-1025324.1	-744415.818	-1025176.428	174.928
-784543.25	-1015416.38	-783644.43	-1014052.56	1745.283
-861412.91	-990472.22	-861806.468	-988750.475	1948.95
-654802.8	-1024660.04	-653765.968	-1024185.397	1441.031
-749703.59	-1051448.73	-749578.5	-1051237.71	262.264
-723465.22	-1024603.52	-721544.88	-1026313.21	2644.069
-843760.259	-1002914.312	-843918.16	-1002773.37	211.831
-761076.54	-1020198.18	-761858.43	-1020987.09	1205.536
-688948.95	-1058632.77	-688757.63	-1058642.28	191.747
-697605.124	-1088095.737	-697737.923	-1088514.467	448.098
-774616.967	-985471.357	-773499.14	-985346.785	1222.583
-729082.113	-1079284.231	-728099.7	-1079534.74	1754.013
-736854.955	-1037974.562	-737128.25	-1038566.78	654.466
-861480.547	-1005436.37	-861213.19	-1005760.69	671.549
-641872.24	-1042982.81	-641152.528	-1043280.12	789.05
-766810.913	-1052223.818	-766498.187	-1052166.499	516.391
-729921.66	-1041002.68	-727866.83	-1040514.95	2115.154
-724347.08	-1030566.65	-724991.46	-1029994.681	1023.672
-653039.41	-1067906.69	-653047.62	-1067925.5	20.524
-664103.73	-1045863.71	-661634.62	-1045289.7	2534.966
-754248.45	-997021.37	-754086.46	-996755.94	310.97
-770547.6	-979716.0	-770075.309	-979937.134	526.363
-757294.023	-1039645.091	-757353.535	-1039853.287	246.592
-794381.63	-1004055.99	-794212.96	-1004037.02	178.508
-683994.92	-1063855.331	-684010.75	-1063877.72	35.552
-691007.84	-1035833.65	-689629.06	-1035820.39	1400.465
-766569.98	-1006757.01	-764748.101	-1005277.63	2684.842
-783550.27	-991778.68	-785574.3	-991845.89	2086.543
-685654.688	-993552.75	-685788.91	-993690.74	293.77
-735557.76	-1040276.86	-736756.4	-1038537.2	2130.829
-818899.688	-1074846.176	-819154.25	-1074883.36	274.94
-728535.537	-1060780.282	-728664.809	-1060889.23	171.38
-816015.01	-992517.408	-814269.074	-992244.015	1889.944
-788124.72	-1067166.53	-790737.291	-1066899.122	2949.426
-645475.79	-1042722.862	-645607.656	-1042430.919	360.422
-794920.703	-986688.056	-794813.759	-986676.163	109.248
-684217.86	-1042855.28	-682240.68	-1042260.61	2064.675
-736684.254	-983690.416	-736690.38	-983714.019	27.225
-766553.95	-1001801.89	-767089.88	-999138.78	2787.777
-740354.81	-1066732.65	-740286.062	-1067041.588	470.621
-733936.866	-1056558.047	-733915.431	-1056541.625	29.438
-654422.55	-1033954.05	-655924.49	-1033728.83	1735.298
-640408.725	-1071317.926	-640324.19	-1071316.33	84.578
-766078.87	-995475.49	-764793.8	-994787.52	1470.51
-799447.07	-1001740.2	-799530.056	-1001960.022	235.133
-777731.902	-1012696.134	-777064.67	-1012698.41	838.795
-797650.14	-1028584.26	-797771.687	-1028655.188	144.998
-748140.66	-1005344.116	-747385.37	-1004570.34	1335.168
-743664.14	-1076112.04	-742607.189	-1076199.05	1239.555
-723802.254	-1075167.8	-720052.54	-1075565.5	4333.44
-759115.936	-1047712.004	-759089.587	-1047792.853	85.069
-873737.772	-1034144.285	-874233.106	-1033511.212	834.963
-763504.4	-992745.44	-763370.11	-992818.11	171.078
-826669.354	-1070793.339	-826730.649	-1070790.848	63.718
-658804.05	-1025491.79	-658823.63	-1023364.03	2765.441
-681159.99	-1013190.94	-678543.68	-1015249.99	4043.207
-693984.34	-985511.09	-694777.4	-985249.65	859.056
-710578.734	-1048053.536	-710188.14	-1048859.05	963.869
-770118.517	-1053941.916	-770190.57	-1053825.54	138.87
-701732.53	-1010033.69	-701716.99	-1010012.84	27.095
-683909.275	-995204.688	-683855.99	-995313.98	122.19
-646172.571	-1074039.462	-645724.47	-1074143.02	460.028
-709530.633	-1060363.498	-711857.938	-1061987.625	2955.597
-688716.595	-1043740.464	-687027.526	-1041754.471	2710.643
-836533.603	-997062.735	-832380.79	-998170.642	7693.275
-786665.077	-979099.031	-785318.801	-978173.796	1668.709
-717572.936	-1074309.221	-717563.66	-1074422.293	134.62
-812042.47	-1038338.51	-811161.406	-1042049.504	4420.514
-640839.104	-1070655.431	-640408.725	-1071317.926	853.585
-723723.65	-1036423.04	-723842.07	-1036401.27	164.954
-783751.065	-977170.142	-783934.565	-977004.164	247.468
-680669.255	-1026409.046	-680184.437	-1024783.66	1727.577
-675043.064	-1056723.951	-675030.3	-1056712.274	18.963
-818899.688	-1074846.176	-819202.2	-1075234.67	537.002
-778803.67	-1029766.5	-778689.66	-1029545.02	249.375
-776434.28	-976007.81	-776447.02	-975916.66	92.055
-649422.742	-1074287.048	-653089.969	-1075934.876	4333.989
-789516.43	-1027199.534	-789466.776	-1027126.16	92.037
-649833.48	-1037909.58	-649159.42	-1037960.11	709.383
-784732.25	-1013582.64	-783269.69	-1012154.03	2225.14
-710892.404	-1025908.72	-710944.524	-1025605.087	316.296
-867547.61	-1013539.782	-869335.04	-1015775.02	3116.107
-856691.375	-1008970.875	-857414.55	-1009933.56	1510.56
-695916.769	-1074824.692	-695452.509	-1075684.577	995.427
-736715.438	-999326.162	-736400.99	-999479.99	376.489
-693271.926	-1078184.103	-693781.511	-1079055.923	1043.777
-848587.265	-1066239.624	-849103.749	-1066025.19	602.617
-675397.7	-1072188.45	-674909.751	-1073907.919	1885.517
-651407.68	-1046722.97	-649302.42	-1047660.25	2495.454
-804979.672	-989061.68	-804955.382	-988969.297	97.372
-856480.36	-1038822.1	-857071.95	-1039267.52	747.185
-667413.88	-1070189.63	-666617.09	-1070176.59	796.899
-707115.32	-1002637.76	-707604.21	-1003401.36	1157.755
-676765.16	-1071455.83	-676565.855	-1071209.691	325.242
-782673.08	-1005657.59	-781273.163	-1004046.684	2276.708
-717527.23	-1013320.72	-717403.83	-1013182.66	188.402
-839314.316	-1021318.603	-840670.518	-1019476.288	2289.76
-758232.25	-972614.85	-757897.741	-971877.005	1358.811
-748439.313	-1025122.257	-747453.951	-1024023.395	1492.622
-646901.705	-1057807.415	-646911.078	-1057791.934	19.68
-758222.11	-1020120.63	-758378.72	-1020350.72	308.032
-691878.43	-1009643.53	-690227.01	-1008787.15	1884.765
-687404.89	-1055806.78	-687513.392	-1055979.94	238.594
-851363.483	-1068832.609	-852041.021	-1068690.317	693.87
-755725.81	-1041750.45	-756273.1	-1041563.77	582.804
-653653.858	-1031493.301	-654724.454	-1031065.877	1196.594
-749323.33	-1033889.64	-747917.66	-1033945.33	1443.011
-699475.68	-1000254.35	-699566.74	-1000140.02	146.717
-737128.25	-1038566.78	-737270.58	-1038760.9	240.966
-851821.906	-1010497.279	-851507.58	-1010767.77	417.115
-729163.1	-1032025.58	-729830.25	-1033130.7	1314.091
-679368.474	-1080256.883	-678596.625	-1082820.423	2809.674
-824275.24	-1072041.62	-824118.398	-1073716.33	1712.301
-756634.32	-999950.65	-755485.379	-999853.998	1295.693
-718234.8	-998122.27	-722222.22	-997971.0	4524.716
-780287.5	-995623.64	-779581.63	-996086.33	844.635
-785031.72	-1007980.71	-784988.15	-1008249.07	279.716
-758817.28	-1005029.9	-758826.12	-1005172.76	146.125
-730473.09	-1057922.22	-730766.56	-1057386.58	612.142
-697822.59	-1034061.34	-697689.67	-1035007.89	955.841
-684146.999	-1080120.62	-683369.132	-1076733.495	3740.95
-869154.819	-1038271.982	-869167.643	-1038279.309	15.932
-766786.24	-987720.39	-767108.651	-986832.001	1069.548
-774148.97	-1021052.88	-773661.384	-1019334.181	2163.839
-702499.68	-1071902.7	-703864.699	-1073200.65	2613.511
-869459.653	-1046669.966	-871048.19	-1046030.49	1753.281
-830987.48	-1056665.92	-829183.22	-1057270.09	1952.096
-721748.38	-1020079.11	-719644.184	-1021630.445	2837.444
-690630.034	-1083921.78	-690297.65	-1084598.126	773.099
-744777.031	-1016567.584	-743387.82	-1016957.55	1771.774
-755449.02	-1081193.42	-755798.93	-1080711.14	606.463
-657956.62	-1069270.74	-657244.75	-1069515.51	756.116
-661149.182	-1010762.684	-658882.42	-1011419.01	3351.844
-669517.02	-1013920.4	-669600.52	-1014050.55	181.062
-721298.45	-978901.33	-721225.165	-979155.823	266.478
-825818.437	-1025475.499	-825805.007	-1025488.474	20.827
-862328.285	-994528.188	-859456.5	-996748.5	3919.367
-728849.261	-1077896.152	-728821.246	-1077875.478	37.152
-797771.687	-1028655.188	-798692.94	-1034078.43	6003.471
-770343.531	-971797.563	-769789.58	-971663.42	572.523
-768913.823	-991587.479	-768819.527	-992032.256	458.942
-753326.703	-1048034.081	-752473.827	-1048687.075	1102.992
-649833.27	-1032576.94	-650959.93	-1034803.46	2516.392
-737281.67	-1054172.1	-736125.971	-1057023.562	3157.609
-740125.388	-1048803.266	-740095.437	-1048765.803	51.341
-745013.89	-1059962.63	-745039.596	-1059925.337	45.787
-640247.606	-1080219.461	-639911.679	-1079403.206	1193.307
-788487.635	-1013962.555	-788477.217	-1013950.601	18.252
-671554.314	-1083339.587	-667750.276	-1083553.552	4026.262
-699042.528	-1004380.546	-699059.832	-1004382.054	18.838
-790558.92	-1052852.39	-788159.821	-1052491.734	2944.648
-670866.58	-994569.28	-672317.297	-992832.107	2988.745
-885723.47	-1010197.174	-886994.779	-1012209.452	2549.949
-740007.973	-1073765.578	-739504.506	-1073640.959	542.45
-776509.75	-975546.23	-776678.43	-975431.97	244.081
-689352.666	-1030052.024	-690250.589	-1030009.771	903.999
-741582.743	-1023354.686	-741783.23	-1022223.97	1171.755
-722967.369	-1006661.187	-722728.545	-1006321.804	487.44
-653646.188	-1055821.75	-651397.732	-1057855.359	3184.496
-810333.785	-991622.577	-809358.27	-991770.31	989.161
-780897.85	-1009090.58	-780888.98	-1009117.11	27.984
-646065.072	-1042716.985	-645952.536	-1042994.418	343.578
-830045.471	-1073007.368	-830110.31	-1073052.819	81.838
-731557.09	-1056137.15	-731373.968	-1056614.342	859.623
-719458.52	-1019522.39	-719178.228	-1019507.295	280.787
-689186.527	-1065944.914	-690169.154	-1066692.639	1415.626
-756947.78	-1032105.09	-756802.63	-1032153.56	180.105
-755007.66	-1046144.38	-755258.858	-1046303.702	297.885
-682696.544	-988004.687	-682745.938	-989419.5	1712.644
-777018.73	-1057926.76	-778924.59	-1057746.33	2011.402
-671635.205	-1028230.794	-671532.991	-1028463.149	263.61
-748262.44	-1027946.56	-749380.89	-1026628.41	2163.034
-776120.45	-979334.08	-776022.78	-978391.97	1018.326
-787090.31	-989195.54	-787060.19	-989261.78	73.164
-763361.35	-993086.1	-763531.11	-993047.25	196.525
-805039.949	-987203.021	-804943.762	-982645.624	5417.434
-848826.603	-1006137.521	-849513.93	-1008292.36	2481.842
-652839.646	-1042012.519	-654688.28	-1041606.53	1929.346
-742486.9	-998318.24	-742515.947	-998100.753	219.545
-807658.49	-1025137.54	-807518.2	-1026112.45	992.748
-655282.27	-1025459.61	-655326.012	-1024814.439	729.086
-686826.375	-1070694.396	-686455.58	-1070686.79	376.765
-673713.074	-1018966.257	-674265.513	-1018960.391	605.209
-684634.01	-1036494.61	-684255.005	-1035594.066	979.322
-735510.1	-1028628.63	-734559.509	-1029374.867	1362.889
-701667.279	-1012297.562	-701719.961	-1012286.117	57.086
-744064.938	-1015927.5	-742545.072	-1015029.101	1804.438
-772978.669	-1026497.713	-771899.49	-1025011.53	2703.935
-838823.55	-999849.65	-838203.824	-999193.543	1041.186
-690514.32	-1056005.92	-690438.47	-1055956.5	99.83
-787293.151	-984422.672	-786504.24	-985626.52	1754.062
-875221.39	-1015757.36	-873364.742	-1015038.539	2061.087
-840909.551	-1048925.369	-839969.91	-1049659.37	1231.84
-662921.774	-1081765.354	-663281.656	-1084264.71	2625.689
-865707.45	-1048533.08	-865651.653	-1048439.778	143.26
-797092.49	-1041981.24	-798142.012	-1040529.697	2161.501
-782433.38	-997528.55	-782537.63	-996970.15	578.769
-773827.82	-974156.23	-773077.46	-973270.523	1169.913
-772932.614	-1055580.24	-772371.88	-1055560.94	642.046
-718912.187	-1047953.389	-719314.324	-1049519.795	1638.945
-765494.96	-1058755.27	-763821.57	-1058512.8	1741.172
-692271.29	-998306.92	-690523.891	-995554.392	3297.31
-819740.529	-1058341.735	-820208.116	-1060539.986	2277.57
-714372.074	-1044361.9	-714409.72	-1045048.01	691.551
-799716.584	-1069154.146	-800209.26	-1067457.76	2248.312
-739475.42	-1053953.642	-739388.676	-1054246.035	305.006
-826513.595	-1029200.402	-826717.326	-1029086.403	234.067
-740102.41	-1080931.31	-739851.743	-1080964.865	258.163
-879867.594	-1020787.255	-879650.97	-1020835.38	235.144
-664802.221	-1069038.226	-665404.435	-1068522.362	827.017
-739365.02	-1054324.082	-739388.676	-1054246.035	128.07
-715594.97	-1078158.25	-716799.875	-1077548.769	1407.678
-742927.19	-985833.76	-744414.405	-984314.431	2194.891
-685150.668	-994403.704	-685097.516	-994424.041	57.092
-809522.65	-993549.24	-809512.423	-993567.602	22.656
-872090.564	-991735.472	-873406.78	-991086.604	2767.209
-734574.82	-1045751.64	-730839.726	-1045640.553	3999.317
-760844.771	-1070553.569	-760827.86	-1070429.44	130.355
-828956.99	-1072259.026	-828618.95	-1072041.44	402.081
-693704.61	-1044343.74	-692637.99	-1043495.14	1373.19
-751611.11	-1061840.96	-751353.632	-1060553.196	1404.327
-735568.11	-1040276.17	-735521.07	-1040511.36	239.931
-737661.145	-1057623.659	-738451.761	-1057492.143	803.872
-649134.45	-1027880.01	-650153.63	-1026925.2	1427.587
-671453.484	-1048988.167	-671544.788	-1049045.428	109.159
-688782.75	-991454.34	-689366.67	-991940.8	835.763
-724167.957	-1062240.114	-721373.47	-1060629.82	3685.967
-692138.17	-998232.95	-691965.737	-998146.163	196.551
-777018.73	-1057926.76	-778280.43	-1058590.03	1477.115
-764589.48	-1036488.88	-763017.75	-1036763.431	1659.695
-701739.26	-1008956.69	-701581.79	-1008552.238	445.172
-653654.938	-1055796.5	-653664.313	-1055811.375	19.289
-764117.881	-991884.65	-764974.33	-991600.96	949.62
-727611.89	-994246.69	-727687.15	-993888.87	374.469
-819199.368	-993790.579	-819843.77	-995463.84	2271.943
-765239.733	-1023113.709	-765568.13	-1020517.37	3142.599
-768792.382	-1052767.449	-765441.28	-1054104.82	5752.508
-683515.102	-993524.902	-683516.88	-993541.99	17.18
-679093.04	-1000965.52	-680366.89	-1001046.11	1641.427
-759318.06	-1015367.68	-758192.223	-1015753.97	1205.398
-679531.5	-1068030.357	-679175.209	-1068353.526	481.029
-720011.75	-1071233.346	-718661.881	-1070686.967	2530.161
-889151.068	-1018025.197	-888899.449	-1018028.237	2357.706
-742025.384	-1041551.688	-741812.93	-1041316.18	483.301
-732317.52	-1055113.43	-732492.83	-1054910.4	268.254
-848343.12	-1036112.63	-846443.724	-1036838.121	2196.8
-722261.6	-1041876.62	-713707.54	-1041568.84	8627.941
-826558.4	-1025562.106	-827959.95	-1025194.124	1458.003
-848391.013	-1010363.56	-848442.37	-1010351.507	52.789
-676704.44	-1010463.18	-675474.68	-1010843.68	1330.853
-683516.07	-993478.96	-683515.102	-993524.902	45.96
-750213.42	-1019915.68	-750581.08	-1018442.97	1632.12
-744514.179	-981522.01	-743452.955	-980028.534	1875.192
-867400.339	-1034047.122	-867995.32	-1031386.54	3819.837
-845099.434	-1014584.88	-845119.71	-1014533.287	57.304
-709197.168	-1039121.45	-707875.92	-1039742.88	1497.298
-753921.36	-1045635.63	-754159.21	-1045757.76	279.085
-778955.724	-1029983.97	-778936.284	-1029982.018	20.814
-644735.557	-1037979.395	-644626.078	-1038208.679	263.929
-789687.46	-1064102.65	-790421.73	-1064163.29	736.775
-734562.596	-1065442.796	-734556.24	-1065456.473	17.189
-729452.35	-1015776.13	-727447.57	-1019795.24	6723.71
-681943.75	-1042758.76	-682176.13	-1042240.81	569.11
-731071.433	-1056596.404	-731953.91	-1056749.85	1232.552
-696578.34	-1035525.04	-697488.35	-1036432.86	1524.899
-802761.633	-986688.835	-802665.56	-986793.53	188.068
-734608.004	-1027176.601	-733168.314	-1025388.183	2366.88
-867704.25	-1017459.2	-867706.58	-1017480.5	23.48
-742529.131	-1056866.745	-742517.724	-1056857.1	16.839
-738239.28	-1046740.78	-738090.59	-1046668.11	165.502
-761510.266	-993283.083	-759215.6	-993272.15	2537.012
-725039.921	-1035332.008	-725020.866	-1035329.149	21.208
-776364.77	-1062821.26	-776225.12	-1062572.7	291.391
-753675.89	-1061412.21	-753465.94	-1060133.48	1770.717
-724411.356	-1029278.365	-724612.79	-1027039.26	2700.227
-647609.524	-1054245.965	-647483.293	-1054008.443	276.107
-686814.05	-1008736.01	-684709.56	-1008697.17	2126.42
-795545.325	-986086.86	-795284.906	-986212.111	291.117
-810740.903	-1045606.441	-812211.605	-1044382.774	2057.078
-880151.53	-1017056.729	-880204.394	-1017070.064	55.054
-723680.889	-1036185.247	-723703.199	-1036211.149	41.88
-693463.932	-1026383.908	-691919.46	-1026567.0	1596.239
-689477.71	-993270.639	-689202.67	-993214.61	283.176
-696673.394	-1049950.353	-696740.64	-1050853.74	1183.758
-752039.98	-1007724.212	-752718.19	-1006076.97	1781.401
-806104.28	-1026783.59	-806729.222	-1027010.489	664.863
-644077.794	-1022814.719	-645490.003	-1023171.5	1651.803
-671549.868	-1018795.541	-672037.58	-1018752.99	505.697
-651504.349	-1069456.071	-652006.89	-1070514.59	1260.116
-700927.887	-1010529.799	-701061.351	-1010492.143	144.876
-779946.39	-983146.06	-779864.28	-983031.63	141.195
-728001.33	-1072269.86	-727741.81	-1073818.99	1623.169
-711896.42	-1021996.28	-708535.462	-1020863.121	3939.324
-644167.988	-1071592.408	-642893.841	-1071604.898	1382.734
-733621.226	-1014692.737	-731373.413	-1012206.889	3457.771
-857533.049	-1066623.251	-857441.077	-1066745.506	166.842
-784995.338	-1007564.853	-784700.689	-1007690.017	320.327
-737304.085	-1057980.39	-737298.622	-1057931.764	54.121
-819274.598	-1065190.258	-819266.67	-1065155.974	55.441
-700477.578	-1004743.59	-699758.44	-1004067.71	998.52
-757158.11	-978683.6	-756035.714	-978645.227	1233.118
-657761.727	-1064862.846	-658077.11	-1064149.39	820.75
-747318.87	-1017001.64	-748757.994	-1014323.258	3107.309
-833174.947	-1023365.051	-834359.548	-1024053.119	1722.881
-660162.685	-1086807.051	-660237.998	-1086828.299	81.58
-712627.804	-1058483.095	-711981.554	-1058828.416	737.754
-840950.41	-1019092.03	-840673.835	-1019472.426	560.004
-724828.216	-1053726.832	-724124.816	-1055002.765	1603.376
-848593.3	-1036248.77	-847683.183	-1038675.318	2905.317
-881210.251	-1001344.506	-877306.387	-998763.671	5829.415
-802140.854	-1005863.006	-802530.611	-1003046.286	2870.629
-744598.1	-1047894.96	-744688.54	-1048201.99	321.258
-665277.647	-1035791.801	-667092.245	-1033928.634	2659.709
-749097.12	-1045584.78	-749140.911	-1045567.351	47.132
-685718.127	-1019089.813	-684319.74	-1018289.441	1639.333
-730169.158	-1030836.067	-729430.54	-1029841.99	1244.712
-676583.8	-1056954.83	-676222.02	-1057028.57	389.368
-752455.375	-1043124.0	-752240.69	-1042987.36	418.674
-833610.148	-1061574.582	-834771.583	-1060697.914	1498.098
-737596.76	-1057650.8	-737351.19	-1057924.427	367.72
-652486.137	-1062382.974	-652477.023	-1062427.322	45.275
-699234.121	-1087672.849	-699280.89	-1087922.68	271.39
-747432.46	-1054956.55	-746638.009	-1054351.695	999.101
-746013.188	-1054135.162	-741267.695	-1055336.117	4976.23
-734045.773	-1053350.17	-733502.956	-1053766.078	686.072
-764748.101	-1005277.63	-764877.662	-1004163.078	1391.454
-649055.257	-1058143.084	-649055.45	-1058279.95	139.053
-864660.78	-1015185.63	-865107.322	-1015804.24	764.458
-678499.29	-1063064.14	-676525.57	-1061343.46	2699.375
-738647.803	-1048576.402	-739161.336	-1047787.293	987.829
-677452.67	-996678.42	-677503.27	-996654.83	55.832
-645187.107	-1032010.729	-647120.25	-1032718.03	2234.777
-824368.01	-1076678.07	-824431.54	-1076778.18	118.583
-876292.761	-1024704.267	-876543.88	-1025650.58	1012.885
-845917.841	-1070278.104	-847264.676	-1070411.162	1371.36
-737593.42	-1057813.32	-737670.268	-1057743.61	119.218
-799499.894	-1069937.277	-799508.079	-1070481.606	902.223
-819127.044	-1000624.817	-820573.83	-1001637.48	2196.632
-798662.382	-1037329.219	-796303.62	-1037484.85	2406.458
-756414.14	-974699.551	-756458.593	-974627.332	85.233
-700853.71	-998518.14	-701969.68	-997871.5	1289.906
-766981.251	-980976.408	-766954.57	-980858.748	123.957
-673757.12	-1065065.67	-672392.3	-1065459.41	1453.454
-717444.989	-1021625.032	-717869.17	-1022169.19	709.187
-779061.296	-981747.373	-779063.45	-981850.24	107.878
-641808.58	-1076501.209	-641876.179	-1076129.347	387.581
-663914.11	-1003293.55	-663474.28	-1004383.935	1878.661
-676169.25	-1057074.54	-676391.91	-1057186.82	249.402
-790678.909	-1026980.514	-790474.46	-1026767.65	297.666
-676554.965	-1070748.307	-675640.02	-1070644.17	1337.605
-693882.019	-985360.406	-693799.008	-985409.631	96.533
-869854.923	-1037688.21	-869760.72	-1037812.227	156.173
-778693.313	-997118.305	-778670.37	-996668.12	458.8
-800209.26	-1067457.76	-800608.9	-1067009.36	600.901
-754247.98	-1045748.46	-759136.529	-1047758.6	5455.973
-733668.12	-1014744.36	-733621.226	-1014692.737	69.742
-867678.05	-998459.66	-866860.328	-998552.66	900.107
-779575.13	-976375.19	-777924.71	-976226.2	1700.427
-648995.43	-1058224.13	-648841.5	-1058041.29	293.51
-789897.46	-1010678.27	-787882.07	-1011363.32	2500.265
-831193.859	-999203.224	-831033.022	-1000532.441	2591.022
-672392.3	-1065459.41	-671885.08	-1064660.9	1060.268
-744834.87	-1048200.68	-744453.21	-1047760.88	593.807
-808440.439	-1030227.676	-809766.998	-1029119.163	1773.822
-750377.052	-984570.46	-750218.82	-984501.81	173.735
-858563.572	-1008640.2	-858316.24	-1008677.03	251.044
-750394.144	-1005574.589	-750373.074	-1005566.807	25.406
-734638.13	-974924.285	-736414.985	-973035.118	2823.986
-733803.798	-985254.066	-729566.13	-985317.67	4651.022
-741769.205	-1064506.716	-741766.996	-1064489.266	19.242
-677862.51	-1016048.34	-678058.22	-1016224.03	269.229
-675391.292	-1019425.013	-678058.22	-1016224.03	4341.179
-658394.989	-1065056.914	-658988.262	-1065359.861	677.268
-701175.92	-1004128.59	-701332.32	-1004961.69	853.697
-842868.84	-1002004.93	-842812.78	-1001987.65	58.889
-715734.85	-1028532.58	-714807.73	-1027916.89	1201.735
-866212.348	-1049465.936	-866147.59	-1048867.78	648.336
-732571.382	-1055125.922	-732551.961	-1055116.211	23.735
-793153.111	-983230.444	-793170.24	-983172.03	62.323
-707680.002	-1079370.444	-709080.1	-1080880.17	2425.468
-650579.818	-1078621.567	-650589.631	-1078457.129	165.386
-695043.74	-988893.66	-695019.57	-988728.24	167.178
-731697.787	-1086019.632	-732635.471	-1085666.116	1106.259
-804849.234	-1045543.833	-800393.896	-1046174.13	4780.994
-645764.404	-1042735.256	-645727.305	-1042665.46	79.069
-724881.914	-1065404.299	-724561.98	-1065478.333	341.102
-822762.154	-1059353.561	-822653.638	-1059316.149	116.808
-690566.15	-1055814.5	-690737.62	-1056009.16	319.547
-648861.608	-1028973.579	-649004.93	-1028340.18	660.029
-697686.311	-1037723.137	-697671.988	-1037727.436	16.359
-705346.77	-1052287.05	-705269.645	-1054728.144	2485.646
-719505.542	-992802.08	-717194.195	-992150.664	2914.16
-773681.35	-1068461.09	-773691.55	-1068502.23	42.571
-808225.379	-1014843.19	-807487.18	-1017041.32	2569.629
-685718.127	-1019089.813	-682430.78	-1018853.25	3590.428
-763227.89	-1072531.86	-763380.91	-1072715.19	241.395
-760634.42	-1034959.18	-761681.41	-1037105.19	2506.649
-753875.83	-1041685.1	-753600.19	-1041770.82	288.932
-784053.28	-1047904.36	-782765.879	-1049651.404	3050.592
-786897.49	-989063.07	-787231.58	-989358.37	445.918
-823928.655	-1044099.604	-823858.552	-1043573.371	652.972
-796209.77	-1049662.93	-796744.169	-1050356.163	1473.13
-740565.003	-1075583.468	-741446.68	-1074949.16	1427.997
-718121.73	-1038100.5	-715869.92	-1040181.649	3114.402
-649159.42	-1037960.11	-648369.812	-1038391.511	910.485
-674926.25	-991125.09	-675357.972	-991934.632	956.128
-641446.88	-1034905.08	-640566.277	-1033777.102	1440.787
-818342.922	-1049312.599	-818811.82	-1049475.91	515.392
-640511.029	-1082738.275	-641558.455	-1081663.353	1635.905
-814250.59	-1042219.57	-814540.66	-1041755.27	613.233
-678565.68	-1054345.3	-679172.1	-1053437.78	1134.772
-701312.21	-1063705.53	-701195.68	-1063753.9	126.17
-672077.19	-1011036.43	-671179.76	-1011333.27	1105.057
-646358.425	-1071536.046	-644819.178	-1073393.316	2485.246
-687528.37	-1043792.04	-685123.6	-1043129.11	2506.185
-825515.288	-1016140.978	-826193.15	-1016001.408	704.901
-763350.3	-992817.46	-763141.96	-992584.68	312.502
-738559.393	-1060558.556	-738576.608	-1060547.021	27.575
-670055.86	-1000818.7	-669597.07	-1002026.89	1356.965
-689525.338	-1046426.507	-689537.866	-1046430.53	13.656
-684077.699	-1033039.805	-684859.623	-1032914.193	794.818
-739283.4	-1047695.67	-738742.718	-1048731.333	1308.636
-746794.85	-1017330.327	-746787.335	-1017309.584	24.103
-799534.342	-1038607.217	-799508.992	-1038479.43	130.489
-667623.97	-1033602.94	-669456.93	-1033427.32	1886.657
-783270.84	-1064572.46	-783351.96	-1064711.49	160.976
-772609.3	-1076770.52	-773306.16	-1076127.14	1064.742
-692939.02	-990204.98	-693256.551	-989791.023	547.448
-645775.844	-1042677.613	-645845.051	-1042802.629	142.919
-676222.02	-1057028.57	-676169.25	-1057074.54	72.22
-668782.662	-1036107.387	-665277.647	-1035791.801	3617.793
-639945.564	-1087544.052	-641716.574	-1086901.577	2352.663
-781509.07	-1047399.61	-781791.85	-1046868.86	601.672
-808198.273	-1023759.267	-807997.3	-1023995.28	318.289
-770855.944	-1069628.976	-770572.788	-1067179.634	2715.755
-712625.01	-1079010.79	-712801.03	-1078872.18	224.045
-791121.12	-978514.74	-791151.33	-978540.3	61.405
-738384.6	-1034761.48	-739048.14	-1033896.2	1093.129
-700205.53	-1049396.229	-700502.25	-1049339.19	318.166
-767432.3	-983270.12	-769283.265	-983580.511	2314.54
-741769.205	-1064506.716	-741552.15	-1064581.77	235.916
-772530.856	-975898.01	-772331.46	-975915.98	200.206
-810652.14	-991913.8	-810715.06	-991827.23	107.167
-688958.37	-1008075.48	-688787.54	-1007956.6	235.529
-660125.873	-1028254.54	-659312.896	-1030193.823	2208.359
-644574.533	-1038186.069	-644718.554	-1037970.142	263.956
-654794.2	-1037390.1	-654719.39	-1037412.38	78.057
-679029.09	-1001068.15	-680164.18	-1003734.49	4113.026
-813902.061	-1024065.431	-814942.43	-1022106.92	2260.835
-797594.76	-986146.4	-798085.15	-986328.76	523.342
-656815.057	-1081622.732	-657232.552	-1083432.596	2851.492
-831124.176	-1037368.061	-829963.595	-1038299.624	1549.294
-840507.259	-1070476.393	-840403.074	-1070447.272	126.262
-824063.43	-1071420.72	-823245.745	-1071548.892	830.129
-764873.57	-1004102.66	-766553.95	-1001801.89	2974.524
-640041.2	-1044758.34	-640439.987	-1043269.29	1549.215
-726626.685	-984499.349	-726600.6	-984492.426	31.395
-735710.187	-1060683.266	-734422.781	-1059485.825	1901.001
-767438.13	-1012797.07	-764947.994	-1011560.44	2972.548
-822648.96	-1061866.51	-822653.638	-1059316.149	2793.53
-655219.841	-1011057.936	-653645.72	-1010375.37	1875.255
-644704.413	-1038555.288	-644574.533	-1038412.225	194.794
-719771.92	-1004374.9	-719334.593	-1002927.581	1925.722
-687171.65	-1008606.97	-686911.15	-1008704.37	278.117
-783570.89	-988845.43	-784998.81	-991020.33	2924.955
-841143.11	-1018832.66	-840433.73	-1018874.53	716.97
-757101.05	-1067770.45	-756683.29	-1068529.86	1008.059
-648037.819	-1045341.882	-649293.63	-1044451.85	1625.563
-708768.29	-1040762.91	-709197.168	-1039121.45	1757.455
-782818.71	-1003395.77	-782611.28	-1001090.23	2317.538
-732430.487	-1054769.329	-732492.83	-1054910.4	278.687
-739299.15	-1029228.09	-738145.34	-1030593.02	2152.715
-881863.103	-1021865.019	-879867.594	-1020787.255	2280.865
-696827.82	-1012290.25	-695101.87	-1011495.99	1912.175
-743391.442	-995400.328	-744036.04	-995306.13	986.728
-772337.871	-1081854.175	-772312.553	-1081854.452	26.785
-741898.86	-1047009.98	-742518.5	-1045924.19	1258.217
-674863.694	-1076462.292	-673775.041	-1076370.682	1100.636
-671256.5	-1032769.5	-671823.776	-1036449.887	3774.119
-749256.54	-1044624.59	-749097.12	-1045584.78	1173.525
-660469.16	-1014999.53	-660377.39	-1017385.64	2905.698
-814806.09	-1013848.04	-815246.72	-1013467.88	685.874
-726644.58	-1011861.32	-725468.37	-1011185.65	1397.535
-816418.066	-1076253.124	-816447.694	-1077925.253	2513.623
-842369.133	-1046673.381	-844691.731	-1049062.371	3576.273
-806200.929	-1062531.738	-810719.239	-1064866.097	6475.009
-647949.802	-1063977.55	-648119.937	-1065264.0	1310.881
-663442.177	-1084581.588	-662462.515	-1084827.304	1179.339
-751059.36	-1010180.34	-752028.65	-1007752.13	2617.052
-844844.13	-1011374.13	-842791.18	-1011168.97	2310.778
-687422.664	-993904.781	-686872.828	-993897.459	761.862
-746750.122	-981687.967	-747762.892	-981878.26	1091.901
-697606.343	-1037839.97	-697248.668	-1038787.04	1053.676
-746965.041	-1017374.599	-746991.912	-1017329.52	53.392
-787917.19	-1061122.81	-787483.154	-1061959.579	943.665
-726045.008	-980908.376	-726010.753	-980867.59	53.263
-775931.861	-1014770.023	-775862.951	-1014698.686	158.947
-677697.483	-990880.701	-676788.304	-991716.144	1804.644
-757110.445	-1047042.846	-757115.472	-1047055.704	15.464
-788356.44	-1008594.32	-787694.63	-1006969.81	1797.355
-855694.41	-1046247.65	-855018.39	-1044644.42	1969.057
-792692.6	-1061893.44	-794503.91	-1062120.49	1876.494
-719949.29	-1077840.81	-720890.49	-1078565.08	1283.928
-707013.649	-1066206.357	-707194.39	-1067155.22	1112.244
-715081.37	-1007332.61	-716937.42	-1007933.48	2432.48
-663755.607	-1051422.114	-664626.215	-1052690.262	1606.001
-749858.88	-1050156.31	-749702.71	-1050186.84	199.611
-785739.323	-976850.146	-787773.57	-978746.44	2876.016
-692418.005	-1046417.51	-692393.91	-1046471.76	60.131
-729830.25	-1033130.7	-727749.77	-1033945.99	2455.498
-873364.742	-1015038.539	-869783.194	-1015873.868	4289.569
-773571.182	-1068163.625	-772186.4	-1069039.25	1741.213
-725721.914	-1069587.758	-725744.18	-1069572.757	36.318
-730954.25	-1028290.05	-729081.3	-1029275.1	2141.575
-728399.76	-1022448.7	-726885.05	-1020661.03	2691.999
-788446.462	-990047.331	-788657.3	-989779.55	454.7
-684373.94	-994673.519	-683735.771	-994863.405	727.967
-684190.79	-1027277.101	-686599.315	-1026245.839	2653.381
-746148.845	-1007124.227	-744957.53	-1008093.73	1547.641
-781893.581	-1037032.955	-780721.85	-1035760.81	1853.382
-691828.6	-1064899.158	-691950.61	-1065160.608	289.649
-790550.11	-1009049.625	-790045.962	-1008333.498	885.39
-737221.62	-1036028.747	-737180.56	-1036101.54	83.67
-742428.69	-1057042.01	-742437.62	-1057025.58	21.888
-761907.571	-976770.73	-763264.3	-977132.65	1413.261
-642715.14	-1025985.37	-643738.9	-1027158.62	1672.606
-750036.931	-1005704.222	-750021.242	-1005725.692	32.906
-688722.566	-1058549.16	-687691.147	-1057613.069	1541.531
-686757.86	-1059493.77	-686627.96	-1059580.54	156.216
-790800.756	-991445.291	-790807.11	-991409.08	41.937
-729237.237	-1080921.973	-727648.121	-1080709.565	1688.858
-664203.72	-1013240.89	-664041.83	-1013251.99	162.281
-776487.38	-1076782.21	-778111.46	-1076900.66	1981.165
-790962.445	-1034475.468	-790952.09	-1034494.9	28.554
-654059.57	-1034024.07	-650959.93	-1034803.46	3341.35
-740981.82	-1040767.63	-741812.93	-1041316.18	1088.805
-750415.883	-992224.643	-750239.63	-989819.6	2603.229
-656769.01	-1048573.79	-663645.33	-1047815.73	7287.416
-739949.769	-1001962.629	-739242.345	-1001705.951	792.348
-642077.521	-1092336.307	-647466.17	-1093699.84	6600.928
-704178.924	-1008981.104	-704193.873	-1008993.01	20.948
-677007.72	-1000843.96	-677020.49	-1000618.96	300.537
-782154.75	-986473.19	-782736.302	-987635.37	1315.772
-875917.851	-1021414.166	-876155.562	-1021359.829	249.864
-779600.3	-972100.91	-779572.42	-972133.54	43.158
-791304.19	-1038656.42	-788856.01	-1038690.79	2506.236
-840182.398	-1056753.095	-840168.712	-1056740.328	21.414
-777834.01	-980181.6	-776209.61	-979397.5	1862.198
-853021.11	-1010598.78	-854856.57	-1011412.45	2315.661
-731430.45	-1042100.23	-731552.55	-1042108.1	122.353
-714659.241	-1048748.234	-715273.42	-1049983.72	1395.927
-824507.7	-1076400.89	-824311.496	-1076401.374	196.23
-791114.2	-1019386.31	-791531.01	-1019221.8	456.43
-792636.539	-1061564.639	-792653.91	-1061556.1	22.105
-644855.32	-1030334.57	-644872.51	-1029746.97	595.287
-782921.24	-1054037.589	-780593.21	-1054091.28	2428.044
-864362.282	-1016657.851	-862394.689	-1017883.41	3018.851
-682236.742	-1091181.041	-682600.335	-1089721.639	1667.195
-789556.34	-1003330.81	-788981.45	-1005130.06	2028.566
-800662.705	-1059111.155	-801106.335	-1059646.571	717.702
-641361.511	-1092462.084	-640426.525	-1091589.246	1279.179
-715004.37	-1003747.86	-715691.24	-1003004.78	1045.808
-696740.64	-1050853.74	-694827.08	-1052421.2	2520.646
-795667.788	-985977.504	-796123.47	-986051.64	462.003
-826730.649	-1070790.848	-826755.049	-1070898.934	129.799
-708212.788	-1085402.243	-708041.22	-1085387.634	179.241
-756996.81	-993384.67	-756178.87	-993320.65	820.445
-784673.308	-1054472.311	-783553.147	-1058450.151	4356.232
-669517.02	-1013920.4	-669497.98	-1013920.47	19.31
-807569.633	-1014178.413	-808211.018	-1014754.016	863.305
-759056.26	-1033704.719	-759059.365	-1033686.955	19.458
-685014.38	-1032689.79	-684859.623	-1032914.193	298.435
-680658.134	-1067462.859	-680266.044	-1067450.627	393.537
-650153.63	-1026925.2	-650216.23	-1026314.9	642.128
-714650.501	-1080175.546	-713092.63	-1079204.57	2029.907
-646416.591	-1068698.913	-646478.203	-1068568.501	151.362
-751699.887	-986254.972	-750834.33	-987847.39	1962.674
-807685.43	-990267.62	-806962.59	-989767.32	926.745
-770168.015	-1057386.5	-770067.387	-1057302.856	131.115
-756934.11	-1065837.4	-756662.9	-1065875.93	284.108
-776744.647	-975479.767	-776666.55	-975479.07	91.961
-734667.55	-1006388.29	-731469.808	-1006230.185	3328.814
-669365.819	-1036227.712	-669326.41	-1035475.04	809.202
-728172.83	-1036863.76	-726701.24	-1036094.995	1672.253
-792674.46	-979701.73	-793186.073	-983160.595	3646.691
-839100.888	-993248.941	-839061.481	-993065.451	187.687
-820159.666	-1026203.015	-820036.979	-1026366.183	216.545
-755651.695	-991024.143	-755638.975	-991032.899	18.49
-776696.195	-1034352.356	-776711.619	-1034332.795	25.912
-841410.33	-1016492.513	-841341.273	-1016406.646	110.241
-751658.12	-1038043.98	-751636.58	-1038056.78	31.612
-674128.53	-1016623.03	-674729.5	-1016966.41	790.62
-657159.238	-1024531.255	-655613.228	-1024420.374	1569.554
-643758.357	-1062705.563	-643740.101	-1062714.823	31.537
-752334.938	-1043068.75	-752374.83	-1043146.66	87.822
-831494.033	-1036682.579	-831124.176	-1037368.061	787.878
-842356.181	-1017256.984	-841670.444	-1018144.384	1121.511
-741847.992	-1057274.004	-742063.155	-1057057.881	313.025
-782254.663	-979211.743	-781165.18	-977555.19	2022.367
-645067.71	-1049645.3	-645105.96	-1049663.07	42.458
-766233.713	-972616.784	-766214.59	-972635.192	29.733
-678058.22	-1016224.03	-680218.73	-1016899.15	2338.945
-737800.99	-1023848.764	-737206.749	-1023015.723	1060.128
-747041.264	-1017634.962	-746918.125	-1017516.563	171.034
-831791.806	-1029809.524	-832044.399	-1029065.65	1111.132
-710884.848	-1025926.968	-710892.404	-1025908.72	20.99
-785862.88	-1018158.85	-784543.25	-1015416.38	4242.376
-639960.604	-1042280.486	-640017.94	-1042964.66	698.908
-753237.68	-1041867.54	-752450.15	-1042833.73	1304.308
-648330.054	-1058407.276	-646928.349	-1057809.416	1865.415
-847103.331	-1070324.09	-847178.331	-1068827.432	1505.849
-776737.471	-1034379.852	-776714.575	-1034383.209	23.993
-838864.168	-991542.112	-836254.049	-989704.778	3568.49
-791136.71	-1033573.92	-789999.22	-1029582.85	4517.091
-780690.837	-1009425.779	-780880.66	-1009150.77	343.437
-684010.75	-1063877.72	-684424.781	-1065700.399	1936.745
-736753.35	-1038293.37	-736721.47	-1038267.28	41.195
-644781.85	-1019489.29	-645067.326	-1018712.694	871.226
-751815.75	-1014127.69	-750676.86	-1010875.87	3545.201
-788150.0	-990375.94	-788144.83	-990291.65	145.804
-706947.95	-1063003.73	-707084.08	-1063283.91	311.967
-785874.31	-1045240.77	-789561.15	-1048395.93	6040.354
-719483.589	-1016406.002	-720032.57	-1016718.64	646.705
-736617.09	-1024933.33	-737800.99	-1023848.764	1771.237
-820469.461	-1007315.819	-820309.994	-1008044.434	775.159
-691574.05	-997582.71	-692465.41	-996307.79	1937.245
-735617.1	-1020584.03	-734509.96	-1021489.88	1447.224
-730506.49	-1043283.22	-730458.67	-1043345.36	321.928
-866261.592	-1002064.318	-861494.852	-1000798.071	5519.472
-769866.22	-1053817.49	-766707.613	-1052278.382	3569.333
-682593.55	-1057225.8	-677073.236	-1057023.454	5646.9
-789574.91	-1064106.02	-783489.42	-1061938.708	6569.918
-762685.372	-977846.601	-762487.54	-978758.49	1220.337
-743000.34	-1018311.31	-738491.09	-1020682.01	7493.099
-741678.677	-1028204.395	-740777.512	-1027762.545	1013.46
-882642.087	-1015832.189	-883593.847	-1017580.316	2085.838
-685568.523	-1071855.137	-683965.035	-1071510.03	1716.231
-814649.04	-1070090.53	-814637.5	-1069897.604	197.244
-767284.046	-1030405.057	-766999.39	-1030292.96	308.099
-676545.294	-1071198.007	-675198.195	-1071371.947	1604.512
-777343.21	-973974.16	-777324.325	-973961.95	23.536
-704510.14	-1069420.73	-703603.3	-1070228.96	1226.636
-796303.62	-1037484.85	-794659.195	-1039549.728	3529.76
-867178.859	-1001595.783	-866023.445	-1000937.373	1383.601
-754478.53	-1063405.59	-754225.14	-1063340.86	261.592
-751893.901	-987526.245	-751699.887	-986254.972	1355.786
-709946.18	-1000726.775	-709961.951	-1000727.635	17.441
-671513.114	-994230.191	-671278.77	-994714.42	636.083
-700549.976	-1016985.471	-702421.28	-1015142.57	3307.405
-800458.83	-1005123.939	-800310.375	-1005008.813	317.598
-771549.54	-982560.38	-772772.16	-981632.61	1573.33
-740981.82	-1040767.63	-740793.95	-1040702.31	237.941
-722774.5	-1086079.5	-724018.519	-1087617.527	4486.513
-677459.533	-1091180.847	-677554.527	-1088695.803	2592.28
-767102.18	-989078.35	-767026.934	-988599.297	521.854
-712059.61	-1018772.808	-712344.92	-1015969.21	2894.722
-845230.462	-1031772.156	-845202.589	-1031843.781	76.857
-866511.434	-1007379.341	-866412.755	-1007295.052	132.671
-730212.23	-1055927.94	-730095.279	-1055932.911	117.63
-783639.3	-1061919.5	-783532.06	-1061868.28	127.138
-759516.3	-1015707.3	-759318.06	-1015367.68	441.647
-765609.7	-990470.42	-765904.06	-990386.07	382.819
-755007.66	-1046144.38	-755092.033	-1045687.374	473.014
-763584.281	-996371.119	-764178.213	-995931.718	762.269
-725756.82	-1080639.05	-724274.98	-1081959.74	2010.733
-667006.204	-1075075.738	-666720.53	-1075244.117	346.405
-678047.049	-1087810.462	-678035.842	-1088468.6	660.185
-681010.66	-998087.02	-681492.57	-998697.66	839.446
-815971.38	-1064373.54	-816263.175	-1064382.149	292.609
-652907.021	-1011415.196	-652196.12	-1011646.89	778.512
-643547.547	-1062379.736	-643574.344	-1062389.511	34.153
-737351.19	-1057924.427	-737358.08	-1057974.775	56.607
-713290.45	-1029306.03	-714019.39	-1030869.42	1790.316
-734930.34	-1043352.34	-734987.129	-1043424.159	104.847
-721544.88	-1026313.21	-724293.04	-1026433.46	2858.609
-673546.85	-1042976.667	-673440.367	-1043397.604	436.544
-803595.72	-1041012.29	-800845.07	-1040057.81	3122.588
-655189.404	-1051871.198	-655182.379	-1051829.918	41.874
-650365.17	-1017742.53	-651046.35	-1014975.04	3366.255
-765581.13	-1009982.57	-764772.972	-1010050.475	840.47
-807972.849	-1018567.797	-811576.772	-1017603.739	4151.738
-697904.966	-1041996.604	-696821.837	-1044201.127	2719.906
-692138.97	-1053501.65	-693139.9	-1052017.28	1819.137
-652591.71	-1064360.351	-652605.739	-1064369.9	18.826
-791840.28	-1069934.22	-791832.5	-1069959.04	26.237
-851518.2	-1010751.166	-851658.317	-1010625.087	189.907
-790637.26	-1060634.4	-790012.06	-1060982.27	879.04
-776525.65	-975733.18	-776678.43	-975431.97	337.754
-843931.125	-1074255.898	-845415.76	-1073378.13	1780.045
-777701.42	-1060876.17	-777136.27	-1059288.63	1819.907
-682033.32	-1045775.8	-682263.2	-1045314.88	574.506
-807965.166	-1072493.025	-807951.231	-1072505.626	20.342
-765164.638	-989534.881	-764837.642	-989035.083	632.133
-700619.652	-1070088.575	-699826.15	-1069367.85	1183.153
-744982.633	-1021418.128	-743000.34	-1018311.31	6453.99
-735016.544	-973811.114	-733937.241	-972137.04	2061.041
-750021.242	-1005725.692	-749257.29	-1010057.03	4745.128
-650151.641	-1042705.927	-649679.88	-1041503.66	1707.844
-742335.39	-1026856.18	-741318.219	-1026828.168	1034.017
-731099.497	-1041271.31	-732051.83	-1040986.84	1017.359
-660193.355	-1090932.548	-658870.681	-1093727.726	3185.569
-711277.73	-1024644.39	-710785.11	-1024084.1	803.944
-776434.28	-976007.81	-776369.209	-975951.979	90.877
-644044.43	-1036806.581	-645557.515	-1036699.955	1878.01
-694056.52	-1014023.47	-693187.068	-1015097.222	1493.349
-874849.441	-1007985.653	-874312.717	-1007284.93	1128.044
-671829.67	-1073691.16	-670828.26	-1074758.31	1499.761
-769188.45	-1037631.87	-769243.19	-1037394.21	265.144
-648369.812	-1038391.511	-647866.94	-1037895.92	848.171
-736617.09	-1024933.33	-736897.47	-1026809.06	2002.832
-813476.289	-1065972.225	-813598.366	-1066082.57	165.146
-693561.4	-1056600.7	-691882.63	-1055588.49	2288.952
-644165.523	-1059726.601	-643931.318	-1060759.431	1065.019
-829630.225	-1065454.87	-827686.949	-1066300.061	2169.496
-701618.13	-1053223.9	-701518.7	-1053203.9	103.262
-652074.08	-1024611.04	-652123.08	-1024688.68	92.061
-755956.61	-990921.9	-756545.25	-990581.42	681.584
-753815.92	-975963.16	-751792.832	-975676.789	2518.443
-786898.14	-991274.68	-786222.78	-992025.7	1014.795
-756545.25	-990581.42	-756563.61	-990560.26	36.442
-646849.159	-1084496.077	-646860.963	-1084552.205	57.356
-643782.714	-1036881.502	-643687.778	-1034975.692	1980.473
-783314.78	-1005296.41	-782818.71	-1003395.77	1997.806
-668596.42	-1026512.986	-668332.53	-1025413.37	1149.29
-697477.333	-1035907.731	-697518.488	-1035881.249	61.309
-698225.61	-1063063.57	-697119.277	-1060869.356	2524.411
-812219.241	-1036962.531	-814978.285	-1036787.302	3110.224
-876360.227	-1021448.158	-879988.85	-1020805.55	3797.764
-704751.508	-1048567.281	-704737.523	-1048621.589	56.197
-670493.82	-1074876.4	-669625.087	-1074589.714	1658.396
-681345.871	-1046738.944	-682033.32	-1045775.8	1501.03
-828142.339	-997312.657	-828019.303	-997044.751	371.946
-661501.52	-1058410.07	-661199.843	-1057677.192	810.301
-789555.135	-1064020.58	-789687.46	-1064102.65	164.817
-825861.794	-1026578.558	-830311.214	-1027135.661	5103.692
-679257.94	-1038219.08	-679280.26	-1038094.26	127.408
-730506.49	-1043283.22	-730570.9	-1042956.27	333.235
-762669.225	-1039851.164	-762593.868	-1038824.962	1032.994
-771087.984	-1050192.956	-771068.06	-1050158.51	39.793
-658882.42	-1011419.01	-658795.39	-1011722.96	320.826
-794405.95	-1003945.91	-794212.96	-1004037.02	213.415
-776368.4	-975487.15	-776387.54	-975479.38	21.792
-648351.3	-1017818.92	-648420.53	-1016944.91	926.236
-791767.762	-1034268.061	-794059.78	-1036805.73	3849.616
-672905.118	-1083829.117	-673583.4	-1084431.66	915.222
-863895.585	-1041876.362	-863940.836	-1042221.619	358.142
-676351.61	-1015305.71	-676879.59	-1014166.414	1522.966
-840551.637	-1070357.758	-840507.259	-1070476.393	134.113
-822523.291	-1068631.884	-822489.045	-1069168.568	571.163
-764974.33	-991600.96	-765196.17	-991442.12	273.591
-755258.008	-1046325.019	-754869.91	-1046408.2	398.295
-664104.224	-1047930.346	-662956.071	-1048677.243	1416.255
-755939.14	-1034460.74	-756982.34	-1032183.619	2518.861
-846571.19	-1058231.87	-847074.095	-1057602.076	819.931
-865264.7	-1006922.21	-864649.983	-1006323.458	948.375
-709945.145	-1000742.9	-709946.18	-1000726.775	17.95
-653812.476	-1023484.643	-653846.459	-1023468.5	42.381
-748217.911	-1030589.276	-747674.5	-1033325.3	2867.755
-678155.87	-1069138.538	-675640.02	-1070644.17	3130.556
-695466.04	-999732.44	-693763.178	-1000271.218	1931.333
-843841.55	-1002700.27	-843918.16	-1002773.37	109.127
-845783.24	-1007906.04	-846072.799	-1007934.831	299.371
-773121.153	-974553.726	-772530.856	-975898.01	1608.507
-772312.553	-1081854.452	-772303.679	-1081833.637	23.658
-721480.646	-1056896.706	-721472.343	-1056910.857	17.972
-791324.55	-1023883.27	-790944.406	-1021661.805	2367.489
-780799.07	-998071.35	-781214.734	-998287.394	468.459
-658622.933	-1059729.837	-657424.799	-1057490.718	2759.117
-645766.812	-1077440.453	-646565.498	-1077448.371	845.663
-669423.182	-1060972.228	-669122.277	-1060861.011	328.623
-665214.42	-1066320.27	-664710.698	-1068052.491	1975.909
-661815.94	-1019747.04	-661677.75	-1019517.07	268.385
-654532.0	-1044940.38	-654226.65	-1044422.6	605.359
-701596.83	-1012405.94	-701493.122	-1012267.925	172.758
-770582.61	-973150.378	-769380.29	-972521.91	1356.952
-688948.56	-990840.02	-688782.75	-991454.34	649.951
-764261.78	-997949.66	-763584.281	-996371.119	1954.465
-726016.3	-1037837.02	-724272.84	-1037388.347	1852.251
-658927.592	-1053462.142	-658334.737	-1052094.419	1492.112
-788049.75	-1006847.45	-787761.3	-1006940.55	303.111
-809415.74	-994203.69	-809385.58	-994210.66	46.992
-740670.36	-985860.8	-740411.92	-987030.62	1265.455
-768945.24	-980157.05	-767282.221	-980308.449	1743.963
-858009.186	-1049152.542	-858706.713	-1052325.586	3571.881
-645887.77	-1042954.814	-645764.404	-1042735.256	251.843
-651301.86	-1057897.46	-651414.86	-1057894.12	113.049
-857397.986	-1066928.189	-847463.732	-1070394.531	10936.12
-782967.24	-1065482.01	-781276.156	-1065205.766	1770.164
-696821.837	-1044201.127	-695093.919	-1044393.153	1748.812
-712117.51	-1071221.702	-712241.19	-1070905.53	339.506
-747272.377	-1064367.253	-747683.923	-1064691.835	557.018
-644277.949	-1038606.572	-644149.596	-1038767.848	206.454
-862138.977	-1025229.767	-860013.131	-1026158.307	2835.671
-762240.73	-1026225.87	-762115.67	-1026223.8	125.103
-740377.782	-1074139.706	-740628.86	-1074654.03	596.635
-703567.379	-1020096.168	-702853.68	-1021948.35	1988.689
-744488.19	-1041311.68	-751349.25	-1041115.938	6926.303
-719458.52	-1019522.39	-719458.421	-1019071.828	453.012
-794127.69	-1003786.15	-795520.982	-1003368.997	1554.016
-792547.07	-975695.2	-791858.12	-976182.05	1146.652
-750373.074	-1005566.807	-750378.786	-1005549.152	19.991
-734677.054	-970731.792	-733829.805	-969647.157	1897.043
-700438.95	-1088340.9	-698428.52	-1089773.763	2532.13
-751460.039	-1074464.813	-751687.387	-1073721.144	816.313
-701283.64	-1067708.34	-700694.83	-1067745.19	593.993
-754781.524	-1001917.383	-751747.313	-1007286.838	6336.69
-754895.68	-1063355.495	-754811.591	-1063320.883	90.934
-736994.459	-1032378.053	-737019.67	-1032551.039	191.207
-657761.727	-1064862.846	-658394.989	-1065056.914	664.147
-819172.32	-1071709.66	-817485.111	-1070669.022	2000.535
-715074.63	-1040766.98	-714135.1	-1040635.74	955.148
-762829.78	-987338.79	-762660.384	-984434.985	3030.102
-737608.164	-1050851.346	-737557.43	-1050809.91	68.424
-792756.27	-1064989.56	-792559.55	-1065629.64	724.883
-647370.202	-1070293.104	-647353.082	-1070283.365	27.89
-732450.31	-1054985.68	-732551.961	-1055116.211	256.832
-677451.058	-1022228.31	-675183.93	-1021306.91	2498.673
-697320.24	-1023642.9	-695390.003	-1024767.071	2289.039
-728805.03	-1039018.55	-729906.312	-1038942.067	1109.363
-864700.48	-1059564.14	-863247.271	-1054696.134	7711.4
-840182.398	-1056753.095	-840183.754	-1056792.045	39.277
-645504.97	-1076863.933	-645766.812	-1077440.453	634.817
-769188.45	-1037631.87	-768899.02	-1037496.17	438.061
-855649.83	-1035660.68	-857068.072	-1034191.237	2172.163
-730719.8	-1045394.6	-730433.77	-1043884.81	1549.358
-647401.8	-1028096.74	-647469.48	-1028188.01	113.626
-694097.928	-1048485.249	-694503.77	-1049498.43	1098.536
-869335.04	-1015775.02	-869236.02	-1015892.63	162.502
-804924.075	-989096.845	-804952.408	-989107.347	30.481
-753284.357	-1004660.27	-751804.13	-1004450.95	1512.067
-714132.725	-1073338.675	-714126.459	-1073423.687	85.622
-682609.21	-1044783.43	-681943.75	-1042758.76	2244.342
-724422.035	-1041567.578	-724437.183	-1041554.406	21.951
-757415.611	-994125.242	-756190.559	-993844.372	1271.814
-696714.09	-1009872.17	-698925.234	-1010862.723	2687.248
-761330.631	-994884.53	-761264.677	-994889.293	69.089
-752483.391	-1077454.372	-750680.81	-1076644.15	2082.098
-692479.53	-1046283.14	-689840.591	-1046565.689	2659.671
-805541.115	-990403.576	-805529.791	-990380.262	29.683
-754073.5	-1045920.14	-753724.11	-1045846.48	435.486
-645440.32	-1052446.23	-645364.78	-1052486.63	126.052
-648646.5	-1065164.625	-648859.67	-1066159.18	1113.238
-674920.11	-1092527.843	-675287.453	-1092727.547	2552.422
-781165.18	-977555.19	-781686.39	-976700.47	1118.664
-705224.412	-1082573.949	-704891.302	-1081539.256	1098.259
-879585.58	-1020819.82	-878764.562	-1022419.216	1885.559
-701009.58	-1089180.0	-700841.682	-1090047.888	2323.961
-796390.94	-1055155.03	-796967.21	-1053971.04	1632.017
-814392.773	-988063.794	-809067.59	-990874.41	6558.488
-719610.632	-1066956.199	-719134.73	-1068870.94	2011.008
-700213.91	-1012677.63	-698847.622	-1012640.27	1393.857
-765174.24	-1037748.31	-765183.32	-1037756.4	12.698
-702329.08	-1044460.32	-702392.08	-1045953.55	1554.547
-694177.33	-1002782.15	-694222.409	-1002472.161	319.085
-672055.54	-1039487.72	-671942.405	-1039583.898	149.828
-670852.196	-1050857.433	-670263.038	-1053337.584	2621.33
-780724.916	-1009557.171	-780546.517	-1009551.238	183.798
-691878.43	-1009643.53	-693161.08	-1007415.74	2768.403
-735378.68	-1040730.19	-735488.86	-1040504.8	253.363
-646786.441	-1046280.427	-645970.479	-1043078.314	3360.377
-675086.81	-1006293.2	-674999.298	-1006664.392	448.812
-823918.42	-1076379.17	-824123.41	-1076094.96	378.668
-726367.226	-1053620.562	-726774.909	-1054699.946	1182.324
-724223.542	-1037385.671	-724221.372	-1037346.047	42.438
-713092.63	-1079204.57	-713031.564	-1079710.978	545.144
-648919.929	-1048245.544	-648166.53	-1047764.36	894.517
-824668.188	-1060950.97	-822762.154	-1059353.561	2848.13
-702557.72	-1030313.19	-702807.89	-1029484.95	979.443
-682674.341	-1028324.974	-682692.846	-1028346.69	28.531
-655326.012	-1024814.439	-655206.639	-1024478.076	362.986
-784099.891	-975185.692	-785820.327	-976749.551	2530.442
-846262.964	-1072549.949	-845892.06	-1072257.44	473.027
-678883.548	-1033468.819	-679251.22	-1033454.96	368.108
-784053.28	-1047904.36	-785021.6	-1045330.21	3212.187
-680978.05	-1051551.51	-681072.46	-1051644.97	136.863
-645667.751	-1071370.708	-645265.831	-1071654.948	498.211
-773231.21	-978427.34	-773248.94	-978418.24	24.358
-775491.055	-988500.27	-775538.857	-986019.904	2844.675
-767346.246	-1040086.767	-766250.89	-1038585.87	2034.483
-836045.875	-1043452.688	-840037.09	-1044765.746	5160.031
-770537.784	-1010225.627	-766866.215	-1009933.771	3706.934
-660600.09	-1066370.54	-660064.183	-1068439.061	2463.571
-686703.625	-986566.091	-686476.08	-990166.38	4947.157
-663227.05	-1065826.86	-662258.351	-1067543.972	2155.94
-745920.493	-1052837.899	-746031.36	-1052928.029	423.462
-751487.88	-1038347.8	-751592.776	-1038205.716	195.994
-873151.075	-1009409.353	-873220.634	-1009452.022	90.994
-759651.247	-1059692.039	-760447.14	-1059615.138	914.804
-688328.881	-1046580.985	-689513.392	-1046443.612	1303.297
-753912.95	-1033138.8	-753916.336	-1032670.828	506.576
-778474.61	-1058840.4	-778327.952	-1058733.938	198.506
-692358.68	-1046574.8	-692295.411	-1046667.796	114.466
-694503.77	-1049498.43	-696673.394	-1049950.353	2427.589
-794827.259	-986652.482	-794920.703	-986688.056	101.103
-738037.11	-1005368.743	-740121.86	-1003622.47	2981.099
-700207.76	-1047783.05	-701483.77	-1047075.82	1497.408
-813245.666	-1017991.657	-814942.43	-1022106.92	4515.715
-642077.521	-1092336.307	-641605.123	-1092203.697	499.782
-658424.33	-1064450.19	-658706.819	-1064884.091	529.22
-759861.728	-1027256.302	-760986.04	-1026533.61	1640.216
-781414.81	-1012256.33	-779946.4	-1012986.89	2332.689
-792002.03	-1071349.26	-792604.39	-1071830.54	836.639
-708393.03	-1085245.969	-709239.075	-1084687.83	1054.659
-796562.33	-980874.64	-796706.692	-980718.829	215.188
-765863.36	-1026064.72	-765605.87	-1025824.37	354.565
-767505.147	-1030465.416	-767305.477	-1030413.63	206.758
-750027.08	-1005696.608	-750036.931	-1005704.222	12.81
-670431.0	-1047137.14	-670302.753	-1047033.774	164.752
-872762.508	-995169.136	-871571.133	-995640.839	4398.991
-807985.91	-1047762.37	-808952.21	-1046616.25	1761.538
-784696.252	-1027101.178	-784613.308	-1027026.831	195.454
-787023.28	-1009846.62	-788356.44	-1008594.32	1956.617
-715825.398	-1040270.046	-715802.644	-1040275.867	26.091
-851262.609	-1068848.27	-851363.483	-1068832.609	102.086
-672648.861	-1053832.57	-671676.996	-1053675.005	994.214
-692732.56	-1045939.57	-692580.496	-1046095.138	219.275
-735035.64	-1031357.32	-734056.437	-1031412.866	982.742
-781142.37	-1024346.29	-778138.73	-1024703.06	3049.951
-829918.574	-1070530.916	-831365.121	-1070584.323	1459.934
-700939.169	-1010810.479	-700850.258	-1010619.439	210.8
-772803.63	-1017751.8	-774940.581	-1017890.853	2150.796
-882361.76	-1020912.45	-880457.418	-1019613.337	2595.734
-670190.15	-1047706.29	-669943.33	-1047802.91	265.063
-773554.847	-978844.404	-774137.11	-977853.18	1155.887
-668900.263	-1010304.089	-668653.807	-1010130.087	314.936
-761165.56	-994823.376	-761091.924	-995027.082	216.736
-682609.21	-1044783.43	-682523.68	-1045236.7	461.3
-669466.252	-1013763.62	-669471.047	-1013784.39	35.203
-751863.653	-979629.662	-751196.842	-979431.781	743.1
-742533.36	-1045896.58	-742587.308	-1046018.625	135.592
-680107.004	-1067418.19	-679630.205	-1067940.403	708.311
-663846.34	-1076975.045	-662825.369	-1081498.459	4731.753
-660661.6	-1069779.97	-661168.88	-1070300.5	736.571
-654988.369	-1070998.936	-653540.239	-1071735.365	1736.96
-788856.01	-1038690.79	-788045.69	-1038570.688	900.664
-716401.15	-1060900.03	-717088.02	-1060102.5	1497.679
-700850.258	-1010619.439	-700834.385	-1010509.411	135.581
-728436.074	-1061012.176	-728655.924	-1060908.631	248.474
-723719.755	-987123.519	-726313.87	-985563.72	3095.262
-765196.17	-991442.12	-765681.525	-990725.693	886.104
-771589.277	-973799.939	-770825.356	-973347.704	901.336
-838376.918	-1004698.806	-838369.06	-1001460.2	4691.872
-677292.61	-1004621.31	-678849.04	-1004521.86	1633.726
-666720.53	-1075244.117	-666788.659	-1075535.744	315.724
-639960.604	-1042280.486	-639819.948	-1042245.718	206.199
-864470.66	-1014864.14	-864660.78	-1015185.63	376.167
-645887.77	-1042954.814	-645518.759	-1042729.318	453.713
-748140.66	-1005344.116	-748162.565	-1005349.258	25.73
-871076.13	-1046023.98	-873089.601	-1046057.481	3980.501
-734924.513	-978114.676	-734179.118	-976020.254	2274.66
-849181.34	-1044137.53	-847352.14	-1046359.12	3380.456
-824026.79	-1073771.599	-824013.0	-1073699.3	75.766
-773107.31	-1004082.68	-772708.64	-1004795.07	855.571
-847631.984	-1026209.072	-850635.225	-1022379.352	4993.2
-657007.24	-1069561.841	-657405.41	-1068717.74	934.829
-807952.239	-1072477.849	-808157.36	-1071439.843	1093.221
-797625.12	-1013152.09	-795999.57	-1013472.36	2939.886
-754526.906	-1063536.551	-754453.681	-1063515.296	76.499
-758846.34	-1054643.86	-759343.85	-1055717.92	1222.366
-679703.97	-1011880.87	-680458.8	-1011176.49	1045.285
-709548.831	-1013318.313	-709205.78	-1011739.13	1762.403
-775736.2	-1064261.9	-776364.77	-1062821.26	1623.335
-806200.929	-1062531.738	-806580.366	-1062053.822	620.449
-643351.07	-1073096.02	-644363.219	-1074429.349	1719.35
-717024.88	-1028516.25	-719358.41	-1030469.28	3043.376
-876134.38	-1021131.71	-876124.29	-1021139.59	14.085
-849869.602	-1048792.886	-848819.369	-1047955.088	1422.831
-719738.436	-1066678.565	-719610.632	-1066956.199	370.991
-781656.319	-1060949.682	-781669.484	-1061354.464	414.721
-822013.873	-996448.627	-822224.908	-996407.815	228.191
-806461.312	-1072615.239	-806475.01	-1072614.425	15.305
-688883.932	-1058199.578	-688732.223	-1058533.682	371.358
-808708.01	-1000773.94	-808575.344	-1000665.039	171.703
-675241.22	-1000267.97	-673848.98	-1000552.98	1641.242
-751081.699	-983234.876	-751028.92	-981540.47	1774.217
-647971.86	-1063967.988	-647949.802	-1063977.55	26.67
-737378.41	-1051200.73	-734833.8	-1053003.25	3135.685
-800608.9	-1067009.36	-804737.03	-1062302.394	6970.387
-758836.53	-1033845.27	-759056.26	-1033704.719	260.853
-747889.099	-1030600.482	-747306.301	-1028328.545	2474.471
-789753.24	-1064120.66	-789709.144	-1064199.061	101.221
-819511.67	-1075826.07	-819588.885	-1075793.762	101.38
-739856.55	-1048772.52	-739172.11	-1048818.336	689.791
-769100.28	-1034464.36	-769389.42	-1033348.2	1173.673
-677452.67	-996678.42	-674315.48	-997936.62	3683.476
-887693.209	-1018971.361	-887588.336	-1017002.628	2250.066
-728996.04	-1005550.439	-728571.644	-1005629.372	436.307
-685424.56	-1032839.43	-686288.658	-1034859.718	2317.552
-648563.304	-1072847.197	-649162.702	-1072381.248	762.88
-803234.05	-1000504.67	-802861.71	-1001269.784	1007.393
-786429.169	-985671.17	-786504.24	-985626.52	88.565
-778937.795	-1029962.107	-778803.67	-1029766.5	237.242
-663061.438	-1022726.344	-661815.94	-1019747.04	3603.793
-835023.352	-1038205.577	-834866.785	-1038392.737	244.59
-806814.361	-1057381.18	-809714.232	-1056420.091	3453.534
-778981.648	-981746.448	-779063.45	-981850.24	132.153
-816858.775	-987381.333	-818230.1	-984913.28	2985.294
-659288.519	-1008355.189	-659300.865	-1008357.932	14.206
-689214.05	-1020423.947	-685901.05	-1019332.07	4130.899
-771139.03	-1003724.68	-771256.68	-1004227.34	560.049
-812826.87	-1005193.35	-812613.446	-1005240.202	218.513
-735859.82	-1031839.76	-734199.75	-1031885.47	1722.005
-822593.74	-1069482.0	-822396.22	-1069384.95	243.725
-657177.89	-1027416.55	-655721.4	-1026706.88	1855.714
-659098.75	-1009155.77	-655915.64	-1010865.18	3949.042
-735658.926	-1031187.02	-735677.204	-1031198.34	23.798
-784998.81	-991020.33	-783623.3	-991692.49	1594.159
-754478.268	-1002091.131	-755025.976	-1001778.306	631.475
-649281.836	-1061781.562	-649269.117	-1061763.106	24.774
-656067.747	-1048723.149	-655883.891	-1048425.175	350.261
-768977.62	-1034588.88	-767141.08	-1033645.5	2098.554
-654724.454	-1031065.877	-654626.586	-1030590.14	498.176
-804992.853	-989111.787	-805000.518	-989097.218	17.872
-721515.93	-1016968.04	-720744.89	-1017999.41	1326.117
-766803.76	-1037074.27	-766794.91	-1037066.09	13.144
-750079.66	-1033913.28	-751596.74	-1033037.27	1808.06
-682386.51	-1045201.04	-682523.68	-1045236.7	142.672
-752136.14	-1042822.68	-751603.929	-1041232.075	1687.181
-776655.935	-975605.359	-776656.257	-975645.026	67.703
-887777.614	-1019985.955	-887560.516	-1019868.019	254.024
-805133.389	-994169.159	-805259.48	-994166.93	127.796
-747041.264	-1017634.962	-747318.87	-1017001.64	693.873
-752690.62	-972236.13	-752952.03	-971384.738	1237.82
-673270.08	-1043444.385	-669535.23	-1044445.601	3868.072
-812119.815	-1017145.01	-813245.666	-1017991.657	1436.48
-728836.996	-1077840.299	-728849.261	-1077896.152	104.509
-674087.966	-991095.283	-674100.64	-991599.67	1428.89
-829774.868	-1072801.654	-829800.781	-1072833.673	43.515
-741471.85	-1019735.03	-738491.09	-1020682.01	3186.669
-652788.52	-1024989.77	-652123.08	-1024688.68	811.512
-704453.1	-1014660.56	-704896.61	-1014942.03	526.164
-737298.622	-1057931.764	-737351.19	-1057924.427	60.697
-759694.68	-976470.55	-758080.6	-977733.33	3047.149
-769519.22	-1080204.5	-770262.821	-1080426.88	799.894
-710240.621	-1036353.305	-706685.6	-1037092.63	3802.262
-762853.52	-1061995.16	-763618.94	-1061358.01	1211.571
-848715.44	-1050724.55	-848771.631	-1050724.211	56.192
-647598.453	-1070426.818	-647345.533	-1071014.407	646.644
-699629.87	-1055317.49	-699196.5	-1055916.06	815.723
-830303.18	-997579.08	-831240.458	-999151.728	2695.655
-742545.072	-1015029.101	-743374.6	-1015246.99	869.348
-716425.506	-1057311.845	-715946.22	-1057343.1	480.314
-648646.5	-1065164.625	-648566.084	-1065178.916	81.678
-722222.22	-997971.0	-725453.136	-998817.093	5161.126
-865156.072	-1016055.06	-865272.948	-1015986.292	135.861
-670833.536	-1070603.537	-670881.948	-1069497.115	1160.028
-709135.278	-1086147.785	-711374.99	-1085861.61	2286.518
-766752.906	-981642.493	-767019.3	-982605.74	1085.898
-817594.573	-1036995.655	-817623.148	-1037014.96	34.486
-711131.66	-1011675.56	-711094.626	-1011664.817	38.577
-759244.033	-1068497.749	-759142.75	-1068600.375	145.773
-783351.96	-1064711.49	-783872.32	-1065262.31	804.523
-706685.6	-1037092.63	-705454.27	-1037701.34	1479.484
-702667.689	-1022336.44	-702017.25	-1023575.44	1436.366
-847352.14	-1046359.12	-847324.257	-1046292.378	76.352
-788405.81	-990185.11	-788446.462	-990047.331	143.968
-782979.14	-1007118.42	-782026.167	-1007397.616	1014.894
-776634.42	-1027612.8	-774109.779	-1027302.216	2771.717
-754059.77	-1046108.69	-753858.425	-1046002.964	230.662
-802665.56	-986793.53	-804600.045	-988821.064	2900.909
-686413.35	-990741.71	-685505.55	-990812.11	1073.237
-882622.57	-1021971.004	-883757.002	-1021715.412	1165.471
-874849.441	-1007985.653	-878042.415	-1004389.221	6247.159
-669497.98	-1013920.47	-669486.06	-1013907.47	17.996
-773808.417	-1047373.8	-771084.12	-1044639.87	4244.52
-772523.117	-1081971.363	-772404.43	-1081947.67	129.772
-787651.31	-989675.49	-787424.51	-989781.65	265.937
-810760.28	-991750.83	-814420.08	-988131.19	6397.209
-709955.586	-1000746.529	-709945.145	-1000742.9	11.514
-660240.66	-1003312.06	-660596.22	-1003097.49	418.935
-739011.19	-1040229.08	-738890.244	-1040092.129	315.918
-847235.691	-1007495.607	-847170.479	-1007441.499	84.738
-760105.85	-976644.44	-760266.0	-976457.688	249.88
-757097.594	-1032250.122	-756802.63	-1032153.56	310.396
-682911.605	-1089391.638	-682615.938	-1087826.567	1606.096
-885893.23	-1020667.615	-883700.873	-1019663.734	2487.392
-753698.5	-1066634.56	-753877.82	-1066653.36	192.684
-776572.98	-975967.95	-776316.188	-975779.5	344.522
-696417.162	-1054119.286	-696930.45	-1054809.26	864.624
-764436.4	-977167.332	-764426.058	-977139.381	31.017
-650798.66	-1020546.9	-649268.93	-1019995.56	1648.327
-781509.07	-1047399.61	-778604.682	-1048733.957	3197.88
-766626.437	-972314.671	-766952.821	-971853.213	565.221
-838402.846	-1065280.683	-838418.981	-1064292.207	1054.035
-758416.97	-970988.03	-759505.373	-970185.822	1362.263
-639884.649	-1068454.388	-639989.465	-1068443.161	312.041
-752716.919	-1009641.85	-751059.36	-1010180.34	1757.091
-647949.802	-1063977.55	-647953.556	-1063944.924	44.45
-784289.205	-1026790.087	-784268.435	-1026788.976	22.28
-823997.083	-1031074.688	-823993.2	-1034841.931	5094.781
-884612.115	-1021810.074	-884584.089	-1021818.952	35.207
-768447.69	-1028149.04	-768419.55	-1028090.41	65.064
-730531.813	-1057439.07	-730564.38	-1057446.88	33.49
-859296.61	-1031466.39	-860160.79	-1029930.809	1952.075
-809067.59	-990874.41	-808753.15	-991205.09	458.039
-760864.513	-1000583.034	-757012.059	-1000191.644	3897.926
-880151.53	-1017056.729	-880106.128	-1017037.521	49.299
-866570.558	-1040967.68	-864577.617	-1039218.412	3549.172
-760604.3	-1013328.54	-760003.88	-1013059.59	659.291
-845398.449	-1044515.837	-846070.357	-1044381.777	773.14
-690247.146	-995050.618	-690242.41	-995107.0	56.789
-731145.825	-1053372.089	-731354.323	-1054921.893	1642.788
-646362.235	-1071521.322	-646157.913	-1071175.528	408.781
-812576.94	-1013960.82	-812896.76	-1013097.99	933.74
-699321.98	-1074296.04	-699291.53	-1077338.05	3194.538
-808859.77	-1004533.06	-808775.884	-1003795.998	784.396
-659466.97	-1008885.9	-658882.42	-1011419.01	3307.681
-841116.01	-1031187.07	-841612.48	-1029097.62	3468.641
-701864.5	-1027910.07	-702777.85	-1027874.37	1132.356
-773723.726	-1016297.862	-775931.861	-1014770.023	2745.275
-734657.59	-1033417.9	-734560.737	-1034385.235	975.99
-795581.52	-1003424.16	-798811.049	-1001939.102	3561.171
-673583.4	-1084431.66	-674053.53	-1083790.15	804.344
-662153.973	-1068753.801	-660064.183	-1068439.061	2121.792
-757098.591	-1047047.502	-757110.445	-1047042.846	13.995
-699196.5	-1055916.06	-699352.38	-1057446.86	1622.692
-683485.717	-1066495.028	-683505.878	-1066498.52	21.939
-720073.289	-1071319.818	-720117.76	-1071251.49	81.525
-746947.0	-1017091.25	-746965.041	-1017374.599	314.01
-754170.984	-982983.49	-753093.273	-983301.577	1279.08
-759505.373	-970185.822	-759541.615	-970262.409	84.919
-760144.97	-1011847.89	-763051.01	-1010558.8	3286.776
-644447.233	-1038261.923	-644318.761	-1038051.714	248.287
-745964.59	-1022943.18	-745978.025	-1022943.676	14.153
-643049.81	-1024267.01	-641679.37	-1023333.67	1863.415
-727438.719	-1062037.833	-725979.904	-1063751.37	2839.076
-710938.84	-1049923.0	-710182.35	-1049300.4	1052.414
-762993.042	-1036759.664	-761681.41	-1037105.19	1463.566
-647185.92	-1043354.23	-646328.303	-1042747.946	1051.214
-712204.06	-1019056.16	-712059.61	-1018772.808	318.74
-773086.402	-978766.973	-773198.18	-978453.94	347.728
-680353.748	-1082497.976	-678596.625	-1082820.423	2001.754
-687171.65	-1008606.97	-687068.48	-1007962.774	879.575
-760693.291	-1033875.884	-761207.79	-1034014.75	533.105
-639822.083	-1043110.517	-639956.58	-1043068.73	280.201
-842891.95	-1010664.03	-841795.204	-1010891.984	1171.965
-647876.97	-1093900.63	-647923.93	-1094532.48	641.153
-723479.16	-1003385.98	-726309.65	-1005617.59	4582.879
-678047.049	-1087810.462	-679247.175	-1087907.718	1232.431
-743703.125	-1025022.688	-743575.018	-1025210.438	228.33
-792625.32	-979606.04	-792674.46	-979701.73	107.7
-645846.83	-1036798.13	-645557.515	-1036699.955	313.886
-733563.58	-1053923.28	-732591.292	-1053824.167	985.419
-781254.31	-1068262.15	-780713.7	-1068654.21	686.218
-709945.145	-1000742.9	-709158.077	-1001193.512	1002.667
-831841.063	-1024543.551	-832441.61	-1024564.49	600.913
-776401.408	-979320.987	-776179.99	-979470.54	269.579
-854925.579	-1011335.927	-855036.52	-1011397.23	135.875
-749242.33	-1044511.21	-749256.54	-1044624.59	114.319
-653279.646	-1022982.362	-656153.82	-1021977.87	3907.192
-692580.496	-1046095.138	-692629.241	-1046029.703	82.568
-701061.351	-1010492.143	-701164.592	-1010397.339	140.452
-702329.08	-1044460.32	-703440.6	-1044823.18	1179.767
-767940.059	-1080699.253	-766339.96	-1080322.38	2049.568
-702499.68	-1071902.7	-702046.11	-1071741.6	489.143
-776711.619	-1034332.795	-775574.553	-1033623.234	1426.571
-762838.747	-1028415.402	-765278.0	-1028005.63	3401.086
-703487.682	-1089002.434	-703550.361	-1088756.538	253.759
-697656.66	-1053658.25	-697797.7	-1053567.25	191.116
-754248.45	-997021.37	-755855.912	-995499.119	2570.608
-646644.983	-1068689.468	-646669.286	-1068695.164	27.72
-723882.82	-1021668.55	-721976.127	-1020248.353	2831.588
-753815.92	-975963.16	-753461.559	-974339.895	3026.665
-735161.18	-1040923.29	-734517.46	-1041013.28	775.747
-690789.28	-1055998.43	-690737.62	-1056009.16	52.763
-702747.23	-1018674.96	-701933.768	-1018659.443	894.389
-811942.127	-1065484.031	-812396.788	-1065188.615	564.987
-771884.49	-1066599.35	-773240.26	-1065794.28	1692.88
-731996.41	-998262.67	-731289.347	-998442.003	859.445
-769898.313	-1034656.295	-770954.56	-1034522.777	1114.256
-801278.029	-1013124.806	-803282.683	-1012488.552	2332.175
-833778.651	-1072472.294	-833813.423	-1072429.324	65.524
-689389.55	-1041615.82	-689416.53	-1041345.84	272.286
-720073.289	-1071319.818	-720011.75	-1071233.346	114.461
-800495.161	-978110.673	-802784.597	-977214.719	2713.881
-669134.93	-1002948.15	-668845.316	-1003441.49	588.023
-673103.375	-1012159.25	-673065.66	-1012180.91	43.492
-698771.08	-1081531.451	-699228.75	-1084220.74	3790.533
-757900.28	-991078.62	-757882.5	-991091.75	24.346
-749120.289	-990973.438	-748963.84	-990711.37	305.596
-679741.72	-1010278.02	-679781.5	-1010354.11	292.84
-784323.73	-1006892.02	-783314.78	-1005296.41	1889.286
-653680.66	-1007828.78	-653736.225	-1007576.657	523.422
-869348.34	-1019589.98	-869448.36	-1018125.62	1818.242
-714685.022	-1069750.904	-713596.42	-1070205.29	1713.091
-721472.343	-1056910.857	-721440.643	-1056896.976	45.894
-652274.886	-1066104.592	-651339.498	-1066525.743	1170.389
-670464.738	-1071072.651	-669237.85	-1071413.68	1309.247
-861192.21	-1005818.49	-861128.379	-1005824.81	64.224
-722247.869	-1041388.495	-722238.651	-1041371.728	22.405
-713461.529	-1057701.511	-713318.64	-1057596.11	178.634
-668300.58	-1045107.33	-668266.098	-1045163.806	66.711
-784613.308	-1027026.831	-779046.215	-1029571.411	6358.831
-666540.647	-1070261.263	-667580.854	-1071084.734	1389.962
-700237.043	-1054401.725	-701143.14	-1055185.74	1657.973
-827627.983	-1065980.046	-827686.949	-1066300.061	329.805
-673264.643	-994341.451	-675164.0	-992953.53	3033.47
-756216.449	-1043874.105	-756958.69	-1044056.74	818.414
-695648.89	-1038421.25	-695525.99	-1038429.14	125.083
-792713.08	-994913.79	-788872.45	-997502.602	4931.769
-851078.489	-1018209.76	-850960.186	-1014908.947	3989.905
-740361.66	-987432.43	-740411.92	-987030.62	438.756
-804204.364	-1015322.504	-802459.515	-1014326.771	2193.75
-819582.875	-1075697.375	-819567.0	-1075685.25	22.04
-867902.159	-1006942.079	-867876.413	-1006927.398	32.311
-759487.57	-1004337.58	-761119.495	-1000997.084	4945.016
-727802.84	-1023207.34	-726689.83	-1026631.446	4059.403
-736333.4	-1081373.52	-736689.21	-1080041.06	1514.641
-776387.54	-975479.38	-776091.86	-974206.31	1345.506
-680256.859	-1067463.219	-680243.275	-1067444.876	28.972
-805117.21	-995960.29	-805449.757	-996900.841	1011.123
-736414.985	-973035.118	-736741.105	-973060.952	360.224
-751400.001	-1045798.738	-751284.51	-1045846.232	132.061
-877281.783	-1023219.796	-877286.626	-1021488.591	1856.747
-769382.87	-990174.37	-770746.85	-990883.12	1750.618
-790637.26	-1060634.4	-790053.6	-1059337.48	1429.601
-753144.283	-1019290.304	-752741.46	-1017317.94	2023.615
-737329.67	-1035835.62	-737024.99	-1036287.62	546.142
-696412.988	-986870.134	-696398.86	-986594.61	277.484
-822338.15	-1022359.13	-821865.352	-1022146.499	534.936
-826325.4	-1047991.61	-826695.7	-1046988.145	1079.762
-763206.265	-1083508.236	-765353.59	-1080221.63	5536.61
-756770.213	-1065375.482	-756844.741	-1065253.931	157.234
-680184.437	-1024783.66	-679164.725	-1024308.852	1299.696
-652693.444	-1028466.555	-652444.32	-1028726.62	360.146
-765106.286	-1060529.073	-766384.884	-1060137.681	1533.021
-716142.935	-1064705.901	-715849.855	-1067543.626	3185.357
-762990.67	-1017658.57	-761383.292	-1015001.54	3111.529
-695962.77	-992333.25	-695463.99	-991622.97	869.777
-760447.14	-1059615.138	-761068.2	-1059492.78	813.329
-728238.84	-1027416.73	-729694.704	-1025204.159	4114.747
-784665.876	-1007701.217	-784354.602	-1007709.4	311.626
-767662.53	-981154.36	-766752.906	-981642.493	1088.656
-700237.043	-1054401.725	-699629.87	-1055317.49	1119.287
-760349.589	-988703.119	-760366.64	-987873.39	855.267
-779038.47	-1029561.661	-784288.839	-1027120.132	6025.464
-770494.286	-1053928.15	-773585.129	-1055782.565	3659.938
-765269.55	-1061964.842	-765293.39	-1061827.9	139.497
-784199.89	-1065298.81	-786505.52	-1066825.13	2827.384
-787060.19	-989261.78	-784998.81	-991020.33	3224.84
-782560.95	-1028351.4	-784268.435	-1026788.976	2353.473
-807087.86	-996251.48	-806963.57	-996427.91	231.752
-776164.42	-977575.59	-776389.105	-977198.922	468.729
-819391.504	-1042895.331	-821163.064	-1040511.731	4337.139
-703567.379	-1020096.168	-700575.05	-1020715.85	3294.085
-771129.77	-1013837.5	-771409.02	-1011313.29	2563.522
-668570.513	-1008622.189	-668127.32	-1007452.69	1287.947
-688387.54	-1023531.44	-687058.38	-1025912.7	3032.844
-653629.213	-1024181.643	-653654.524	-1024225.887	53.392
-640061.58	-1043028.02	-640457.476	-1043228.455	458.885
-701201.77	-1010349.33	-701716.99	-1010012.84	615.826
-670591.351	-1068779.942	-669692.44	-1068140.09	1144.952
-688204.498	-1045604.069	-688351.24	-1045429.23	239.515
-841670.444	-1018144.384	-841410.33	-1016492.513	2027.867
-765271.33	-1038248.14	-765168.47	-1037772.7	515.651
-829202.567	-1059275.791	-829250.68	-1058476.11	823.021
-655487.301	-1082266.333	-655546.801	-1084139.926	2153.009
-754368.65	-1063473.26	-754225.14	-1063340.86	203.68
-867441.345	-1002735.791	-868041.697	-1002230.454	806.817
-865689.492	-991806.891	-862451.551	-989807.102	4394.905
-647790.847	-1067393.64	-647880.34	-1067696.773	320.49
-849513.93	-1008292.36	-848549.27	-1008367.37	984.243
-644237.59	-1084047.54	-645473.846	-1084218.04	1373.375
-753237.13	-1041854.936	-753384.83	-1041809.36	154.64
-773437.1	-1067513.94	-773571.182	-1068163.625	680.569
-748963.84	-990711.37	-747671.952	-990070.094	1486.61
-750617.781	-1076624.699	-750625.795	-1076596.379	29.725
-685775.306	-1008252.372	-686593.53	-1007380.87	1258.121
-757608.017	-1040053.534	-757855.65	-1040223.969	359.251
-804263.349	-1031449.801	-801061.994	-1032382.651	3415.481
-645570.393	-1042290.671	-645685.415	-1042500.373	239.385
-757012.059	-1000191.644	-756634.32	-999950.65	486.933
-742481.38	-983608.42	-741438.097	-984864.973	1662.769
-681529.022	-1022174.331	-683331.887	-1021783.553	1972.946
-694676.06	-1062700.39	-694785.121	-1062521.895	209.204
-739324.81	-1048782.878	-740088.274	-1048662.678	787.135
-718889.95	-1006082.01	-718947.25	-1005997.56	102.094
-655607.26	-1048587.63	-655812.1	-1048450.58	256.959
-788477.217	-1013950.601	-788497.064	-1013954.972	32.756
-727547.636	-983761.853	-727533.57	-983771.26	16.922
-669625.087	-1074589.714	-668960.1	-1074642.45	681.592
-732608.251	-1056995.402	-732788.99	-1056914.48	199.701
-767138.17	-980622.421	-767241.0	-980439.39	224.234
-684496.2	-1065703.32	-684424.781	-1065700.399	71.479
-640988.613	-1069351.753	-640839.104	-1070655.431	1629.4
-712002.982	-1034390.585	-715062.318	-1036305.579	4041.136
-810633.478	-1066041.128	-811681.231	-1065758.167	1104.389
-757564.373	-1039753.091	-757602.58	-1040026.348	275.992
-702114.812	-1043261.196	-702329.08	-1044460.32	1244.319
-698194.99	-1034920.52	-698247.6	-1034623.78	302.191
-790841.527	-991416.733	-790800.756	-991445.291	74.625
-814235.79	-1004758.79	-812826.87	-1005193.35	1476.967
-783244.85	-1011887.99	-783625.48	-1009898.28	2042.27
-802861.71	-1001269.784	-802728.095	-1001775.969	708.865
-822396.22	-1069384.95	-822828.862	-1069529.776	557.396
-725019.592	-1035314.128	-725039.921	-1035332.008	50.168
-685232.746	-993710.463	-685133.178	-993721.288	100.155
-772541.83	-980125.34	-772686.635	-979904.72	274.114
-759887.37	-972841.89	-759850.619	-972865.737	43.895
-652384.421	-1032220.303	-653653.858	-1031493.301	1538.11
-693305.03	-1004407.28	-692416.863	-1004296.387	961.8
-824094.906	-1069738.914	-824839.115	-1069927.949	769.048
-727294.932	-1054418.92	-727026.639	-1054719.235	402.743
-735808.48	-1009613.24	-736050.663	-1009638.721	244.579
-700006.43	-1023097.54	-698173.226	-1023945.333	2152.827
-848950.995	-1010127.127	-849099.645	-1010295.279	282.856
-656218.933	-1033673.179	-659721.31	-1032357.81	4222.477
-766744.49	-996216.03	-766350.084	-995474.104	1134.022
-648343.932	-1058416.838	-648320.15	-1058431.014	38.515
-757900.28	-991078.62	-759601.922	-991807.613	1891.759
-653082.09	-1010352.41	-653126.72	-1010249.25	113.105
-696258.275	-1045456.41	-696029.39	-1045481.76	230.285
-645895.34	-1082488.863	-645277.476	-1083572.424	1467.616
-757922.63	-1027951.45	-759861.728	-1027256.302	2430.477
-644666.797	-1038327.29	-644574.533	-1038412.225	132.629
-641629.526	-1037040.407	-641686.67	-1037076.0	70.559
-778849.38	-1029617.777	-778900.318	-1029531.5	119.186
-754384.573	-976431.956	-756035.714	-978645.227	3954.85
-754537.15	-1035708.28	-754607.573	-1035644.477	95.027
-765572.3	-1028412.02	-765278.0	-1028005.63	514.814
-649428.98	-1060875.631	-649209.144	-1061099.602	333.372
-702142.2	-1009771.98	-701765.41	-1010006.88	446.195
-805526.666	-1063574.646	-804737.03	-1062302.394	1509.869
-779107.83	-979354.97	-779398.2	-977284.25	2190.726
-780880.66	-1009150.77	-780888.98	-1009117.11	34.684
-707385.36	-1021461.53	-707388.19	-1021381.55	83.732
-642893.841	-1071604.898	-642862.219	-1071659.45	64.671
-841388.927	-1061952.353	-840120.3	-1063468.548	2618.808
-688121.91	-1005129.46	-688787.54	-1007956.6	3219.123
-689541.189	-1046445.739	-689527.613	-1046455.283	17.665
-784989.074	-1052835.696	-785178.16	-1051782.72	1114.675
-731564.343	-1067858.126	-734041.0	-1068720.0	2821.544
-809177.84	-994195.19	-807092.05	-996176.3	2904.622
-734206.583	-1013901.0	-734275.116	-1013785.963	134.632
-743594.29	-1020628.84	-743307.88	-1019662.27	1047.304
-773047.06	-1031228.34	-773146.172	-1031233.812	103.695
-745720.029	-1042594.344	-748398.11	-1043188.53	2770.782
-773753.99	-990806.97	-773776.733	-991481.284	708.455
-697658.14	-999543.02	-697706.206	-999723.703	189.815
-799447.07	-1001740.2	-799420.636	-1001728.866	32.09
-805227.15	-994348.1	-805178.36	-994250.13	109.668
-691771.528	-1023419.177	-692578.833	-1024496.341	1373.505
-757209.257	-1016685.09	-757573.93	-1017125.61	578.033
-668719.83	-1079577.06	-668550.57	-1078945.44	762.292
-718280.08	-1046521.31	-718478.89	-1046912.61	456.995
-787458.04	-976936.43	-788457.09	-972162.696	7593.896
-686415.83	-991132.39	-686013.62	-992607.43	1534.878
-699220.004	-1086836.49	-699280.96	-1087095.96	266.597
-762418.26	-993299.638	-762408.894	-993314.666	19.941
-709908.03	-1003993.08	-707517.7	-1004096.04	2513.464
-773776.733	-991481.284	-773517.96	-992433.34	997.714
-787231.58	-989358.37	-788376.49	-989836.61	1298.553
-683198.19	-994624.7	-683207.8	-994620.61	12.016
-675700.96	-1002830.98	-677014.66	-1004511.1	2468.607
-707894.669	-1073609.691	-706944.713	-1074501.568	1346.29
-672915.76	-998637.81	-671859.83	-999802.66	1626.846
-753684.045	-981066.838	-753237.843	-981234.533	601.293
-647877.341	-1062897.559	-647953.556	-1063944.924	1051.493
-661131.88	-999947.81	-659985.939	-1000099.681	1718.188
-696684.966	-1001039.062	-697841.33	-1001068.24	1184.35
-658457.852	-1051857.961	-660127.47	-1052094.61	1737.854
-700575.05	-1020715.85	-700439.49	-1021063.54	399.863
-783131.41	-990621.49	-783623.3	-991692.49	1248.214
-857068.072	-1034191.237	-857239.13	-1033987.9	280.997
-690215.99	-997210.744	-690377.59	-997946.71	754.658
-822828.862	-1069529.776	-822634.434	-1069568.19	204.336
-722190.11	-1085142.7	-722774.5	-1086079.5	1190.061
-680982.82	-1047338.25	-671162.07	-1047532.52	10193.724
-674233.93	-1014672.0	-673831.38	-1015394.53	845.886
-774508.13	-1029300.61	-776238.3	-1029861.59	1861.13
-641514.061	-1025133.864	-641193.869	-1025947.045	899.364
-779946.39	-983146.06	-779866.125	-983130.25	87.094
-783380.611	-977760.113	-782260.598	-979205.504	1925.757
-730549.63	-1057384.57	-730564.38	-1057446.88	72.015
-807102.733	-1044347.395	-807229.254	-1046838.007	2529.575
-727611.89	-994246.69	-727201.508	-993032.23	1484.315
-746297.391	-1054350.964	-746302.213	-1054356.205	7.122
-762849.939	-1040391.14	-762683.732	-1040426.102	170.384
-789839.955	-1064168.588	-791156.4	-1065068.98	1675.316
-699629.87	-1055317.49	-698131.165	-1054356.979	2202.925
-801505.879	-1008101.374	-801122.25	-1008105.063	406.458
-758874.248	-1013426.521	-758651.08	-1013410.21	228.144
-848819.369	-1047955.088	-851819.82	-1047523.5	3804.233
-697594.008	-1001104.644	-697580.815	-1001079.1	35.489
-752455.375	-1043124.0	-752548.071	-1043362.204	258.968
-802140.854	-1005863.006	-802676.101	-1005159.873	918.697
-701469.49	-1070934.9	-701079.66	-1070721.51	539.917
-749519.933	-1033738.228	-750114.58	-1032506.51	1464.639
-699394.9	-986624.89	-698879.637	-982194.738	7086.212
-690314.82	-995625.48	-691047.04	-995263.18	943.06
-772523.117	-1081971.363	-772421.69	-1081831.94	172.416
-683974.6	-995282.95	-683963.034	-995271.046	17.792
-816858.775	-987381.333	-816748.835	-987169.243	241.696
-683702.637	-993016.242	-683516.07	-993478.96	501.597
-734125.148	-1068801.398	-734645.857	-1072632.119	4880.681
-673109.289	-1077823.336	-672376.184	-1079422.655	1759.341
-783886.97	-988418.09	-783838.86	-988399.59	53.992
-869618.203	-1007584.616	-867839.488	-1006747.598	2302.763
-721021.3	-979133.49	-721298.45	-978901.33	394.291
-728301.83	-1039146.96	-725845.5	-1038792.9	2526.737
-776638.16	-1070415.12	-777253.82	-1070743.77	710.123
-652477.023	-1062427.322	-652591.71	-1064360.351	1954.564
-645414.186	-1049574.493	-644748.24	-1050053.81	836.74
-702949.797	-1052173.005	-702984.99	-1052881.869	853.101
-643742.916	-1069951.408	-642044.356	-1068029.289	2791.434
-751217.73	-988675.46	-751415.81	-988789.17	244.035
-821533.491	-996041.098	-822296.228	-994827.281	1977.904
-807261.441	-1077681.501	-806619.044	-1074946.343	3347.19
-766198.249	-972617.169	-766216.779	-972599.195	28.781
-748375.322	-995418.19	-750699.369	-993068.138	3908.7
-793186.073	-983160.595	-793199.2	-983181.61	28.7
-719197.733	-1004911.061	-719771.92	-1004374.9	812.11
-684449.59	-994630.45	-684400.46	-994761.98	140.612
-773691.55	-1068502.23	-776638.16	-1070415.12	3626.464
-742265.16	-1013559.67	-741398.042	-1014878.314	1739.239
-734280.716	-1013780.281	-734442.59	-1013574.83	262.803
-831921.084	-993054.912	-832231.66	-993998.69	1029.632
-844761.0	-1030903.255	-845062.714	-1031835.4	1301.716
-736940.38	-981618.48	-735923.36	-981412.58	1123.296
-789194.89	-990872.61	-789149.05	-990849.48	65.521
-683723.053	-994868.062	-683735.771	-994863.405	15.606
-686627.96	-1059580.54	-686631.93	-1059677.05	116.401
-642292.66	-1093616.92	-642296.01	-1094976.12	1624.74
-804946.338	-989020.174	-804806.243	-988967.024	149.994
-770028.61	-1016007.78	-770275.01	-1015936.58	279.064
-735923.36	-981412.58	-734124.18	-979885.81	2565.542
-784579.81	-1007557.27	-784577.155	-1007581.555	27.568
-780917.64	-1051279.978	-781677.917	-1049785.142	1850.981
-879988.85	-1020805.55	-880186.05	-1020865.91	206.383
-763578.23	-983007.87	-763706.99	-983102.71	163.118
-782395.67	-1066785.34	-781254.31	-1068262.15	1944.27
-686631.93	-1059677.05	-686522.06	-1059508.8	342.542
-837528.25	-994688.83	-836533.603	-997062.735	4493.488
-776678.43	-975431.97	-776861.68	-975078.71	398.279
-727943.789	-1072192.206	-727983.52	-1072141.29	71.374
-678318.291	-1002398.486	-677664.48	-1003816.44	1641.067
-791324.55	-1023883.27	-791567.2	-1023807.89	254.194
-744517.364	-1048937.733	-744457.86	-1048976.82	71.761
-795607.24	-1018154.0	-794781.54	-1019822.93	1979.059
-757608.017	-1040053.534	-757592.42	-1040046.747	18.206
-645348.96	-1052271.34	-645440.32	-1052446.23	200.696
-765694.119	-990470.415	-764212.02	-984411.28	7091.698
-708579.181	-1062557.106	-706947.95	-1063003.73	1865.434
-847134.79	-1070900.84	-847137.84	-1070687.912	212.954
-740001.971	-1073894.731	-740007.973	-1073765.578	133.126
-719061.461	-1038404.118	-719060.561	-1038420.999	18.811
-784103.78	-1064968.52	-783889.677	-1065255.525	460.086
-740001.971	-1073894.731	-740377.782	-1074139.706	461.219
-751596.74	-1033037.27	-751004.0	-1032435.41	878.008
-740042.44	-1023752.96	-738444.2	-1024753.62	1957.826
-791870.0	-1012130.96	-792004.99	-1012400.74	306.044
-686073.991	-993614.154	-686056.885	-993614.347	22.069
-822224.908	-996407.815	-821541.517	-996065.46	767.502
-803597.372	-1026385.44	-804735.243	-1026440.667	1139.32
-681547.55	-1054896.15	-682471.77	-1053166.07	2006.504
-809318.62	-991774.95	-808621.52	-991377.83	926.966
-692383.73	-998440.59	-692271.29	-998306.92	174.863
-690031.769	-995179.741	-689576.86	-994911.26	537.294
-753404.14	-1020020.39	-755302.51	-1019567.2	2471.665
-791957.075	-1004787.086	-792127.679	-1002992.899	2082.668
-876242.996	-1030422.038	-877455.749	-1028168.893	2797.99
-714682.48	-1006423.8	-714027.24	-1005063.45	1566.454
-850080.397	-1074377.018	-850098.317	-1074396.593	31.494
-847164.007	-1052900.35	-847511.823	-1052531.185	513.873
-796123.47	-986051.64	-797594.76	-986146.4	1480.404
-645267.57	-1031669.73	-644872.92	-1030385.35	1387.887
-670726.865	-994716.065	-667476.599	-994755.203	4486.102
-766031.67	-990340.716	-766241.06	-990103.64	317.786
-794827.259	-986652.482	-794813.759	-986676.163	30.825
-683948.34	-1002964.8	-684041.72	-1005087.56	2794.41
-752939.55	-1021062.22	-752954.53	-1020913.44	149.55
-686661.272	-1088452.577	-687712.51	-1088439.55	1098.395
-650684.518	-1064923.191	-650277.2	-1065888.95	1052.302
-848449.58	-1008274.1	-847949.273	-1009381.985	1410.592
-746536.61	-1036540.22	-747340.192	-1036328.09	877.968
-699042.528	-1004380.546	-698440.11	-1003270.46	1289.32
-756507.085	-1057781.15	-758846.34	-1054643.86	5037.618
-753428.182	-1047855.423	-754173.61	-1046352.76	1792.818
-824213.47	-1074941.09	-824303.713	-1075020.57	120.254
-752568.73	-1022723.96	-752262.75	-1022755.45	308.126
-692383.73	-998440.59	-692215.46	-998369.85	183.762
-751116.62	-980309.58	-751863.653	-979629.662	1204.148
-718531.302	-1074829.682	-717931.68	-1074774.45	623.51
-657068.638	-1061265.033	-651687.191	-1062230.428	9102.28
-870106.383	-1018127.974	-870305.37	-1018279.86	254.489
-820209.74	-989166.5	-821758.61	-987273.78	2761.778
-798528.72	-1002169.83	-798811.049	-1001939.102	420.753
-875917.834	-1018665.126	-876401.821	-1018512.434	513.373
-649180.66	-1061116.009	-649189.671	-1061088.354	35.092
-731080.52	-1056883.61	-731089.392	-1056745.661	150.575
-788217.74	-1063335.14	-789545.719	-1063955.989	1469.069
-683724.11	-993007.49	-683702.637	-993016.242	26.748
-646349.547	-1062365.682	-646345.149	-1062385.989	27.598
-817623.148	-1037014.96	-817922.03	-1036911.7	324.22
-689296.152	-1058690.826	-688883.849	-1058534.562	445.157
-646172.571	-1074039.462	-646191.925	-1074020.369	27.941
-737670.268	-1057743.61	-737772.44	-1057837.93	141.402
-875933.168	-1013508.261	-876427.652	-1014297.283	965.813
-649294.156	-1061839.107	-649269.754	-1061986.387	149.302
-795519.83	-995402.33	-797478.12	-994976.98	2123.008
-748323.25	-1058021.77	-747432.46	-1054956.55	3361.098
-675978.208	-1041097.886	-675814.885	-1041137.364	168.069
-712874.327	-982742.071	-712891.898	-982747.303	20.865
-756262.518	-1042486.952	-756739.51	-1042458.0	479.28
-730283.513	-1063285.34	-731090.94	-1063326.74	818.308
-689649.844	-1058594.024	-689507.986	-1058463.912	207.598
-743839.09	-1008631.76	-743588.968	-1006059.4	3432.679
-746254.654	-1054216.692	-746297.391	-1054350.964	142.585
-814496.11	-1069885.77	-814637.5	-1069897.604	150.172
-852819.54	-1010571.63	-852389.51	-1010471.46	446.525
-643547.547	-1062379.736	-643543.881	-1062297.469	96.506
-651289.106	-1082357.524	-652355.284	-1084513.846	2706.845
-820040.56	-1062087.93	-818268.597	-1063461.526	2407.615
-670733.3	-1045837.43	-671824.35	-1045084.65	1348.963
-745200.55	-1034512.93	-746280.4	-1034524.79	1084.921
-736596.62	-982676.97	-738809.24	-982583.25	2409.051
-772385.81	-1018391.77	-776007.615	-1018697.758	3781.463
-848854.063	-1010324.813	-848437.289	-1010286.293	464.518
-702013.998	-1046509.264	-702718.41	-1046996.8	969.136
-685123.6	-1043129.11	-684217.86	-1042855.28	946.233
-782560.4	-996870.19	-782959.33	-996490.55	557.317
-801191.019	-1056920.709	-799321.21	-1056571.07	1940.95
-751912.67	-1036668.09	-752082.5	-1036255.65	709.037
-704179.784	-1009008.677	-704510.64	-1009921.67	1195.145
-737108.71	-1036116.39	-737215.96	-1035894.82	246.508
-684480.035	-1061627.586	-684254.372	-1061788.584	277.293
-691205.33	-1048508.98	-691280.26	-1049337.06	831.468
-675859.917	-1064273.924	-678410.454	-1063641.313	2897.028
-819733.064	-1026468.279	-819782.143	-1026288.38	192.933
-762387.53	-1043099.51	-762414.74	-1043282.56	189.274
-819595.188	-1075679.25	-819582.875	-1075697.375	24.91
-736357.239	-1013771.455	-736143.428	-1010295.467	3979.433
-728304.675	-994065.09	-728346.01	-993979.719	113.609
-751008.14	-1030205.85	-752062.27	-1029376.05	1393.791
-642784.249	-1071121.019	-642375.112	-1071148.054	410.305
-734888.653	-1083229.687	-738253.96	-1085565.87	4557.13
-743368.463	-1074569.017	-743664.14	-1076112.04	1592.297
-784730.27	-1053910.04	-784989.074	-1052835.696	1108.865
-735050.9	-1041000.8	-735378.68	-1040730.19	425.107
-710708.604	-1038545.761	-709197.168	-1039121.45	1679.542
-712058.94	-1040994.58	-711845.47	-1040741.69	357.668
-745388.884	-996068.068	-746987.53	-995071.76	1982.266
-792391.06	-978518.12	-795363.29	-973602.78	7896.457
-822397.442	-1068849.655	-822459.54	-1068874.63	73.801
-692090.239	-1029413.062	-692193.646	-1029463.697	115.373
-732840.55	-1019601.95	-732551.005	-1019593.952	289.937
-684041.7	-1045666.54	-688204.498	-1045604.069	4305.162
-820758.321	-1063384.583	-820718.29	-1063652.81	271.419
-850853.76	-1050620.43	-856113.355	-1049196.757	5980.612
-740142.03	-1084688.17	-739928.36	-1082451.5	2281.748
-836817.298	-1056915.859	-840168.712	-1056740.328	4083.143
-763753.88	-1030032.14	-764637.1	-1030011.46	892.753
-758738.418	-1022082.312	-758629.38	-1022029.92	120.974
-697060.79	-1046682.57	-696379.8	-1045598.58	1313.458
-838695.195	-1035629.537	-838499.018	-1037581.379	2211.705
-682733.8	-992511.93	-682496.19	-991621.711	961.76
-673066.87	-1036803.53	-671823.776	-1036449.887	1315.36
-699861.59	-1016544.73	-700047.39	-1016971.25	483.453
-811163.664	-1075847.797	-809128.779	-1074842.045	2370.474
-706775.892	-1083266.411	-706335.484	-1089471.799	9353.767
-820743.22	-1063814.623	-820763.034	-1063867.82	56.767
-764947.994	-1011560.44	-764949.17	-1011425.65	134.917
-835229.15	-1036761.68	-835023.352	-1038205.577	1487.03
-768661.98	-1046136.751	-767978.65	-1046123.455	689.54
-658407.59	-1015441.63	-660174.35	-1015075.14	1850.815
-787424.51	-989781.65	-787054.4	-991129.28	1543.492
-774501.36	-975014.99	-774495.89	-975005.19	11.714
-691781.71	-1063248.08	-691865.31	-1062400.71	872.195
-671371.183	-1047810.527	-671080.59	-1047572.72	390.871
-708095.34	-1046824.52	-707313.21	-1045782.24	1604.252
-807099.2	-989740.06	-807466.389	-988021.288	1957.925
-819953.225	-1074481.211	-819933.52	-1074461.742	43.794
-777297.98	-1013203.73	-777731.902	-1012696.134	667.795
-664863.81	-1026418.11	-666994.063	-1025462.897	2493.781
-778937.795	-1029962.107	-778958.856	-1029962.33	22.906
-881432.276	-1028474.542	-881051.007	-1028562.75	585.81
-666617.09	-1070176.59	-666454.352	-1070173.633	162.768
-746987.53	-995071.76	-746274.66	-993820.43	1510.086
-647230.95	-1071708.757	-646469.519	-1071658.796	1262.412
-701362.057	-1012418.346	-701209.452	-1012443.428	161.454
-785879.46	-1063937.49	-785295.194	-1064511.86	836.591
-753503.25	-1044967.41	-752482.88	-1043314.671	2019.569
-851756.305	-1060741.82	-850974.94	-1059171.953	2045.776
-744173.3	-977698.49	-744468.691	-978364.184	738.628
-776588.52	-1032456.82	-777378.72	-1032412.01	802.901
-672391.99	-1070720.65	-671769.276	-1069928.371	1026.634
-710981.52	-1050935.5	-712680.04	-1051246.1	1833.944
-724869.48	-1065149.973	-724943.03	-1065253.85	127.286
-729514.372	-1080889.537	-729869.164	-1082071.118	1235.391
-719642.0	-1030529.89	-719489.08	-1030707.48	234.925
-820444.415	-1067699.879	-820566.613	-1067436.695	302.731
-654394.282	-1054653.301	-659303.77	-1056898.26	5945.488
-649175.166	-1061861.382	-647820.968	-1061964.638	1363.864
-740997.31	-1047888.83	-741375.46	-1047504.02	539.599
-665109.738	-1030269.571	-665226.62	-1028236.89	2301.71
-731988.718	-1063624.377	-733977.418	-1063555.082	2213.322
-641469.563	-1041469.75	-641431.4	-1041477.92	39.713
-769274.75	-984827.67	-769728.48	-985328.26	779.231
-778145.757	-981936.077	-778354.93	-982840.37	997.018
-726094.73	-1051630.11	-726344.15	-1051657.65	256.422
-641363.693	-1058245.202	-642283.77	-1055533.05	2966.762
-808153.22	-1071282.18	-808399.37	-1071299.43	246.765
-781209.79	-976036.71	-780146.784	-975121.456	1711.49
-764250.32	-1023773.75	-764031.53	-1023816.45	225.055
-739995.13	-1005497.33	-736065.216	-1009628.72	5924.875
-742537.331	-1056854.259	-742529.131	-1056866.745	16.839
-725649.28	-1069064.77	-725699.807	-1069669.236	612.391
-768216.533	-1064805.843	-769022.858	-1065177.67	900.201
-781520.077	-985990.071	-781539.03	-986001.46	32.045
-795263.688	-986737.04	-795416.278	-987032.126	334.899
-646180.626	-1074049.63	-646172.571	-1074039.462	14.266
-767709.808	-1028302.294	-766999.39	-1030292.96	3938.988
-784696.252	-1027101.178	-784340.233	-1026853.333	464.818
-690506.35	-1056090.2	-690524.34	-1056303.93	215.445
-725089.861	-1049969.272	-724693.77	-1051072.26	1233.771
-658988.262	-1065359.861	-659779.64	-1068592.09	3460.247
-808466.28	-991341.55	-808259.75	-991522.18	300.462
-764673.68	-1036205.79	-764098.369	-1035032.971	1456.762
-671677.361	-1084068.87	-671682.411	-1084432.838	366.997
-759007.55	-1068529.69	-759224.355	-1068507.43	232.76
-720470.927	-1057084.328	-719803.459	-1057595.514	1522.322
-699353.635	-999914.512	-699748.77	-997757.04	2356.692
-884358.116	-1021483.795	-884366.997	-1021690.341	250.119
-779092.241	-981900.865	-779014.383	-981884.226	80.922
-824131.87	-1074814.98	-824120.46	-1075002.36	187.735
-722459.94	-1083683.62	-721907.69	-1084657.76	1147.028
-756188.18	-1019118.53	-757945.36	-1018942.46	1828.352
-729869.164	-1082071.118	-730063.5	-1083120.83	1086.437
-724828.216	-1053726.832	-724166.816	-1053718.129	677.183
-709205.78	-1011739.13	-705932.86	-1013325.98	4502.405
-726869.938	-1052038.839	-726344.15	-1051657.65	653.009
-850080.397	-1074377.018	-848719.605	-1073969.032	1560.38
-741460.669	-1058925.122	-741456.828	-1058912.339	14.944
-721527.44	-1003516.38	-721098.21	-1003558.97	690.531
-712116.305	-1015732.558	-708116.272	-1016039.129	4049.961
-777582.191	-1081879.582	-776988.913	-1082022.756	625.039
-738953.985	-1055720.43	-738065.85	-1057077.11	1691.928
-833882.948	-1042635.148	-836603.408	-1051931.422	10864.848
-684480.035	-1061627.586	-684827.173	-1062061.435	561.578
-776149.73	-1034943.3	-774589.68	-1037732.32	3627.613
-741552.15	-1064581.77	-740602.21	-1064877.74	1079.121
-799716.584	-1069154.146	-799499.894	-1069937.277	849.067
-701864.5	-1027910.07	-700648.69	-1029373.56	1927.898
-865295.346	-1015968.513	-867396.188	-1014627.841	2613.271
-658278.062	-1080883.94	-658011.731	-1080796.942	283.306
-792265.291	-984819.119	-791600.54	-984231.35	1097.86
-773126.11	-1059054.9	-774153.25	-1059067.97	1044.48
-742445.595	-1057045.698	-742428.69	-1057042.01	19.67
-754302.163	-1045692.465	-754336.728	-1045687.211	49.408
-670581.47	-992525.33	-671128.782	-992157.67	2306.211
-745200.55	-1034512.93	-745062.566	-1033780.362	789.808
-741289.261	-1026790.821	-742671.88	-1024956.35	2355.817
-812426.4	-1007250.22	-812613.446	-1005240.202	2069.658
-852230.78	-1010352.22	-851821.906	-1010497.279	476.401
-713775.639	-1051218.491	-713077.96	-1050386.75	1257.168
-711981.554	-1058828.416	-711586.299	-1058720.341	410.507
-697437.04	-999782.5	-695477.027	-996993.808	3770.901
-763837.45	-993504.81	-763531.11	-993047.25	551.078
-700778.29	-1064917.129	-700885.09	-1064746.32	202.042
-687693.614	-1057572.291	-687707.323	-1057595.839	29.758
-867178.859	-1001595.783	-867153.465	-1001938.043	369.955
-758844.38	-1054442.2	-758846.34	-1054643.86	202.728
-724307.441	-1034485.543	-722700.99	-1033242.12	2102.923
-727533.57	-983771.26	-726626.685	-984499.349	1262.543
-695512.23	-990571.86	-695043.74	-988893.66	2214.219
-739161.336	-1047787.293	-739283.4	-1047695.67	152.996
-782566.51	-972839.89	-783766.49	-973858.9	1617.323
-759057.97	-1031667.64	-758900.159	-1029946.098	1751.531
-688883.849	-1058534.562	-688948.95	-1058632.77	150.138
-779107.83	-979354.97	-778075.03	-979356.371	1268.028
-745735.447	-977153.325	-747333.9	-976817.69	2024.578
-710621.97	-1010386.03	-709205.78	-1011739.13	2311.514
-690094.53	-998410.86	-689702.869	-1000523.932	2702.88
-726383.719	-1070435.076	-726502.432	-1070523.304	147.909
-884362.294	-1009602.65	-884583.855	-1009276.31	412.123
-771829.2	-1017624.27	-773613.968	-1016378.266	2192.806
-727687.15	-993888.87	-729254.18	-990785.76	3553.067
-666698.84	-1064869.95	-667129.442	-1066091.123	1332.683
-746465.698	-1054244.406	-746382.521	-1054216.087	88.175
-761255.95	-1042461.59	-762048.78	-1042973.87	955.529
-762873.549	-1050943.551	-762805.438	-1051020.875	111.706
-856064.434	-1028473.607	-855417.63	-1026729.69	2383.45
-814349.151	-1040577.083	-816360.47	-1040386.63	2115.753
-675210.08	-1014770.66	-676105.99	-1015473.53	1400.771
-748135.706	-1005360.224	-746628.318	-1006476.563	1935.383
-708413.261	-1084871.572	-708233.01	-1084992.954	223.776
-652523.86	-1048050.08	-652788.91	-1048069.96	269.114
-797410.36	-1052229.11	-797433.88	-1052597.14	386.783
-655182.379	-1051829.918	-654046.05	-1050054.39	2190.004
-650269.41	-1043896.52	-650858.36	-1043750.1	607.926
-715157.975	-1080069.009	-714835.37	-1080351.05	442.054
-824204.87	-1071403.23	-824111.37	-1071479.55	144.729
-732836.67	-1042212.23	-731883.95	-1042140.41	955.537
-798688.6	-1058929.45	-798227.54	-1058686.04	531.298
-731373.968	-1056614.342	-731211.441	-1056500.669	198.6
-762162.709	-1026211.738	-762615.35	-1026263.42	456.071
-877381.09	-1026048.84	-877326.558	-1024920.661	1227.19
-795999.57	-1013472.36	-794368.184	-1015294.909	2510.065
-668127.32	-1007452.69	-668761.442	-1007202.62	699.755
-756952.07	-1032323.67	-756989.6	-1032397.03	88.75
-654962.858	-1035433.944	-654422.55	-1033954.05	1644.211
-790915.02	-987974.67	-790958.663	-987876.982	107.033
-734556.24	-1065456.473	-734545.897	-1065441.216	24.033
-737033.73	-1010214.122	-736143.428	-1010295.467	902.706
-789598.91	-989195.65	-789608.58	-989239.3	52.764
-744414.405	-984314.431	-744913.19	-983035.98	1529.343
-727756.552	-1059544.567	-728409.01	-1060385.74	1188.727
-794526.144	-986574.626	-794620.463	-986556.358	109.486
-824075.44	-1066292.55	-823944.91	-1066493.496	239.723
-793309.705	-1013657.208	-793617.229	-1013482.027	359.922
-856480.36	-1038822.1	-856801.251	-1037917.144	1010.584
-843921.816	-1058030.155	-845196.17	-1057797.05	1312.973
-800604.538	-1003260.473	-802646.786	-1001873.885	2500.266
-796118.31	-1046052.3	-795993.19	-1049532.23	5414.249
-648357.04	-1047628.54	-647155.148	-1047910.482	1295.062
-831869.923	-1035242.397	-831494.033	-1036682.579	1536.015
-646543.902	-1089958.564	-645748.625	-1090647.177	1104.976
-793371.063	-1072480.937	-793349.32	-1072590.22	112.007
-815390.646	-1022572.468	-817243.65	-1024194.83	2532.446
-746278.879	-1054177.747	-746224.654	-1054171.412	54.682
-726639.21	-1036007.9	-725039.921	-1035332.008	1770.198
-724435.034	-1041584.202	-724422.035	-1041567.578	23.445
-687095.817	-1078683.199	-687329.116	-1078734.987	242.2
-840936.563	-1011852.615	-838727.56	-1011031.99	2465.064
-770317.013	-1053596.458	-770212.7	-1053784.19	219.593
-786817.24	-1009852.06	-786838.58	-1010464.74	619.91
-774390.93	-1015793.852	-775167.6	-1015207.98	975.808
-674233.93	-1014672.0	-675210.08	-1014770.66	1319.497
-697580.815	-1001079.1	-697608.833	-1001082.178	33.604
-688351.24	-1045429.23	-687528.37	-1043792.04	1861.935
-703394.236	-1088879.85	-703330.28	-1089018.46	168.713
-847324.257	-1046292.378	-846070.357	-1044381.777	3000.131
-691229.36	-1022081.02	-690976.164	-1022440.541	444.504
-723099.912	-1038173.839	-722762.63	-1039605.41	1490.696
-733400.347	-1056074.989	-734447.363	-1055467.877	1392.292
-671795.61	-1060828.448	-671823.64	-1060977.68	151.843
-775845.511	-1014684.31	-775862.951	-1014698.686	22.991
-876190.41	-1021455.21	-876360.227	-1021448.158	170.059
-843765.648	-1071279.334	-844409.67	-1071273.74	674.345
-806921.609	-989798.425	-806831.71	-989712.44	124.629
-846347.928	-1044004.569	-848408.57	-1042630.07	2596.37
-884579.566	-1021802.378	-884612.115	-1021810.074	52.921
-672062.917	-1014726.53	-672326.153	-1014439.536	394.641
-876163.857	-997949.568	-875351.484	-998420.372	1255.398
-826011.05	-1025891.49	-825861.794	-1026578.558	760.84
-673146.848	-1025900.608	-671688.297	-1026646.767	1682.551
-739946.066	-1055665.419	-740126.039	-1055086.99	634.787
-804760.361	-1075172.719	-806521.31	-1073962.9	2344.951
-695247.565	-1029725.528	-697605.08	-1030139.578	2499.187
-792756.27	-1064989.56	-793857.24	-1066268.77	1890.176
-721756.482	-1032562.996	-721719.49	-1032667.78	142.805
-799184.546	-1015725.715	-795607.24	-1018154.0	5153.65
-815390.646	-1022572.468	-815931.981	-1024730.764	2312.299
-747599.375	-1019617.438	-747513.38	-1019535.13	151.75
-649302.42	-1047660.25	-650470.69	-1048034.97	1316.514
-763380.91	-1072715.19	-763360.59	-1072785.59	75.107
-771821.53	-1003361.86	-774638.4	-1000367.22	4164.752
-779121.43	-989023.46	-777043.735	-988866.738	2143.946
-806496.7	-994995.52	-807117.77	-993057.31	2035.466
-697594.667	-999708.68	-697604.62	-999528.62	180.809
-750249.562	-981741.692	-750260.813	-981836.621	99.743
-742481.968	-1045891.873	-742587.308	-1046018.625	325.51
-774501.36	-975014.99	-772530.856	-975898.01	2233.078
-760426.849	-976146.255	-760915.44	-974214.23	2729.288
-660048.533	-1007516.181	-663313.095	-1007489.1	3632.641
-664642.66	-1013307.79	-664203.72	-1013240.89	446.328
-771811.108	-972164.845	-771953.17	-972150.1	147.686
-888038.029	-1019909.256	-887835.846	-1019891.347	202.98
-718623.75	-999624.31	-722463.4	-1000557.521	4824.999
-643621.025	-1046319.884	-643570.536	-1046079.826	245.321
-746902.633	-1017351.676	-746991.912	-1017329.52	101.188
-692637.564	-1046241.056	-692480.86	-1046486.89	300.965
-885684.34	-1018888.909	-884949.578	-1018011.069	1152.294
-781140.14	-990701.09	-782127.93	-989879.61	1366.427
-856643.815	-1066591.971	-857441.077	-1066745.506	821.047
-813441.667	-1071995.925	-813337.29	-1072126.97	167.718
-640589.158	-1024405.023	-639777.047	-1024867.819	1151.2
-802539.96	-998661.72	-802526.42	-998748.09	92.801
-738444.2	-1024753.62	-737800.99	-1023848.764	1120.628
-746657.563	-1017680.468	-746794.85	-1017330.327	377.756
-773836.33	-1065074.73	-773582.53	-1064914.68	303.886
-666647.94	-1075281.28	-664882.56	-1076094.25	1976.984
-768014.7	-995202.91	-769214.1	-993589.54	2065.67
-776444.064	-979394.896	-776401.408	-979320.987	111.82
-800328.892	-1048892.208	-801417.697	-1050238.184	1811.845
-766820.366	-1037693.14	-773059.94	-1031306.33	9559.764
-717320.02	-1074418.83	-717500.578	-1074329.57	201.523
-889229.403	-1015636.114	-891309.496	-1014258.065	3044.034
-747419.441	-1023887.103	-747080.21	-1022274.73	1756.016
-725468.37	-1011185.65	-724498.258	-1009402.075	2113.249
-849249.794	-1028945.888	-847499.198	-1027049.942	3155.263
-751945.005	-1038538.814	-751880.584	-1038518.759	67.954
-726016.3	-1037837.02	-726701.24	-1036094.995	1995.702
-789561.15	-1048395.93	-791576.552	-1052055.955	6638.935
-791136.71	-1033573.92	-791147.957	-1033581.961	14.435
-810552.842	-1045120.031	-807102.733	-1044347.395	3549.52
-734168.062	-1013936.158	-734275.116	-1013785.963	185.91
-773051.556	-976619.588	-770178.782	-977825.038	3167.578
-772600.332	-1054949.996	-772813.618	-1055319.761	565.983
-696813.865	-1065594.502	-696412.493	-1063921.756	1957.069
-825439.162	-1058892.314	-829250.68	-1058476.11	3918.003
-666976.85	-1084987.33	-666656.393	-1086639.051	1709.218
-720536.65	-1026893.42	-717632.68	-1027691.75	3152.483
-771821.53	-1003361.86	-771778.16	-1003400.94	58.38
-762151.98	-1057543.4	-761148.58	-1059030.53	2205.219
-749742.1	-1050014.13	-752546.196	-1048649.874	3271.482
-689190.86	-1058576.02	-688948.95	-1058632.77	248.942
-834373.817	-1075631.925	-834486.639	-1073878.542	1839.481
-796115.625	-986060.813	-795210.213	-986265.294	1006.237
-686017.889	-1029556.394	-687593.77	-1028876.38	1970.24
-671682.411	-1084432.838	-671291.953	-1086947.758	2610.014
-790558.92	-1052852.39	-788196.28	-1055375.31	4239.427
-746331.456	-1054349.706	-746346.505	-1054248.18	103.221
-681654.74	-994560.4	-678311.67	-995246.51	3941.155
-772409.43	-1015257.39	-774390.93	-1015793.852	2441.147
-676565.734	-1070767.609	-676554.965	-1070748.307	28.102
-714409.72	-1045048.01	-715499.81	-1046015.41	1722.08
-760577.26	-1067424.49	-760975.529	-1067077.038	609.851
-828449.262	-1076666.749	-828092.939	-1076328.197	3719.297
-767521.688	-1046058.5	-767603.85	-1046005.37	97.899
-806478.523	-1054687.767	-805998.918	-1054670.326	479.968
-750162.817	-1005349.323	-750178.031	-1005376.112	47.765
-716892.06	-1028325.35	-717024.88	-1028516.25	238.357
-684524.22	-989344.01	-684448.74	-990093.82	754.126
-731000.5	-1084154.49	-731697.787	-1086019.632	2003.389
-749095.62	-1045762.39	-749050.16	-1045813.65	68.99
-682113.01	-996984.028	-681010.66	-998087.02	1560.925
-817396.62	-988845.84	-814269.074	-992244.015	6585.825
-648859.67	-1066159.18	-649116.853	-1066243.064	272.983
-686522.06	-1059508.8	-686493.37	-1059480.66	40.226
-705228.605	-1089587.869	-703668.845	-1089052.406	3356.313
-769299.5	-971590.383	-769294.599	-971517.262	77.594
-887969.106	-1019586.53	-888027.903	-1019766.527	197.622
-749577.765	-1073879.55	-748278.41	-1074278.36	1359.985
-785295.194	-1064511.86	-786455.105	-1064322.263	1431.881
-878105.048	-1004383.171	-882180.889	-1003054.844	5384.983
-791531.01	-1019221.8	-793551.607	-1019618.858	2166.043
-665733.375	-1028673.938	-667059.7	-1028552.2	1372.426
-753447.75	-1041691.59	-753300.125	-1041726.066	155.598
-734169.2	-1053825.2	-734155.582	-1053828.039	16.655
-680396.95	-1044919.04	-681261.61	-1045087.45	912.817
-697239.861	-1038815.407	-697196.144	-1038949.392	141.757
-765050.924	-1023265.386	-765239.733	-1023113.709	242.215
-777599.05	-1081865.48	-777612.74	-1081883.74	25.642
-842300.635	-1068760.687	-843492.62	-1069956.18	1878.458
-701195.68	-1063753.9	-698601.44	-1063577.91	2604.538
-766220.87	-1042900.42	-766608.22	-1042683.18	487.277
-803947.883	-1061268.828	-800730.13	-1062538.77	3694.194
-722478.95	-1041861.96	-722261.6	-1041876.62	217.844
-844530.484	-1054067.499	-847164.007	-1052900.35	4396.205
-708469.74	-1085004.36	-708413.261	-1084871.572	167.038
-742604.08	-1029716.56	-744113.81	-1028719.22	2424.693
-757617.9	-1040036.349	-757608.017	-1040053.534	21.913
-646911.078	-1057791.934	-646928.349	-1057809.416	30.503
-800087.013	-1021806.933	-802617.775	-1021022.365	2800.625
-768394.55	-991513.293	-767920.89	-991141.11	627.985
-740785.3	-970692.25	-741134.66	-969869.5	1223.272
-764098.369	-1035032.971	-764091.206	-1035010.138	36.246
-784998.81	-991020.33	-785574.3	-991845.89	1011.343
-753486.91	-1045306.78	-753521.58	-1045244.16	80.443
-765006.22	-1033381.77	-766906.4	-1033649.9	1988.727
-757499.79	-1009071.74	-752753.485	-1009535.044	4848.894
-770210.38	-1053816.77	-770494.286	-1053928.15	314.638
-671275.98	-1092124.2	-670643.957	-1093214.471	2518.709
-679476.381	-1092288.289	-679534.169	-1092199.13	2602.774
-691965.737	-998146.163	-691574.05	-997582.71	703.481
-685019.57	-1032596.64	-685510.402	-1030303.126	2501.029
-655601.323	-1051831.086	-655189.404	-1051871.198	422.018
-737378.41	-1051200.73	-737520.469	-1051085.235	183.098
-676431.36	-1035607.69	-675579.44	-1033002.51	2795.268
-701544.95	-1038146.17	-699459.57	-1038695.07	2217.645
-797214.213	-1068891.346	-797299.58	-1068850.802	108.647
-836731.282	-1037842.268	-838499.018	-1037581.379	1824.469
-712877.22	-982763.524	-712874.327	-982742.071	26.756
-867415.576	-1014634.834	-867396.188	-1014627.841	22.82
-667596.64	-1016697.53	-667985.11	-1018128.56	1616.878
-808551.193	-1032080.837	-804263.349	-1031449.801	4725.779
-714750.98	-1029446.53	-714762.413	-1027902.794	1761.091
-810801.26	-991902.66	-810817.74	-991978.05	89.783
-701523.533	-1079594.385	-699925.36	-1080109.3	2045.037
-822786.712	-1008871.24	-823930.49	-1009103.738	1275.271
-662913.22	-1009424.38	-663053.27	-1009082.431	373.485
-753727.9	-1045596.83	-753832.63	-1045767.94	200.862
-817250.794	-1072663.047	-817234.585	-1072653.72	21.269
-813176.459	-1046589.393	-813415.85	-1046633.6	243.654
-844142.491	-1005285.144	-845669.45	-1007913.1	3263.667
-687771.26	-1010935.02	-686837.88	-1011094.67	1051.497
-643232.72	-1044623.98	-641872.24	-1042982.81	2153.178
-828343.065	-992114.223	-826393.58	-993760.31	4703.284
-660377.39	-1017385.64	-658280.32	-1017825.24	2304.078
-715827.967	-1053556.402	-715323.771	-1055066.714	1886.296
-864705.822	-1049523.913	-865198.738	-1049418.508	559.189
-704751.8	-996618.02	-705432.1	-995854.64	1069.6
-749710.96	-1029340.97	-750830.51	-1029174.17	1360.093
-724399.64	-1034469.65	-724307.441	-1034485.543	94.5
-826137.341	-1057679.481	-827049.41	-1054625.63	3450.44
-685794.23	-1019181.53	-685718.127	-1019089.813	119.272
-747306.301	-1028328.545	-747299.88	-1028248.63	80.217
-669486.06	-1013907.47	-669501.06	-1013878.65	35.655
-755669.45	-1051943.02	-757160.106	-1052335.222	1642.115
-765030.335	-975184.381	-765232.67	-974584.482	637.676
-864728.2	-1021041.49	-866869.598	-1018950.646	4996.892
-780136.267	-975125.107	-779575.13	-976375.19	1419.788
-745476.058	-1042442.099	-745720.029	-1042594.344	315.122
-704737.523	-1048621.589	-705123.87	-1050335.6	1828.63
-809201.691	-1069386.297	-811681.231	-1065758.167	5238.916
-766131.31	-972965.24	-766214.59	-972635.192	342.234
-733950.735	-1053559.331	-733935.276	-1053561.424	17.585
-808777.7	-1000828.95	-808747.18	-1000847.45	37.616
-777996.791	-971965.323	-778003.26	-971956.274	11.472
-887693.209	-1018971.361	-887873.551	-1019022.036	190.835
-716259.938	-975954.976	-716968.387	-978496.964	3727.03
-701067.767	-1088268.67	-701009.58	-1089180.0	1726.861
-640533.9	-1067549.89	-641021.02	-1067058.85	715.096
-709665.003	-1067962.98	-710154.438	-1069709.127	2724.182
-766707.613	-1052278.382	-766806.601	-1052210.031	428.799
-727815.05	-1083942.25	-725980.5	-1083703.27	1930.816
-810812.074	-1036876.588	-807312.372	-1038652.671	4808.445
-751209.618	-1060054.65	-750808.93	-1059654.04	681.905
-753152.938	-1010980.073	-753124.51	-1010953.81	39.336
-659467.018	-1008866.672	-659487.472	-1008874.069	26.293
-750065.549	-1003945.026	-749347.726	-1004401.908	853.437
-675183.93	-1021306.91	-677292.97	-1020091.06	2657.69
-702421.423	-1064295.483	-702745.877	-1065631.999	1417.41
-701164.592	-1010397.339	-701201.77	-1010349.33	76.088
-787331.17	-1001536.79	-789419.83	-999241.0	3277.705
-763389.81	-992953.24	-763361.35	-993086.1	150.613
-666994.063	-1025462.897	-667561.482	-1025467.317	661.739
-734745.125	-1042155.188	-734667.725	-1041598.981	564.417
-675361.237	-1049640.643	-674679.59	-1048054.11	1765.968
-784332.276	-1007703.711	-784878.66	-1007574.2	562.363
-791767.762	-1034268.061	-791835.05	-1033938.63	357.588
-662744.92	-1014180.03	-664041.83	-1013251.99	1632.826
-732817.12	-1028636.06	-731077.477	-1028160.791	1858.642
-691342.203	-1067706.148	-689784.86	-1068968.16	2080.223
-731564.343	-1067858.126	-731542.29	-1067800.52	61.765
-771511.08	-1078430.42	-771986.75	-1079105.54	862.145
-770141.46	-995998.32	-770073.586	-995598.948	439.797
-776988.913	-1082022.756	-776929.274	-1082069.219	611.395
-804080.996	-1060113.942	-804182.309	-1060068.083	112.725
-794092.3	-983129.35	-794145.376	-983149.177	59.294
-754721.465	-1001870.286	-754814.802	-1001699.415	195.462
-642283.77	-1055533.05	-644083.61	-1053792.21	2542.916
-739209.899	-1047653.54	-739242.04	-1047530.36	128.799
-689265.91	-1025362.49	-689532.0	-1025551.84	327.455
-646797.905	-1070101.819	-646817.027	-1070110.852	24.487
-769888.27	-1017591.99	-770267.63	-1016474.41	1193.37
-709860.07	-1013225.01	-710474.741	-1013302.23	1174.59
-764857.312	-1020603.85	-763355.85	-1021358.05	2704.412
-796202.74	-1044445.18	-796118.31	-1046052.3	1886.563
-688417.72	-1061391.853	-687128.448	-1059812.154	2381.845
-780136.267	-975125.107	-780131.226	-975110.78	17.669
-702113.22	-1043229.82	-702051.307	-1042737.632	501.676
-734766.043	-1043710.238	-734799.24	-1043636.72	80.667
-727322.317	-1058318.754	-727830.699	-1058743.388	712.533
-838504.902	-1065598.13	-840107.51	-1065084.419	1710.658
-789495.07	-989274.28	-788645.545	-989800.028	1005.254
-653638.25	-1055805.75	-651010.35	-1053240.12	3937.253
-748103.01	-1035830.68	-748084.48	-1035618.15	521.27
-708863.65	-1054156.14	-708245.433	-1051580.466	3049.929
-867396.188	-1014627.841	-867402.458	-1014608.839	21.982
-758440.286	-1032985.845	-759470.21	-1031669.35	1807.225
-766766.386	-980503.856	-767157.721	-980962.108	615.868
-730916.04	-1057545.2	-729538.036	-1058695.777	2133.055
-882091.044	-1017735.02	-880204.394	-1017070.064	2115.198
-758586.27	-1057603.82	-759355.124	-1056085.696	1749.24
-786585.72	-1009820.43	-785031.72	-1007980.71	2480.427
-843193.936	-1016635.188	-844371.505	-1015266.524	1813.655
-684041.7	-1045666.54	-683981.04	-1045580.36	125.829
-802308.357	-1054114.598	-804148.763	-1051305.117	6905.191
-775478.8	-1021851.08	-774305.718	-1021278.4	1353.369
-840490.431	-1056312.086	-844530.484	-1054067.499	5583.591
-756739.51	-1042458.0	-756454.44	-1042130.3	435.594
-716438.38	-1022530.7	-716310.31	-1022614.45	153.023
-848314.87	-1067025.917	-848587.265	-1066239.624	958.005
-727349.778	-1048202.287	-725773.61	-1048589.77	1623.385
-688732.547	-1058555.025	-688722.566	-1058549.16	13.087
-644447.233	-1038261.923	-644527.52	-1038188.014	113.694
-847463.732	-1070394.531	-847348.937	-1070561.21	224.921
-649967.98	-1030992.87	-649468.97	-1031387.77	636.658
-672313.35	-1089677.56	-672257.813	-1089760.551	103.625
-766311.67	-980211.76	-766487.96	-980291.1	205.829
-679069.798	-1023497.251	-679021.72	-1023490.794	48.51
-726005.712	-1020273.05	-724920.28	-1020590.19	1172.303
-789393.19	-998693.59	-789419.83	-999241.0	572.199
-718828.8	-1045805.59	-718280.08	-1046521.31	1115.102
-781064.88	-989176.29	-780590.831	-987038.492	2229.333
-848965.971	-1010131.521	-848840.874	-1010200.239	142.735
-768086.74	-985456.66	-769274.75	-984827.67	1516.651
-787825.765	-1006710.999	-787739.253	-1006851.018	165.125
-786838.58	-1010464.74	-786782.541	-1010597.882	152.172
-737019.67	-1032551.039	-736973.547	-1032504.996	65.171
-776106.232	-1014749.764	-776083.207	-1014759.946	28.102
-784354.602	-1007709.4	-780697.882	-1009437.239	4060.734
-690397.806	-1020396.222	-691880.813	-1019898.25	1575.862
-767753.068	-973588.546	-767759.585	-973602.723	18.281
-739217.73	-1033609.03	-738387.24	-1034776.1	1438.458
-753333.535	-979268.124	-753071.696	-979898.12	719.269
-854513.56	-1011452.89	-854389.39	-1011463.21	124.599
-663166.08	-1058879.59	-662912.41	-1058845.404	256.128
-829876.287	-1072800.346	-829863.983	-1072868.589	78.159
-657658.211	-1027917.403	-657177.89	-1027416.55	699.288
-757502.92	-1005108.84	-754765.41	-1002093.81	4134.933
-661199.007	-1036333.514	-659427.17	-1037681.69	2245.504
-725954.836	-1019955.705	-722332.58	-1017137.68	4652.085
-749711.46	-1078290.19	-750617.781	-1076624.699	3789.383
-766845.368	-1037438.243	-766747.32	-1037626.07	221.49
-679093.04	-1000965.52	-679029.09	-1001068.15	120.936
-766136.3	-1040888.08	-765682.58	-1040663.16	526.67
-842446.245	-1001920.005	-842745.5	-1001935.625	299.709
-734767.74	-1040996.46	-735050.9	-1041000.8	286.553
-749354.35	-1010423.3	-748363.74	-1010950.49	1173.61
-813336.573	-1055487.559	-813856.39	-1055683.49	591.218
-662603.44	-1002134.49	-660948.93	-1001902.42	1915.108
-781255.659	-985725.951	-781250.658	-985708.254	28.305
-865931.325	-1046316.317	-869459.653	-1046669.966	3907.26
-825955.727	-1025691.804	-825967.52	-1025677.531	20.006
-734056.437	-1031412.866	-734199.75	-1031885.47	493.902
-765511.99	-1074354.51	-765632.14	-1074898.32	563.98
-675523.865	-1025031.442	-673675.724	-1027299.289	3534.536
-640426.525	-1091589.246	-639937.167	-1089727.756	2553.278
-830311.214	-1027135.661	-830074.97	-1027272.543	280.784
-765921.79	-990097.51	-765871.691	-989925.097	187.381
-643736.04	-1046707.62	-643621.025	-1046319.884	404.703
-884024.5	-1021641.205	-887508.86	-1019850.702	4351.643
-770510.56	-979664.55	-770635.2	-979600.35	140.228
-708400.425	-991677.132	-708417.301	-991680.123	19.185
-749140.911	-1045567.351	-749171.951	-1045561.739	31.894
-731904.61	-972443.26	-731035.755	-971957.39	1374.707
-785947.35	-1018199.65	-785862.88	-1018158.85	104.491
-682386.51	-1045201.04	-682315.552	-1045123.005	105.629
-679925.531	-999357.282	-678819.53	-998378.5	1648.851
-756795.41	-1050212.7	-756749.59	-1049906.669	313.707
-738570.48	-999570.7	-738444.54	-998239.718	1687.641
-822680.54	-1016949.64	-822526.13	-1016545.87	455.081
-744593.67	-987634.7	-744462.285	-987548.078	158.823
-679461.209	-1037627.833	-679442.077	-1037644.774	30.994
-711597.156	-1048385.964	-711768.96	-1048828.93	552.338
-816811.814	-1014494.023	-816829.91	-1014519.23	31.803
-795341.173	-986115.417	-795439.262	-985877.066	259.076
-858733.91	-1009309.47	-858585.0	-1008652.824	685.139
-730995.632	-1036426.044	-730753.01	-1037058.017	733.803
-740685.2	-1040309.9	-740572.33	-1040310.77	134.694
-773499.14	-985346.785	-771878.58	-986682.57	2444.985
-759284.026	-1047928.139	-760154.756	-1048719.943	1180.25
-649055.07	-1019600.4	-648868.92	-1019486.9	221.784
-755092.033	-1045687.374	-756216.449	-1043874.105	2239.27
-677387.567	-1057538.417	-676899.047	-1057192.153	603.531
-717871.38	-1031498.06	-716764.61	-1028476.85	4134.973
-712420.272	-983594.696	-711730.929	-983702.925	702.468
-733502.956	-1053766.078	-732450.31	-1054985.68	1611.263
-845196.17	-1057797.05	-844921.455	-1057035.09	908.861
-700355.51	-1017085.84	-700346.562	-1017072.948	18.326
-689265.91	-1025362.49	-687658.851	-1025776.211	1717.158
-720968.998	-1063674.369	-720875.398	-1063968.73	314.722
-661877.34	-1025173.71	-661888.06	-1024949.01	226.364
-652497.992	-1066015.383	-652512.268	-1066003.798	20.918
-685173.71	-1084269.78	-684434.355	-1081436.478	2994.435
-750621.889	-969088.267	-750558.56	-969160.07	1163.346
-651687.191	-1062230.428	-649175.166	-1061861.382	2603.237
-648216.898	-1064150.17	-648070.13	-1064005.995	221.292
-751758.933	-1077986.983	-750852.576	-1078422.336	1178.473
-715285.172	-1080005.619	-716258.059	-1079302.106	1296.315
-803299.082	-1079241.065	-803282.589	-1079305.767	218.274
-686426.19	-990506.72	-686413.35	-990741.71	235.344
-688388.569	-1045386.217	-688351.24	-1045429.23	58.323
-835240.575	-1040178.658	-835040.953	-1040646.03	529.369
-684463.163	-1008439.427	-685775.306	-1008252.372	1350.566
-825805.35	-1025515.51	-825930.867	-1025606.763	175.239
-656226.72	-1048857.1	-656067.747	-1048723.149	210.583
-722478.95	-1041861.96	-722191.33	-1041984.3	342.924
-694254.45	-993618.94	-694006.079	-995200.362	2415.194
-780523.91	-993848.68	-780191.92	-994719.11	938.994
-785376.44	-1042986.07	-786298.87	-1042608.88	1039.09
-748544.882	-1024940.17	-748555.73	-1024956.416	23.118
-664351.125	-1047977.938	-664184.063	-1047903.25	220.547
-820763.034	-1063867.82	-821804.609	-1066679.277	3045.409
-881697.608	-1022289.692	-882768.42	-1022174.046	1166.753
-681667.189	-1030216.736	-681168.472	-1029384.679	977.37
-690535.907	-995551.564	-692330.5	-998364.0	3373.489
-796891.93	-1033882.09	-793621.56	-1033086.45	3506.402
-779600.3	-972100.91	-781032.98	-972376.97	1474.125
-746269.1	-1055406.65	-746980.67	-1058663.82	3446.338
-730532.79	-1045370.4	-723930.764	-1047299.497	6935.276
-776238.3	-1029861.59	-778723.324	-1030379.705	2627.7
-733142.76	-1035763.729	-733060.69	-1035355.42	452.493
-687297.019	-1004332.947	-687275.98	-1004384.21	55.413
-828142.339	-997312.657	-828059.577	-997223.52	121.945
-684319.74	-1018289.441	-683163.78	-1018221.69	1404.59
-784288.839	-1027120.132	-784340.233	-1026853.333	365.875
-852926.407	-1003453.801	-849872.823	-1008152.813	6437.006
-683899.563	-1076949.046	-685968.83	-1077885.118	2312.852
-763369.78	-992839.07	-763349.65	-992839.56	22.296
-798540.66	-1052815.28	-799448.64	-1054475.6	1953.25
-833691.9	-1057019.08	-833159.856	-1056480.242	864.777
-744777.031	-1016567.584	-745090.897	-1016759.453	372.392
-736870.83	-1038210.02	-736873.15	-1038074.36	136.424
-801505.879	-1008101.374	-802127.752	-1008368.964	687.215
-721927.56	-1056816.23	-721480.646	-1056896.706	454.245
-772697.187	-999447.262	-773231.14	-998764.04	873.222
-664670.146	-1006510.766	-663313.095	-1007489.1	1803.576
-888027.903	-1019766.527	-888109.909	-1019842.345	389.883
-715066.692	-1057435.978	-714087.729	-1057511.199	1007.863
-853122.407	-1044067.769	-850050.84	-1043723.36	3245.307
-833658.629	-1072656.762	-833794.117	-1072679.423	147.221
-717406.529	-1074272.847	-717500.578	-1074329.57	127.802
-865689.492	-991806.891	-865309.575	-993340.114	1688.046
-649302.42	-1047660.25	-649095.29	-1047681.46	216.263
-643595.338	-1039542.467	-643604.91	-1039469.98	85.76
-833691.9	-1057019.08	-832599.1	-1057956.73	1447.9
-648741.2	-1030486.44	-649621.6	-1029185.54	1826.333
-780654.19	-1020271.14	-781352.95	-1020016.67	766.787
-644819.178	-1073393.316	-644825.501	-1073404.509	13.956
-766045.79	-1076247.01	-766189.5	-1076373.07	191.215
-778800.86	-1022489.66	-780654.19	-1020271.14	4747.506
-720117.76	-1071251.49	-721547.42	-1069979.61	1970.161
-747718.385	-1062503.67	-748922.553	-1064209.42	2552.997
-737648.76	-1057596.41	-737661.145	-1057623.659	30.655
-783541.401	-1061964.012	-783740.92	-1062114.7	250.04
-734739.342	-1062149.316	-733977.418	-1063555.082	1690.315
-735510.1	-1028628.63	-735502.4	-1028336.259	292.485
-780229.26	-1009888.51	-780482.395	-1009537.145	435.106
-808102.851	-1071160.684	-808771.898	-1069374.469	1965.793
-759955.845	-1045151.847	-759754.722	-1044467.336	752.249
-851363.483	-1068832.609	-854779.924	-1073905.672	9027.97
-686350.07	-993429.47	-686514.378	-993466.449	168.725
-714807.73	-1027916.89	-714762.413	-1027902.794	47.46
-741881.759	-1014936.346	-743387.82	-1016957.55	2916.283
-747595.566	-1068754.193	-749359.631	-1072003.681	4136.053
-760108.1	-976669.03	-760078.83	-976652.25	47.04
-741480.124	-993828.554	-738733.01	-994172.457	2895.596
-683516.07	-993478.96	-683474.209	-993471.414	43.182
-736050.663	-1009638.721	-736065.216	-1009628.72	19.043
-670729.731	-1080489.678	-670357.22	-1080322.771	433.32
-692204.04	-1051154.63	-693139.9	-1052017.28	1293.296
-784727.36	-999553.65	-785338.24	-998942.01	927.499
-715323.771	-1055066.714	-714655.015	-1056038.843	1589.498
-757291.75	-1022892.522	-758505.91	-1022715.61	1258.013
-763160.673	-1072458.821	-763227.89	-1072531.86	99.678
-784808.85	-1041929.78	-785644.369	-1041141.424	1514.298
-664519.478	-1089063.209	-664687.413	-1089591.815	731.784
-838203.824	-999193.543	-836533.603	-997062.735	5284.149
-819830.35	-1074417.23	-820086.52	-1072965.37	1539.226
-753851.93	-993658.93	-751878.793	-992894.934	2387.216
-653279.646	-1022982.362	-653072.91	-1022891.08	254.231
-813965.584	-1078185.531	-811908.457	-1076375.594	4006.947
-741428.63	-982599.37	-741483.047	-984171.128	1617.521
-846960.039	-990774.059	-849337.108	-991340.404	2464.574
-722238.651	-1041371.728	-720440.86	-1041212.08	1840.997
-784722.76	-1026987.074	-789713.931	-1027151.929	5072.457
-650214.713	-1066673.462	-650254.698	-1066684.671	41.532
-798345.777	-1067597.387	-798400.967	-1067562.3	65.691
-839550.537	-1075502.651	-839424.901	-1075430.39	3634.146
-752150.8	-1042812.48	-752242.07	-1042958.93	172.582
-751945.005	-1038538.814	-751970.65	-1038533.5	30.682
-830942.768	-1065061.502	-830496.913	-1062786.197	2338.061
-671278.02	-1014903.47	-670530.658	-1016031.392	1469.357
-692331.51	-1039270.14	-693636.81	-1041161.74	2364.363
-700834.385	-1010509.411	-700915.204	-1010513.621	87.599
-789741.53	-1059082.31	-788207.126	-1059604.875	1711.517
-806862.02	-982792.324	-812388.176	-977737.761	8384.602
-748339.95	-979141.65	-748333.149	-980555.381	1630.052
-648126.207	-1091893.832	-648110.28	-1092559.28	665.662
-699819.01	-1059099.45	-699767.59	-1058228.5	918.475
-678275.815	-1069146.017	-678264.47	-1069167.266	24.166
-848631.622	-1009970.503	-845746.3	-1007961.96	3695.202
-812489.38	-1013963.8	-812576.94	-1013960.82	87.946
-740017.87	-1023680.65	-739209.05	-1021968.58	1900.079
-824140.66	-1076361.08	-824238.73	-1076359.83	98.086
-718775.66	-1088012.98	-718948.86	-1088120.98	205.219
-760366.64	-987873.39	-762253.87	-984849.76	4421.518
-799398.713	-1001736.838	-799420.636	-1001728.866	23.355
-794920.703	-986688.056	-795263.688	-986737.04	363.094
-647469.48	-1028188.01	-647875.307	-1027737.863	698.921
-666384.15	-1058993.096	-664878.977	-1059238.198	1550.023
-751326.36	-1045689.05	-751513.932	-1045689.238	187.579
-681856.875	-1067973.625	-683537.01	-1066911.67	2091.47
-765511.99	-1074354.51	-764530.34	-1074144.75	1121.354
-739946.066	-1055665.419	-740555.067	-1055377.392	681.219
-820237.415	-1025735.818	-820192.47	-1025296.08	442.658
-683949.63	-1036590.98	-683890.59	-1036417.26	183.484
-744730.982	-1001506.622	-741627.06	-1001710.81	3680.605
-683566.397	-1034493.712	-684084.16	-1033852.85	918.19
-810055.65	-1032263.64	-814348.83	-1031915.438	4527.758
-738444.2	-1024753.62	-738117.97	-1025342.62	909.037
-870331.398	-1011239.458	-870597.7	-1010531.22	773.15
-781036.09	-1059946.3	-781511.97	-1060800.29	1006.615
-762243.624	-1057488.376	-762151.98	-1057543.4	107.893
-855628.204	-1046629.092	-854140.01	-1046983.951	1621.848
-808777.7	-1000828.95	-808708.01	-1000773.94	88.98
-765555.283	-989751.387	-765164.638	-989534.881	447.715
-647915.562	-1066970.75	-647790.847	-1067393.64	441.505
-649281.375	-1061840.834	-649218.969	-1061762.193	116.39
-698401.21	-1004629.35	-698382.33	-1004446.27	192.93
-702956.135	-1076208.755	-701751.9	-1074551.6	2081.931
-735705.76	-1007865.98	-731404.222	-1008727.388	4694.202
-713742.68	-1005140.25	-714027.24	-1005063.45	295.481
-754607.34	-1035820.88	-754590.79	-1035902.17	95.492
-675277.496	-1046282.022	-674130.7	-1047102.27	1447.772
-645182.125	-1042740.125	-645231.86	-1043705.2	1187.02
-645656.76	-1038237.91	-644773.5	-1037891.361	1042.196
-641152.528	-1043280.12	-640478.578	-1043279.784	690.841
-781927.11	-1013434.22	-782644.121	-1018033.388	5306.199
-792197.43	-1041123.19	-793511.08	-1041584.97	1508.625
-737596.76	-1057650.8	-737585.966	-1057622.357	31.243
-692637.99	-1043495.14	-693060.92	-1042497.66	1129.398
-829579.044	-992664.87	-828019.303	-997044.751	7480.775
-680469.593	-1048668.601	-680637.2	-1047907.33	812.064
-714181.98	-1073425.977	-714126.459	-1073423.687	55.838
-731589.929	-1056706.085	-731146.852	-1056802.67	466.201
-791773.631	-986774.146	-791769.11	-986292.988	502.505
-752473.827	-1048687.075	-752441.0	-1048737.125	63.794
-776731.11	-973928.64	-777798.65	-971854.93	2720.195
-647976.31	-1088461.283	-647768.254	-1088915.886	501.836
-688002.282	-1075181.562	-687637.99	-1074883.63	470.9
-760660.272	-1068689.028	-760665.759	-1068759.931	71.115
-725756.82	-1080639.05	-726051.674	-1081296.628	737.479
-742089.043	-1049140.504	-742087.72	-1049062.09	90.976
-753531.82	-1029255.4	-755185.5	-1028876.24	1770.484
-695425.18	-1027294.18	-694947.241	-1029166.982	2017.95
-794781.54	-1019822.93	-794390.371	-1020723.153	1013.91
-747786.218	-1026682.429	-748503.37	-1025506.13	1678.59
-879650.97	-1020835.38	-879599.56	-1020720.76	178.302
-664819.92	-1015788.69	-663394.55	-1018058.15	2679.962
-818596.165	-1001266.455	-819127.044	-1000624.817	832.997
-768081.24	-985497.61	-768086.74	-985456.66	41.318
-644103.839	-1047463.345	-644280.07	-1047970.75	538.222
-727335.155	-1055066.018	-727371.092	-1055082.893	57.32
-712770.01	-1027092.35	-711055.301	-1025126.549	2684.395
-705153.44	-1065116.36	-702421.423	-1064295.483	4113.786
-658632.613	-1007570.898	-659200.06	-1006056.33	1982.681
-724920.28	-1020590.19	-723448.35	-1020482.63	1516.881
-661219.349	-1077757.684	-659220.915	-1079389.294	2706.923
-644516.187	-1038472.986	-644718.554	-1037970.142	835.417
-697437.04	-999782.5	-697594.667	-999708.68	178.565
-826617.415	-1064975.428	-827627.983	-1065980.046	1532.155
-719962.98	-1050499.82	-719291.016	-1050167.408	751.84
-649189.671	-1061088.354	-649209.144	-1061099.602	24.599
-847631.984	-1026209.072	-846077.369	-1022040.031	5625.3
-815495.249	-1077006.108	-813838.81	-1073966.7	3866.227
-724612.79	-1027039.26	-724293.04	-1026433.46	823.864
-684582.25	-1034680.56	-684737.81	-1033347.95	1381.914
-675086.15	-1054222.99	-674215.166	-1055126.978	1302.159
-710785.11	-1024084.1	-711654.17	-1022257.4	2058.349
-736492.71	-1028281.71	-735510.1	-1028628.63	1064.705
-648073.562	-1066122.759	-648137.96	-1066641.29	522.516
-881684.648	-1007478.419	-881766.324	-1009134.231	1777.079
-760110.712	-976177.525	-759651.598	-976154.419	466.65
-765677.7	-990558.27	-763389.81	-992953.24	3334.508
-777556.591	-991207.669	-777218.168	-993020.447	1935.922
-720245.62	-1070992.61	-720011.75	-1071233.346	346.193
-882384.904	-1003135.151	-882180.889	-1003054.844	234.924
-705932.86	-1013325.98	-706560.61	-1015673.42	2495.493
-733267.49	-1020351.43	-731613.902	-1021278.732	2182.142
-723862.67	-1002130.34	-725453.136	-998817.093	3893.357
-710457.607	-1037049.321	-710920.578	-1035454.223	1861.947
-741375.46	-1047504.02	-741788.86	-1047093.87	583.074
-761858.43	-1020987.09	-761830.68	-1021728.81	749.555
-857625.67	-1022950.01	-854376.18	-1025217.55	6238.563
-679522.468	-1067119.159	-679665.464	-1065415.499	2124.569
-802617.775	-1021022.365	-802580.204	-1022609.926	1831.887
-776071.75	-1050624.5	-775823.61	-1048782.01	2306.248
-641137.754	-1061523.742	-641830.694	-1058978.996	2839.423
-690676.192	-1082340.194	-690663.34	-1082367.123	29.869
-785947.35	-1018199.65	-785903.44	-1018138.51	76.348
-757147.235	-1059510.985	-757128.242	-1059507.045	28.092
-749962.11	-1054825.44	-751727.92	-1056190.59	2425.663
-860889.384	-1066222.927	-862018.808	-1064807.077	1811.333
-732103.646	-1040876.88	-732170.956	-1040809.093	101.3
-779116.42	-1042743.98	-780485.3	-1040977.06	3200.965
-684053.62	-1032015.32	-684124.787	-1031890.884	143.35
-701712.32	-1012534.577	-701546.07	-1012463.02	181.003
-697477.333	-1035907.731	-697424.697	-1035914.68	53.093
-738748.919	-1001258.549	-738660.45	-1001178.32	122.799
-761729.69	-1057200.32	-759345.19	-1056031.723	2882.374
-671334.839	-1013380.04	-671318.326	-1013380.851	18.612
-822691.204	-993747.305	-825652.86	-990284.21	6200.134
-696768.359	-1065799.89	-696813.865	-1065594.502	212.198
-802886.96	-998364.25	-802994.8	-998275.28	139.804
-767157.721	-980962.108	-766499.505	-982853.063	2072.709
-681800.77	-1011449.95	-681393.7	-1012890.33	1534.885
-843734.26	-1002910.68	-843706.44	-1002673.06	245.305
-773585.129	-1055782.565	-773719.778	-1055932.824	201.763
-771612.37	-1023803.49	-768205.212	-1023323.605	3440.801
-824027.093	-1021446.928	-823979.116	-1021458.512	49.709
-849048.33	-1002298.4	-849059.247	-1002323.581	29.584
-764857.312	-1020603.85	-765568.13	-1020517.37	748.796
-783391.24	-1061960.53	-783301.77	-1061787.31	201.82
-732317.52	-1055113.43	-732430.487	-1054769.329	384.71
-848719.605	-1073969.032	-846969.722	-1071458.04	3288.601
-667434.36	-1033768.44	-667092.245	-1033928.634	427.61
-788280.93	-990324.35	-788266.04	-990503.37	291.812
-734667.55	-1006388.29	-734657.224	-1006198.632	198.001
-644809.314	-1073394.96	-643963.03	-1072646.66	1149.944
-802221.716	-997025.126	-804134.69	-996514.12	2026.097
-818651.724	-1074636.177	-819612.78	-1076589.87	2241.05
-646842.755	-1034783.755	-644971.38	-1032389.41	3412.578
-696712.51	-1014727.51	-695996.79	-1015467.52	1106.949
-738659.24	-985876.91	-737827.37	-984515.47	1737.414
-884362.294	-1009602.65	-881522.812	-1014064.165	5935.808
-751476.087	-976015.903	-749717.98	-974722.78	2260.763
-667304.361	-1041101.153	-666683.85	-1040351.24	982.146
-712856.0	-983393.06	-712873.074	-983376.143	32.966
-672190.329	-1083203.313	-672245.998	-1083231.835	62.653
-686632.23	-1026029.46	-686097.313	-1024010.399	2124.107
-698328.194	-1080327.111	-698150.83	-1081315.17	1121.069
-757717.93	-1027868.5	-757198.72	-1025175.29	2895.043
-782127.93	-989879.61	-782973.879	-989205.278	1174.186
-751974.705	-1043105.096	-752279.89	-1043061.71	355.582
-736873.15	-1038074.36	-736748.94	-1037377.2	711.301
-706921.2	-1069889.39	-707071.52	-1070293.14	430.99
-731640.68	-1078966.1	-735491.943	-1077107.534	4455.771
-724451.812	-1041571.23	-724435.034	-1041584.202	23.593
-690378.47	-996190.1	-690223.07	-997143.8	983.769
-767938.33	-1019675.92	-767713.24	-1020395.35	768.823
-794506.51	-1004011.49	-794481.78	-1004012.95	28.147
-864972.286	-1044654.765	-866288.3	-1043015.41	2201.108
-835716.726	-990384.662	-835547.209	-989951.865	494.946
-649428.98	-1060875.631	-649315.954	-1060816.827	175.439
-756770.213	-1065375.482	-756870.588	-1065638.939	282.39
-882299.844	-1021957.655	-882622.57	-1021971.004	323.305
-792554.569	-979614.516	-792414.944	-979502.006	179.909
-773902.9	-997205.3	-774490.386	-998364.466	1703.048
-730363.36	-1084639.28	-730339.49	-1084646.34	24.892
-747592.42	-1012728.32	-748757.994	-1014323.258	2189.233
-698601.44	-1063577.91	-700885.09	-1064746.32	2748.873
-789573.256	-1027143.939	-789516.43	-1027199.534	84.994
-730385.752	-1043397.184	-730477.06	-1043448.93	247.358
-758715.209	-1060308.79	-756229.13	-1064141.66	7283.572
-685269.238	-993743.812	-685365.419	-991199.758	2580.934
-765999.3	-1078549.26	-765916.1	-1077914.45	654.859
-753160.456	-1037488.903	-754195.55	-1037453.92	1194.26
-721916.777	-1032975.383	-721831.82	-1032837.54	162.044
-755632.973	-991024.533	-755651.695	-991024.143	30.07
-752021.69	-1007728.89	-752039.98	-1007724.212	20.381
-640041.2	-1044758.34	-639827.249	-1045203.071	806.862
-818157.27	-1038318.05	-817681.88	-1038726.67	736.107
-694942.03	-1066235.48	-694413.003	-1068650.807	2546.75
-773549.494	-1055894.737	-773495.77	-1055868.64	60.801
-848343.12	-1036112.63	-848593.3	-1036248.77	291.337
-643390.018	-1044556.049	-643357.52	-1044647.09	96.678
-753562.08	-1045802.37	-753430.208	-1045790.014	132.484
-660125.873	-1028254.54	-658948.14	-1028018.85	1264.16
-763754.5	-977158.688	-764026.83	-977054.7	296.674
-797242.374	-1068992.553	-797207.638	-1068902.189	102.667
-690414.26	-1069784.24	-688454.182	-1070263.786	2123.777
-829800.781	-1072833.673	-829852.064	-1072797.4	64.55
-644350.08	-1074464.718	-642583.084	-1075093.771	1890.186
-757110.445	-1047042.846	-757484.4	-1046437.29	910.069
-767592.88	-1049843.99	-767429.581	-1048595.732	1299.209
-835436.002	-1033713.723	-836677.955	-1034938.437	1831.34
-770958.45	-1020244.89	-769598.02	-1020036.67	1454.448
-685904.886	-993511.359	-685232.746	-993710.463	706.164
-757859.17	-971476.34	-758416.97	-970988.03	873.571
-694089.33	-1072562.65	-694916.365	-1073152.797	1075.315
-764212.02	-984411.28	-765863.967	-983629.744	1850.669
-753305.819	-1004644.725	-754717.26	-1002056.5	2972.365
-851816.443	-1010487.409	-852025.15	-1010321.64	268.9
-769888.27	-1017591.99	-769501.759	-1016717.413	958.283
-736802.978	-1032360.481	-736772.874	-1032130.157	232.648
-648413.314	-1082896.161	-648524.869	-1084048.706	1264.264
-680494.767	-1082143.702	-681114.349	-1082188.818	644.792
-755911.964	-1059127.866	-756507.085	-1057781.15	1562.585
-742977.964	-987871.438	-741735.77	-987581.701	1318.0
-689663.127	-1077650.329	-688797.379	-1076150.545	1741.798
-851158.788	-1009138.871	-849872.823	-1008152.813	3091.876
-726757.632	-974343.727	-727739.13	-975636.15	1849.725
-776512.28	-979470.94	-777841.63	-980174.42	1553.294
-704896.61	-1014942.03	-705112.095	-1015101.919	268.539
-752141.41	-1023976.24	-752568.73	-1022723.96	1323.259
-725020.866	-1035329.149	-725019.592	-1035314.128	15.891
-754670.663	-1043581.536	-756259.96	-1043181.71	1682.491
-759709.546	-1022511.169	-760260.421	-1021845.213	876.9
-767516.145	-1030473.609	-767505.147	-1030465.416	16.21
-646608.894	-1035148.209	-646257.99	-1035696.78	651.214
-764427.96	-984213.11	-765278.81	-985166.48	1421.075
-842537.83	-992099.058	-842568.76	-992116.35	54.724
-840507.259	-1070476.393	-840523.27	-1070522.25	48.733
-752039.98	-1007724.212	-752045.381	-1007747.603	27.648
-756889.551	-1065640.076	-756880.203	-1065655.615	21.487
-732770.34	-993991.07	-735879.16	-989987.13	5644.663
-741063.502	-1048724.768	-740943.5	-1048793.72	153.68
-864248.86	-1014682.19	-864660.78	-1015185.63	650.543
-727468.18	-1079410.892	-727549.081	-1078700.955	729.264
-653414.983	-1023358.623	-653437.442	-1023375.294	36.234
-725531.932	-998701.486	-725314.234	-997871.642	1337.913
-718775.66	-1088012.98	-717260.966	-1088326.135	2974.508
-810659.26	-991757.7	-810692.36	-991756.35	34.06
-782291.96	-1079148.93	-780409.069	-1081704.322	6159.928
-760078.83	-976652.25	-759740.36	-976517.51	365.329
-832504.574	-1028511.063	-833789.548	-1028802.239	1513.417
-713258.3	-1040346.94	-713263.437	-1040260.418	87.167
-854821.13	-1011089.54	-854887.4	-1011083.73	68.266
-671529.156	-994215.846	-671541.458	-994226.952	17.432
-704838.284	-1057569.131	-704824.513	-1057697.425	129.031
-770073.586	-995598.948	-769951.24	-995580.14	123.805
-819756.53	-1076870.55	-819624.11	-1076682.22	232.158
-733915.431	-1056541.625	-733927.121	-1056517.774	28.557
-815931.981	-1024730.764	-817243.65	-1024194.83	1421.049
-744525.976	-985518.231	-742927.19	-985833.76	1782.947
-758594.475	-1047655.138	-760061.61	-1045933.24	2583.884
-683887.851	-1008125.569	-683832.71	-1008037.48	110.892
-755086.89	-972337.9	-755071.627	-972993.598	966.202
-738154.158	-1062918.564	-739793.524	-1062973.819	1739.391
-666792.402	-1075750.654	-669402.384	-1076829.111	3335.69
-698849.58	-996498.17	-698378.936	-995723.523	934.874
-690378.47	-996190.1	-690355.329	-995681.431	552.125
-821758.61	-987273.78	-821813.88	-987261.977	63.361
-698742.74	-999596.75	-697706.206	-999723.703	1146.821
-640510.66	-1028327.36	-640652.89	-1029012.59	732.827
-768181.129	-1028084.705	-768005.2	-1028115.04	178.786
-769027.74	-999452.77	-772551.76	-997799.62	4081.546
-776457.57	-975926.16	-776446.43	-976006.71	81.44
-811436.45	-1058332.05	-810964.063	-1057350.887	1694.577
-794596.07	-1003843.11	-799218.218	-1001629.481	5125.43
-659839.208	-1072077.168	-661987.09	-1073794.27	3780.017
-662771.157	-997468.035	-662805.253	-996864.643	2947.48
-678908.429	-1075980.569	-679399.801	-1079914.55	4214.84
-760798.366	-976523.528	-760694.235	-976579.692	128.095
-770374.86	-983338.06	-771549.54	-982560.38	1435.064
-825652.86	-990284.21	-825767.75	-989720.75	582.358
-746918.125	-1017516.563	-746939.588	-1017404.603	128.95
-741819.671	-981309.368	-742170.27	-981064.35	466.104
-756454.44	-1042130.3	-756273.1	-1041563.77	596.857
-689289.117	-1090073.041	-689133.657	-1091275.611	1316.734
-757140.049	-1059498.17	-757147.235	-1059510.985	16.587
-674729.5	-1016966.41	-674265.513	-1018960.391	2239.009
-742803.47	-1032645.08	-745931.551	-1032495.079	4632.149
-682692.846	-1028346.69	-684190.79	-1027277.101	1855.89
-698382.33	-1004446.27	-696426.87	-1001006.06	3982.856
-649286.677	-1061749.033	-649298.085	-1061754.233	12.611
-872116.886	-1034067.855	-871874.345	-1034118.846	248.124
-779253.26	-1007091.45	-777829.486	-1003324.989	4766.869
-683566.397	-1034493.712	-683000.678	-1033361.372	1329.944
-649209.144	-1061099.602	-649205.63	-1061116.033	17.57
-735886.71	-1072198.31	-735030.582	-1072887.45	1242.084
-808875.104	-990891.741	-809067.59	-990874.41	232.096
-705554.843	-1006843.949	-704847.721	-1008039.339	1569.434
-813725.859	-1071652.505	-815238.312	-1070947.234	1727.01
-691002.18	-995246.83	-690247.146	-995050.618	828.55
-762253.87	-984849.76	-760202.75	-983625.94	3137.666
-695735.76	-1026015.665	-697316.589	-1026575.904	1744.819
-820973.902	-1062163.172	-820758.321	-1063384.583	1240.301
-730428.745	-1057413.053	-730549.63	-1057384.57	125.579
-864301.648	-1043408.757	-864091.237	-1044544.766	1345.606
-751669.33	-1007020.21	-751637.21	-1006976.32	54.432
-659141.502	-1054020.948	-659564.47	-1054034.521	443.309
-766488.889	-972130.108	-766458.499	-972340.383	212.944
-657019.754	-1063024.574	-652605.739	-1064369.9	4857.299
-860278.73	-1006748.49	-861324.758	-1008825.029	2447.788
-865033.199	-1014739.988	-864779.652	-1012961.45	2607.604
-719918.3	-1084615.0	-719964.66	-1084640.61	53.053
-729566.13	-985317.67	-727547.636	-983761.853	2659.839
-673235.616	-1012182.841	-673068.91	-1012409.4	281.457
-758097.64	-1033403.64	-757841.67	-1033524.501	283.167
-757108.177	-1032272.941	-757097.594	-1032250.122	27.96
-781677.917	-1049785.142	-781865.15	-1048439.48	1415.617
-757420.204	-1040997.825	-758253.4	-1040701.45	902.262
-885102.897	-1016857.919	-882642.087	-1015832.189	3147.101
-831494.033	-1036682.579	-832856.929	-1036801.011	1506.367
-776487.38	-1076782.21	-778922.16	-1071182.43	6863.5
-710977.87	-1025266.24	-710430.018	-1025668.049	695.343
-710311.89	-1067211.04	-710947.59	-1066487.36	982.369
-667401.048	-1083330.838	-666388.889	-1082179.573	1737.416
-707084.08	-1063283.91	-706057.394	-1063749.005	1179.874
-640971.591	-1080795.556	-641563.12	-1081473.4	920.283
-738946.797	-1071544.05	-739504.506	-1073640.959	2593.421
-701281.438	-1012426.375	-701654.7	-1012344.5	382.751
-728440.506	-1060914.19	-730473.09	-1057922.22	3660.407
-639843.367	-1051732.211	-640470.79	-1051656.34	839.148
-727095.671	-1031375.294	-725685.08	-1033315.51	2412.978
-835040.953	-1040646.03	-837084.581	-1040616.452	2163.619
-814496.11	-1069885.77	-814649.04	-1070090.53	256.063
-738989.588	-987015.568	-738672.355	-985890.635	1429.651
-766906.4	-1033649.9	-766746.83	-1036733.97	3305.288
-646928.349	-1057809.416	-646916.449	-1057818.684	15.821
-704497.25	-1019010.64	-703972.47	-1019132.76	540.825
-748260.33	-1030616.4	-748255.783	-1030596.93	20.248
-748074.278	-981286.736	-747762.892	-981878.26	687.308
-693730.615	-1032430.836	-693762.45	-1032418.66	34.195
-759251.08	-1022895.286	-759758.79	-1022562.13	671.083
-736840.53	-1036757.31	-736806.057	-1036906.288	152.954
-727029.82	-1054875.525	-726907.287	-1054944.598	149.457
-645145.99	-1049725.66	-645139.2	-1049789.74	65.54
-748623.581	-1025255.676	-748448.468	-1025141.783	273.505
-826207.223	-1025611.665	-825983.792	-1025686.738	237.795
-660600.09	-1066370.54	-661244.734	-1066292.993	705.719
-859274.95	-1010955.36	-859271.08	-1010969.95	16.567
-641003.486	-1073021.745	-640730.83	-1072215.52	881.561
-727397.58	-1033927.5	-727394.82	-1032823.14	1281.198
-689433.515	-1058416.562	-688883.495	-1058050.177	660.977
-844011.49	-1005076.04	-839305.924	-1006682.998	8018.991
-784552.08	-1000770.58	-784727.36	-999553.65	1436.919
-689070.19	-1007867.98	-689146.607	-1007520.54	362.934
-813902.061	-1024065.431	-814454.41	-1025832.225	2357.121
-768510.663	-1082952.008	-768538.32	-1082897.61	5490.436
-849027.94	-1002337.53	-848826.603	-1006137.521	4578.977
-840611.07	-1059465.3	-841388.927	-1061952.353	4074.045
-641900.29	-1083151.42	-641558.455	-1081663.353	1848.839
-772290.594	-972053.928	-771922.183	-971933.635	422.119
-794318.27	-1008076.35	-790550.11	-1009049.625	4618.432
-678795.907	-990702.905	-679466.541	-989570.958	1778.512
-736379.617	-1013751.113	-736379.594	-1013769.886	20.238
-732817.12	-1028636.06	-734608.004	-1027176.601	2485.619
-732635.471	-1085666.116	-734758.764	-1086491.288	3589.064
-741813.07	-1047094.23	-741842.018	-1047250.734	173.8
-697472.53	-1017427.37	-697349.47	-1017397.28	126.889
-851153.587	-1009157.697	-851170.803	-1009143.361	33.306
-681287.93	-1064461.518	-681218.36	-1064419.74	105.243
-645063.453	-1071395.993	-644167.988	-1071592.408	921.952
-791097.96	-1010612.87	-789897.46	-1010678.27	1249.984
-849027.94	-1002337.53	-849048.33	-1002298.4	69.347
-716573.27	-1009828.58	-717406.571	-1009971.884	1020.968
-756447.96	-1021323.23	-757291.75	-1022892.522	1958.334
-694401.055	-1065921.44	-694942.03	-1066235.48	709.617
-824185.68	-1076313.69	-824140.66	-1076361.08	278.52
-876735.812	-1034362.82	-878110.309	-1036605.959	2729.715
-645555.73	-1052928.7	-645481.3	-1052903.41	83.357
-778145.757	-981936.077	-778139.229	-981927.018	12.616
-705213.552	-1046907.088	-704286.97	-1047107.97	950.37
-824123.41	-1076094.96	-824103.65	-1075094.96	1004.402
-688732.223	-1058533.682	-688742.145	-1058541.222	14.733
-766744.49	-996216.03	-764512.253	-997703.884	2704.42
-666466.26	-1013751.01	-666386.09	-1013742.47	81.114
-762805.438	-1051020.875	-762339.98	-1051545.548	1107.931
-752574.0	-1048595.25	-752456.66	-1048568.5	152.152
-701332.32	-1004961.69	-704645.72	-1007854.94	5417.492
-754453.681	-1063515.296	-754368.65	-1063473.26	97.157
-651926.66	-1019772.51	-653953.22	-1019479.01	2510.815
-798345.32	-994740.24	-799077.81	-993548.97	1484.872
-828650.137	-1025051.101	-830057.621	-1024759.739	1437.345
-684465.51	-994535.698	-684500.3	-994629.26	100.801
-741678.677	-1028204.395	-742088.056	-1027627.493	707.503
-683207.8	-994620.61	-681797.21	-993912.17	2268.419
-716181.54	-1053143.76	-713784.454	-1051227.776	3287.753
-759070.16	-1068771.63	-759120.04	-1068577.14	267.211
-676885.72	-1040443.22	-676359.333	-1040833.919	706.955
-649281.375	-1061840.834	-649281.836	-1061781.562	60.58
-695497.4	-1038523.04	-694182.92	-1040208.12	2150.563
-725462.663	-978511.852	-730613.51	-976931.21	5838.069
-712745.62	-1008418.9	-712566.42	-1009304.56	926.991
-767521.328	-1030468.912	-767516.145	-1030473.609	7.193
-760277.5	-1018634.36	-758222.11	-1020120.63	2657.053
-767491.287	-1045988.307	-767628.36	-1046038.68	146.123
-666173.04	-1011510.76	-665202.27	-1011208.67	1048.857
-704514.89	-1014722.42	-704443.17	-1014666.94	90.679
-730555.63	-1041606.57	-729921.66	-1041002.68	915.279
-714569.04	-1056043.87	-714087.729	-1057511.199	1553.306
-819624.11	-1076682.22	-819458.15	-1075912.13	795.873
-683525.776	-1008619.715	-683572.77	-1009436.95	827.537
-683574.671	-1062240.606	-683994.92	-1063855.331	1705.878
-776711.619	-1034332.795	-776749.33	-1034354.42	50.445
-734179.267	-1073288.225	-734107.342	-1075541.778	2409.149
-644773.5	-1037891.361	-644749.721	-1037931.006	46.287
-702320.32	-1009965.34	-702516.565	-1010261.375	357.442
-703603.3	-1070228.96	-702591.63	-1070675.77	1124.522
-798345.32	-994740.24	-800442.53	-998372.8	4728.435
-662235.315	-1059060.07	-662315.36	-1062090.09	3151.359
-834771.583	-1060697.914	-835407.871	-1058766.318	2103.84
-656123.371	-1061794.799	-652542.747	-1062334.365	3738.721
-648369.812	-1038391.511	-648257.58	-1038522.22	173.831
-789999.22	-1029582.85	-789625.983	-1027260.753	2472.256
-729458.7	-1079294.71	-730136.57	-1079066.52	720.709
-763475.06	-992883.25	-763702.81	-992726.37	276.599
-762524.04	-1062470.43	-763664.0	-1062929.15	1282.68
-719124.44	-1019653.71	-719644.184	-1021630.445	2366.908
-646487.376	-1023965.665	-648133.96	-1022872.9	2007.936
-693139.9	-1052017.28	-694455.13	-1052575.23	1518.517
-672706.22	-1015107.8	-672642.55	-1014807.25	314.547
-792713.08	-994913.79	-793324.128	-996026.433	1304.275
-684950.74	-996639.44	-684308.453	-1001173.117	5858.831
-703972.47	-1019132.76	-703567.379	-1020096.168	1045.111
-769035.413	-993099.911	-767901.68	-991457.23	2683.174
-787841.5	-1017293.11	-785969.35	-1018223.45	3486.672
-746657.563	-1017680.468	-746935.15	-1017088.725	658.383
-819733.064	-1026468.279	-819904.908	-1026322.442	225.75
-705349.875	-1044497.918	-705583.77	-1044359.47	271.817
-644993.93	-1049839.45	-644748.24	-1050053.81	327.694
-720519.25	-1047917.17	-718912.187	-1047953.389	1631.77
-655774.43	-1015985.09	-652077.08	-1016925.91	3962.024
-685946.901	-1053736.888	-688505.13	-1051236.35	3847.109
-701337.4	-1003724.2	-701237.46	-1003858.29	173.67
-649822.85	-1086477.095	-650094.63	-1087395.397	1534.392
-804450.558	-1069192.035	-804402.802	-1069236.047	66.408
-762921.827	-973598.762	-762800.511	-973664.528	138.559
-686841.974	-1066086.179	-687258.748	-1064722.219	1599.829
-770392.356	-1000118.005	-770489.81	-1000173.05	111.925
-759120.04	-1068577.14	-759224.355	-1068507.43	125.476
-733650.642	-1053310.708	-733688.643	-1053306.73	43.662
-669697.05	-1011811.44	-669124.001	-1010876.083	1124.212
-763355.85	-1021358.05	-763141.496	-1021116.148	369.024
-647466.17	-1093699.84	-647876.97	-1093900.63	467.189
-690092.367	-1088967.61	-691194.385	-1091059.52	5429.741
-797607.34	-1069337.13	-797706.25	-1070400.74	1213.053
-738923.023	-995382.748	-738733.01	-994172.457	1276.045
-860277.03	-1033622.47	-859548.5	-1034615.3	1277.41
-687848.906	-1056461.199	-688201.86	-1053356.66	3419.399
-755038.409	-975123.909	-755003.782	-975027.435	351.457
-762955.47	-1033824.97	-760736.63	-1031935.29	3174.814
-804402.802	-1069236.047	-800608.9	-1067009.36	4553.694
-686826.375	-1070694.396	-685318.93	-1069051.32	2341.61
-665794.8	-1014294.06	-664819.92	-1015788.69	1789.599
-887835.846	-1019891.347	-887560.516	-1019868.019	276.323
-671563.613	-1083323.763	-671566.691	-1083348.848	42.787
-647774.02	-1059233.54	-647852.61	-1059246.72	80.521
-796037.22	-1012218.17	-795999.57	-1013472.36	1306.117
-746719.1	-1011750.25	-746356.47	-1011843.08	394.643
-744427.01	-1041940.53	-744444.64	-1041362.66	586.568
-668848.3	-1010056.22	-669484.44	-1009602.86	860.404
-823944.91	-1066493.496	-823952.872	-1066561.885	77.757
-674304.001	-1060024.199	-672926.39	-1060561.43	1549.366
-819149.87	-1017315.07	-817241.266	-1019931.56	3630.308
-644501.1	-1038399.972	-644454.839	-1038353.711	66.324
-733950.735	-1053559.331	-734158.512	-1053815.078	352.882
-828066.378	-1034119.544	-829057.641	-1032575.254	2103.742
-822522.04	-1017189.31	-822967.682	-1019635.13	3761.18
-698477.336	-990974.16	-696412.988	-986870.134	4945.892
-820973.902	-1062163.172	-820040.56	-1062087.93	947.562
-790798.607	-1005234.247	-790769.08	-1005236.152	41.067
-804256.144	-996697.82	-804134.69	-996514.12	220.313
-713784.454	-1051227.776	-713775.639	-1051218.491	17.017
-699059.832	-1004382.054	-699058.165	-1004402.255	23.009
-764075.567	-977066.577	-764026.83	-977054.7	55.729
-662362.855	-1049139.007	-662315.995	-1049032.62	116.415
-753296.424	-1004671.452	-753284.357	-1004660.27	17.21
-645172.077	-1071344.936	-645186.686	-1071405.017	61.838
-783301.77	-1061787.31	-778315.6	-1058863.87	5913.676
-662315.36	-1062090.09	-661510.83	-1064983.96	3664.657
-819202.2	-1075234.67	-819511.67	-1075826.07	672.27
-685712.89	-1068641.545	-685181.368	-1066206.294	2890.082
-669237.85	-1071413.68	-668606.725	-1072789.606	1600.733
-655004.554	-1070119.791	-654990.028	-1070130.784	19.769
-792574.93	-1067375.07	-792717.683	-1068085.831	742.37
-811609.18	-1024678.44	-812095.043	-1023393.512	1435.643
-645172.077	-1071344.936	-645067.818	-1071285.796	153.389
-783961.55	-1053084.29	-782921.24	-1054037.589	1566.455
-661987.09	-1073794.27	-662570.484	-1074158.653	778.33
-740113.877	-1048564.374	-740263.048	-1048539.176	156.994
-782595.73	-1062161.21	-781330.99	-1062207.01	1310.966
-783639.3	-1061919.5	-783740.92	-1062114.7	229.583
-734814.96	-1045808.9	-734871.69	-1045752.6	89.147
-692559.898	-1080566.223	-690356.566	-1079498.692	2577.559
-684561.603	-994651.643	-684400.46	-994761.98	197.644
-660725.035	-1020574.153	-659267.448	-1021680.819	1830.129
-740370.9	-1068792.036	-740537.23	-1069677.13	1058.381
-733649.399	-1015348.684	-733675.105	-1015316.557	60.023
-652296.28	-1047526.95	-652244.35	-1047484.7	66.946
-771899.49	-1025011.53	-770273.005	-1024610.855	1881.645
-741826.92	-1043491.34	-741616.98	-1043059.21	487.454
-648783.95	-1028159.26	-648220.07	-1027573.9	1007.652
-661677.75	-1019517.07	-661395.535	-1019171.592	987.949
-808259.75	-991522.18	-808223.01	-991554.91	58.033
-717444.989	-1021625.032	-717390.824	-1021655.853	62.703
-771281.929	-1061756.367	-770353.66	-1060804.791	1492.334
-680256.859	-1067463.219	-680266.044	-1067450.627	16.785
-768947.8	-980146.02	-769681.56	-980106.11	756.268
-746628.318	-1006476.563	-746316.93	-1007009.61	629.442
-778014.027	-1012372.889	-778688.11	-1011687.44	965.196
-661617.63	-1011287.41	-662928.31	-1011069.52	1567.377
-758900.159	-1029946.098	-759479.25	-1029428.5	797.539
-680545.68	-1060098.99	-681692.29	-1059999.27	1165.423
-773237.107	-978438.398	-773231.21	-978427.34	13.449
-754768.421	-1001856.78	-754851.754	-1001837.015	86.253
-753531.82	-1029255.4	-751583.2	-1027700.11	2619.969
-835338.541	-986249.51	-834379.642	-987116.702	1686.213
-795439.262	-985877.066	-795450.938	-985788.52	89.867
-684737.81	-1033347.95	-684084.16	-1033852.85	833.984
-672386.15	-1014641.12	-672062.917	-1014726.53	342.381
-684719.07	-993999.7	-684524.76	-993875.02	277.845
-760986.04	-1026533.61	-761127.644	-1026146.311	417.146
-712180.97	-1055894.97	-711586.299	-1058720.341	3050.2
-696379.8	-1045598.58	-696115.69	-1045320.03	386.701
-744676.58	-997624.94	-746249.934	-999007.937	2419.65
-819253.223	-1065170.414	-819266.67	-1065155.974	21.057
-762732.99	-1003869.0	-761330.15	-1006063.11	3488.702
-695425.18	-1027294.18	-697368.527	-1026667.204	2511.851
-726849.801	-1054952.963	-726844.043	-1054963.478	11.988
-710900.688	-1025940.774	-710884.848	-1025926.968	22.54
-675690.37	-1067570.25	-675211.97	-1066793.444	1138.549
-699514.43	-1057402.52	-699352.38	-1057446.86	169.15
-654626.586	-1030590.14	-654593.16	-1030291.35	301.107
-763495.498	-1050934.008	-765408.141	-1051604.16	2043.892
-749171.951	-1045561.739	-749343.934	-1045675.019	213.49
-652444.32	-1028726.62	-651643.82	-1029548.21	1150.109
-720704.68	-1050757.53	-720089.69	-1051396.2	924.744
-757081.252	-1016222.829	-756917.862	-1016333.564	198.867
-762151.98	-1057543.4	-761729.69	-1057200.32	625.912
-689965.324	-1088969.229	-690092.367	-1088967.61	128.904
-812592.933	-1005045.049	-809822.205	-1004207.396	3187.134
-743670.905	-1024947.276	-743733.598	-1024751.968	205.195
-726878.932	-1054903.12	-726907.287	-1054944.598	53.041
-648119.937	-1065264.0	-648073.562	-1066122.759	861.591
-807283.22	-992058.13	-807218.882	-991570.862	503.957
-733380.49	-1000976.91	-733066.43	-1000888.03	334.216
-678849.04	-1004521.86	-680164.18	-1003734.49	1842.172
-666683.85	-1040351.24	-665998.12	-1039213.13	1398.943
-813798.296	-1067557.869	-812337.094	-1067266.24	1669.512
-811732.45	-1017293.0	-807487.18	-1017041.32	4667.364
-819859.81	-1075632.48	-820681.82	-1077421.557	2330.804
-750581.08	-1018442.97	-748877.24	-1017607.466	2230.933
-758333.318	-1040644.002	-758355.348	-1040652.328	26.083
-817229.42	-1070591.25	-817356.22	-1070566.11	129.268
-693880.659	-991617.913	-693587.23	-991321.44	429.53
-730136.57	-1079066.52	-731640.68	-1078966.1	1576.119
-679587.323	-1071764.46	-678978.25	-1073020.88	1474.053
-656326.915	-1069967.999	-656255.699	-1070045.007	105.047
-783886.97	-988418.09	-783901.62	-988451.57	36.545
-797114.443	-1028734.905	-797650.14	-1028584.26	556.732
-690024.26	-1005862.91	-692416.863	-1004296.387	3697.735
-771986.75	-1079105.54	-776058.3	-1081472.38	4962.916
-877339.234	-1015828.577	-877826.08	-1014802.63	1288.244
-683331.887	-1021783.553	-685497.87	-1023511.15	2843.03
-817411.992	-1063506.723	-814565.083	-1061261.8	3942.997
-739314.48	-1033595.88	-739217.73	-1033609.03	110.444
-698568.47	-1004508.36	-698737.223	-1004659.148	231.593
-727549.081	-1078700.955	-725714.2	-1076604.05	3347.323
-742458.968	-1045227.057	-742533.36	-1045896.58	678.438
-701597.527	-1060360.695	-702768.8	-1059534.95	1486.415
-648073.562	-1066122.759	-646526.173	-1066046.309	1596.645
-656596.064	-1070185.016	-656633.86	-1070308.88	131.229
-744607.988	-1048628.387	-744500.5	-1048316.55	390.588
-794052.3	-1037127.69	-794659.195	-1039549.728	3378.776
-821541.517	-996065.46	-821510.98	-996075.529	36.872
-686980.44	-1062408.9	-688066.84	-1062324.49	1178.638
-879585.58	-1020819.82	-879650.97	-1020835.38	68.967
-772252.958	-1022494.152	-771612.37	-1023803.49	1910.12
-751400.001	-1045798.738	-751354.53	-1045701.18	136.35
-671429.964	-994727.192	-671462.93	-994729.683	53.495
-727802.84	-1023207.34	-725803.749	-1022124.234	2807.309
-661501.52	-1058410.07	-658622.933	-1059729.837	3923.354
-852947.58	-1019297.82	-853343.062	-1022535.79	3504.398
-700883.381	-1010387.523	-700915.204	-1010513.621	130.116
-715946.22	-1057343.1	-716319.893	-1056857.227	707.338
-774305.718	-1021278.4	-774162.8	-1021173.806	180.815
-702392.08	-1045953.55	-702013.998	-1046509.264	741.628
-817440.385	-987824.75	-817396.62	-988845.84	1093.113
-672110.66	-1011490.64	-673053.29	-1012178.46	1183.723
-745951.264	-1053740.124	-745949.483	-1053736.759	3.807
-690024.26	-1005862.91	-688121.91	-1005129.46	2271.229
-714821.655	-998230.155	-713070.7	-998912.01	1883.355
-739286.62	-1033463.37	-739217.73	-1033609.03	161.136
-649055.257	-1058143.084	-648988.473	-1058055.204	112.335
-756164.6	-993304.1	-756178.87	-993320.65	24.545
-691713.46	-1050986.78	-692204.04	-1051154.63	519.215
-761869.05	-1044037.25	-762779.554	-1043689.805	1010.394
-644280.07	-1047970.75	-644139.468	-1047621.263	449.603
-642375.112	-1071148.054	-640408.725	-1071317.926	1976.333
-643467.953	-1062808.251	-643407.33	-1065727.687	3054.125
-755814.649	-1034625.46	-755875.499	-1034440.47	195.796
-727719.25	-1040456.16	-723564.93	-1036303.18	5963.897
-840107.51	-1065084.419	-842664.93	-1065638.633	2627.267
-727990.498	-1055920.737	-727882.96	-1055864.88	124.793
-812433.03	-1013933.23	-812489.38	-1013963.8	64.215
-762564.02	-992066.04	-762541.454	-992050.625	40.271
-723677.639	-1036221.999	-723650.025	-1036501.706	281.66
-727727.2	-1040446.25	-727842.643	-1040415.929	125.666
-762857.67	-1050705.85	-762805.438	-1051020.875	364.004
-808485.125	-991109.938	-808875.104	-990891.741	448.423
-820040.56	-1062087.93	-817712.43	-1060613.02	3094.811
-687421.8	-1056195.02	-682593.55	-1057225.8	5100.882
-801122.25	-1008105.063	-801108.0	-1008116.063	19.062
-653715.262	-1078892.329	-653588.193	-1079864.762	1050.259
-779866.125	-983130.25	-779817.024	-983152.727	54.001
-819353.97	-1075609.13	-819302.55	-1075496.64	123.696
-745923.02	-1055713.05	-746339.26	-1055479.06	507.695
-645356.061	-1042741.654	-645204.688	-1042734.375	151.936
-659898.244	-1090702.716	-659784.206	-1089373.746	1358.215
-665659.82	-1000236.89	-663914.11	-1003293.55	4765.257
-827897.646	-1061881.878	-826671.121	-1062964.062	1637.203
-680341.8	-1069060.17	-681395.684	-1071134.646	2447.236
-727465.293	-1006781.635	-727307.445	-1006654.372	213.047
-775431.892	-1032659.27	-775646.55	-1032626.12	217.205
-767079.448	-980592.736	-767157.721	-980962.108	389.814
-705213.552	-1046907.088	-705068.76	-1047873.8	999.287
-656412.571	-1067887.071	-655124.918	-1068254.416	1385.61
-776337.19	-1022113.34	-775478.8	-1021851.08	965.489
-686738.011	-1062853.464	-686980.44	-1062408.9	734.824
-808753.15	-991205.09	-808700.584	-991218.76	54.465
-668187.95	-1070197.45	-667580.854	-1071084.734	1107.859
-775508.24	-1065095.71	-774118.63	-1065131.66	1414.99
-806738.412	-1068728.082	-806550.624	-1067938.374	817.21
-726485.929	-1070435.268	-726502.432	-1070523.304	107.537
-647768.254	-1088915.886	-647429.71	-1088888.66	341.578
-866147.59	-1048867.78	-865707.45	-1048533.08	553.062
-753007.42	-983585.66	-753063.822	-985251.483	1738.815
-747395.28	-1027586.476	-747786.218	-1026682.429	988.098
-755006.918	-980759.374	-754805.789	-981132.737	426.079
-680588.724	-1064347.312	-680661.217	-1062984.287	1396.297
-697287.6	-1072560.2	-697391.442	-1072062.306	510.579
-794639.386	-986543.904	-794827.259	-986652.482	227.002
-862451.551	-989807.102	-861412.91	-990472.22	1357.657
-715631.772	-1000548.948	-715496.39	-1000040.36	529.9
-725020.866	-1035329.149	-723735.714	-1035565.991	1379.429
-661131.88	-999947.81	-660750.09	-1001499.58	2230.907
-727749.77	-1033945.99	-727397.58	-1033927.5	352.721
-842649.229	-1017088.561	-842356.181	-1017256.984	347.832
-762967.238	-980983.02	-761851.211	-980207.841	1400.544
-783758.47	-1044267.37	-785874.31	-1045240.77	3649.148
-863459.709	-1029550.184	-867400.339	-1034047.122	9926.623
-697879.42	-1024755.13	-697316.589	-1026575.904	1959.778
-741398.951	-1001930.92	-741364.58	-1001918.11	36.732
-831413.73	-984863.759	-833025.666	-988995.456	4633.074
-802900.18	-998268.5	-802866.19	-998231.72	50.081
-664882.56	-1076094.25	-663806.42	-1075840.04	1376.478
-772326.804	-1081816.12	-772344.634	-1081828.37	22.695
-805526.666	-1063574.646	-806200.929	-1062531.738	1370.046
-826096.839	-1043447.24	-827032.435	-1043279.083	959.547
-703635.862	-1037189.932	-703635.91	-1037363.33	174.242
-796287.08	-1026341.75	-796895.697	-1025195.084	1334.624
-769566.17	-1053026.82	-770317.013	-1053596.458	1029.027
-729135.715	-1078700.134	-729368.5	-1079393.96	732.846
-752530.639	-1077247.698	-752483.391	-1077454.372	214.785
-880146.31	-1011719.17	-881522.812	-1014064.165	2909.699
-795519.83	-995402.33	-796934.15	-997600.62	2625.308
-845398.449	-1044515.837	-843305.65	-1042644.378	3575.292
-713263.437	-1040260.418	-713080.6	-1040301.81	187.493
-715953.55	-1017612.59	-713550.47	-1017791.14	2832.889
-679769.06	-1010345.8	-679781.5	-1010354.11	14.97
-751991.82	-1038509.22	-752161.6	-1038473.45	182.917
-744693.307	-988746.254	-742977.964	-987871.438	1987.835
-709648.23	-1055155.331	-708643.64	-1056377.41	1980.044
-798528.72	-1002169.83	-795766.35	-1003959.98	4244.721
-849027.29	-1064681.514	-849492.813	-1064832.5	555.658
-750378.786	-1005549.152	-750178.031	-1005376.112	270.549
-707013.649	-1066206.357	-706622.38	-1065074.64	1204.467
-699855.57	-1001220.21	-699954.06	-1000452.35	795.193
-781414.81	-1012256.33	-781927.11	-1013434.22	1647.076
-744366.4	-1040022.85	-744325.313	-1039822.447	208.733
-780868.79	-1023109.06	-780506.83	-1023495.58	602.136
-787825.765	-1006710.999	-787838.72	-1006690.14	24.555
-645183.938	-1042723.0	-644614.438	-1041881.625	1019.157
-751707.204	-986163.13	-751684.279	-986129.648	43.164
-707043.145	-1047369.448	-704751.508	-1048567.281	2752.578
-689199.57	-1027006.85	-687615.17	-1025887.1	1985.474
-767520.721	-980927.126	-767457.178	-980747.749	244.325
-745039.596	-1059925.337	-746180.91	-1055983.36	7717.609
-681845.974	-1048307.668	-681671.06	-1048041.65	318.479
-653761.317	-1094060.611	-653397.894	-1094012.823	372.973
-834373.817	-1075631.925	-834851.753	-1075995.373	1034.284
-758080.6	-977733.33	-757158.11	-978683.6	1826.427
-880386.519	-998153.313	-874589.614	-996794.932	7872.624
-739456.77	-984455.4	-739772.07	-983203.74	1447.492
-814540.66	-1041755.27	-814349.151	-1040577.083	1228.049
-735648.061	-1031206.468	-735035.64	-1031357.32	631.158
-710884.848	-1025926.968	-710430.018	-1025668.049	539.158
-844823.27	-1068111.92	-843492.62	-1069956.18	2795.044
-688204.498	-1045604.069	-688173.034	-1045724.756	130.972
-778347.63	-979882.5	-778075.03	-979356.371	621.728
-712106.34	-1041512.35	-712365.36	-1041495.43	260.062
-745202.35	-996460.85	-745388.884	-996068.068	579.053
-710578.734	-1048053.536	-708524.63	-1046732.8	2505.5
-670936.937	-1070587.999	-670464.738	-1071072.651	678.52
-764003.61	-1024125.807	-764017.237	-1024135.383	17.711
-748278.41	-1074278.36	-748175.379	-1073268.348	1525.425
-649055.45	-1058279.95	-649463.246	-1060572.535	2390.631
-717553.41	-1023644.14	-718601.39	-1025304.16	2009.699
-684434.33	-990100.31	-684448.74	-990093.82	17.258
-704367.28	-1004604.22	-706091.96	-1004485.88	1730.718
-831193.859	-999203.224	-826005.685	-998194.328	6859.151
-761216.881	-994932.114	-761091.924	-995027.082	163.836
-717869.17	-1022169.19	-717553.41	-1023644.14	1866.219
-757611.17	-1038996.82	-757505.78	-1039271.09	297.541
-766250.89	-1038585.87	-766277.31	-1038549.28	45.136
-701568.13	-1012234.63	-701533.204	-1012301.314	105.016
-717937.101	-978584.615	-718555.855	-979436.015	1143.286
-641999.909	-1083270.542	-641900.29	-1083151.42	158.575
-749772.962	-1049969.585	-749702.71	-1050186.84	228.56
-833863.846	-1070978.163	-834135.627	-1070052.582	1011.235
-641702.953	-1058528.436	-641716.414	-1058532.561	16.562
-696561.63	-996196.47	-697634.39	-994570.19	2082.349
-773028.08	-1031503.21	-772865.013	-1031315.823	248.416
-670378.25	-1048213.313	-670282.17	-1047974.17	258.032
-707728.379	-1069934.999	-707071.52	-1070293.14	748.151
-681376.088	-1064537.425	-681195.203	-1064518.936	181.87
-842812.78	-1001987.65	-842446.245	-1001920.005	372.744
-683909.275	-995204.688	-683941.278	-995272.125	86.435
-766886.432	-1009875.954	-766869.724	-1009908.032	36.253
-685492.765	-1070729.299	-685206.43	-1070551.72	350.024
-711182.08	-1008838.71	-712566.42	-1009304.56	1838.215
-653951.972	-1045922.459	-652800.92	-1044778.31	1637.706
-826437.994	-1068327.778	-826501.441	-1068388.419	87.766
-710154.438	-1069709.127	-709267.717	-1068318.769	1649.087
-846906.763	-1052310.741	-847511.823	-1052531.185	657.577
-744515.11	-1048334.02	-744607.988	-1048628.387	328.707
-669124.001	-1010876.083	-669095.228	-1010861.663	35.896
-668996.86	-1009376.63	-668570.513	-1008622.189	866.653
-846083.92	-1033571.49	-848307.95	-1035856.97	3284.336
-681517.925	-1046005.473	-682033.32	-1045775.8	571.666
-847683.183	-1038675.318	-845507.48	-1038886.21	2353.154
-792093.47	-1061423.94	-790637.26	-1060634.4	1734.895
-686288.658	-1034859.718	-684582.25	-1034680.56	1932.733
-724567.678	-1043860.306	-724042.189	-1042852.331	1232.346
-740605.199	-1064951.861	-740354.81	-1066732.65	2044.261
-848711.125	-1010338.375	-848599.913	-1010322.541	113.273
-766498.187	-1052166.499	-762979.692	-1050902.147	3834.667
-818542.134	-1001330.982	-818596.165	-1001266.455	84.162
-761283.792	-994857.136	-761057.6	-994731.297	258.842
-668187.95	-1070197.45	-667413.88	-1070189.63	774.12
-770839.14	-983575.63	-771062.56	-986449.233	3675.994
-771527.21	-1009234.35	-770863.616	-1010070.631	1474.731
-777253.82	-1070743.77	-778080.774	-1071621.092	1237.621
-725605.77	-1048990.89	-725214.99	-1049590.8	761.611
-720584.34	-1026957.95	-719755.49	-1030528.03	4215.136
-648850.296	-1057904.804	-648879.304	-1057930.777	38.937
-795649.836	-1074664.57	-795889.11	-1075753.77	1330.869
-802786.177	-1055892.54	-802399.077	-1055590.677	681.207
-717801.722	-979961.24	-718555.855	-979436.015	945.538
-648216.898	-1064150.17	-648218.351	-1064155.734	5.751
-702673.44	-997200.48	-705197.814	-993678.154	4643.796
-687707.323	-1057595.839	-687691.147	-1057613.069	24.937
-699057.01	-1070584.67	-697944.0	-1070337.97	1194.726
-704866.76	-1061699.46	-703668.99	-1062360.73	1368.204
-644704.413	-1038555.288	-644516.187	-1038472.986	209.09
-714682.82	-1088480.807	-714662.706	-1088598.593	770.244
-701306.53	-1062771.45	-700435.97	-1061059.08	2098.848
-653408.243	-1023374.751	-653414.983	-1023358.623	18.783
-658327.19	-1007363.39	-658305.54	-1007290.38	76.615
-732106.87	-1056824.41	-731827.37	-1056765.91	285.627
-809358.27	-991770.31	-810333.785	-991622.577	989.245
-805580.55	-989185.89	-805549.61	-989198.8	37.837
-808753.15	-991205.09	-808721.81	-991258.59	65.547
-700934.131	-1010553.257	-700932.587	-1010576.171	23.141
-767372.422	-1024243.024	-764620.16	-1023928.55	3078.233
-687669.082	-1057604.876	-686881.544	-1058803.954	1435.218
-739945.128	-1048406.216	-740113.877	-1048564.374	232.366
-735273.672	-1013274.098	-735262.793	-1013251.225	30.405
-790737.291	-1066899.122	-792574.93	-1067375.07	2089.257
-751863.653	-979629.662	-753071.696	-979898.12	1841.017
-757993.91	-1037860.61	-757974.56	-1037895.78	42.385
-682538.522	-1049193.512	-681845.974	-1048307.668	1127.915
-809159.34	-994184.85	-809585.21	-994142.99	431.591
-804134.69	-996514.12	-804435.713	-996388.927	326.08
-701337.4	-1003724.2	-699855.57	-1001220.21	3056.652
-730629.17	-1041975.49	-730621.63	-1042047.58	308.065
-649286.677	-1061749.033	-649306.272	-1061680.99	72.743
-775685.57	-995993.75	-775370.39	-996060.31	324.876
-738499.524	-1076315.869	-737780.89	-1073920.26	2824.941
-646505.31	-1021123.44	-645953.01	-1021514.61	753.995
-806921.609	-989798.425	-807099.2	-989740.06	255.345
-777928.09	-1024717.17	-775900.9	-1024307.4	2068.257
-780888.98	-1009117.11	-781072.968	-1009265.796	289.801
-754173.61	-1046352.76	-754070.889	-1046354.239	132.496
-824242.78	-1071919.35	-824275.24	-1072041.62	126.736
-866604.105	-1040990.974	-866585.404	-1040998.766	21.083
-681926.98	-1010567.27	-681800.77	-1011449.95	894.12
-644600.75	-1041860.375	-644618.793	-1041865.152	20.94
-756934.11	-1065837.4	-757101.05	-1067770.45	2094.19
-746303.829	-1053861.234	-746350.157	-1053821.114	61.428
-706091.96	-1004485.88	-705554.843	-1006843.949	2425.494
-694676.06	-1062700.39	-694611.91	-1062657.07	77.407
-723658.439	-1036741.984	-723627.515	-1036753.24	39.743
-690976.164	-1022440.541	-688858.81	-1024493.81	3130.409
-748363.74	-1010950.49	-746721.41	-1011678.92	1817.25
-767083.888	-980586.629	-767079.448	-980592.736	7.55
-842791.18	-1011168.97	-841795.204	-1010891.984	1307.763
-765232.67	-974584.482	-766343.461	-972581.316	2340.583
-791840.28	-1069934.22	-792851.98	-1070549.81	1291.491
-666069.34	-1063029.08	-667278.772	-1063015.809	1252.137
-878647.59	-1016413.42	-877339.234	-1015828.577	1497.251
-684308.453	-1001173.117	-684294.67	-1001305.09	153.039
-773864.194	-1048488.016	-773868.5	-1048439.4	50.609
-768305.47	-1063499.85	-768572.23	-1063516.11	267.839
-785384.123	-1060572.777	-784365.893	-1059895.552	1342.73
-724293.04	-1026433.46	-723465.22	-1024603.52	2120.029
-719358.41	-1030469.28	-719451.27	-1030484.668	94.128
-849337.108	-991340.404	-856245.965	-987780.178	8949.687
-791943.37	-991093.07	-794104.53	-993257.69	3283.991
-689527.613	-1046455.283	-689513.392	-1046443.612	19.897
-740007.973	-1073765.578	-743079.059	-1073762.088	3648.496
-773231.14	-998764.04	-772551.76	-997799.62	1275.803
-697691.297	-1074154.362	-697610.397	-1074461.541	333.509
-752530.75	-1048781.25	-752655.72	-1049106.351	350.253
-643431.223	-1047704.006	-642841.85	-1047796.88	613.351
-725957.19	-1071372.88	-726412.52	-1070532.723	1186.72
-787860.82	-978850.27	-788632.81	-979612.71	1089.385
-664640.67	-1051052.65	-665321.897	-1052204.756	1405.301
-716040.63	-1064652.88	-714992.26	-1064696.34	1582.559
-775807.257	-1014701.919	-775409.33	-1012503.54	2436.989
-647883.61	-1059352.33	-647774.02	-1059233.54	163.167
-727355.342	-1055096.643	-727335.155	-1055066.018	46.474
-704002.618	-1055416.614	-702216.03	-1056459.18	2747.559
-650365.17	-1017742.53	-649508.86	-1018964.207	1513.346
-772186.4	-1069039.25	-773681.35	-1068461.09	2003.417
-772371.88	-1055560.94	-772590.59	-1057139.05	2008.745
-678035.842	-1088468.6	-682236.742	-1091181.041	5307.568
-848962.91	-1010196.535	-848965.971	-1010131.521	229.339
-753219.263	-1011090.832	-752788.817	-1011632.078	760.62
-820596.573	-1063508.757	-820796.02	-1063693.532	299.7
-800155.86	-986999.15	-798000.79	-986310.91	2282.248
-763530.548	-1022285.521	-763417.35	-1022304.798	114.828
-685123.6	-1043129.11	-685684.47	-1041534.47	1709.33
-648150.16	-1066740.416	-648196.224	-1067247.528	510.186
-727793.899	-1040572.963	-727719.25	-1040456.16	141.514
-753492.002	-1050068.921	-752734.577	-1049409.519	1075.914
-731542.33	-1042118.76	-730879.83	-1042076.474	663.85
-836114.539	-1065585.291	-836762.77	-1065574.434	648.325
-749437.266	-1033909.1	-749323.33	-1033889.64	116.935
-784559.29	-1007554.27	-784579.81	-1007557.27	22.391
-673712.95	-1006603.35	-672725.33	-1007905.78	1844.505
-791858.12	-976182.05	-791844.85	-976260.45	90.163
-679242.718	-1019204.26	-680626.31	-1018394.21	1623.809
-740137.48	-1011440.94	-740011.94	-1011514.41	145.78
-852989.94	-1010517.63	-853201.371	-1010579.777	225.247
-754336.728	-1045687.211	-754326.98	-1045709.048	26.149
-734745.125	-1042155.188	-734930.34	-1043352.34	1306.257
-792103.448	-986597.519	-794526.144	-986574.626	2648.84
-751353.632	-1060553.196	-750676.456	-1060986.532	809.519
-761412.54	-996633.82	-761435.475	-996574.575	63.53
-727371.092	-1055082.893	-728017.161	-1055341.844	783.11
-677292.97	-1020091.06	-679242.718	-1019204.26	2438.479
-702667.689	-1022336.44	-700407.19	-1022786.15	2367.222
-712411.89	-1079010.44	-712332.49	-1078923.97	118.677
-672424.206	-1008814.981	-672142.31	-1009768.45	996.992
-651397.732	-1057855.359	-651414.86	-1057894.12	43.672
-643557.271	-1045951.086	-643748.704	-1046709.3	783.092
-881678.038	-1022283.404	-881703.433	-1022270.161	42.442
-725728.64	-1047988.15	-725759.39	-1048014.72	40.639
-653288.69	-1021283.75	-653953.22	-1019479.01	2091.654
-767952.16	-1018202.72	-767938.33	-1019675.92	1493.222
-799501.05	-1001491.58	-799384.86	-1001553.15	131.496
-781108.19	-994530.19	-780793.58	-993776.99	925.023
-752335.49	-1043007.45	-752283.773	-1042999.425	217.776
-819856.95	-1074319.47	-819832.02	-1074318.32	26.283
-767282.221	-980308.449	-767157.87	-980471.898	206.396
-778981.648	-981746.448	-779061.296	-981747.373	86.948
-792197.43	-1041123.19	-792160.977	-1042685.461	1756.869
-718061.147	-1070291.681	-717576.54	-1071020.05	1045.126
-766544.821	-1023277.347	-766628.606	-1023246.233	262.95
-819811.51	-1075616.07	-819851.38	-1075578.98	66.82
-747325.9	-1023919.35	-747419.441	-1023887.103	130.565
-705123.87	-1050335.6	-707080.209	-1050289.257	2001.16
-805540.33	-989168.23	-804946.338	-989020.174	614.727
-717632.68	-1027691.75	-716892.06	-1028325.35	1019.623
-722367.371	-1006034.439	-723303.99	-1003392.09	3293.787
-765174.24	-1037748.31	-764673.68	-1036205.79	1667.062
-768199.24	-1036525.0	-768767.21	-1035843.27	890.364
-779860.566	-982997.266	-779918.002	-983002.261	68.068
-831771.87	-1022224.438	-833174.947	-1023365.051	2461.828
-874121.601	-1018592.013	-874197.908	-1018506.375	124.889
-740470.232	-1080930.537	-741865.394	-1082445.309	2107.549
-663566.08	-1037782.32	-662491.9	-1039150.784	2115.331
-772512.536	-996030.911	-772632.881	-995574.369	474.41
-685192.968	-993757.56	-685133.178	-993721.288	71.711
-797214.213	-1068891.346	-797380.64	-1068995.27	196.211
-665214.42	-1066320.27	-666698.84	-1064869.95	2103.038
-658819.536	-1094454.4	-658812.188	-1094158.133	1108.71
-878239.65	-1027464.47	-878319.919	-1027277.494	203.489
-867167.828	-1010925.707	-868497.133	-1010424.36	1676.821
-670331.365	-992443.953	-670581.47	-992525.33	1617.292
-856558.174	-1056633.315	-856671.547	-1056578.81	126.964
-887873.551	-1019022.036	-888826.21	-1016921.504	2569.134
-659290.395	-1054466.073	-659141.502	-1054020.948	632.939
-825532.634	-1016158.117	-825471.49	-1016156.886	68.559
-876537.832	-1030754.157	-876735.812	-1034362.82	4233.565
-771848.74	-1029133.44	-770955.98	-1029438.48	955.255
-641261.701	-1065502.962	-643467.953	-1062808.251	3794.297
-736039.136	-1010015.649	-736056.775	-1009654.387	366.811
-724991.13	-1067014.4	-724755.096	-1067022.753	236.431
-782127.93	-989879.61	-783131.41	-990621.49	1261.787
-680572.645	-1066722.428	-680276.02	-1067212.39	572.915
-654392.692	-1054642.076	-654382.464	-1054649.897	15.983
-726227.69	-981373.9	-726045.008	-980908.376	510.801
-751684.279	-986129.648	-751945.629	-984673.444	1534.733
-801698.213	-1026307.738	-803597.372	-1026385.44	1929.82
-848449.58	-1008274.1	-847235.691	-1007495.607	1454.806
-640457.476	-1043228.455	-640498.45	-1043240.46	42.95
-820086.51	-1026747.71	-818565.298	-1026762.006	1589.407
-826437.994	-1068327.778	-826510.959	-1068335.296	74.332
-758970.228	-988249.682	-757786.655	-988530.705	1256.203
-732453.52	-1040841.31	-732287.17	-1040885.55	172.349
-644822.508	-1038732.068	-644318.761	-1038051.714	851.272
-798438.216	-1001761.199	-797880.15	-1001128.93	859.197
-791097.96	-1010612.87	-791870.0	-1012130.96	1809.748
-785167.69	-1014849.55	-784732.25	-1013582.64	1482.431
-677223.02	-1004343.34	-677014.66	-1004511.1	269.627
-765090.921	-974748.817	-765080.703	-974789.501	52.537
-764550.697	-1059651.999	-764591.72	-1060064.19	428.859
-647779.42	-1029670.83	-647419.75	-1029728.563	366.122
-736056.775	-1009654.387	-736050.663	-1009638.721	17.913
-748764.256	-989288.169	-749047.29	-987905.98	1700.373
-767230.195	-980431.316	-767157.87	-980471.898	90.874
-709967.89	-1041512.11	-708489.08	-1041820.11	1515.09
-680164.18	-1003734.49	-680366.89	-1001046.11	4021.436
-678590.879	-1024845.262	-677792.44	-1026214.67	1717.857
-740947.378	-1048931.179	-741076.525	-1048949.527	155.481
-756555.36	-1034379.13	-757599.465	-1034395.045	1044.23
-772546.91	-983665.96	-772656.07	-983709.93	118.842
-784379.863	-1006932.783	-786323.786	-1007089.214	1974.781
-745958.08	-987636.28	-748223.85	-988263.016	2549.009
-738778.9	-1032624.5	-738971.93	-1033494.27	972.091
-699077.33	-1070595.49	-699057.01	-1070584.67	23.022
-786887.737	-989073.619	-783901.73	-988367.12	3639.488
-714915.84	-1038608.6	-713242.06	-1039074.99	1775.632
-737304.085	-1057980.39	-736200.24	-1059961.11	2293.073
-667348.92	-1060124.02	-666384.15	-1058993.096	1496.581
-760708.45	-1061819.03	-761019.6	-1062391.89	686.066
-741532.85	-1042058.86	-741322.22	-1041999.96	219.643
-736039.136	-1010015.649	-735808.48	-1009613.24	507.43
-642375.112	-1071148.054	-640839.104	-1070655.431	1883.863
-721792.87	-1032929.71	-721831.82	-1032837.54	121.099
-789558.28	-989147.0	-789730.284	-989177.428	238.305
-670881.948	-1069497.115	-670591.351	-1068779.942	819.676
-764877.662	-1004163.078	-764873.57	-1004102.66	61.786
-714290.31	-1043555.4	-712016.9	-1044548.09	2590.229
-887947.324	-1019600.704	-887978.012	-1019360.905	243.637
-766813.624	-1037065.826	-766803.76	-1037074.27	14.268
-701719.02	-1012444.79	-701746.877	-1012354.194	95.148
-786898.14	-991274.68	-787054.4	-991129.28	285.475
-689375.05	-998992.22	-688376.03	-1000484.46	2157.648
-655206.639	-1024478.076	-654802.8	-1024660.04	462.79
-774286.71	-1047019.56	-773808.417	-1047373.8	769.893
-675684.47	-1060626.73	-674304.001	-1060024.199	1552.333
-768977.65	-1052734.135	-769566.17	-1053026.82	658.677
-684434.355	-1081436.478	-684146.999	-1080120.62	1360.336
-723059.71	-974092.99	-724274.798	-973246.14	1577.109
-787838.72	-1006690.14	-788963.31	-1005173.23	2038.294
-828618.95	-1072041.44	-826755.049	-1070898.934	2212.21
-712005.61	-1022127.72	-713528.78	-1021332.54	1797.179
-758309.8	-973475.47	-758250.72	-973553.41	98.798
-645186.686	-1071405.017	-645304.913	-1071479.305	167.137
-646469.519	-1071658.796	-646458.253	-1071655.82	12.13
-696660.57	-1001127.39	-696666.688	-1001067.998	60.554
-697541.012	-1035978.822	-697424.697	-1035914.68	136.796
-653765.968	-1024185.397	-653565.93	-1024325.48	339.953
-646592.33	-1073974.543	-646202.866	-1074027.276	415.395
-648841.5	-1058041.29	-648846.44	-1057921.15	124.137
-736631.28	-985374.91	-733803.798	-985254.066	3077.319
-649566.83	-1020996.73	-649268.93	-1019995.56	1065.756
-699977.91	-1071763.11	-697391.442	-1072062.306	2790.957
-869783.194	-1015873.868	-869335.04	-1015775.02	483.322
-814616.84	-977853.587	-819306.997	-979429.212	5161.923
-746116.811	-973842.852	-745741.58	-974318.97	622.893
-844388.004	-1021825.916	-843640.906	-1021731.064	757.351
-721120.86	-1008565.41	-721040.362	-1008710.019	165.985
-820611.661	-1069858.811	-817533.88	-1070541.42	3158.027
-778002.79	-972273.81	-778570.39	-973306.93	1273.776
-735898.12	-1075663.65	-735491.943	-1077107.534	1542.651
-661634.62	-1045289.7	-657381.271	-1045152.373	4272.632
-688948.56	-990840.02	-689296.35	-990787.73	361.569
-788657.3	-989779.55	-789489.75	-989260.36	987.306
-724042.005	-1034642.051	-723719.58	-1035551.59	1003.733
-776923.94	-1056108.34	-774496.01	-1055892.09	2590.409
-781352.95	-1020016.67	-781640.64	-1020253.82	431.482
-858595.02	-1055299.8	-860758.589	-1054468.445	3162.588
-787163.7	-989120.96	-786555.91	-988698.93	756.17
-806475.01	-1072614.425	-806612.26	-1072467.08	201.493
-644501.1	-1038399.972	-644277.949	-1038606.572	320.062
-681810.686	-1088876.854	-679247.175	-1087907.718	3146.846
-843047.942	-1002069.217	-842868.84	-1002004.93	190.353
-708535.462	-1020863.121	-707915.61	-1021166.69	808.051
-723646.226	-1036720.831	-723658.439	-1036741.984	26.489
-699987.12	-1040664.48	-697267.039	-1038802.186	3811.325
-763413.28	-977112.81	-763397.24	-977099.53	22.779
-692539.763	-1058560.784	-693561.4	-1056600.7	2555.349
-749047.29	-987905.98	-748055.993	-984815.748	4237.59
-781180.42	-1031701.87	-780777.03	-1031469.54	474.405
-747595.566	-1068754.193	-749292.52	-1068631.911	2677.215
-739362.188	-1033725.438	-739344.58	-1033713.78	22.651
-741719.28	-980863.58	-739577.587	-982765.461	3201.831
-752823.9	-997573.587	-752387.289	-997589.747	450.453
-770368.74	-975848.84	-767759.585	-973602.723	5105.158
-715081.37	-1007332.61	-718256.376	-1004401.106	5046.439
-677020.49	-1000618.96	-676418.41	-999892.37	1062.298
-739772.07	-983203.74	-740449.38	-984069.56	1187.892
-644872.92	-1030385.35	-646665.5	-1030270.69	1856.949
-641307.625	-1073543.848	-641003.486	-1073021.745	609.593
-752240.69	-1042987.36	-752136.14	-1042822.68	195.083
-762740.32	-973602.78	-762800.39	-973592.59	66.947
-753610.332	-1055794.016	-757249.19	-1054548.64	4373.19
-664865.23	-1026806.1	-664863.81	-1026418.11	390.704
-738345.836	-968782.306	-738198.444	-968078.757	4216.466
-772344.634	-1081828.37	-772337.871	-1081854.175	28.52
-732562.34	-1053986.92	-731354.323	-1054921.893	1706.085
-746446.577	-1053783.202	-746258.323	-1053932.187	240.105
-787213.5	-1068343.1	-786726.05	-1069976.2	1727.243
-813856.39	-1055683.49	-814860.03	-1055938.19	1081.304
-802526.42	-998748.09	-802447.37	-998738.56	84.603
-734888.653	-1083229.687	-734598.58	-1083230.584	290.378
-683625.743	-987671.092	-684524.22	-989344.01	2922.819
-808531.881	-1048741.992	-809437.625	-1049733.25	1572.718
-762389.33	-1024817.88	-761666.724	-1024862.228	724.601
-730085.58	-1041031.44	-730328.32	-1041089.88	249.676
-854887.4	-1011083.73	-857799.223	-1012554.283	3448.833
-808386.509	-1029996.246	-808440.439	-1030227.676	237.858
-804793.658	-1019770.362	-805026.8	-1019625.807	301.173
-645231.86	-1043705.2	-645722.138	-1045375.351	1741.326
-655208.08	-1037168.666	-654962.858	-1035433.944	1882.792
-807569.633	-1014178.413	-804239.62	-1015362.907	3739.016
-754466.028	-1035771.512	-754537.15	-1035708.28	95.169
-797607.34	-1069337.13	-799499.894	-1069937.277	2049.385
-765617.17	-990627.35	-765694.119	-990470.415	175.15
-672504.88	-1008570.86	-672424.206	-1008814.981	257.106
-764187.59	-993195.93	-765097.702	-992648.157	1134.754
-666463.19	-1011202.75	-666173.04	-1011510.76	474.813
-682046.789	-1075733.534	-683369.132	-1076733.495	1663.383
-793170.24	-983172.03	-793186.073	-983160.595	21.191
-705511.49	-1044535.7	-705211.72	-1044587.42	354.393
-807727.166	-1053405.654	-805998.918	-1054670.326	3908.469
-737239.85	-1035895.127	-737247.074	-1035840.859	54.747
-766150.46	-1076233.34	-766069.463	-1076129.668	135.506
-697349.47	-1017397.28	-698207.843	-1015617.906	2207.291
-698328.194	-1080327.111	-696604.529	-1081439.528	2077.883
-716776.47	-1028470.23	-716764.61	-1028476.85	13.582
-843193.936	-1016635.188	-842649.229	-1017088.561	884.776
-810575.11	-991741.91	-810659.26	-991757.7	93.414
-852595.394	-1008648.411	-852583.012	-1008637.457	20.835
-747391.63	-1054904.92	-747480.01	-1054992.19	124.231
-649359.526	-1060736.691	-649046.44	-1058285.21	2576.067
-734442.59	-1013574.83	-735273.672	-1013274.098	1033.143
-701426.13	-1012166.332	-700939.169	-1010810.479	1445.46
-758598.97	-1005216.97	-757502.92	-1005108.84	1125.874
-744576.17	-1048048.97	-744578.02	-1047859.85	292.632
-681325.635	-1064380.716	-681321.048	-1064389.756	10.137
-767019.3	-982605.74	-767432.3	-983270.12	821.921
-854683.06	-1026353.42	-849304.122	-1028940.798	6611.217
-745989.314	-1053778.021	-746255.238	-1054054.79	386.576
-768683.02	-1017643.4	-767952.16	-1018202.72	930.631
-653164.16	-1023179.49	-652984.634	-1022955.491	288.5
-768948.186	-1044541.868	-768661.98	-1046136.751	1830.371
-752141.41	-1023976.24	-749021.91	-1023132.2	3467.5
-878446.41	-1011882.071	-880146.31	-1011719.17	1732.155
-756273.1	-1041563.77	-757420.204	-1040997.825	1324.802
-645748.625	-1090647.177	-644938.05	-1088958.605	2472.739
-770825.356	-973347.704	-770582.61	-973150.378	314.642
-670581.47	-992525.33	-670490.861	-992638.106	184.523
-867786.715	-1015660.673	-869236.02	-1015892.63	1566.974
-719846.08	-1013478.47	-721122.653	-1013634.872	1345.386
-724923.796	-1067210.738	-725001.818	-1067251.493	97.052
-705027.205	-1015047.464	-704915.13	-1014967.32	137.795
-685993.25	-993477.375	-685945.277	-993525.079	71.422
-771691.03	-1056741.32	-771810.65	-1055290.41	1794.677
-737128.25	-1038566.78	-736864.95	-1038384.1	578.716
-687053.694	-1078761.021	-684434.355	-1081436.478	4221.434
-806612.26	-1072467.08	-807290.045	-1072485.448	816.35
-701750.961	-1012322.66	-701772.784	-1012310.807	25.161
-820017.319	-1026392.266	-820018.496	-1026412.247	22.229
-679923.719	-1092241.38	-679534.169	-1092199.13	2152.638
-774185.228	-1032849.771	-775431.892	-1032659.27	1261.173
-799522.46	-1026495.415	-799769.16	-1026441.49	252.788
-797594.76	-986146.4	-797794.885	-986178.028	202.832
-776389.105	-977198.922	-776434.28	-976007.81	1319.264
-808399.37	-1071299.43	-812658.25	-1072236.5	4405.832
-861498.81	-1046321.03	-859409.09	-1043331.37	4087.102
-718357.44	-1057583.87	-718298.05	-1057596.86	60.804
-649621.6	-1029185.54	-649085.77	-1029046.31	583.546
-651050.31	-1030179.44	-649967.98	-1030992.87	1353.927
-645341.34	-1028549.0	-645810.0	-1027252.38	1541.145
-822102.87	-1063625.95	-821956.529	-1064924.03	1306.353
-641872.24	-1042982.81	-641797.64	-1041826.898	1231.279
-656800.363	-1089957.688	-655377.614	-1092181.303	3777.319
-788144.83	-990291.65	-788342.61	-990271.92	206.43
-806887.597	-1006244.926	-807132.5	-1007093.48	892.151
-771589.277	-973799.939	-771953.17	-972150.1	2164.581
-689435.69	-1044244.64	-689653.334	-1044546.832	386.358
-823470.46	-1076465.18	-820845.98	-1077385.69	2836.696
-654719.39	-1037412.38	-654291.117	-1037485.592	448.059
-752242.07	-1042958.93	-752374.83	-1043146.66	229.941
-780671.08	-973834.67	-780145.673	-975109.629	1399.227
-890271.421	-1011767.347	-892676.167	-1011872.797	3701.183
-668957.03	-1014140.25	-666466.26	-1013751.01	2531.34
-777612.74	-1081883.74	-777582.191	-1081879.582	46.746
-810632.11	-991820.38	-810720.961	-991913.489	128.844
-681443.886	-1016580.791	-682436.42	-1018093.72	2092.991
-785318.801	-978173.796	-783380.611	-977760.113	2011.323
-762633.19	-1038581.89	-762618.34	-1038545.51	39.436
-660237.998	-1086828.299	-660268.625	-1087255.908	489.122
-680243.275	-1067444.876	-680266.044	-1067450.627	31.488
-724891.11	-1066813.89	-724890.77	-1066904.85	90.961
-659898.244	-1090702.716	-658728.705	-1091432.642	1568.784
-806814.73	-996266.87	-806963.57	-996427.91	219.291
-648800.13	-1013239.62	-647902.974	-1014483.905	1825.975
-658601.6	-1029590.43	-658344.16	-1029084.93	574.185
-750228.414	-988919.972	-750239.63	-989819.6	930.877
-737576.263	-1021220.559	-735617.1	-1020584.03	2602.536
-774965.76	-975159.46	-774521.08	-975012.85	469.238
-887125.029	-1021561.269	-885893.23	-1020667.615	1898.377
-851170.803	-1009143.361	-851158.788	-1009138.871	13.632
-744578.02	-1047859.85	-744598.1	-1047894.96	40.487
-870593.16	-1017566.94	-870390.26	-1017949.34	450.981
-740272.384	-1048755.058	-740125.388	-1048803.266	235.472
-667425.69	-1031463.45	-667902.946	-1031529.89	482.861
-809493.61	-993562.76	-809500.35	-993536.53	32.238
-686608.81	-1054660.12	-686999.902	-1053728.82	1513.701
-810055.65	-1032263.64	-809998.836	-1033109.54	856.946
-761089.62	-1070721.24	-762901.1	-1072249.81	2407.625
-790952.09	-1034494.9	-790941.96	-1034484.23	15.88
-776494.34	-975986.92	-776446.43	-976006.71	54.799
-783934.565	-977004.164	-784099.891	-975185.692	2116.112
-644749.721	-1037931.006	-644735.557	-1037979.395	50.419
-823979.116	-1021458.512	-823153.795	-1025080.218	4322.311
-701732.53	-1010033.69	-701224.85	-1010374.38	612.249
-756270.569	-975799.295	-756414.14	-974699.551	1280.542
-709648.23	-1055155.331	-708863.65	-1054156.14	1294.209
-745761.813	-1003659.195	-746484.32	-1003203.2	857.825
-780229.26	-1009888.51	-779991.583	-1010006.41	295.171
-713174.681	-1044932.987	-712016.9	-1044548.09	1259.261
-708202.91	-1085272.06	-708041.22	-1085387.634	198.817
-804760.361	-1075172.719	-804666.5	-1074796.581	722.742
-643811.132	-1022184.146	-644095.23	-1021816.32	474.836
-840063.257	-1048225.046	-839929.261	-1048122.673	169.851
-777924.71	-976226.2	-780131.226	-975110.78	3116.46
-836045.875	-1043452.688	-839894.429	-1041506.852	4685.553
-746316.93	-1007009.61	-746148.845	-1007124.227	203.552
-726703.865	-1086219.003	-725939.51	-1087057.78	1154.828
-698568.47	-1004508.36	-698530.61	-1004621.99	147.973
-821804.609	-1066679.277	-822661.746	-1066512.685	877.306
-778150.952	-981922.887	-778145.757	-981936.077	18.924
-732422.28	-1084313.689	-731167.427	-1084387.649	1271.296
-872303.667	-1001395.343	-873249.245	-998338.337	3535.724
-754478.268	-1002091.131	-754721.465	-1001870.286	329.745
-843921.816	-1058030.155	-844537.935	-1058693.552	926.982
-781065.17	-989219.41	-782127.93	-989879.61	1328.434
-684519.98	-1034864.07	-687620.21	-1037379.38	4107.672
-645063.36	-1049850.29	-644993.93	-1049839.45	71.684
-660127.47	-1052094.61	-661891.39	-1051662.77	1881.005
-827049.41	-1054625.63	-826213.02	-1052725.02	2125.087
-645714.994	-1045400.989	-645118.9	-1045890.91	794.271
-713707.54	-1041568.84	-712005.82	-1041598.33	1722.189
-765183.32	-1037756.4	-766794.91	-1037066.09	1754.202
-721694.51	-1079694.03	-720890.49	-1078565.08	1960.467
-706057.394	-1063749.005	-704866.76	-1061699.46	2744.859
-763676.81	-1040275.56	-763794.948	-1040182.246	155.318
-657774.214	-1064956.032	-656076.017	-1066182.731	2639.306
-809200.05	-983720.888	-810032.78	-985827.55	2491.867
-716401.15	-1060900.03	-714141.655	-1058451.069	4013.115
-758222.11	-1020120.63	-755450.54	-1019550.08	2999.995
-694645.17	-1041725.22	-694245.25	-1043998.03	2314.421
-762395.665	-993304.982	-761510.266	-993283.083	967.454
-721593.39	-1032506.03	-721756.482	-1032562.996	177.296
-794445.41	-1003817.64	-794596.07	-1003843.11	158.817
-727943.789	-1072192.206	-727827.35	-1072053.3	196.127
-820018.496	-1026412.247	-820001.306	-1026390.182	49.982
-883289.645	-1027547.259	-881432.276	-1028474.542	2206.954
-704744.62	-1069437.54	-704510.14	-1069420.73	248.954
-724347.08	-1030566.65	-723872.477	-1031530.568	1116.558
-823153.795	-1025080.218	-823456.88	-1025260.68	361.234
-827131.62	-1039311.71	-826335.15	-1037293.3	2254.052
-731447.732	-1056741.118	-730929.889	-1057204.495	742.588
-707509.96	-1045530.05	-707322.4	-1045354.97	256.891
-698428.52	-1089773.763	-698265.972	-1089942.663	234.681
-659267.839	-1056959.012	-657424.799	-1057490.718	2111.296
-781330.99	-1062207.01	-781669.484	-1061354.464	1260.308
-690526.88	-1056042.24	-690427.58	-1056053.09	99.897
-756802.63	-1032153.56	-755938.32	-1031830.57	925.496
-813867.769	-1067703.753	-814421.534	-1067757.618	566.61
-730919.125	-1057401.375	-730830.32	-1057375.1	128.179
-711965.234	-1040703.688	-711973.004	-1040687.026	20.395
-773932.95	-996987.53	-773921.32	-996305.2	687.573
-823855.72	-1069646.52	-824369.557	-1069640.862	566.579
-782476.56	-998778.02	-782433.38	-997528.55	1250.238
-764091.206	-1035010.138	-763339.8	-1034082.64	1253.055
-742598.169	-1046020.775	-742599.176	-1046079.724	82.034
-746278.879	-1054177.747	-746254.654	-1054216.692	46.924
-819859.81	-1075632.48	-819811.51	-1075616.07	59.485
-748260.33	-1030616.4	-750067.87	-1029770.46	2326.439
-737060.725	-1070363.495	-737068.94	-1070351.39	15.996
-770038.14	-1016369.75	-769501.759	-1016717.413	686.991
-645969.2	-1026861.65	-647401.8	-1028096.74	2066.123
-759343.85	-1055717.92	-759329.17	-1055975.42	259.208
-784669.925	-1007684.127	-784700.689	-1007690.017	37.58
-845167.583	-1031769.793	-845062.714	-1031835.4	134.056
-741318.219	-1026828.168	-741289.261	-1026790.821	47.259
-741267.695	-1055336.117	-740185.497	-1055522.067	1108.515
-757198.72	-1025175.29	-757514.647	-1024827.762	521.777
-854389.39	-1011463.21	-852965.23	-1010593.78	1905.233
-717476.215	-1074203.095	-717503.863	-1074135.453	76.944
-778265.78	-1058963.422	-778337.704	-1058911.818	100.404
-655208.774	-1044304.982	-654226.65	-1044422.6	1014.733
-721590.121	-1050351.776	-722600.52	-1050767.77	1146.444
-794505.491	-1003988.539	-795581.52	-1003424.16	1219.972
-674568.236	-1003643.118	-674923.8	-1005690.43	2190.446
-749702.71	-1050186.84	-749716.36	-1051238.55	1057.041
-814433.931	-1063888.09	-812289.554	-1062962.548	2570.722
-697516.782	-1035928.448	-697477.333	-1035907.731	52.145
-786859.78	-1010704.2	-787882.07	-1011363.32	1434.631
-686814.436	-1088817.32	-687845.183	-1091410.723	3038.112
-671820.9	-1073411.8	-671829.67	-1073691.16	280.497
-645345.71	-1071388.114	-645063.453	-1071395.993	282.384
-795476.89	-985874.3	-795545.325	-986086.86	227.98
-762243.624	-1057488.376	-762330.98	-1057704.171	232.98
-771339.95	-1043067.31	-771416.56	-1042704.81	370.511
-821061.59	-1071473.86	-821079.97	-1071519.75	54.084
-873308.551	-1034078.501	-872116.886	-1034067.855	1221.582
-763505.9	-1033868.07	-764153.58	-1033532.2	738.254
-767742.987	-973600.962	-764891.389	-975526.452	3522.229
-762936.56	-992381.36	-762915.919	-992362.478	38.675
-705454.27	-1037701.34	-703635.91	-1037363.33	1913.294
-759160.487	-993225.74	-759215.6	-993272.15	79.9
-779155.01	-1043480.64	-780380.209	-1045978.14	4102.899
-678232.017	-1006361.03	-675803.06	-1008342.46	4134.706
-803671.697	-1011987.269	-804404.726	-1013302.48	1546.013
-735842.58	-1031440.26	-735845.84	-1031792.66	373.909
-807972.849	-1018567.797	-807975.59	-1019026.288	471.37
-640259.405	-1041768.162	-640134.866	-1041917.212	194.756
-662122.61	-1026540.04	-662006.84	-1026065.79	497.469
-663645.33	-1047815.73	-664058.97	-1047818.75	414.377
-705725.959	-1070298.695	-705326.633	-1070015.861	504.742
-847327.469	-1050227.846	-847221.274	-1051212.9	1011.634
-726639.21	-1036007.9	-727397.58	-1033927.5	2337.076
-755938.32	-1031830.57	-754461.07	-1031778.15	1495.987
-739209.05	-1021968.58	-741783.23	-1022223.97	2844.211
-647404.039	-1082012.827	-647752.667	-1082966.945	1024.736
-720671.855	-1036824.384	-719061.461	-1038404.118	2285.665
-843184.454	-1035767.624	-842488.834	-1036834.753	1277.262
-790944.406	-1021661.805	-789466.13	-1020968.258	1919.222
-782549.33	-1000589.99	-782498.15	-999336.2	1254.843
-814418.061	-1013904.695	-814533.496	-1013896.626	115.926
-717562.46	-1042859.42	-719830.39	-1043692.55	2807.876
-738065.85	-1057077.11	-737648.76	-1057596.41	674.825
-713258.3	-1040346.94	-713080.6	-1040301.81	183.799
-762941.79	-992367.91	-762936.56	-992381.36	15.161
-810333.785	-991622.577	-810575.11	-991741.91	287.786
-769501.759	-1016717.413	-768683.02	-1017643.4	1253.691
-807937.656	-1073945.98	-806619.044	-1074946.343	1692.904
-648867.65	-1037515.07	-647866.94	-1037895.92	1112.772
-790480.61	-1040594.07	-790450.96	-1040318.98	287.506
-814810.843	-1006381.65	-816170.84	-1003904.37	3063.683
-781686.39	-976700.47	-783751.065	-977170.142	2155.461
-670936.937	-1070587.999	-670833.536	-1070603.537	104.571
-741384.0	-1047519.75	-741296.341	-1047700.338	203.879
-757583.42	-1052769.48	-759455.821	-1051347.97	2675.501
-719467.12	-1030538.8	-719546.69	-1030627.19	120.741
-648176.324	-1058521.286	-647851.998	-1059211.296	799.514
-744444.64	-1041362.66	-744427.01	-1041940.53	596.996
-855036.52	-1011397.23	-857428.93	-1011866.86	2459.458
-745284.26	-1030042.76	-747299.88	-1028248.63	3145.732
-816893.762	-1069517.321	-818904.75	-1068921.1	2256.25
-787808.86	-1055696.75	-784673.308	-1054472.311	3646.481
-829852.643	-1031299.919	-832038.178	-1033984.11	4075.04
-649971.71	-1026167.52	-650216.23	-1026314.9	307.469
-748333.149	-980555.381	-749676.91	-981210.14	2099.908
-754971.456	-975079.693	-754937.18	-975076.31	34.518
-865411.578	-1006956.737	-866375.51	-1007319.368	1036.816
-665321.897	-1052204.756	-664626.215	-1052690.262	877.202
-853654.412	-1058927.71	-854631.34	-1058176.35	1232.454
-695908.221	-1034530.867	-696578.34	-1035525.04	1907.238
-725021.263	-1065471.044	-725002.733	-1065593.652	124.87
-753812.483	-1045788.277	-753921.36	-1045635.63	522.28
-695063.902	-1044379.414	-695093.919	-1044393.153	34.22
-822523.291	-1068631.884	-822804.131	-1068212.539	508.566
-841116.01	-1031187.07	-840193.184	-1031849.07	1171.486
-795739.55	-1037356.85	-794052.3	-1037127.69	1752.912
-707894.669	-1073609.691	-707917.295	-1073589.318	30.447
-700570.04	-1072108.74	-700174.9	-1071901.69	450.448
-650947.633	-1072394.133	-652966.576	-1073400.519	2425.237
-672750.27	-997377.3	-672608.33	-995756.58	2392.144
-740088.274	-1048662.678	-740041.62	-1048597.98	158.682
-669529.45	-1013894.36	-671318.326	-1013380.851	1903.362
-718544.501	-1008651.76	-718209.98	-1009687.69	1232.519
-767429.581	-1048595.732	-763337.111	-1048754.536	4297.731
-869236.02	-1015892.63	-870593.16	-1017566.94	2244.955
-771921.41	-1023846.07	-771612.37	-1023803.49	311.963
-739928.36	-1082451.5	-739659.583	-1081234.351	1294.363
-684506.17	-994253.69	-684543.09	-994078.52	180.439
-722543.63	-1041395.05	-722260.469	-1041371.975	284.1
-757577.549	-1039736.157	-757705.96	-1039765.18	140.687
-782291.96	-1079148.93	-782323.51	-1079136.2	34.069
-721999.135	-1032679.218	-722004.478	-1032704.204	27.655
-728304.675	-994065.09	-727363.065	-993004.762	1452.312
-773499.14	-985346.785	-772600.85	-983797.65	2141.873
-791304.19	-1038656.42	-791814.44	-1039505.59	1089.57
-724283.282	-1037360.78	-724272.84	-1037388.347	30.511
-749777.772	-1043408.442	-750715.12	-1043202.08	962.41
-651631.14	-1029572.69	-651050.31	-1030179.44	844.212
-844038.724	-1005104.052	-844031.05	-1005115.65	13.996
-853567.4	-1004294.55	-852926.407	-1003453.801	1124.958
-724158.64	-1023620.51	-723465.22	-1024603.52	1231.594
-867850.362	-1017308.357	-869488.51	-1017847.787	1878.863
-751695.64	-1006990.75	-751923.796	-1006801.927	305.263
-730585.623	-1042051.149	-730621.63	-1042047.58	36.183
-812925.859	-1049067.757	-812708.61	-1047177.08	2033.168
-726502.432	-1070523.304	-727861.38	-1071800.64	1872.952
-742534.2	-1030094.56	-740152.75	-1030507.52	2619.437
-684486.446	-1065823.749	-684489.68	-1065834.781	11.712
-724561.98	-1065478.333	-724991.13	-1067014.4	2155.144
-687027.526	-1041754.471	-685770.02	-1039929.89	2286.239
-755235.77	-1036429.56	-755698.61	-1036277.05	535.344
-729919.902	-1076529.723	-729948.9	-1077657.6	1245.139
-871098.782	-1032753.124	-870492.524	-1035159.228	2919.082
-652959.885	-1081153.486	-652463.268	-1080231.127	1460.273
-825972.997	-1025706.344	-826011.05	-1025891.49	190.151
-840909.551	-1048925.369	-840063.257	-1048225.046	1106.665
-707875.92	-1039742.88	-707018.55	-1039608.68	871.802
-819160.85	-1074892.36	-819202.2	-1075234.67	376.406
-740535.992	-1073513.374	-740377.782	-1074139.706	671.536
-663828.882	-1070724.962	-664377.16	-1070698.33	548.941
-809998.836	-1033109.54	-811490.408	-1036375.623	3799.26
-650579.291	-1050632.471	-651645.49	-1049416.39	1618.677
-840120.3	-1063468.548	-840107.51	-1065084.419	1902.481
-712611.26	-1078889.11	-712411.89	-1079010.44	239.281
-835407.871	-1058766.318	-835682.17	-1057889.6	967.414
-802394.538	-986811.308	-802761.633	-986688.835	388.154
-800013.98	-1055415.21	-801209.974	-1056833.204	1997.909
-817424.87	-1024213.2	-818615.033	-1025318.297	2065.168
-716764.61	-1028476.85	-715734.85	-1028532.58	1048.738
-717563.66	-1074422.293	-717820.5	-1074317.38	291.475
-644735.557	-1037979.395	-644757.665	-1038531.886	557.872
-798534.1	-1000291.87	-799245.125	-1001368.678	1298.254
-758455.89	-1012416.89	-758296.68	-1012253.36	230.202
-682345.069	-994468.994	-681797.21	-993912.17	808.769
-700885.09	-1064746.32	-701195.68	-1063753.9	1063.481
-793175.91	-983188.02	-793170.24	-983172.03	17.912
-885684.34	-1018888.909	-887234.909	-1018191.043	1850.637
-758683.014	-992295.674	-757885.401	-991724.861	990.651
-656777.827	-1049209.982	-656226.72	-1048857.1	659.609
-856228.099	-1066366.466	-856643.815	-1066591.971	472.949
-775083.88	-1043492.9	-774286.71	-1047019.56	4955.209
-742088.056	-1027627.493	-742304.79	-1027347.65	354.476
-730613.51	-976931.21	-730247.242	-979495.286	2854.957
-776861.68	-975078.71	-776724.47	-975367.25	319.63
-707322.4	-1045354.97	-705511.49	-1044535.7	2047.121
-784013.34	-988230.4	-783982.72	-988290.11	68.101
-720342.2	-975390.91	-719322.357	-974855.527	3128.672
-795516.13	-1059115.1	-796566.87	-1057287.99	2816.933
-822622.41	-1076194.66	-822047.0	-1072227.13	4489.714
-770259.89	-1018648.16	-770958.45	-1020244.89	2761.193
-732562.453	-1055095.45	-732571.382	-1055125.922	49.864
-791191.58	-1065090.32	-792434.79	-1065584.39	1340.962
-646932.84	-1040943.51	-645656.76	-1038237.91	3053.734
-821832.261	-1069947.466	-821862.611	-1070180.329	241.817
-877826.08	-1014802.63	-878282.351	-1013601.323	1362.41
-766458.499	-972340.383	-765350.228	-974439.336	2424.115
-737854.217	-1050792.84	-737651.041	-1050958.164	261.94
-731090.94	-1063326.74	-731988.718	-1063624.377	987.53
-780209.19	-1052580.14	-776899.44	-1052308.473	3388.624
-754962.86	-1023735.53	-755689.59	-1023919.41	779.808
-730736.98	-1045388.49	-730832.41	-1045592.97	225.679
-759847.685	-994666.142	-759844.263	-994650.504	17.708
-653190.51	-1023454.51	-653408.243	-1023374.751	231.976
-711566.197	-1014286.525	-711292.841	-1012313.368	2024.024
-809621.157	-1053842.133	-808543.513	-1054491.325	1342.494
-861128.379	-1005824.81	-861213.19	-1005760.69	107.146
-829057.641	-1032575.254	-826654.644	-1032180.645	2603.769
-711242.04	-1034382.06	-706759.61	-1036013.73	4825.869
-755380.16	-1051435.53	-753492.002	-1050068.921	2543.176
-802794.93	-1024854.449	-801753.438	-1023673.569	1643.469
-641514.85	-1023473.3	-640620.04	-1024377.18	1303.644
-702807.89	-1029484.95	-702777.85	-1027874.37	1654.588
-788632.81	-979612.71	-788804.87	-979200.83	450.624
-642606.26	-1037329.69	-642538.07	-1037184.04	160.823
-778693.313	-997118.305	-779250.426	-997226.575	579.031
-690126.81	-1039073.55	-689710.27	-1038191.64	1076.559
-742420.7	-1049165.78	-742089.043	-1049140.504	336.327
-641543.114	-1068176.51	-640758.72	-1069107.283	1315.843
-777159.31	-993635.49	-776977.4	-994336.9	730.605
-653951.972	-1045922.459	-654532.0	-1044940.38	1216.278
-829272.95	-1074236.02	-829974.814	-1072884.661	1564.687
-755901.06	-991045.05	-755895.05	-991026.57	21.122
-725347.879	-978456.084	-725329.222	-978326.922	130.505
-805045.35	-988740.989	-805166.54	-988816.775	152.075
-687513.392	-1055979.94	-687445.825	-1055917.373	135.803
-779381.15	-979709.15	-779107.83	-979354.97	470.222
-797183.36	-980928.33	-799942.26	-982573.71	3551.738
-754963.37	-1063474.75	-756883.813	-1065377.25	2855.419
-872464.669	-1032874.098	-871283.725	-1032561.522	1538.687
-866261.592	-1002064.318	-864394.36	-1003404.61	2367.174
-784559.29	-1007554.27	-784355.32	-1006965.74	626.596
-701160.682	-1050315.687	-701179.42	-1050315.94	25.5
-719610.632	-1066956.199	-717819.526	-1067200.885	2123.643
-749097.12	-1045584.78	-749113.432	-1045638.107	55.827
-652296.28	-1047526.95	-652635.83	-1046852.48	806.105
-729485.542	-1080870.234	-729237.237	-1080921.973	255.229
-813476.289	-1065972.225	-813460.061	-1065957.135	30.871
-856054.003	-1059724.33	-856585.843	-1059688.89	628.868
-773240.26	-1065794.28	-773836.33	-1065074.73	1056.776
-653397.894	-1094012.823	-653060.158	-1093797.093	421.942
-685851.711	-1089622.672	-685163.706	-1088508.084	1401.766
-651393.89	-1017218.95	-650365.17	-1017742.53	1184.021
-640127.301	-1041929.691	-640134.866	-1041917.212	14.594
-754757.688	-1002042.938	-754829.201	-1002021.875	76.313
-699566.74	-1000140.02	-700853.71	-998518.14	2080.96
-725939.51	-1087057.78	-725513.61	-1087363.32	601.112
-654291.117	-1037485.592	-653323.78	-1036128.19	1790.796
-811154.989	-992037.432	-810815.883	-991813.005	428.249
-748162.565	-1005349.258	-748158.512	-1005367.104	19.795
-675579.44	-1033002.51	-678883.548	-1033468.819	3509.459
-802530.611	-1003046.286	-802646.786	-1001873.885	1199.557
-694891.714	-1038189.519	-694069.151	-1040314.036	2502.416
-758970.228	-988249.682	-760366.64	-987873.39	1695.872
-724693.77	-1051072.26	-724540.752	-1053298.081	2328.319
-810621.584	-991824.357	-810535.47	-991855.28	104.944
-708515.93	-1020597.24	-708535.462	-1020863.121	286.565
-640127.301	-1041929.691	-640016.423	-1042136.147	234.367
-665257.477	-1030252.494	-665109.738	-1030269.571	159.957
-784901.71	-1064680.23	-784339.78	-1064535.65	595.215
-761924.936	-1026064.781	-762082.323	-1026352.017	328.891
-759355.124	-1056085.696	-761148.58	-1059030.53	4130.236
-711251.968	-1079633.447	-709975.95	-1078585.03	3408.335
-651926.66	-1019772.51	-651393.89	-1017218.95	2904.864
-683200.4	-1012392.12	-683038.65	-1012391.7	164.112
-759598.97	-1042857.56	-759767.89	-1042817.03	174.889
-866462.663	-1041892.823	-866585.404	-1040998.766	902.453
-738666.473	-1086081.519	-738150.745	-1085874.268	2704.225
-824913.522	-997340.039	-822224.908	-996407.815	2868.15
-744913.19	-983035.98	-742481.38	-983608.42	3491.888
-646478.203	-1068568.501	-646575.845	-1068613.119	130.957
-649297.606	-1061776.981	-649294.156	-1061839.107	62.57
-789897.46	-1010678.27	-787023.28	-1009846.62	3099.181
-748497.66	-993196.31	-750636.83	-992905.25	2225.401
-732459.994	-1052408.904	-732591.292	-1053824.167	1465.927
-665737.91	-1047301.884	-664402.25	-1047829.813	1445.258
-714747.487	-1020317.35	-717390.824	-1021655.853	3123.005
-759089.587	-1047792.853	-759044.19	-1047918.202	133.421
-666364.99	-1013740.04	-666386.09	-1013742.47	27.418
-762387.286	-1038759.76	-758973.93	-1039874.05	3650.257
-806773.384	-1059233.434	-806814.361	-1057381.18	1883.32
-680931.996	-991412.351	-681215.726	-990968.822	1281.132
-717024.659	-1053704.13	-717724.11	-1053686.03	747.377
-773698.411	-1055768.005	-773719.778	-1055932.824	178.395
-856579.444	-1030950.584	-852030.17	-1033083.54	6140.881
-806611.073	-1055694.866	-805577.899	-1055617.327	1260.207
-746947.0	-1017091.25	-746888.09	-1017286.08	203.594
-688957.83	-1056736.91	-688460.23	-1057346.561	817.325
-687620.21	-1037379.38	-687756.53	-1038174.74	825.304
-756227.79	-991806.51	-755901.06	-991045.05	1000.807
-741925.422	-1082482.181	-744416.779	-1083885.415	3916.054
-658011.731	-1080796.942	-657987.986	-1081750.887	965.799
-770289.72	-1006260.186	-769146.62	-1004870.94	2104.423
-822296.228	-994827.281	-822691.204	-993747.305	1208.795
-815590.582	-1043950.418	-816075.114	-1043253.19	1011.902
-847348.937	-1070561.21	-847194.103	-1070434.811	238.328
-662783.192	-1048928.588	-662362.855	-1049139.007	497.283
-641666.023	-1068164.226	-641586.119	-1068128.802	87.456
-645304.913	-1071479.305	-645235.552	-1071608.008	162.858
-752902.44	-1021343.86	-752939.55	-1021062.22	284.162
-711654.17	-1022257.4	-709790.885	-1022701.685	1939.263
-709558.1	-1002063.35	-707604.21	-1003401.36	2417.311
-795034.18	-1026868.87	-794811.08	-1026343.35	583.486
-785022.91	-1050875.34	-784561.37	-1050591.4	553.569
-784673.308	-1054472.311	-782921.24	-1054037.589	1805.357
-710963.818	-1027337.27	-710900.688	-1025940.774	1404.493
-743175.9	-979324.29	-742706.84	-978617.51	851.343
-748571.79	-989246.96	-748264.337	-988628.245	732.534
-690663.34	-1082367.123	-690630.034	-1083921.78	1707.704
-766746.83	-1036733.97	-766537.28	-1036636.062	235.798
-738583.816	-1049577.088	-738706.48	-1049145.221	452.771
-855921.459	-1019949.745	-853349.944	-1018427.34	3705.042
-657987.986	-1081750.887	-657664.08	-1082227.05	623.224
-784730.27	-1053910.04	-784673.308	-1054472.311	603.78
-782959.33	-996490.55	-783209.77	-996298.28	315.817
-788459.55	-1072267.42	-788372.41	-1071905.55	381.534
-876254.449	-1021586.131	-876248.094	-1021616.472	49.128
-881684.648	-1007478.419	-881849.902	-1006983.169	530.525
-736684.973	-985093.694	-736667.864	-983719.336	1420.866
-748398.11	-1043188.53	-749139.867	-1044020.697	1693.107
-751727.92	-1056190.59	-755911.964	-1059127.866	5537.94
-773571.182	-1068163.625	-773681.35	-1068461.09	324.797
-727179.101	-1060948.226	-727438.719	-1062037.833	1174.651
-721373.47	-1060629.82	-721245.934	-1060993.837	385.712
-733936.866	-1056558.047	-733685.284	-1057740.41	1244.619
-767628.303	-1064543.423	-766812.753	-1064680.846	1058.225
-757405.719	-976101.992	-757436.213	-976113.333	36.351
-802655.752	-986806.555	-802503.633	-986813.347	152.406
-757602.58	-1040026.348	-757617.9	-1040036.349	19.894
-776368.4	-975487.15	-774965.76	-975159.46	1663.329
-762922.81	-1072426.15	-763160.673	-1072458.821	254.63
-735648.061	-1031206.468	-735658.926	-1031187.02	24.945
-822526.13	-1016545.87	-822074.13	-1016009.95	722.641
-758019.15	-1006862.84	-757499.79	-1009071.74	3053.677
-826671.121	-1062964.062	-826550.943	-1061782.575	1516.803
-765572.3	-1028412.02	-767709.808	-1028302.294	2270.015
-674341.718	-1057174.539	-674341.034	-1057156.147	20.421
-645186.686	-1071405.017	-645235.552	-1071608.008	208.79
-726689.4	-990317.24	-726002.57	-988861.01	1727.954
-864394.36	-1003404.61	-861480.547	-1005436.37	4087.031
-875933.168	-1013508.261	-873603.06	-1012639.49	2591.503
-759136.529	-1047758.6	-759284.026	-1047928.139	224.72
-644980.185	-1057370.44	-644668.77	-1056301.76	1122.435
-712902.686	-983324.48	-712883.468	-982937.197	404.878
-770635.2	-979600.35	-770761.02	-979548.54	136.18
-865931.325	-1046316.317	-865944.702	-1046034.631	284.031
-772489.2	-1081807.14	-772344.634	-1081828.37	146.304
-697681.065	-1037708.139	-697686.311	-1037723.137	17.921
-876206.304	-1021352.709	-876254.449	-1021586.131	241.663
-646650.06	-1019270.7	-645261.5	-1019198.11	1438.157
-646416.591	-1068698.913	-645117.992	-1071120.304	3111.868
-672642.55	-1014807.25	-672386.15	-1014641.12	313.628
-701716.99	-1010012.84	-701749.24	-1009988.77	47.884
-645555.73	-1052928.7	-645494.06	-1052835.43	111.849
-726392.56	-980215.84	-728993.509	-979673.837	3322.371
-848715.44	-1050724.55	-849443.05	-1051363.71	1039.009
-802127.752	-1008368.964	-803589.727	-1011292.965	3431.338
-757436.213	-976113.333	-757394.943	-976131.008	70.412
-799458.422	-1001714.616	-799447.07	-1001740.2	31.002
-654392.692	-1054642.076	-654394.282	-1054653.301	13.031
-771062.56	-986449.233	-770401.64	-988243.48	1957.084
-658860.17	-1023337.73	-658912.297	-1021936.138	1716.305
-800457.397	-1013147.446	-801255.009	-1013122.702	928.252
-790962.445	-1034475.468	-791434.04	-1034401.32	579.266
-856631.99	-1026652.92	-855417.63	-1026729.69	1678.895
-794526.144	-986574.626	-794666.078	-986619.372	148.378
-849442.97	-1002464.87	-849463.51	-1002474.76	24.236
-686449.841	-1071523.354	-685568.523	-1071855.137	981.985
-839424.901	-1075430.39	-839352.775	-1075523.388	2282.888
-869916.774	-1037512.068	-870010.123	-1037498.621	100.118
-845783.24	-1007906.04	-845775.84	-1007964.6	70.585
-859334.96	-1031935.4	-859296.61	-1031466.39	473.184
-759835.39	-1029274.97	-763808.35	-1031004.17	4424.084
-713785.282	-1051216.456	-713784.454	-1051227.776	13.491
-746980.67	-1058663.82	-748241.04	-1061951.15	5043.674
-746484.32	-1003203.2	-744730.982	-1001506.622	2497.552
-650028.63	-1050827.27	-649858.43	-1049355.31	1564.261
-657115.409	-1031419.73	-657604.594	-1030395.592	1286.257
-785017.657	-1004174.603	-784542.341	-1004527.927	594.761
-661223.042	-998680.16	-661131.88	-999947.81	2246.341
-819971.552	-1074390.409	-819889.406	-1074361.676	105.638
-734179.118	-976020.254	-734539.895	-974968.556	1131.531
-670263.038	-1053337.584	-667732.27	-1052888.66	2942.196
-732551.961	-1055116.211	-732252.61	-1055216.55	324.62
-767282.221	-980308.449	-767230.195	-980431.316	147.049
-741595.796	-1042546.691	-741595.338	-1042667.249	120.583
-687329.116	-1078734.987	-688864.228	-1079452.576	2236.357
-646817.027	-1070110.852	-647353.082	-1070283.365	589.887
-879438.102	-1019193.057	-880246.238	-1019134.669	988.512
-704435.36	-1073675.45	-704659.5	-1074280.317	801.793
-740777.512	-1027762.545	-739485.75	-1029242.48	2120.633
-735658.926	-1031187.02	-735445.09	-1030178.68	1032.623
-666718.32	-1008677.68	-667586.42	-1009685.03	1648.708
-784989.074	-1052835.696	-783961.55	-1053084.29	1132.532
-683702.25	-1051214.375	-683665.563	-1050408.426	822.017
-678242.44	-1074125.29	-678393.98	-1074104.77	158.633
-700883.381	-1010387.523	-701061.351	-1010492.143	228.775
-649004.93	-1028340.18	-649134.45	-1027880.01	485.541
-820208.116	-1060539.986	-820973.902	-1062163.172	1866.994
-692393.91	-1046471.76	-692536.03	-1046146.19	359.868
-707724.571	-1058643.109	-707832.949	-1057289.458	1372.518
-689352.65	-1029592.58	-689305.54	-1029964.54	473.201
-641125.062	-1075815.382	-641808.58	-1076501.209	1024.066
-719505.542	-992802.08	-719497.051	-992828.454	27.708
-661397.46	-1034322.3	-660761.31	-1032147.72	2276.164
-699841.41	-1066810.69	-699360.43	-1065723.06	1222.981
-752473.827	-1048687.075	-752384.46	-1048708.75	91.979
-806734.91	-996474.84	-806811.551	-996407.544	101.993
-718403.15	-1049828.81	-719227.699	-1050025.693	848.641
-770863.616	-1010070.631	-770831.342	-1010431.064	387.708
-681159.99	-1013190.94	-680306.44	-1012811.78	1083.777
-789545.41	-1002070.51	-789556.34	-1003330.81	1285.787
-674111.71	-1002397.2	-674568.236	-1003643.118	2281.569
-763662.27	-983166.21	-763706.99	-983102.71	85.825
-669926.958	-1088201.107	-671756.449	-1089521.72	2671.461
-757415.611	-994125.242	-756996.81	-993384.67	851.306
-824685.53	-1076388.79	-825606.63	-1076554.83	937.452
-780590.831	-987038.492	-779356.136	-988610.229	2112.29
-647598.453	-1070426.818	-647586.316	-1070406.09	28.037
-767078.49	-980952.572	-766981.251	-980976.408	121.312
-725158.78	-1040229.56	-725845.5	-1038792.9	1718.182
-742207.66	-971373.38	-745741.58	-974318.97	5496.311
-754466.028	-1035771.512	-752082.5	-1036255.65	2507.925
-659261.68	-1070362.596	-660121.15	-1072061.71	2027.958
-762680.47	-1060588.85	-762913.58	-1060092.25	628.662
-734987.129	-1043424.159	-734881.98	-1043480.92	128.696
-689305.54	-1029964.54	-687271.32	-1031795.99	3211.378
-828137.112	-1042932.596	-827544.59	-1045209.14	2520.284
-810667.0	-1045722.86	-809789.61	-1048129.71	3108.078
-729368.5	-1079393.96	-729458.7	-1079294.71	150.856
-828839.53	-1072102.6	-828815.243	-1072228.758	128.881
-652077.08	-1016925.91	-653033.34	-1013150.34	4128.139
-856691.375	-1008970.875	-856665.76	-1008971.6	25.625
-670559.87	-1029061.34	-668323.698	-1030236.112	2782.28
-746991.912	-1017329.52	-746888.09	-1017286.08	174.714
-828173.691	-1024778.486	-828432.897	-1025096.197	426.983
-801106.335	-1059646.571	-800730.13	-1062538.77	3025.048
-688233.175	-1046546.614	-688156.23	-1046374.04	197.107
-776401.92	-975501.85	-776368.4	-975487.15	66.542
-664184.063	-1047903.25	-664104.224	-1047930.346	84.313
-808153.22	-1071282.18	-808219.18	-1071172.18	167.58
-863519.187	-1044414.338	-864091.237	-1044544.766	720.266
-755058.7	-975070.59	-755038.409	-975123.909	62.519
-712005.82	-1041598.33	-711838.68	-1041659.91	178.146
-797314.08	-1068968.18	-797207.638	-1068902.189	125.243
-640100.993	-1084722.279	-639925.31	-1084924.85	523.583
-769566.17	-1053026.82	-771695.42	-1051177.63	4018.645
-814392.773	-988063.794	-813597.246	-987269.873	1165.713
-774972.65	-1033732.19	-775023.929	-1033730.424	71.131
-781330.99	-1062207.01	-781179.2	-1062387.13	272.831
-819832.02	-1074318.32	-819849.45	-1074283.26	54.698
-760277.5	-1018634.36	-761156.009	-1019960.611	1678.079
-753430.208	-1045790.014	-751554.189	-1045703.322	1880.38
-731996.41	-998262.67	-731762.1	-997719.45	688.532
-781263.042	-985714.254	-781255.659	-985725.951	15.64
-716853.89	-1028471.05	-716840.05	-1028417.8	58.738
-700386.34	-1017542.52	-700355.51	-1017085.84	460.67
-725770.197	-1069696.402	-725743.309	-1069594.423	120.717
-766488.889	-972130.108	-766564.93	-972272.11	166.948
-656632.919	-1092332.619	-656389.608	-1092581.695	405.652
-887150.256	-1006146.517	-887686.7	-1006062.205	608.691
-876163.857	-997949.568	-874589.614	-996794.932	2854.86
-876129.73	-1021550.52	-876236.391	-1021602.8	123.308
-866204.489	-1052538.586	-866169.213	-1052989.588	513.429
-798000.79	-986310.91	-797631.422	-986169.56	395.559
-753219.263	-1011090.832	-753152.938	-1010980.073	129.222
-639919.818	-1082699.884	-640022.314	-1082782.538	768.467
-875219.812	-1019175.928	-874099.09	-1020900.9	2212.605
-753059.5	-1037273.11	-752930.2	-1037432.22	211.192
-690535.648	-1088628.29	-691592.123	-1088514.346	1182.487
-753040.459	-1019526.941	-753082.234	-1019438.929	97.423
-822200.559	-1065744.456	-822661.746	-1066512.685	898.776
-759913.851	-973080.106	-761882.31	-972778.63	2567.841
-644812.162	-1073412.044	-644363.219	-1074429.349	1136.204
-643748.704	-1046709.3	-644103.839	-1047463.345	834.07
-867418.721	-1014610.622	-867507.198	-1013624.953	1035.766
-782967.24	-1065482.01	-782395.67	-1066785.34	1460.982
-715691.24	-1003004.78	-715951.33	-1001441.12	1624.383
-746977.513	-1004054.933	-746484.32	-1003203.2	1163.52
-658706.819	-1064884.091	-658394.989	-1065056.914	405.182
-679703.97	-1011880.87	-679909.523	-1012266.417	861.789
-773059.94	-1031306.33	-773047.06	-1031228.34	87.732
-887976.316	-1019880.503	-887903.565	-1019841.518	273.375
-706622.38	-1065074.64	-706035.183	-1064141.522	1158.375
-730929.889	-1057204.495	-730919.125	-1057401.375	200.184
-728499.427	-1060787.66	-728506.879	-1060761.621	29.932
-737593.42	-1057813.32	-737772.44	-1057837.93	180.704
-683310.861	-1065188.496	-683290.106	-1065208.565	33.073
-773868.5	-1048439.4	-776915.671	-1046531.655	3842.989
-665845.857	-1046282.575	-665866.61	-1046285.2	26.099
-679442.077	-1037644.774	-679435.957	-1037621.039	28.995
-867349.757	-1013015.043	-867329.599	-1013014.407	21.963
-820086.52	-1072965.37	-819966.14	-1074245.14	1331.174
-717819.526	-1067200.885	-717942.7	-1065613.26	1724.331
-743779.81	-1021375.72	-743594.29	-1020628.84	773.558
-806173.04	-1047531.5	-807106.486	-1046978.31	1093.992
-651393.89	-1017218.95	-651046.35	-1014975.04	2693.406
-838341.13	-1022100.99	-835207.3	-1018503.79	5575.17
-780380.209	-1045978.14	-779003.02	-1044883.657	3236.785
-727329.243	-1001120.375	-727307.445	-1006654.372	6303.441
-782640.97	-1043028.23	-783028.45	-1041392.85	2284.38
-815739.139	-1013793.564	-816506.95	-1014116.78	844.489
-882384.904	-1003135.151	-884310.109	-999386.775	4357.196
-844537.935	-1058693.552	-844969.57	-1058467.247	490.29
-758355.348	-1040652.328	-759820.913	-1039943.303	1628.331
-759541.615	-970262.409	-759785.967	-969832.926	1853.413
-790944.406	-1021661.805	-793468.02	-1021853.9	2838.17
-669501.06	-1013878.65	-669529.45	-1013894.36	35.872
-714899.37	-1050012.82	-715273.42	-1049983.72	378.185
-671986.186	-1050016.153	-670852.196	-1050857.433	1549.475
-662887.259	-1058841.278	-662912.41	-1058845.404	29.739
-686974.19	-990374.36	-686512.37	-990518.63	494.441
-791606.75	-1071129.55	-792002.03	-1071349.26	453.623
-819732.27	-1074394.07	-819830.35	-1074417.23	124.834
-763384.83	-1022384.29	-763343.522	-1022249.458	141.021
-778975.07	-1043223.18	-779116.42	-1042743.98	512.345
-660812.51	-1002511.21	-660948.93	-1001902.42	1124.57
-846651.96	-1041338.72	-845547.732	-1039891.091	2281.222
-710303.846	-1051630.394	-710981.52	-1050935.5	1044.804
-788774.22	-1016148.65	-787841.5	-1017293.11	1619.777
-756989.6	-1032397.03	-757108.177	-1032272.941	189.623
-653706.307	-1024163.142	-653765.968	-1024185.397	64.03
-734045.773	-1053350.17	-733747.465	-1053566.844	369.243
-748006.352	-968875.732	-742958.3	-969312.55	9347.402
-840433.73	-1018874.53	-839760.29	-1017971.78	1186.879
-779130.4	-989055.72	-779123.07	-989122.53	67.847
-763002.36	-1036772.169	-762551.91	-1038286.19	1780.003
-719846.08	-1013478.47	-720730.33	-1012025.78	1932.61
-779438.186	-982631.217	-781065.88	-981370.39	2193.917
-654719.39	-1037412.38	-654718.673	-1037444.872	32.617
-694355.705	-1089393.858	-694564.952	-1089620.098	314.449
-732450.528	-1054772.006	-732430.487	-1054769.329	21.899
-772609.3	-1076770.52	-773947.18	-1077064.38	1418.732
-855018.39	-1044644.42	-854418.07	-1042733.21	2225.101
-755871.129	-995504.851	-755855.912	-995499.119	18.146
-716310.31	-1022614.45	-713721.63	-1023784.7	2863.362
-726600.6	-984492.426	-726406.08	-983408.89	1161.718
-766842.694	-1009923.787	-766712.9	-1011101.83	1327.88
-790958.663	-987876.982	-791001.246	-987901.667	62.474
-777841.63	-980174.42	-778018.52	-980258.925	196.131
-713318.64	-1057596.11	-712989.358	-1057493.433	354.182
-757404.5	-1048501.98	-757506.533	-1048248.178	282.118
-668848.3	-1010056.22	-668996.86	-1009376.63	704.699
-888826.21	-1016921.504	-889229.403	-1015636.114	1379.813
-742529.131	-1056866.745	-742437.62	-1057025.58	186.692
-645481.3	-1052903.41	-645381.39	-1052938.51	105.902
-846070.357	-1044381.777	-846347.928	-1044004.569	568.214
-742515.947	-998100.753	-743391.442	-995400.328	3142.256
-767239.894	-971117.325	-767218.369	-971343.443	237.02
-739747.415	-1081055.814	-739522.69	-1081106.92	236.834
-881703.433	-1022270.161	-881697.608	-1022289.692	21.997
-830707.165	-996960.852	-830303.18	-997579.08	765.341
-828884.152	-1069456.919	-827430.283	-1067909.972	2167.78
-826985.449	-1046822.132	-827544.59	-1045209.14	1723.704
-762817.16	-1050840.94	-760139.68	-1048725.207	3464.201
-752010.11	-1038510.68	-751970.65	-1038533.5	48.623
-786726.05	-1069976.2	-786472.791	-1072032.018	2194.101
-790965.977	-987948.854	-789598.91	-989195.65	1855.024
-683918.584	-995065.001	-683735.34	-994876.812	264.077
-674130.7	-1047102.27	-674014.12	-1047280.44	214.742
-656968.22	-1068227.05	-656862.505	-1068150.743	138.967
-821591.64	-1013904.94	-823868.38	-1013022.22	2718.571
-724970.52	-1074858.62	-724352.404	-1073798.137	1535.108
-794870.63	-1058854.38	-795516.13	-1059115.1	971.647
-686455.58	-1070686.79	-686449.841	-1071523.354	869.279
-771527.21	-1009234.35	-771042.303	-1006967.94	2448.31
-786222.78	-992025.7	-785924.5	-993271.36	1884.304
-674727.057	-1092641.383	-674920.11	-1092527.843	225.183
-705224.412	-1082573.949	-704097.718	-1083231.961	1717.298
-795993.19	-1049532.23	-796209.77	-1049662.93	256.63
-883593.847	-1017580.316	-882091.044	-1017735.02	1581.076
-782150.44	-1060844.24	-783526.28	-1061170.79	1486.798
-792596.012	-979641.183	-792554.569	-979614.516	49.281
-774043.413	-1053278.193	-775336.739	-1053372.468	1321.375
-660750.09	-1001499.58	-660582.24	-1001564.12	186.976
-749437.266	-1033909.1	-749451.37	-1033883.77	28.992
-685892.135	-1053690.929	-685946.901	-1053736.888	84.669
-731518.85	-1042053.79	-731552.55	-1042108.1	73.204
-685892.135	-1053690.929	-684797.95	-1052891.12	1466.473
-783521.92	-1051834.58	-783961.55	-1053084.29	1352.522
-683702.637	-993016.242	-683695.36	-992998.26	21.212
-743460.973	-1015310.216	-744064.938	-1015927.5	870.117
-768742.989	-972186.687	-768716.02	-972195.887	33.222
-762679.08	-1053440.43	-762339.98	-1051545.548	2917.165
-785969.35	-1018223.45	-785947.35	-1018199.65	32.41
-768031.975	-1063196.66	-768780.443	-1061241.466	2442.207
-788446.462	-990047.331	-788251.41	-989855.27	312.242
-791151.33	-978540.3	-792375.04	-979389.02	1709.783
-726793.67	-1060789.397	-727756.552	-1059544.567	1685.609
-726066.38	-1020719.64	-726005.712	-1020273.05	464.265
-719830.39	-1043692.55	-719843.172	-1044008.229	321.711
-724270.15	-973222.03	-724460.498	-973010.865	1974.217
-664878.977	-1059238.198	-663166.08	-1058879.59	1791.584
-640286.278	-1073530.947	-639898.414	-1074029.895	895.266
-689899.342	-995399.552	-687791.452	-994894.186	2359.802
-830942.768	-1065061.502	-831028.103	-1064975.89	126.209
-715513.44	-1040586.49	-717595.02	-1042830.33	3559.705
-656883.547	-1052673.686	-655096.03	-1054199.71	2362.989
-658954.63	-1042252.27	-661002.806	-1043241.153	2371.172
-729086.02	-1078563.0	-729135.715	-1078700.134	145.864
-724890.77	-1066904.85	-724923.796	-1067210.738	309.458
-696810.82	-1070133.72	-694188.084	-1070765.684	2767.136
-739238.46	-1040119.82	-739090.289	-1040263.729	220.823
-826717.326	-1029086.403	-828832.036	-1030165.093	2612.033
-770241.279	-1050249.373	-769039.66	-1051459.32	2004.221
-783901.73	-988367.12	-783838.86	-988399.59	70.774
-819302.55	-1075496.64	-818981.927	-1075199.379	460.456
-797794.885	-986178.028	-798085.15	-986328.76	327.427
-765059.6	-974782.79	-765065.607	-974746.125	42.98
-808437.59	-1071316.06	-808185.557	-1071296.55	252.811
-713550.47	-1017791.14	-712344.92	-1015969.21	2203.416
-833813.423	-1072429.324	-833825.94	-1072470.482	50.377
-696916.247	-991912.948	-695512.23	-990571.86	2539.858
-743792.838	-1038469.445	-743809.013	-1038461.768	21.005
-822489.045	-1069168.568	-822399.257	-1068941.538	245.044
-721968.829	-1032704.001	-721976.964	-1032677.576	30.414
-740173.965	-1056481.452	-741909.34	-1056805.55	1779.976
-655818.302	-1080134.738	-655740.759	-1079064.003	1167.808
-763664.0	-1062929.15	-765581.53	-1063635.1	2075.38
-729283.327	-971279.404	-728567.02	-972171.56	4775.434
-752764.758	-1074806.328	-753127.601	-1073868.503	1199.466
-673983.56	-1071086.53	-671820.9	-1073411.8	3275.91
-776116.328	-1014689.396	-776106.232	-1014749.764	64.594
-665620.22	-1081677.52	-662921.774	-1081765.354	3193.926
-816650.416	-1075683.859	-819849.45	-1074283.26	4269.241
-737250.813	-1035813.563	-737072.77	-1034203.55	1630.597
-782981.17	-1000789.0	-782549.33	-1000589.99	478.215
-721909.138	-1036103.039	-720671.855	-1036824.384	1525.081
-726412.52	-1070532.723	-726383.719	-1070435.076	110.186
-740411.92	-987030.62	-739943.73	-986995.68	471.379
-769917.4	-981147.39	-767662.53	-981154.36	2410.067
-754869.91	-1046408.2	-754779.968	-1047520.095	1118.398
-671544.788	-1049045.428	-675383.234	-1049879.299	4494.774
-863131.408	-1037983.994	-862990.333	-1037035.084	983.105
-650826.289	-1093442.774	-651162.811	-1092883.23	660.232
-679399.801	-1079914.55	-677372.075	-1077135.169	3782.017
-774589.68	-1037732.32	-771941.93	-1037507.11	2701.68
-713596.42	-1070205.29	-712241.19	-1070905.53	2369.8
-727814.301	-1074191.455	-727734.171	-1074184.599	80.425
-760260.421	-1021845.213	-760586.316	-1021465.402	505.467
-778900.318	-1029531.5	-779038.47	-1029561.661	152.678
-778382.944	-1059000.148	-778433.87	-1059119.98	130.762
-828815.243	-1072228.758	-828618.95	-1072041.44	272.645
-730363.36	-1084639.28	-729858.077	-1087005.182	3721.493
-825097.083	-1064708.498	-825105.07	-1064563.95	146.282
-810544.373	-991914.911	-810535.47	-991855.28	62.522
-707740.78	-1020386.26	-705718.77	-1015755.28	5359.647
-737068.94	-1070351.39	-737082.62	-1070361.22	19.176
-731562.956	-1056376.26	-731447.732	-1056741.118	436.59
-667146.26	-1024482.707	-667520.15	-1022804.81	2174.023
-792360.12	-979425.55	-792428.59	-979461.55	78.056
-690298.86	-1066702.72	-690169.154	-1066692.639	130.572
-734732.83	-1043650.65	-734799.24	-1043636.72	79.624
-747850.94	-1037441.67	-748101.88	-1037194.88	352.031
-857554.503	-1066769.628	-857589.02	-1066880.62	152.385
-741483.047	-984171.128	-741438.097	-984864.973	707.307
-808575.344	-1000665.039	-808251.99	-998862.84	2129.424
-748497.66	-993196.31	-748187.82	-992702.66	666.735
-810664.83	-991921.07	-810780.18	-991970.74	314.714
-734496.32	-1045714.14	-734764.112	-1045640.265	319.408
-730210.16	-1057359.89	-730428.745	-1057413.053	224.968
-798692.94	-1034078.43	-798662.382	-1037329.219	3640.459
-751415.81	-988789.17	-751442.58	-989970.89	1193.809
-819271.979	-1075735.204	-819281.972	-1075718.149	21.627
-693520.0	-1034325.96	-693563.782	-1034271.513	72.873
-726561.98	-1072141.25	-726393.89	-1073258.642	1523.713
-719664.66	-1030725.65	-721519.313	-1032410.851	2513.711
-744365.01	-1047609.77	-744578.02	-1047859.85	329.315
-838593.93	-1021984.24	-839314.316	-1021318.603	982.376
-757077.25	-1043105.17	-759598.97	-1042857.56	2596.196
-783269.69	-1012154.03	-783244.85	-1011887.99	270.9
-739793.524	-1062973.819	-741081.32	-1061607.38	2596.504
-844142.467	-1066285.323	-843404.881	-1067301.967	1369.374
-671554.241	-1012972.103	-671574.495	-1012976.737	43.268
-686155.73	-989128.63	-686691.567	-986570.42	4145.041
-734056.437	-1031412.866	-733709.44	-1030190.23	1290.356
-725860.458	-1083649.246	-725289.41	-1085667.7	2181.514
-732450.31	-1054985.68	-732252.61	-1055216.55	303.955
-815495.249	-1077006.108	-815134.535	-1078062.953	2283.371
-757599.465	-1034395.045	-757841.67	-1033524.501	904.391
-662153.973	-1068753.801	-662514.505	-1069345.192	707.355
-794127.69	-1003786.15	-793463.21	-1003661.43	715.61
-829679.437	-1060371.719	-829202.567	-1059275.791	1235.489
-724437.183	-1041554.406	-725161.86	-1040315.19	1473.09
-717534.646	-1074139.58	-717538.757	-1074174.434	36.526
-828344.886	-1060176.523	-829202.567	-1059275.791	1246.064
-671688.297	-1026646.767	-670075.92	-1024746.12	2850.194
-684500.3	-994629.26	-684501.01	-994670.16	45.575
-747426.456	-1023928.438	-747371.97	-1023961.73	72.704
-815227.57	-1011989.75	-816164.41	-1011933.429	954.81
-731827.37	-1056765.91	-731589.929	-1056706.085	244.878
-641685.442	-1075561.728	-641454.015	-1075722.184	282.751
-766150.46	-1076233.34	-766189.5	-1076373.07	151.477
-854631.34	-1058176.35	-855040.471	-1058442.668	501.558
-661002.806	-1043241.153	-661494.437	-1043198.104	526.563
-849094.251	-1010304.331	-848997.797	-1010235.95	118.26
-686512.37	-990518.63	-686457.96	-990915.576	400.725
-787548.72	-1001738.92	-785017.657	-1004174.603	3805.088
-699228.75	-1084220.74	-700600.749	-1084504.712	1480.278
-715499.81	-1046015.41	-718045.351	-1046662.504	2777.986
-757592.42	-1040046.747	-757370.05	-1040129.007	239.242
-686738.235	-993832.623	-686740.46	-994862.24	1102.719
-650411.51	-1026049.54	-652045.78	-1024674.21	2228.69
-734667.725	-1041598.981	-734745.125	-1042155.188	564.241
-808335.0	-991040.78	-807693.375	-990365.75	962.687
-792434.79	-1065584.39	-792559.55	-1065629.64	132.714
-749132.32	-1035837.82	-751346.75	-1034441.65	2778.191
-837774.837	-994412.178	-832347.8	-993046.63	6592.745
-687258.963	-1071987.155	-686986.884	-1071591.448	488.665
-712016.9	-1044548.09	-711726.01	-1044957.93	520.834
-807937.656	-1073945.98	-807951.231	-1072505.626	1556.532
-709080.19	-1051104.7	-708245.433	-1051580.466	963.53
-653274.017	-1030254.879	-652790.576	-1028728.644	1604.852
-876486.02	-1026238.44	-877455.749	-1028168.893	2338.381
-777064.67	-1012698.41	-777297.98	-1013203.73	586.385
-674603.26	-1085170.42	-675351.76	-1084599.4	987.529
-643393.56	-1020051.71	-643597.021	-1018905.238	2299.447
-780447.34	-1052568.44	-780917.64	-1051279.978	1459.568
-808219.18	-1071172.18	-808399.37	-1071299.43	228.986
-824118.398	-1073716.33	-824204.364	-1073767.68	128.716
-753368.02	-1048765.39	-753427.9	-1049000.73	243.578
-712611.26	-1078889.11	-712801.03	-1078872.18	197.384
-652600.61	-1037242.8	-651099.35	-1036057.73	1987.604
-806965.18	-989759.4	-807695.027	-990255.374	927.902
-824368.015	-1061111.425	-823355.76	-1063565.55	2828.609
-764003.61	-1024125.807	-764031.53	-1023816.45	310.84
-741398.951	-1001930.92	-740938.607	-1004291.748	2472.575
-845241.937	-1014450.711	-847022.035	-1013573.709	2043.548
-710918.126	-1025929.913	-710900.688	-1025940.774	21.958
-755911.964	-1059127.866	-757128.242	-1059507.045	1288.656
-728993.509	-979673.837	-730247.242	-979495.286	1456.159
-715650.83	-1032190.21	-713680.036	-1033381.515	2500.762
-733574.37	-1041925.75	-733200.063	-1042131.375	447.239
-704824.513	-1057697.425	-704514.881	-1058537.38	1040.21
-789149.05	-990849.48	-789184.38	-990848.56	39.758
-869760.72	-1037812.227	-869924.911	-1037581.435	284.78
-759071.725	-1047704.779	-758938.02	-1047552.36	202.789
-790421.73	-1064163.29	-797214.213	-1068891.346	8703.968
-694177.33	-1002782.15	-697966.78	-1002610.83	4074.082
-812660.89	-1072249.56	-808437.59	-1071316.06	4370.604
-884366.997	-1021690.341	-884000.584	-1021660.832	376.604
-687972.84	-1011065.64	-685682.71	-1014792.46	5054.049
-758371.92	-1040714.05	-760607.55	-1040804.24	2238.464
-811109.853	-1063053.73	-810770.95	-1063249.68	458.364
-746382.521	-1054216.087	-746310.408	-1054210.684	72.56
-771813.517	-1038836.782	-771941.93	-1037507.11	1344.534
-773187.92	-1058004.16	-774153.25	-1059067.97	1469.112
-731587.42	-976384.81	-728374.028	-974653.538	4269.249
-741813.07	-1047094.23	-741669.495	-1047218.903	190.381
-668332.53	-1025413.37	-670075.92	-1024746.12	1971.258
-717820.5	-1074317.38	-717615.03	-1074166.97	254.865
-815526.063	-1070891.9	-817229.42	-1070591.25	1729.798
-751241.934	-1074165.482	-751460.039	-1074464.813	375.957
-827757.15	-1034938.74	-828147.172	-1034491.817	602.736
-685497.87	-1023511.15	-686097.313	-1024010.399	929.286
-666672.44	-1064648.55	-666698.84	-1064869.95	227.892
-644718.554	-1037970.142	-644749.721	-1037931.006	50.049
-764793.8	-994787.52	-764178.213	-995931.718	1348.347
-699845.446	-1030267.007	-698080.568	-1031875.656	2389.049
-739238.46	-1040119.82	-738750.231	-1040041.52	505.951
-681114.349	-1082188.818	-682872.293	-1084756.083	3345.88
-847137.84	-1070687.912	-847103.331	-1070324.09	366.085
-835240.575	-1040178.658	-840756.407	-1039033.045	6230.723
-822158.563	-1069502.375	-821832.261	-1069947.466	578.049
-781482.919	-985956.992	-781255.659	-985725.951	332.888
-750830.51	-1029174.17	-751934.718	-1029089.783	1122.28
-819030.08	-1043568.33	-819610.11	-1043267.663	716.064
-773690.064	-977974.951	-771050.13	-979400.91	3436.69
-669535.23	-1044445.601	-669508.322	-1044456.713	37.151
-738973.364	-1084211.183	-738207.314	-1083871.579	866.55
-653901.604	-1029503.98	-654577.54	-1028792.8	1036.119
-808575.344	-1000665.039	-818573.03	-999187.48	11366.16
-800604.538	-1003260.473	-800458.83	-1005123.939	1882.365
-747360.061	-1036303.743	-748103.01	-1035830.68	884.413
-796744.169	-1050356.163	-797410.36	-1052229.11	2445.826
-714899.37	-1050012.82	-714955.33	-1050127.92	129.195
-833504.056	-1025748.803	-834057.502	-1024380.541	1570.088
-796895.697	-1025195.084	-798094.67	-1025262.18	1230.034
-856665.76	-1008971.6	-855562.12	-1009290.98	1235.87
-835429.046	-1033696.089	-833920.868	-1033591.514	1602.593
-770616.68	-1049952.96	-768661.98	-1046136.751	4870.323
-788623.02	-1030555.81	-787246.81	-1029350.39	2540.412
-789545.41	-1002070.51	-787548.72	-1001738.92	2102.84
-700201.196	-1053736.21	-700206.943	-1053697.575	39.089
-732571.382	-1055125.922	-733117.23	-1056173.189	1460.435
-727896.4	-1074256.85	-727814.301	-1074191.455	107.963
-694891.714	-1038189.519	-694823.848	-1038077.865	170.443
-701654.7	-1012344.5	-701519.75	-1012381.313	140.356
-772813.618	-1055319.761	-772734.437	-1055317.123	99.926
-716573.27	-1009828.58	-716176.26	-1010552.6	832.528
-748753.9	-989283.07	-748571.79	-989246.96	188.365
-777963.57	-980328.72	-775704.41	-982371.16	3547.834
-752482.88	-1043314.671	-752253.935	-1043211.332	255.804
-656255.699	-1070045.007	-656633.86	-1070308.88	474.806
-728346.01	-993979.719	-730145.688	-993169.063	2156.993
-697368.527	-1026667.204	-697482.489	-1026804.253	178.289
-803296.964	-1079135.312	-803299.082	-1079241.065	106.993
-757820.929	-971443.006	-757859.17	-971476.34	50.974
-681338.634	-1047574.395	-681292.92	-1047433.68	148.119
-775534.44	-1012209.17	-777064.67	-1012698.41	1661.964
-757885.401	-991724.861	-756227.79	-991806.51	1717.833
-646669.286	-1068695.164	-646639.676	-1068713.803	53.427
-805095.286	-990190.91	-805021.72	-990150.88	85.903
-828396.58	-1041206.93	-829589.15	-1040948.8	1272.183
-684448.47	-990115.0	-684434.33	-990100.31	24.961
-695047.376	-1044391.963	-695063.902	-1044379.414	22.187
-731289.347	-998442.003	-730683.99	-998307.58	697.32
-820923.25	-1012044.48	-824002.89	-1011428.37	3248.413
-843706.44	-1002673.06	-843047.942	-1002069.217	910.399
-791244.52	-1014809.47	-789054.08	-1013997.06	2382.7
-891555.769	-1013828.242	-891372.25	-1013131.45	1003.068
-695749.54	-993803.93	-694254.45	-993618.94	1587.824
-770406.95	-1016484.18	-771738.96	-1017773.69	1998.225
-733583.706	-1053257.457	-733650.642	-1053310.708	85.562
-736065.216	-1009628.72	-736077.828	-1009641.7	19.639
-782644.121	-1018033.388	-783920.11	-1019150.09	1791.538
-649508.54	-1081915.849	-649074.482	-1081102.697	1171.0
-785885.74	-1031657.91	-783587.85	-1031452.41	2326.817
-740125.388	-1048803.266	-740042.682	-1048803.266	82.777
-717724.11	-1053686.03	-718568.57	-1054861.25	1505.824
-881270.899	-1001368.533	-881210.251	-1001344.506	65.977
-689627.423	-1035843.007	-687620.21	-1037379.38	2559.286
-807092.05	-996176.3	-807022.055	-996238.78	93.825
-739293.69	-1047605.51	-739242.04	-1047530.36	91.264
-645298.82	-1050454.711	-645349.0	-1052717.95	2271.125
-671788.98	-1013525.17	-672286.57	-1013430.14	768.78
-858595.02	-1055299.8	-859532.03	-1055809.39	1160.474
-721454.452	-1056887.26	-721480.646	-1056896.706	31.651
-646201.83	-1070762.882	-646804.66	-1070126.4	965.848
-753337.621	-1047834.546	-753409.091	-1047702.378	161.838
-759136.529	-1047758.6	-759256.31	-1047754.756	151.004
-824112.13	-1074957.2	-824116.77	-1073873.79	1084.427
-760190.23	-1045290.85	-759955.845	-1045151.847	313.369
-777043.735	-988866.738	-775491.055	-988500.27	1617.317
-656284.52	-1048566.54	-656108.2	-1048690.63	221.45
-802162.267	-989165.468	-799213.12	-993419.47	6690.383
-733117.23	-1056173.189	-733400.347	-1056074.989	326.466
-641686.481	-1076916.245	-640971.591	-1080795.556	4038.623
-754010.53	-1061799.67	-754188.564	-1061390.249	477.943
-696209.569	-1034541.427	-696253.724	-1034613.635	84.781
-753492.002	-1050068.921	-754037.11	-1054324.91	4993.405
-709908.03	-1003993.08	-709619.48	-1003555.71	592.054
-682600.335	-1089721.639	-681810.686	-1088876.854	1211.128
-771030.72	-982739.75	-770839.14	-983575.63	1086.646
-716840.05	-1028417.8	-716828.42	-1028430.58	17.28
-740146.63	-1048765.45	-739994.945	-1048588.533	235.199
-776116.121	-1014573.075	-776027.577	-1014675.413	135.338
-752141.41	-1023976.24	-753113.08	-1024805.07	1287.84
-866860.328	-998552.66	-863279.16	-998718.49	4407.921
-751995.4	-1034166.44	-751764.57	-1033120.59	1287.058
-654997.148	-1068694.178	-654938.746	-1068629.13	87.424
-797546.47	-1028510.29	-796933.467	-1026340.879	2307.958
-663440.572	-1005056.297	-661295.15	-1005380.04	2543.742
-762240.73	-1026225.87	-762182.323	-1026283.08	86.523
-773578.204	-1055794.147	-770529.093	-1053950.334	3617.286
-773501.44	-983276.18	-773180.24	-982370.02	1361.56
-762633.19	-1038581.89	-762732.21	-1038615.428	114.274
-692138.97	-1053501.65	-690566.15	-1055814.5	2818.238
-680386.462	-1069039.757	-681856.875	-1067973.625	1925.535
-821862.611	-1070180.329	-821506.23	-1071709.92	1607.262
-767603.85	-1046005.37	-767684.069	-1045925.507	113.791
-710400.32	-1017303.91	-708116.272	-1016039.129	2785.015
-761207.79	-1034014.75	-762955.47	-1033824.97	1768.05
-794505.491	-1003988.539	-794506.51	-1004011.49	25.66
-869866.398	-1037678.079	-869854.923	-1037688.21	15.606
-840637.765	-1068920.25	-842300.635	-1068760.687	1834.995
-758598.97	-1005216.97	-758019.15	-1006862.84	2084.932
-726002.57	-988861.01	-723759.896	-987216.172	2944.066
-664659.973	-1053339.834	-663044.42	-1054468.82	2276.78
-771899.49	-1025011.53	-771921.41	-1023846.07	1547.576
-725596.87	-1048814.21	-725622.34	-1048876.6	70.049
-814649.04	-1070090.53	-814570.55	-1070242.4	180.039
-655865.063	-1048396.514	-655883.891	-1048425.175	49.282
-743307.88	-1019662.27	-741471.85	-1019735.03	1899.346
-737336.38	-1046672.94	-737520.29	-1046623.77	190.457
-761077.286	-994700.252	-761057.6	-994731.297	36.76
-679466.541	-989570.958	-678701.39	-989733.15	1189.568
-731110.039	-1075403.317	-730455.262	-1075272.068	903.395
-652512.268	-1066003.798	-652521.772	-1066017.858	18.825
-713537.88	-1023025.75	-713721.63	-1023784.7	938.764
-797225.383	-1069033.488	-797224.579	-1068798.163	291.247
-667352.5	-1033680.38	-667623.97	-1033602.94	291.973
-774940.581	-1017890.853	-776007.615	-1018697.758	1500.332
-825967.52	-1025677.531	-825983.792	-1025686.738	20.264
-757880.474	-1066161.822	-760445.88	-1067488.56	3132.022
-735050.321	-973748.849	-734660.609	-972473.815	1384.637
-759887.37	-972841.89	-759866.87	-972977.63	137.754
-774118.63	-1065131.66	-775736.2	-1064261.9	2004.801
-726557.64	-1030504.07	-726456.847	-1029809.252	944.458
-700396.442	-1053492.855	-700390.17	-1053493.403	6.296
-660410.858	-1057065.693	-659267.839	-1056959.012	1160.273
-651799.729	-1090349.683	-655377.614	-1092181.303	5195.783
-797207.371	-1069075.147	-797204.328	-1069117.112	48.49
-810418.986	-1013689.3	-812433.03	-1013933.23	2052.157
-712210.494	-1019124.038	-712204.06	-1019056.16	68.7
-807591.864	-1048105.356	-807985.91	-1047762.37	543.481
-686974.19	-990374.36	-687479.09	-993081.86	2832.567
-768538.32	-1082897.61	-767814.271	-1083025.033	6000.032
-650254.698	-1066684.671	-650316.67	-1066703.03	64.909
-867798.626	-1006764.106	-867839.488	-1006747.598	63.019
-750373.074	-1005566.807	-750036.931	-1005704.222	363.972
-704097.718	-1083231.961	-699925.36	-1080109.3	6359.305
-838923.649	-993377.246	-837774.837	-994412.178	1910.945
-696311.254	-1045338.548	-696490.038	-1045413.991	204.288
-734050.012	-1072617.244	-733970.648	-1070529.113	2196.249
-733677.42	-1004492.76	-733066.43	-1000888.03	4055.379
-806550.624	-1067938.374	-810633.478	-1066041.128	4787.577
-865343.62	-1006940.56	-865411.578	-1006956.737	69.857
-783879.003	-1065274.767	-783872.32	-1065262.31	15.332
-858225.57	-999249.575	-859456.5	-996748.5	3348.007
-775046.211	-985303.495	-775538.857	-986019.904	914.897
-673359.17	-1017298.72	-673341.23	-1017237.57	63.729
-874197.908	-1018506.375	-874192.144	-1018571.621	65.852
-733649.399	-1015348.684	-732619.431	-1016119.27	1287.372
-659044.87	-1026072.16	-657177.89	-1027416.55	2341.047
-691751.348	-1059652.052	-692291.01	-1058643.01	1242.218
-815771.685	-1067602.218	-818904.75	-1068921.1	3562.589
-799468.95	-1001575.88	-799458.422	-1001714.616	178.519
-696417.162	-1054119.286	-696167.44	-1054213.12	266.769
-776638.812	-975624.141	-776578.17	-975595.74	67.996
-817485.111	-1070669.022	-817346.88	-1070461.227	249.586
-767046.6	-980774.5	-764320.223	-977229.243	4850.3
-768031.975	-1063196.66	-768305.47	-1063499.85	474.625
-692916.61	-1031763.95	-693762.45	-1032418.66	1170.138
-744240.355	-1085497.033	-744377.89	-1084946.37	1071.509
-702096.308	-1043248.3	-702113.22	-1043229.82	28.588
-757947.029	-1040305.397	-757895.356	-1040240.583	83.592
-853375.746	-1035763.744	-852011.72	-1033267.21	3033.206
-777841.63	-980174.42	-778176.07	-980434.35	423.59
-652519.065	-1021392.956	-652439.7	-1021371.68	83.743
-730540.16	-987872.41	-729778.3	-987713.52	819.989
-748555.73	-1024956.416	-748538.162	-1024960.596	20.715
-650914.341	-1085126.981	-652355.284	-1084513.846	1644.256
-688033.65	-1008448.13	-687696.8	-1010183.68	1976.956
-809815.994	-1032117.026	-808551.193	-1032080.837	1332.54
-804069.414	-1048124.188	-806168.665	-1048980.607	2394.174
-878446.41	-1011882.071	-880052.498	-1008271.662	4199.647
-667750.276	-1083553.552	-667401.048	-1083330.838	583.479
-795520.982	-1003368.997	-795614.34	-1002370.711	1208.001
-777744.03	-1031926.26	-778723.324	-1030379.705	2010.212
-749256.54	-1044624.59	-749191.481	-1044352.66	280.929
-722713.49	-1064471.921	-721028.2	-1065276.8	2004.56
-760235.44	-976189.76	-760426.849	-976146.255	209.641
-647242.168	-1071682.457	-647250.053	-1071710.344	38.129
-766747.32	-1037626.07	-766820.366	-1037693.14	122.449
-752438.325	-1042831.478	-753237.13	-1041854.936	1320.063
-765780.46	-1025889.75	-765605.87	-1025824.37	213.007
-840403.074	-1070447.272	-833749.287	-1072545.879	7423.664
-761891.2	-972771.3	-761804.098	-971881.321	908.03
-723694.18	-1014270.44	-722332.58	-1017137.68	4023.936
-653299.13	-1023139.24	-653279.646	-1022982.362	158.131
-753649.53	-976729.2	-751476.087	-976015.903	2412.097
-741810.06	-1048888.99	-741825.869	-1048828.06	63.096
-787917.19	-1061122.81	-786559.102	-1061340.464	1401.915
-655306.9	-1041293.601	-658954.63	-1042252.27	4339.078
-666466.26	-1013751.01	-669096.11	-1014095.01	2673.431
-723719.58	-1035551.59	-723735.714	-1035565.991	23.681
-730531.813	-1057439.07	-730487.222	-1057428.568	70.673
-817226.33	-1047661.17	-818342.922	-1049312.599	3314.289
-707917.295	-1073589.318	-710188.717	-1074373.94	3944.229
-850202.22	-1042068.29	-850050.84	-1043723.36	1746.378
-678311.67	-995246.51	-678265.186	-995168.713	91.499
-770463.62	-1042976.09	-768948.186	-1044541.868	2181.767
-809522.65	-993549.24	-810488.627	-992101.06	1781.846
-694046.537	-1040418.3	-693636.81	-1041161.74	859.324
-876124.29	-1021139.59	-876112.84	-1021128.58	18.136
-695019.57	-988728.24	-693984.34	-985511.09	3945.038
-805529.791	-990380.262	-805510.798	-990388.968	22.382
-670413.35	-1020801.35	-669911.48	-1020070.35	887.861
-777378.72	-1032412.01	-778489.776	-1032605.109	1210.674
-653565.93	-1024325.48	-653293.436	-1024341.269	273.089
-740013.875	-1032677.758	-740024.072	-1032667.759	15.252
-792127.679	-1002992.899	-792631.3	-1002145.56	996.313
-717563.66	-1074422.293	-717389.507	-1074398.742	180.663
-654259.08	-1033888.45	-654058.89	-1033547.74	437.285
-732453.52	-1040841.31	-732359.224	-1040961.372	161.035
-809115.507	-1021031.276	-811576.772	-1017603.739	4414.913
-713070.7	-998912.01	-710920.88	-999919.92	2440.096
-847178.331	-1068827.432	-844823.27	-1068111.92	2631.245
-705326.633	-1070015.861	-704744.62	-1069437.54	855.265
-823930.49	-1009103.738	-825505.903	-1008939.286	1591.58
-753061.938	-983354.114	-753007.42	-983585.66	238.519
-731613.902	-1021278.732	-731367.55	-1022331.55	1099.578
-724307.441	-1034485.543	-724042.005	-1034642.051	310.401
-712423.517	-983605.22	-712420.272	-983594.696	11.502
-739918.12	-1078945.14	-738499.524	-1076315.869	3319.668
-668845.316	-1003441.49	-664760.619	-1005645.69	5117.789
-696115.69	-1045320.03	-696029.607	-1045263.951	102.755
-763662.27	-983166.21	-763256.913	-983643.9	628.408
-824257.03	-1076464.14	-824311.496	-1076401.374	251.698
-750249.562	-981741.692	-751048.998	-981028.811	1171.842
-813328.04	-1072109.909	-813432.107	-1071990.126	158.676
-781791.85	-1046868.86	-780380.209	-1045978.14	1748.843
-741581.782	-1042671.899	-741577.379	-1042544.644	127.331
-769294.599	-971517.262	-768483.18	-971363.18	968.049
-799253.133	-1001546.675	-799240.82	-1001410.07	159.268
-822590.536	-1059214.552	-825495.86	-1053317.43	7077.434
-778280.43	-1058590.03	-781101.27	-1058535.42	2969.572
-787525.92	-984347.2	-787293.151	-984422.672	248.172
-664710.698	-1068052.491	-664802.221	-1069038.226	1044.856
-722663.507	-1006396.818	-721120.86	-1008565.41	2750.369
-857444.77	-1011887.79	-854983.08	-1011413.61	2531.025
-755657.198	-1013741.211	-754867.81	-1012840.6	1203.87
-658351.659	-1088861.398	-657814.005	-1088461.195	753.626
-647475.185	-1033811.312	-647120.25	-1032718.03	1377.591
-889453.857	-1014761.091	-890271.421	-1011767.347	3107.409
-799468.95	-1001575.88	-799384.86	-1001553.15	94.396
-740947.378	-1048931.179	-740880.85	-1048875.87	90.233
-759479.25	-1029428.5	-759592.03	-1029256.06	221.957
-803797.57	-976894.27	-806348.696	-973616.541	8731.661
-697451.56	-1052233.88	-698320.9	-1050777.39	2062.156
-725880.561	-1051661.289	-726094.73	-1051630.11	216.835
-751198.453	-988540.539	-751217.73	-988675.46	137.865
-673065.66	-1012180.91	-673065.06	-1012192.51	12.764
-648257.58	-1038522.22	-646932.84	-1040943.51	2787.535
-645231.86	-1043705.2	-646910.36	-1044622.04	2040.554
-710963.47	-1025595.143	-710947.454	-1025580.954	25.072
-648607.985	-1058257.75	-648638.888	-1058260.078	33.107
-774198.39	-1077281.62	-776058.3	-1081472.38	4773.073
-725957.19	-1071372.88	-723704.206	-1068892.094	3799.441
-781140.14	-990701.09	-779963.1	-991110.24	1275.85
-820718.29	-1063652.81	-820796.02	-1063693.532	126.335
-804693.493	-987935.87	-802162.267	-989165.468	3371.692
-709619.48	-1003555.71	-709558.1	-1002063.35	1914.347
-698822.003	-1079576.361	-699925.36	-1080109.3	1346.533
-747339.63	-1036309.707	-746280.4	-1034524.79	2754.745
-887878.164	-1019149.612	-887705.176	-1018981.939	241.161
-771235.7	-1064736.98	-772204.52	-1063079.85	2243.582
-771416.56	-1042704.81	-770463.62	-1042976.09	1005.654
-847713.155	-1066306.545	-847800.16	-1065492.66	856.557
-693271.926	-1078184.103	-692763.123	-1078645.94	1016.336
-684827.173	-1062061.435	-685046.02	-1064092.0	2430.926
-797753.763	-986251.175	-797631.422	-986169.56	147.14
-688866.45	-1008086.58	-688769.71	-1008043.16	106.039
-770078.492	-995111.435	-770497.113	-994660.992	648.157
-754937.18	-975076.31	-753815.92	-975963.16	1577.653
-689416.53	-1041345.84	-689276.02	-1041251.79	175.972
-835900.88	-1032638.99	-835871.16	-1032618.1	36.769
-686191.04	-1091584.179	-685851.711	-1089622.672	5702.278
-695686.799	-1034349.98	-695908.221	-1034530.867	294.385
-688715.174	-998245.553	-687631.02	-997626.25	1262.507
-791844.85	-976260.45	-791785.451	-976203.762	82.292
-807147.564	-993035.497	-809493.61	-993562.76	2536.022
-753858.425	-1046002.964	-753724.11	-1045846.48	208.187
-739172.11	-1048818.336	-739271.562	-1048878.5	246.292
-692763.123	-1078645.94	-689663.127	-1077650.329	3616.111
-726227.69	-981373.9	-726336.23	-981775.91	419.55
-768014.7	-995202.91	-766350.084	-995474.104	1711.177
-716119.768	-1048477.837	-715974.36	-1048190.05	326.957
-648919.929	-1048245.544	-648522.29	-1048170.92	409.561
-649071.447	-1067541.708	-649397.09	-1068087.73	834.543
-828665.07	-1071994.602	-828839.53	-1072102.6	221.026
-670142.063	-1047849.688	-669943.33	-1047802.91	218.138
-651198.62	-1043181.88	-652839.646	-1042012.519	2120.416
-763612.14	-977687.04	-763420.63	-977212.93	545.983
-707094.49	-1015993.99	-706560.61	-1015673.42	655.394
-773947.18	-1077064.38	-773974.94	-1077094.81	41.24
-816263.175	-1064382.149	-819253.223	-1065170.414	3414.101
-728573.213	-1056053.118	-728602.923	-1056061.229	41.532
-781276.156	-1065205.766	-781754.44	-1063223.71	2204.779
-674162.497	-1089510.348	-673073.732	-1090434.747	2816.976
-783351.96	-1064711.49	-781754.44	-1063223.71	2485.395
-760171.191	-983620.658	-760108.1	-976669.03	8597.624
-685921.25	-993492.0	-686350.07	-993429.47	437.8
-788645.545	-989800.028	-788251.41	-989855.27	398.982
-757147.235	-1059510.985	-758715.209	-1060308.79	1888.802
-867868.668	-1006968.329	-867902.159	-1006942.079	55.723
-754717.26	-1002056.5	-754757.688	-1002042.938	43.796
-668977.106	-1067594.311	-668752.667	-1067421.221	284.415
-767013.48	-1037675.4	-766842.83	-1037701.77	172.682
-683717.457	-992989.128	-683724.11	-993007.49	21.105
-757548.021	-1039738.009	-757559.425	-1039723.96	19.537
-776297.19	-977282.515	-776172.608	-977550.484	309.835
-665026.707	-1061746.48	-665548.329	-1061307.756	973.383
-792028.132	-986651.745	-792028.321	-986617.401	34.785
-747166.779	-980982.656	-747934.61	-980092.39	1236.16
-714655.015	-1056038.843	-714569.04	-1056043.87	86.13
-696253.724	-1034613.635	-696578.34	-1035525.04	969.711
-878239.65	-1027464.47	-878517.858	-1029977.437	3041.63
-753002.54	-1060673.47	-751611.11	-1061840.96	2015.857
-740517.97	-1040263.89	-740620.803	-1040195.542	197.997
-665198.39	-1036833.92	-664820.182	-1035921.943	988.687
-807739.25	-990341.35	-807784.6	-990413.55	85.648
-669326.41	-1035475.04	-669456.93	-1033427.32	2265.128
-728770.004	-1058806.072	-727830.699	-1058743.388	965.24
-817626.397	-1008079.578	-819612.782	-1008068.581	2021.031
-726010.753	-980867.59	-726168.492	-980888.314	191.88
-816857.025	-1037346.024	-816360.47	-1040386.63	3979.351
-717389.507	-1074398.742	-712833.882	-1078862.126	6587.233
-777903.87	-1064534.52	-777561.69	-1064473.0	387.622
-752854.23	-988519.06	-751415.81	-988789.17	1590.042
-751658.12	-1038043.98	-752759.25	-1037250.66	1478.207
-680301.305	-1006924.26	-684041.72	-1005087.56	4652.883
-726227.69	-981373.9	-726241.65	-980397.73	992.63
-804188.94	-1040938.13	-803996.26	-1040348.68	720.045
-789783.118	-1027080.451	-789661.866	-1027019.796	148.518
-762561.091	-992047.749	-762564.02	-992066.04	20.663
-758737.32	-1005167.35	-758598.97	-1005216.97	147.885
-639883.684	-1068063.349	-640533.9	-1067549.89	1058.844
-784270.171	-1026762.041	-784290.356	-1026763.126	21.651
-734246.2	-1078918.72	-736609.04	-1078600.46	2465.894
-751575.41	-1034443.519	-751346.75	-1034441.65	240.943
-768249.083	-1007290.14	-768246.13	-1007091.41	201.102
-839061.481	-993065.451	-836254.049	-989704.778	4647.308
-752145.81	-1038511.65	-751920.53	-1038841.4	399.471
-806746.5	-996395.04	-806814.73	-996266.87	160.729
-847221.274	-1051212.9	-847130.532	-1051437.448	253.343
-762395.665	-993304.982	-762406.196	-993291.541	19.236
-810032.78	-985827.55	-810681.831	-985609.893	697.191
-841388.927	-1061952.353	-842065.68	-1062036.111	688.257
-675351.76	-1084599.4	-676923.61	-1083106.525	2195.79
-854631.34	-1058176.35	-856558.174	-1056633.315	2655.092
-720323.832	-1071070.678	-720245.62	-1070992.61	122.301
-739376.2	-1047664.69	-739501.61	-1047742.46	147.815
-727688.935	-1050148.581	-726880.78	-1049460.86	1094.327
-653653.858	-1031493.301	-653423.62	-1030555.827	966.483
-704193.873	-1008993.01	-704179.784	-1009008.677	23.829
-697475.25	-1022769.4	-697320.24	-1023642.9	934.809
-863264.03	-1049360.0	-864705.822	-1049523.913	1523.826
-756261.917	-1021338.145	-755689.59	-1023919.41	2686.402
-737206.749	-1023015.723	-735617.1	-1020584.03	2959.389
-652521.772	-1066017.858	-652507.712	-1066027.362	18.825
-694429.348	-1089271.621	-694564.952	-1089620.098	538.058
-876427.652	-1014297.283	-876719.98	-1013377.32	980.29
-733060.69	-1035355.42	-732027.544	-1034837.103	1198.741
-746954.522	-1004054.132	-746977.513	-1004054.933	28.196
-667520.15	-1022804.81	-665902.039	-1022897.606	1850.9
-645150.432	-1074275.491	-645162.571	-1074255.841	25.592
-760898.023	-1060233.296	-762680.47	-1060588.85	1905.044
-688503.019	-1011193.9	-691878.43	-1009643.53	4060.661
-731373.413	-1012206.889	-729872.994	-1011869.243	1583.317
-683211.26	-994632.66	-683198.19	-994624.7	21.643
-689380.018	-1029127.238	-689352.65	-1029592.58	466.698
-720526.708	-1056117.042	-720485.953	-1057079.4	967.27
-780297.889	-1009729.113	-779194.03	-1007236.81	3269.512
-842542.325	-992122.825	-842537.83	-992099.058	26.175
-749676.91	-981210.14	-750249.562	-981741.692	886.475
-759651.598	-976154.419	-760110.712	-976177.525	461.279
-689787.748	-1046554.727	-692271.419	-1046317.644	2499.111
-724943.03	-1065253.85	-725151.135	-1065325.721	232.516
-647873.143	-1067710.293	-647880.34	-1067696.773	16.47
-727431.61	-994557.49	-727729.53	-994278.84	420.481
-683656.306	-1066705.409	-683537.01	-1066911.67	238.912
-873364.742	-1015038.539	-872762.304	-1016603.019	1774.699
-641021.02	-1067058.85	-641261.701	-1065502.962	1598.173
-697590.28	-995685.43	-698168.294	-995083.306	846.273
-720890.49	-1078565.08	-722757.1	-1078973.23	2132.047
-776164.42	-977575.59	-775923.936	-977266.63	399.562
-760844.771	-1070553.569	-760870.94	-1070667.92	119.917
-645182.381	-1074268.023	-645150.432	-1074275.491	51.541
-772671.65	-1017061.6	-772145.95	-1016289.6	956.845
-743760.77	-1021515.3	-743779.81	-1021375.72	145.566
-744268.68	-1027560.53	-743164.59	-1026492.03	1692.691
-729948.9	-1077657.6	-729466.74	-1078252.51	775.913
-673109.289	-1077823.336	-674637.39	-1078055.65	1623.116
-820681.82	-1077421.557	-820826.716	-1077466.061	1893.609
-678335.849	-1048911.227	-680697.38	-1050051.66	3128.193
-683963.034	-995271.046	-683977.01	-995256.53	22.941
-810418.986	-1013689.3	-809721.09	-1010756.479	4104.438
-777043.735	-988866.738	-777556.591	-991207.669	2688.113
-826550.943	-1061782.575	-824671.62	-1061033.041	2164.84
-748398.11	-1043188.53	-749777.772	-1043408.442	1407.081
-811223.903	-1036708.357	-811581.538	-1037657.666	1015.023
-734123.51	-1053289.092	-734824.7	-1052989.06	762.858
-824860.766	-1067179.646	-825005.885	-1067224.436	158.007
-737072.78	-1070373.015	-737060.725	-1070363.495	16.997
-797207.638	-1068902.189	-790420.8	-1064175.72	8697.919
-832903.841	-1031528.395	-832980.335	-1031827.115	309.966
-654532.0	-1044940.38	-652800.92	-1044778.31	1738.665
-651444.72	-1037641.76	-651463.758	-1038354.516	715.384
-680229.76	-988998.78	-680199.317	-988901.225	3085.498
-797220.522	-1023550.419	-798712.282	-1022813.845	1964.507
-826780.701	-1046935.199	-827280.978	-1047253.275	595.882
-755814.649	-1034625.46	-755939.14	-1034460.74	206.517
-738672.355	-985890.635	-738659.24	-985876.91	18.984
-864054.601	-1052240.451	-865314.314	-1050375.508	2389.738
-657405.41	-1068717.74	-657427.6	-1068641.36	79.795
-781273.163	-1004046.684	-777829.486	-1003324.989	3691.219
-759295.33	-1068468.69	-760445.88	-1067488.56	1529.067
-651464.06	-1069077.527	-651380.482	-1069460.765	444.339
-789466.776	-1027126.16	-784908.833	-1026959.149	4632.146
-822648.96	-1061866.51	-821898.958	-1062434.179	1056.184
-643945.735	-1040608.472	-643935.977	-1040626.868	23.61
-810388.016	-982868.027	-812850.46	-977718.32	6678.69
-721508.26	-1032421.66	-719510.87	-1030611.7	2704.093
-705497.782	-1055305.569	-706833.082	-1051923.937	4210.548
-801209.974	-1056833.204	-801191.019	-1056920.709	103.618
-757583.917	-1052823.372	-757583.42	-1052769.48	54.566
-824238.73	-1076359.83	-824204.8	-1076334.16	327.061
-748046.626	-992743.35	-748187.82	-992702.66	147.034
-836762.77	-1065574.434	-838504.902	-1065598.13	1763.249
-685993.25	-993477.375	-685904.886	-993511.359	94.692
-740074.415	-1078259.978	-740651.915	-1078101.492	612.893
-791957.075	-1004787.086	-793250.807	-1004363.66	1361.372
-739534.3	-982791.08	-739772.07	-983203.74	506.742
-823245.745	-1071548.892	-822634.434	-1069568.19	2085.197
-766384.884	-1060137.681	-768780.443	-1061241.466	2987.486
-772421.69	-1081831.94	-765963.41	-1076199.13	8786.635
-727729.53	-994278.84	-727611.89	-994246.69	123.869
-831269.153	-1066433.159	-831260.444	-1066449.913	19.749
-821832.261	-1069947.466	-822158.563	-1069502.375	588.119
-813598.366	-1066082.57	-813798.296	-1067557.869	1646.688
-778211.76	-1058921.72	-778265.78	-1058963.422	70.113
-826615.211	-1068384.514	-827414.04	-1067905.869	931.259
-816418.066	-1076253.124	-819271.979	-1075735.204	2959.246
-783901.62	-988451.57	-783570.89	-988845.43	544.69
-699819.01	-1059099.45	-700697.591	-1059932.68	1669.45
-747627.572	-1019790.469	-747540.75	-1019621.563	220.396
-651645.49	-1049416.39	-652523.86	-1048050.08	1796.694
-760898.023	-1060233.296	-762853.52	-1061995.16	2720.166
-708419.227	-991662.736	-708400.425	-991677.132	35.587
-754607.573	-1035644.477	-754661.9	-1035714.99	117.432
-694401.055	-1065921.44	-693268.136	-1066214.459	1218.398
-778723.324	-1030379.705	-778936.284	-1029982.018	479.785
-851461.777	-1014494.652	-853349.944	-1018427.34	5790.261
-643687.778	-1034975.692	-643669.343	-1034932.529	46.935
-788332.392	-1032922.155	-787766.2	-1033212.73	671.997
-782736.302	-987635.37	-783870.85	-988372.22	1496.151
-740272.384	-1048755.058	-740406.404	-1048873.624	192.903
-736699.04	-1038234.44	-736870.83	-1038210.02	229.01
-653540.239	-1071735.365	-653346.678	-1072095.968	411.419
-717476.215	-1074203.095	-717538.757	-1074174.434	68.796
-821508.375	-996043.109	-821533.491	-996041.098	27.088
-818596.165	-1001266.455	-818143.903	-1000977.137	559.571
-708187.83	-1075244.96	-706944.713	-1074501.568	1482.554
-856579.444	-1030950.584	-856064.434	-1028473.607	3615.49
-739994.945	-1048588.533	-739867.417	-1048497.285	163.315
-804790.97	-1042344.4	-803294.68	-1043446.53	2249.349
-735842.58	-1031440.26	-735668.52	-1031215.732	291.147
-747786.218	-1026682.429	-745799.149	-1027516.933	2230.128
-754661.9	-1035714.99	-755147.31	-1035277.21	653.671
-665198.39	-1036833.92	-665458.76	-1039205.67	3242.449
-849059.247	-1002323.581	-849027.94	-1002337.53	39.012
-754631.91	-1063279.292	-754553.75	-1063526.759	261.219
-833254.123	-1074912.867	-832798.094	-1075548.017	810.111
-817696.777	-1044028.456	-819030.08	-1043568.33	1823.34
-667559.74	-1021705.03	-668898.705	-1022840.572	2012.898
-729935.223	-1083577.678	-730063.5	-1083120.83	482.254
-735491.943	-1077107.534	-738499.524	-1076315.869	3598.775
-646151.41	-1071145.95	-646201.83	-1070762.882	400.77
-746262.613	-1053881.415	-746303.829	-1053861.234	45.915
-765617.17	-990627.35	-765609.7	-990470.42	160.413
-771549.54	-982560.38	-771284.976	-982536.094	298.169
-849304.122	-1028940.798	-851565.631	-1031001.201	3306.215
-687384.526	-1016486.276	-684319.74	-1018289.441	4126.976
-810771.91	-991753.27	-810737.74	-991815.48	70.984
-683537.01	-1066911.67	-682819.282	-1070271.519	3851.196
-769152.14	-996777.53	-768014.7	-995202.91	3189.28
-666179.303	-1087368.634	-664519.478	-1089063.209	2879.355
-799448.64	-1054475.6	-800013.98	-1055415.21	1354.335
-675211.97	-1066793.444	-674573.09	-1067736.05	1149.247
-834024.087	-983878.067	-833866.458	-983008.338	1946.736
-774673.57	-1000296.917	-774546.59	-1000258.14	134.301
-757573.93	-1017125.61	-757944.57	-1018902.47	1829.489
-671985.3	-1052255.57	-671676.996	-1053675.005	1548.785
-785903.44	-1018138.51	-785167.69	-1014849.55	3771.0
-641716.414	-1058532.561	-641712.611	-1058542.261	11.245
-721659.61	-1005327.96	-720560.46	-1005519.18	1252.251
-817533.88	-1070541.42	-817446.39	-1070558.94	89.227
-757072.35	-1036920.75	-757134.9	-1036802.08	135.599
-761119.495	-1000997.084	-761091.792	-1000899.314	101.861
-688454.182	-1070263.786	-688230.339	-1070099.683	283.54
-768216.533	-1064805.843	-768588.55	-1063775.18	1096.513
-739381.44	-1034615.21	-739353.38	-1033785.91	830.978
-726488.977	-1026838.942	-725335.37	-1028213.23	1827.682
-801385.012	-1015485.742	-801707.081	-1017934.201	2881.338
-778900.318	-1029531.5	-778689.66	-1029545.02	221.574
-876337.987	-998291.201	-878042.415	-1004389.221	7650.639
-852299.85	-1041099.68	-853489.03	-1040574.85	1324.661
-805024.92	-990252.48	-805021.72	-990150.88	101.657
-710952.04	-1025721.06	-711124.62	-1025831.21	204.771
-791926.92	-991043.66	-791943.37	-991093.07	72.055
-774162.8	-1021173.806	-770958.45	-1020244.89	3717.741
-864037.296	-1042424.275	-864299.585	-1043361.079	1706.379
-714641.39	-1027861.81	-713269.49	-1028283.25	1452.376
-652594.109	-1064384.139	-652582.161	-1064374.38	16.734
-890038.394	-1016476.536	-889507.769	-1016414.484	2782.199
-687479.09	-993081.86	-687422.664	-993904.781	881.94
-890271.421	-1011767.347	-890238.16	-1011002.09	822.906
-710963.47	-1025595.143	-710944.524	-1025605.087	25.071
-690397.806	-1020396.222	-689876.75	-1020687.77	599.741
-810719.239	-1064866.097	-810633.478	-1066041.128	1294.463
-678318.291	-1002398.486	-678306.819	-1002377.18	27.166
-821635.354	-990593.979	-820673.12	-989381.2	2242.633
-768181.129	-1028084.705	-767805.41	-1026068.54	2464.957
-641808.58	-1076501.209	-641686.481	-1076916.245	442.776
-792232.22	-1046092.91	-792298.458	-1045843.765	260.741
-757394.943	-976131.008	-756270.569	-975799.295	1227.095
-688864.228	-1079452.576	-690164.81	-1079502.753	1305.594
-797410.36	-1052229.11	-793287.43	-1051912.18	4827.966
-755185.5	-1028876.24	-757922.63	-1027951.45	2904.811
-733323.88	-1057749.755	-732406.261	-1057487.646	1061.391
-698814.062	-1012645.207	-697498.543	-1012712.62	1333.268
-769146.62	-1004870.94	-764877.662	-1004163.078	4501.767
-683574.671	-1062240.606	-682690.358	-1063043.568	1196.793
-641361.511	-1092462.084	-640071.145	-1093682.786	1989.079
-829335.9	-1067212.49	-831365.121	-1070584.323	4372.61
-824118.398	-1073716.33	-824128.174	-1073878.554	162.519
-746382.521	-1054216.087	-746346.505	-1054248.18	50.853
-840471.692	-1045622.968	-839929.261	-1048122.673	2695.201
-667163.557	-1083642.392	-663966.307	-1086317.794	4191.993
-731354.323	-1054921.893	-730212.23	-1055927.94	1584.32
-643295.63	-1079918.169	-641563.12	-1081473.4	2455.145
-845082.797	-994053.104	-843367.441	-992167.464	2713.068
-797014.828	-1029002.774	-797109.25	-1029037.248	100.527
-648218.351	-1064155.734	-648319.994	-1064139.615	142.87
-758239.87	-1016193.82	-757209.257	-1016685.09	1189.448
-666372.05	-1013756.79	-665985.665	-1014190.974	594.31
-664237.125	-1047754.375	-664261.049	-1047852.715	119.087
-725564.36	-1087039.45	-725513.61	-1087363.32	484.457
-805494.47	-978668.481	-803803.869	-976929.666	3397.089
-827952.099	-1041307.414	-828396.58	-1041206.93	484.258
-783209.77	-996298.28	-784018.32	-995398.78	1257.673
-691828.6	-1064899.158	-690803.052	-1065148.176	1084.606
-640017.94	-1042964.66	-640083.291	-1042985.593	69.956
-690414.26	-1069784.24	-691963.5	-1070968.111	2519.701
-704497.25	-1019010.64	-704080.94	-1018633.22	569.013
-740190.65	-1048779.76	-740272.384	-1048755.058	101.71
-705461.23	-1010278.36	-705932.86	-1013325.98	4425.569
-755595.06	-1042268.62	-756211.766	-1042483.919	675.664
-819199.368	-993790.579	-821635.354	-990593.979	6717.7
-765579.51	-1074243.31	-765511.99	-1074354.51	138.995
-802399.077	-1055590.677	-802308.357	-1054114.598	1490.273
-751804.13	-1004450.95	-750401.242	-1005557.255	1885.936
-820566.613	-1067436.695	-821804.609	-1066679.277	1479.422
-807952.239	-1072477.849	-807965.166	-1072493.025	22.711
-725021.263	-1065471.044	-724859.589	-1065156.77	357.775
-829335.9	-1067212.49	-831249.446	-1066452.545	2066.583
-781654.106	-998471.269	-782476.56	-998778.02	882.159
-776024.673	-1034689.134	-776149.73	-1034943.3	292.954
-850050.84	-1043723.36	-849181.34	-1044137.53	1011.728
-883700.873	-1019663.734	-882376.558	-1020884.772	1946.44
-748255.783	-1030596.93	-748217.911	-1030589.276	38.993
-710303.846	-1051630.394	-709951.15	-1050590.55	1098.143
-784665.876	-1007701.217	-784669.925	-1007684.127	18.317
-848435.252	-1010297.065	-848523.626	-1010330.793	102.101
-802871.193	-986653.772	-802714.763	-985660.004	1599.769
-808747.18	-1000847.45	-809147.1	-1002775.783	1991.61
-753657.17	-1045323.18	-753616.119	-1045385.081	85.552
-671334.839	-1013380.04	-671788.98	-1013525.17	660.317
-786838.58	-1010464.74	-786859.78	-1010704.2	317.986
-840168.712	-1056740.328	-840184.431	-1056729.852	21.684
-693555.67	-1004756.118	-693299.572	-1004550.262	331.069
-685814.433	-987154.905	-686113.07	-989171.44	2487.69
-740074.415	-1078259.978	-739918.12	-1078945.14	740.71
-676250.16	-1042634.43	-675978.208	-1041097.886	1674.125
-743670.905	-1024947.276	-743547.913	-1024927.2	208.53
-694877.07	-1064101.78	-693322.025	-1064570.064	1652.92
-700407.19	-1022786.15	-700408.53	-1022894.48	109.177
-646784.63	-1016584.72	-647615.4	-1015915.48	1092.207
-729305.28	-1069793.18	-728360.75	-1071940.41	2727.16
-881697.608	-1022289.692	-881678.038	-1022283.404	22.676
-832266.026	-999844.423	-831240.458	-999151.728	1490.339
-727177.87	-1031218.1	-726557.64	-1030504.07	949.17
-693497.58	-1083700.93	-695974.948	-1082369.357	4833.691
-825471.49	-1016156.886	-825515.288	-1016140.978	46.771
-747394.36	-1062818.558	-747718.385	-1062503.67	456.514
-819966.14	-1074245.14	-819971.552	-1074390.409	149.011
-762941.79	-992367.91	-763545.25	-992093.52	1001.819
-688797.379	-1076150.545	-688002.282	-1075181.562	1262.221
-674315.48	-997936.62	-672915.76	-998637.81	1643.535
-686529.58	-1059643.5	-684480.035	-1061627.586	2900.637
-762111.172	-1026167.991	-761924.936	-1026064.781	237.505
-806575.888	-983341.554	-806862.02	-982792.324	685.21
-690768.7	-1059262.202	-691751.348	-1059652.052	1239.404
-726045.008	-980908.376	-726227.69	-981373.9	521.408
-719475.96	-1030489.794	-719642.0	-1030529.89	172.331
-847178.331	-1068827.432	-848314.87	-1067025.917	2266.582
-685014.38	-1032689.79	-685019.57	-1032596.64	94.571
-739522.69	-1081106.92	-738250.259	-1080728.609	1452.067
-672036.466	-1050055.869	-671986.186	-1050016.153	64.074
-737630.74	-984117.39	-736690.38	-983714.019	1031.629
-669313.43	-1014057.66	-669296.23	-1014157.35	132.087
-747371.97	-1023961.73	-747362.12	-1023959.97	10.006
-644066.097	-1023903.328	-643049.81	-1024267.01	1357.982
-647349.661	-1081907.056	-647441.596	-1082008.575	138.257
-688414.053	-1061323.311	-688417.72	-1061391.853	68.658
-687404.89	-1055806.78	-686608.81	-1054660.12	1399.216
-834359.548	-1024053.119	-836164.17	-1022988.813	2145.683
-853619.73	-1041936.38	-853122.407	-1044067.769	2391.012
-703394.236	-1088879.85	-703550.361	-1088756.538	209.443
-745486.072	-1084388.131	-746412.986	-1085269.207	2708.281
-680447.44	-1045990.77	-680325.31	-1045859.18	181.963
-758629.38	-1022029.92	-756447.96	-1021323.23	2314.487
-773582.53	-1064914.68	-772204.52	-1063079.85	3026.969
-713775.639	-1051218.491	-713785.282	-1051216.456	11.069
-773801.94	-1073410.82	-773306.16	-1076127.14	2901.686
-790712.739	-1005042.198	-790785.313	-1005010.651	84.112
-659857.84	-1075610.74	-660641.29	-1076203.42	986.288
-821882.09	-997704.088	-821930.923	-997708.197	49.006
-722106.46	-1087702.35	-722223.096	-1087805.798	1548.392
-740515.12	-1057578.56	-740529.23	-1057581.17	15.894
-676899.047	-1057192.153	-676583.8	-1056954.83	401.139
-729704.351	-1034249.238	-727749.77	-1033945.99	2031.627
-851153.587	-1009157.697	-849434.18	-1008755.3	2032.007
-812059.04	-1017095.62	-812045.072	-1017091.715	16.187
-719291.016	-1050167.408	-719048.93	-1050490.37	411.916
-710545.48	-1069947.576	-710154.438	-1069709.127	463.569
-645095.13	-1025657.86	-644812.45	-1025224.76	547.391
-769874.09	-1015908.58	-768444.371	-1016274.293	1639.075
-808621.52	-991377.83	-808335.0	-991040.78	457.563
-752150.8	-1042812.48	-752326.98	-1042897.041	202.002
-647923.93	-1094532.48	-647066.388	-1095686.854	1752.814
-749717.98	-974722.78	-749022.214	-972993.748	2118.388
-645414.186	-1049574.493	-645145.99	-1049725.66	308.562
-718478.89	-1046912.61	-718912.187	-1047953.389	1163.68
-765350.228	-974439.336	-765332.98	-974699.53	263.017
-688899.04	-1008101.45	-688866.45	-1008086.58	35.822
-775337.088	-1066406.687	-773571.182	-1068163.625	2718.776
-740446.603	-1063779.451	-740602.21	-1064877.74	1287.202
-730882.08	-1042065.154	-731430.45	-1042100.23	549.495
-721284.824	-1039170.312	-720440.86	-1041212.08	2338.049
-677372.075	-1077135.169	-677952.795	-1077247.229	604.343
-783244.85	-1011887.99	-782067.999	-1010291.553	2089.552
-792554.569	-979614.516	-792375.04	-979389.02	304.081
-790012.06	-1060982.27	-789754.63	-1061227.5	356.552
-847800.16	-1065492.66	-849144.74	-1065966.23	1577.927
-652055.19	-1026467.11	-650411.51	-1026049.54	1775.605
-724973.922	-1064515.522	-728304.716	-1060992.768	5026.153
-779540.85	-972090.25	-779572.42	-972133.54	54.521
-669086.92	-1017098.64	-669312.259	-1016992.142	250.837
-718256.376	-1004401.106	-718653.77	-1004325.26	438.265
-680357.0	-1083620.75	-680353.748	-1082497.976	1166.845
-739365.02	-1054324.082	-738953.985	-1055720.43	1455.8
-763429.67	-977100.61	-763413.28	-977112.81	21.878
-742070.951	-1057036.488	-742517.724	-1056857.1	510.097
-738239.28	-1046740.78	-738085.855	-1046751.762	157.831
-748398.11	-1043188.53	-745720.029	-1042594.344	2776.602
-652384.421	-1032220.303	-649928.66	-1031448.47	2922.155
-641514.71	-1041514.6	-641431.4	-1041477.92	91.536
-747409.95	-1034670.67	-747854.476	-1033972.682	1280.607
-739161.336	-1047787.293	-739209.899	-1047653.54	144.638
-684217.86	-1042855.28	-682609.21	-1044783.43	2672.103
-834866.785	-1038392.737	-833713.936	-1039020.694	1446.071
-835207.3	-1018503.79	-839036.637	-1018937.763	4175.836
-692452.786	-1046276.343	-696275.836	-1045441.325	3925.172
-707915.843	-1046963.972	-707043.145	-1047369.448	978.55
-869488.51	-1017847.787	-869448.36	-1018125.62	282.071
-883936.157	-1021566.292	-884024.5	-1021641.205	179.612
-639956.58	-1043068.73	-640185.87	-1043001.059	245.558
-758309.37	-1034186.71	-758836.53	-1033845.27	628.078
-715499.81	-1046015.41	-715974.36	-1048190.05	2359.479
-701513.43	-1053251.23	-700396.442	-1053492.855	1143.91
-750114.58	-1032506.51	-750386.47	-1031592.81	953.307
-772512.536	-996030.911	-771432.875	-995747.64	1116.233
-753803.99	-1024166.82	-754962.86	-1023735.53	1348.083
-648850.296	-1057904.804	-649055.45	-1058279.95	427.581
-689446.59	-994859.59	-690266.139	-995239.285	909.475
-740880.67	-1001694.33	-740813.729	-1001758.382	106.677
-641712.611	-1058542.261	-641702.953	-1058528.436	25.257
-778018.52	-980258.925	-778176.07	-980434.35	235.794
-691002.18	-995246.83	-691047.04	-995263.18	47.778
-668266.098	-1045163.806	-667109.46	-1045866.59	1468.258
-689683.664	-1046665.256	-689587.82	-1046577.01	164.28
-748187.82	-992702.66	-749120.289	-990973.438	2024.246
-691007.84	-1035833.65	-689398.461	-1033181.24	3317.677
-740446.603	-1063779.451	-740467.752	-1063760.859	43.891
-755872.151	-995485.295	-756190.559	-993844.372	1755.158
-644825.501	-1073404.509	-644812.162	-1073412.044	17.431
-651162.811	-1092883.23	-652104.411	-1093179.3	1233.009
-791567.2	-1023807.89	-793468.02	-1021853.9	3027.482
-765867.335	-1076221.509	-765814.94	-1076101.44	136.174
-645150.432	-1074275.491	-645050.708	-1074298.705	102.393
-740354.81	-1066732.65	-740344.53	-1066968.13	264.456
-640378.25	-1031819.25	-642344.92	-1030653.09	2621.842
-727983.52	-1072141.29	-728001.33	-1072269.86	129.862
-741046.815	-1048810.985	-741196.784	-1048787.996	151.95
-661988.42	-1039509.63	-661403.04	-1040077.11	901.759
-770981.026	-975646.851	-770368.74	-975848.84	649.78
-867018.375	-1013995.532	-867147.162	-1013544.136	484.933
-815971.38	-1064373.54	-815590.857	-1064630.056	460.487
-665392.81	-1046161.73	-665473.336	-1046184.516	83.923
-681215.726	-990968.822	-680409.556	-989585.247	1874.878
-824204.364	-1073767.68	-824215.654	-1073699.333	70.814
-771941.93	-1037507.11	-770954.56	-1034522.777	3359.581
-840193.184	-1031849.07	-840195.47	-1031903.58	55.046
-671373.9	-1036765.69	-670645.41	-1038343.34	2253.588
-640324.19	-1071316.33	-639891.218	-1071115.129	695.781
-785062.0	-1058418.22	-783516.82	-1058617.82	1696.403
-730629.17	-1041975.49	-730555.63	-1041606.57	376.384
-817243.65	-1024194.83	-817424.87	-1024213.2	182.941
-771087.984	-1050192.956	-770241.279	-1050249.373	904.314
-756011.86	-980087.45	-755611.131	-980195.085	451.033
-731953.91	-1056749.85	-732349.208	-1056858.918	410.838
-813680.81	-1027925.43	-813480.23	-1029791.613	1972.53
-866590.83	-1040958.4	-866604.105	-1040990.974	42.506
-762856.494	-1050845.201	-763105.738	-1050918.699	260.365
-732619.431	-1016119.27	-730970.659	-1017482.306	2227.231
-796789.29	-1057104.37	-798227.54	-1058686.04	2435.933
-808569.944	-991227.261	-808515.85	-991162.91	214.623
-779991.27	-1060768.32	-781511.97	-1060800.29	1577.116
-705269.645	-1054728.144	-704060.581	-1055618.998	1569.473
-645481.3	-1052903.41	-645494.06	-1052835.43	76.251
-653715.262	-1078892.329	-652839.2	-1078377.746	1045.183
-682176.13	-1042240.81	-680011.47	-1041710.69	2236.371
-742437.62	-1057025.58	-742447.92	-1057030.3	11.774
-770186.892	-1039543.124	-770306.11	-1039368.94	232.894
-718061.147	-1070291.681	-715468.534	-1070056.504	3756.372
-786856.04	-1001095.15	-786012.37	-999649.04	2015.824
-674890.948	-1013709.212	-673875.25	-1014053.5	1096.125
-759400.55	-1009589.78	-757914.398	-1010094.6	1621.187
-691533.43	-993770.01	-691422.51	-993829.52	127.826
-694308.4	-991617.43	-694056.868	-991633.331	252.477
-887835.846	-1019891.347	-887868.082	-1019945.383	223.323
-737866.679	-1005571.421	-738037.11	-1005368.743	267.412
-773026.593	-1055087.224	-773612.564	-1055454.584	691.625
-731062.81	-1041276.39	-730548.07	-1041502.46	702.632
-854902.93	-1038237.73	-854753.94	-1038523.71	339.253
-693911.362	-1072521.499	-694089.33	-1072562.65	187.393
-698057.21	-1068369.48	-697479.08	-1067461.79	1076.853
-789491.698	-1064086.379	-789687.46	-1064102.65	196.439
-668550.57	-1078945.44	-667418.895	-1078112.421	1572.917
-784308.318	-1006952.804	-783086.29	-1007065.1	1278.819
-640898.56	-1041492.96	-640309.724	-1041728.531	637.557
-646256.609	-1063843.229	-646321.017	-1065809.304	2012.621
-646932.84	-1040943.51	-646889.99	-1040994.64	66.711
-881522.812	-1014064.165	-881536.443	-1014161.893	99.632
-759767.89	-1042817.03	-761033.05	-1042194.675	1426.755
-678701.39	-989733.15	-677697.483	-990880.701	2566.52
-773044.12	-1058324.22	-773126.11	-1059054.9	770.131
-649508.86	-1018964.207	-649092.16	-1019581.26	859.442
-800393.896	-1046174.13	-801280.396	-1045311.331	1862.806
-688722.566	-1058549.16	-688732.223	-1058533.682	19.758
-717937.101	-978584.615	-720342.2	-975390.91	4204.677
-765065.607	-974746.125	-765090.921	-974748.817	26.918
-732459.994	-1052408.904	-733583.706	-1053257.457	1462.355
-707604.21	-1003401.36	-707517.7	-1004096.04	705.159
-700439.49	-1021063.54	-698678.517	-1022574.473	2431.503
-760199.36	-1045401.17	-760190.23	-1045290.85	110.826
-800495.161	-978110.673	-802084.92	-976761.77	2175.937
-834020.95	-990593.56	-833817.48	-990512.85	220.516
-655809.629	-1042983.528	-655208.774	-1044304.982	2080.873
-665473.336	-1046184.516	-665395.172	-1046191.379	78.651
-737128.122	-1057813.029	-734334.88	-1057371.39	2924.864
-649508.54	-1081915.849	-651549.386	-1081039.563	2687.284
-851565.631	-1031001.201	-854860.172	-1026873.445	6834.389
-701519.75	-1012381.313	-701519.57	-1012451.9	90.766
-674909.751	-1073907.919	-675167.148	-1074093.622	331.196
-699093.76	-1035168.08	-698496.31	-1035648.844	766.877
-726330.742	-988719.655	-728916.517	-986860.571	3680.02
-851078.489	-1018209.76	-849819.671	-1016364.861	2634.078
-767603.85	-1046005.37	-767615.32	-1045923.917	93.189
-800087.013	-1021806.933	-799641.456	-1019865.034	2087.422
-695512.23	-990571.86	-693587.23	-991321.44	2369.839
-703745.04	-1004196.03	-701332.32	-1004961.69	3121.537
-744268.68	-1027560.53	-744897.887	-1026833.986	1059.441
-729305.28	-1069793.18	-727668.723	-1068945.166	2192.717
-691755.48	-989824.26	-690363.5	-989936.5	1495.714
-859614.98	-1012914.35	-864248.86	-1014682.19	5063.162
-716181.54	-1053143.76	-717024.659	-1053704.13	1015.676
-808721.81	-991258.59	-809326.78	-991755.48	782.987
-701160.682	-1050315.687	-700513.57	-1049666.632	922.639
-806168.665	-1048980.607	-806860.08	-1048701.62	797.617
-866462.663	-1041892.823	-864815.75	-1042914.0	2150.808
-774619.24	-1081896.47	-772489.2	-1081807.14	2132.754
-761137.06	-1053405.7	-760968.3	-1053414.23	171.39
-765950.851	-985926.107	-766173.214	-985751.872	344.003
-840326.19	-1008863.21	-838390.651	-1009034.884	2177.705
-694827.08	-1052421.2	-694455.13	-1052575.23	404.334
-783028.45	-1041392.85	-783166.92	-1041604.48	270.91
-764366.745	-1004081.947	-762732.99	-1003869.0	1767.301
-866869.598	-1018950.646	-867684.29	-1017483.61	1887.056
-756731.393	-987706.568	-756124.753	-984755.3	3716.701
-771612.37	-1023803.49	-770273.005	-1024610.855	1615.623
-694245.25	-1043998.03	-694141.41	-1044339.51	357.017
-777829.486	-1003324.989	-777659.539	-1002051.994	1647.615
-828432.897	-1025096.197	-828650.137	-1025051.101	221.874
-698150.83	-1081315.17	-698771.08	-1081531.451	671.45
-648566.084	-1065178.916	-648119.937	-1065264.0	454.203
-652463.268	-1080231.127	-653588.193	-1079864.762	1342.824
-824650.02	-990103.79	-820673.12	-989381.2	4097.616
-642538.07	-1037184.04	-642027.43	-1036100.23	1198.082
-663313.095	-1007489.1	-664179.01	-1008798.93	2254.583
-805954.77	-1050242.381	-803940.6	-1052533.188	3751.599
-687394.269	-1004382.516	-687480.32	-1004428.3	97.475
-653220.938	-1089309.626	-654180.21	-1089468.97	1052.459
-700671.615	-1011555.74	-700213.91	-1012677.63	1366.733
-742088.056	-1027627.493	-741289.93	-1026954.677	1179.766
-733530.165	-1061873.5	-734422.781	-1059485.825	2695.278
-826171.662	-1052692.013	-825810.194	-1048982.067	3861.669
-672286.57	-1013430.14	-672280.13	-1014291.26	867.835
-859143.877	-1042936.492	-857538.356	-1040343.281	3206.815
-814420.08	-988131.19	-814839.921	-988809.402	1108.851
-700407.19	-1022786.15	-700439.49	-1021063.54	1840.99
-766999.39	-1030292.96	-765746.49	-1029031.38	1982.113
-731587.42	-976384.81	-733481.924	-975306.942	2246.035
-864091.237	-1044544.766	-864972.286	-1044654.765	1200.769
-681393.7	-1012890.33	-681443.886	-1016580.791	4412.663
-658280.32	-1017825.24	-658260.77	-1017886.87	64.666
-644363.219	-1074429.349	-644353.789	-1074449.201	22.598
-722757.1	-1078973.23	-724949.56	-1079714.09	3491.638
-663264.53	-1025565.94	-662979.82	-1024072.22	1586.783
-750239.63	-989819.6	-748764.256	-989288.169	1705.743
-647365.34	-1018527.4	-646650.06	-1019270.7	1040.844
-867147.162	-1013544.136	-867547.61	-1013539.782	668.214
-649004.93	-1028340.18	-648783.95	-1028159.26	285.792
-765350.228	-974439.336	-765196.794	-974682.32	287.825
-664760.619	-1005645.69	-664871.25	-1006255.21	651.623
-641666.023	-1068164.226	-641599.391	-1068082.144	105.728
-760694.235	-976579.692	-760798.366	-976523.528	121.977
-682349.499	-1071601.107	-681718.699	-1074114.982	3897.565
-676105.99	-1015473.53	-676351.61	-1015305.71	313.976
-729042.743	-1056568.722	-729539.891	-1057128.264	796.319
-680031.91	-999395.38	-681588.08	-1000094.86	2097.868
-725713.35	-1066651.34	-727132.41	-1066612.92	1444.709
-746310.913	-1054405.049	-746269.1	-1055406.65	1010.153
-772312.553	-1081854.452	-772898.05	-1082491.94	1799.136
-663846.34	-1076975.045	-662271.655	-1077069.689	2240.388
-859274.95	-1010955.36	-861061.81	-1008985.666	3326.568
-687763.22	-1003297.52	-687748.17	-1003345.14	50.006
-754115.375	-1075575.309	-752443.436	-1076156.027	1849.976
-847821.052	-1049826.281	-848484.179	-1047673.023	2430.169
-881270.899	-1001368.533	-880386.519	-998153.313	3679.351
-658306.13	-1063995.3	-658843.14	-1062367.399	1846.771
-816506.95	-1014116.78	-816811.814	-1014494.023	524.57
-762732.21	-1038615.428	-766632.26	-1037720.18	4013.77
-844989.76	-994076.91	-845082.797	-994053.104	96.047
-754159.21	-1045757.76	-754247.98	-1045748.46	89.256
-697181.498	-1087404.295	-696961.711	-1087392.507	225.018
-831589.265	-996343.731	-830707.165	-996960.852	1211.72
-859296.61	-1031466.39	-858499.59	-1030226.35	1569.106
-663566.08	-1037782.32	-660445.077	-1038492.609	3293.132
-756345.75	-1076171.42	-756448.302	-1074838.025	1416.361
-730585.623	-1042051.149	-730643.52	-1042110.79	357.493
-684519.98	-1034864.07	-684442.55	-1035071.69	227.385
-817229.42	-1070591.25	-817287.37	-1070532.94	86.982
-809200.05	-983720.888	-810388.016	-982868.027	1579.437
-711342.154	-1053447.008	-709648.23	-1055155.331	2831.496
-750975.981	-1073886.309	-749577.765	-1073879.55	1484.146
-746638.009	-1054351.695	-745951.264	-1053740.124	927.256
-754578.32	-1033875.92	-753947.112	-1033697.12	690.664
-669508.322	-1044456.713	-669510.703	-1044432.663	27.613
-887705.176	-1018981.939	-887693.209	-1018971.361	15.972
-645182.125	-1042740.125	-645183.938	-1042723.0	18.809
-700939.169	-1010810.479	-700845.442	-1010328.436	491.192
-840490.431	-1056312.086	-840184.431	-1056729.852	526.628
-655262.94	-1011065.55	-655219.841	-1011057.936	43.77
-654976.495	-1070115.663	-654990.782	-1070102.447	21.424
-741585.11	-1042462.899	-741534.32	-1042066.38	400.554
-782560.4	-996870.19	-782077.75	-996422.43	742.486
-724592.087	-974878.778	-724274.798	-973246.14	1663.201
-640439.987	-1043269.29	-640457.476	-1043228.455	44.865
-648257.58	-1038522.22	-649442.672	-1038916.292	1361.899
-696834.484	-1074781.516	-697918.251	-1075416.571	1324.252
-736287.503	-989378.611	-736230.98	-988464.838	959.234
-772848.964	-1031590.826	-772764.25	-1031598.74	86.979
-681935.961	-1061186.303	-681692.29	-1059999.27	1262.285
-733935.276	-1053561.424	-733935.061	-1053545.826	17.585
-741788.86	-1047093.87	-741757.33	-1047020.69	106.503
-646362.235	-1071521.322	-646380.531	-1071538.825	38.558
-649786.847	-1070020.187	-647612.939	-1070404.522	2426.935
-734924.513	-978114.676	-734124.18	-979885.81	2110.837
-876401.821	-1018512.434	-877339.234	-1015828.577	3780.483
-694782.795	-1076077.692	-694237.635	-1076391.482	652.963
-640566.277	-1033777.102	-640183.975	-1033551.803	444.02
-879869.627	-1020640.931	-879585.58	-1020819.82	425.259
-768683.02	-1017643.4	-768444.371	-1016274.293	1412.349
-644872.92	-1030385.35	-644855.32	-1030334.57	53.753
-686814.436	-1088817.32	-685851.711	-1089622.672	1274.056
-721746.25	-1079696.64	-722757.1	-1078973.23	1771.173
-774848.379	-1008981.515	-774403.2	-1006979.17	2179.032
-829918.574	-1070530.916	-828839.53	-1072102.6	2124.639
-661656.125	-1025070.62	-659044.87	-1026072.16	2920.857
-688742.145	-1058541.222	-688732.547	-1058555.025	17.998
-687699.089	-997235.854	-685867.365	-996829.746	1968.85
-711857.938	-1061987.625	-711983.39	-1063980.96	2053.505
-854856.57	-1011412.45	-854925.579	-1011335.927	127.001
-773603.548	-1016350.258	-774390.93	-1015793.852	967.019
-709267.717	-1068318.769	-709665.003	-1067962.98	533.919
-740102.41	-1080931.31	-740470.232	-1080930.537	378.103
-653444.512	-1071622.173	-653540.239	-1071735.365	150.377
-751424.034	-1004313.261	-750081.461	-1003938.849	1463.769
-685241.56	-1009201.33	-686096.57	-1010712.31	2329.772
-847167.96	-1070922.91	-847132.19	-1070954.17	63.797
-757518.776	-989583.235	-758970.228	-988249.682	2013.527
-675086.15	-1054222.99	-672648.861	-1053832.57	2518.866
-779123.07	-989122.53	-777556.591	-991207.669	2877.946
-654697.149	-1037545.137	-649679.88	-1041503.66	7306.399
-864282.1	-1014847.23	-864442.09	-1014849.73	160.054
-731443.062	-970504.03	-731035.755	-971957.39	3080.5
-744438.125	-1041269.582	-744366.4	-1040022.85	1259.339
-759913.851	-973080.106	-760915.44	-974214.23	1614.586
-673675.724	-1027299.289	-671635.205	-1028230.794	2487.058
-755875.499	-1034440.47	-756367.68	-1034367.46	592.344
-856671.547	-1056578.81	-856461.245	-1058546.125	2067.539
-663449.618	-1063010.571	-665214.42	-1066320.27	3978.705
-680661.217	-1062984.287	-681561.263	-1061778.063	1593.37
-780777.03	-1031469.54	-780224.15	-1030413.4	1203.464
-656946.47	-1021838.67	-656727.03	-1020335.23	1759.193
-722774.5	-1086079.5	-722106.46	-1087702.35	1922.941
-778075.03	-979356.371	-776088.61	-978656.5	3348.997
-748439.313	-1025122.257	-748452.384	-1025120.881	14.101
-686035.449	-1086673.004	-686491.08	-1087690.05	1179.037
-732726.814	-1084027.306	-732422.28	-1084313.689	431.216
-800877.604	-1076633.122	-801452.53	-1076304.46	722.614
-850620.762	-1036813.505	-854511.14	-1037818.87	4314.07
-751583.2	-1027700.11	-750462.95	-1027278.04	1461.415
-770489.81	-1000173.05	-771474.379	-1001227.935	1530.309
-852251.87	-1010228.49	-852196.714	-1010420.746	231.222
-649315.954	-1060816.827	-649316.891	-1061705.052	915.979
-683941.278	-995272.125	-683963.034	-995271.046	21.787
-732551.005	-1019593.952	-731613.902	-1021278.732	1934.741
-648080.19	-1047698.91	-646786.441	-1046280.427	1929.746
-734556.24	-1065456.473	-734336.53	-1066592.6	1418.131
-736631.28	-985374.91	-736684.973	-985093.694	297.633
-825930.867	-1025606.763	-826558.4	-1025562.106	630.18
-799422.03	-1018359.27	-800071.814	-1017257.071	1337.333
-775553.045	-1033605.881	-775431.892	-1032659.27	957.628
-746280.4	-1034524.79	-747409.95	-1034670.67	1147.402
-698678.517	-1022574.473	-697475.25	-1022769.4	1249.082
-762913.58	-1060092.25	-764591.72	-1060064.19	1719.107
-777169.55	-1026711.9	-778073.878	-1024982.951	2389.347
-853489.03	-1040574.85	-854300.61	-1040188.13	919.436
-817346.88	-1070461.227	-816882.103	-1069528.576	1072.444
-721765.39	-1072001.18	-721102.6	-1072331.29	766.888
-679164.725	-1024308.852	-679181.045	-1024007.542	302.811
-670075.92	-1024746.12	-672429.127	-1024177.313	3049.292
-764716.53	-1060653.17	-765106.286	-1060529.073	412.652
-822804.131	-1068212.539	-821804.609	-1066679.277	1851.312
-787651.31	-989675.49	-787163.7	-989120.96	792.727
-807951.231	-1072505.626	-807938.866	-1072495.803	17.072
-704175.774	-1004746.363	-704091.21	-1004679.2	110.426
-795766.35	-1003959.98	-795656.41	-1004109.75	192.909
-704367.28	-1004604.22	-704175.774	-1004746.363	240.167
-686461.341	-1063475.722	-686757.612	-1063015.078	571.049
-696167.44	-1054213.12	-694827.08	-1052421.2	2248.833
-793153.111	-983230.444	-792265.291	-984819.119	1821.855
-750699.51	-1059660.66	-751385.125	-1060360.375	1040.608
-823431.822	-1046861.01	-823054.383	-1047606.95	945.447
-796572.45	-1009553.07	-796592.857	-1009438.693	116.194
-669471.047	-1013784.39	-669458.876	-1013775.064	17.109
-781397.95	-995265.53	-781300.55	-995123.38	172.318
-759803.72	-1011182.22	-759401.46	-1010266.64	1005.314
-675167.148	-1074093.622	-676234.284	-1075886.608	2165.495
-651945.4	-1078839.629	-652004.862	-1078833.61	59.767
-792398.72	-978527.25	-794155.71	-978814.24	1859.149
-654803.713	-1030631.429	-654626.586	-1030590.14	194.664
-679112.792	-1023693.859	-679069.798	-1023497.251	209.996
-877326.558	-1024920.661	-877281.783	-1023219.796	2258.59
-654962.858	-1035433.944	-655924.49	-1033728.83	2031.49
-681114.349	-1082188.818	-684146.999	-1080120.62	4320.366
-678978.25	-1073020.88	-678393.98	-1074104.77	1335.57
-704824.513	-1057697.425	-707724.571	-1058643.109	3303.229
-749777.772	-1043408.442	-748398.11	-1043188.53	1413.042
-714027.24	-1005063.45	-715004.37	-1003747.86	1704.048
-733626.52	-1042062.24	-734745.125	-1042155.188	1134.301
-758289.66	-1037634.71	-761571.97	-1037412.88	3361.06
-798767.887	-1067314.515	-799716.584	-1069154.146	2112.372
-737762.72	-1046569.09	-738224.31	-1046716.3	490.666
-653664.313	-1055811.375	-653646.188	-1055821.75	23.464
-800013.98	-1055415.21	-800880.408	-1054551.349	1531.886
-658407.59	-1015441.63	-658280.32	-1017825.24	2826.143
-814616.84	-977853.587	-814202.35	-978549.136	829.079
-756261.917	-1021338.145	-755466.457	-1021017.746	897.438
-780671.08	-973834.67	-778935.19	-972928.14	2379.866
-686631.93	-1059677.05	-686529.58	-1059643.5	109.849
-780690.837	-1009425.779	-781072.968	-1009265.796	414.831
-764949.17	-1011425.65	-764688.91	-1010131.04	1633.032
-770028.61	-1016007.78	-769874.09	-1015908.58	187.94
-644600.75	-1041860.375	-643935.977	-1040626.868	1408.938
-806962.59	-989767.32	-806921.609	-989798.425	72.114
-786314.85	-1063861.96	-786455.105	-1064322.263	489.127
-685712.89	-1068641.545	-685318.93	-1069051.32	577.749
-756225.859	-1053549.114	-757583.917	-1052823.372	1650.939
-774774.294	-996211.913	-774412.19	-996205.84	364.693
-725335.37	-1028213.23	-724411.356	-1029278.365	1420.262
-763334.63	-1040409.66	-763676.81	-1040275.56	379.064
-773631.891	-1055891.607	-773549.494	-1055894.737	83.263
-739755.26	-1030281.81	-739485.75	-1029242.48	1713.157
-664350.516	-1031558.539	-665898.745	-1032132.011	1808.37
-691545.33	-1060270.24	-690768.7	-1059262.202	1272.52
-754787.94	-1042029.07	-755725.81	-1041750.45	1031.425
-790045.962	-1008333.498	-788049.75	-1006847.45	3195.156
-755561.139	-1048762.837	-753427.9	-1049000.73	2383.204
-783901.73	-988367.12	-783886.97	-988418.09	56.374
-823878.304	-1066514.863	-823944.91	-1066493.496	80.162
-652582.161	-1064374.38	-652591.71	-1064360.351	18.826
-711597.156	-1048385.964	-710578.734	-1048053.536	1094.982
-746130.65	-999990.9	-745540.524	-1000588.297	872.386
-697196.144	-1038949.392	-697195.262	-1038979.307	37.147
-689412.387	-1087492.913	-689965.324	-1088969.229	1874.88
-768005.2	-1028115.04	-765903.621	-1026097.409	2955.572
-711847.499	-1040364.743	-710708.604	-1038545.761	2177.985
-655546.801	-1084139.926	-652831.073	-1086445.285	3909.221
-725151.135	-1065325.721	-724881.914	-1065404.299	287.375
-681393.7	-1012890.33	-681159.99	-1013190.94	419.622
-683200.4	-1012392.12	-684786.33	-1015128.74	3816.25
-750162.817	-1005349.323	-749538.31	-1004515.68	1045.359
-847974.88	-1040961.91	-846651.96	-1041338.72	1515.397
-748757.994	-1014323.258	-749402.86	-1012697.61	1750.949
-807573.92	-1026105.01	-811609.18	-1024678.44	4795.856
-806265.291	-1006396.704	-807132.5	-1007093.48	1114.658
-748922.553	-1064209.42	-752258.777	-1068963.017	6227.763
-642283.77	-1055533.05	-640681.278	-1054853.099	1802.4
-753117.8	-1020971.36	-752939.55	-1021062.22	272.488
-648846.44	-1057921.15	-647716.73	-1054208.63	4006.027
-754294.301	-1046395.686	-754233.047	-1046633.889	250.209
-697633.81	-1063728.76	-696412.493	-1063921.756	1248.289
-685901.05	-1019332.07	-685794.23	-1019181.53	184.594
-772671.65	-1017061.6	-773603.548	-1016350.258	1173.543
-706035.183	-1064141.522	-705153.44	-1065116.36	1443.42
-722098.15	-993211.14	-719811.36	-993031.51	2360.658
-859734.14	-1012932.79	-859427.42	-1012915.85	307.195
-703462.71	-1043125.21	-703440.6	-1044823.18	2130.128
-700502.25	-1049339.19	-703193.08	-1047787.47	3132.202
-641431.4	-1041477.92	-640898.56	-1041492.96	537.567
-683372.708	-1070340.875	-683965.035	-1071510.03	1346.232
-739377.625	-1033703.063	-740022.484	-1032690.58	1299.066
-769681.56	-980106.11	-770029.944	-979827.303	451.238
-696319.73	-1000896.59	-692383.73	-998440.59	4660.581
-740565.003	-1075583.468	-740731.098	-1076827.058	1431.007
-717780.376	-980064.821	-717801.722	-979961.24	107.488
-740728.766	-1032572.313	-742803.47	-1032645.08	2271.817
-754937.18	-975076.31	-755003.782	-975027.435	84.414
-799844.276	-1011794.855	-799117.246	-1012274.415	1021.876
-668127.32	-1007452.69	-668422.09	-1005060.78	2787.35
-798710.683	-1005533.253	-795656.41	-1004109.75	3426.674
-694611.91	-1062657.07	-694468.471	-1062559.232	173.629
-754845.73	-1063381.37	-754811.591	-1063320.883	70.727
-876185.879	-1021345.18	-876194.256	-1021323.626	26.049
-762049.51	-1026217.24	-762162.709	-1026211.738	113.391
-740037.024	-1032679.043	-740728.766	-1032572.313	704.056
-872762.508	-995169.136	-872090.564	-991735.472	3791.922
-669366.41	-1063884.53	-666672.44	-1064648.55	2824.727
-773862.08	-982143.2	-773180.24	-982370.02	748.079
-745272.24	-1081404.02	-745476.507	-1081316.924	222.516
-827430.283	-1067909.972	-827414.04	-1067905.869	18.552
-839929.261	-1048122.673	-836603.408	-1051931.422	5088.082
-662710.47	-1064560.79	-663227.05	-1065826.86	1484.69
-807299.173	-1072508.732	-807290.045	-1072485.448	34.895
-787566.74	-1006937.87	-787709.5	-1006785.75	208.834
-661522.78	-1043425.9	-661494.437	-1043198.104	237.441
-650216.23	-1026314.9	-650411.51	-1026049.54	342.492
-727371.092	-1055082.893	-727355.342	-1055096.643	22.036
-702113.22	-1043229.82	-702127.568	-1043243.394	21.179
-672247.067	-1089901.6	-673073.732	-1090434.747	1005.736
-660054.538	-1076258.042	-659981.157	-1076134.679	145.372
-790784.875	-1005217.062	-790798.577	-1005026.94	190.629
-693410.063	-1025499.188	-693463.932	-1026383.908	937.361
-741039.44	-1041681.01	-741322.22	-1041999.96	444.692
-825528.77	-1025668.121	-820159.666	-1026203.015	5512.108
-674826.215	-1092413.034	-674920.11	-1092527.843	149.033
-815342.16	-1071045.65	-815242.161	-1070957.669	169.312
-699040.425	-1004400.43	-698737.223	-1004659.148	399.026
-658795.39	-1011722.96	-658900.48	-1012054.78	354.757
-715594.97	-1078158.25	-715157.975	-1080069.009	2006.889
-751597.63	-1041115.54	-751636.521	-1041297.117	185.715
-682293.429	-1035791.976	-683890.59	-1036417.26	2159.224
-711983.39	-1063980.96	-711784.0	-1064749.93	812.039
-823879.001	-1066547.6	-823878.304	-1066514.863	33.57
-751995.4	-1034166.44	-751575.41	-1034443.519	508.515
-784622.64	-1025930.58	-784289.56	-1025579.42	632.506
-740467.752	-1063760.859	-740469.115	-1063777.416	17.674
-727729.53	-994278.84	-728346.01	-993979.719	705.444
-748267.22	-1058020.13	-748206.389	-1057935.111	112.079
-764086.605	-977019.472	-764075.567	-977066.577	53.978
-787676.69	-1068629.84	-788952.78	-1072079.93	3794.648
-711845.47	-1040741.69	-711847.499	-1040364.743	385.169
-828147.172	-1034491.817	-828066.378	-1034119.544	385.062
-675509.289	-1054207.776	-675086.15	-1054222.99	424.651
-721740.02	-1083953.92	-721620.81	-1084025.82	139.215
-778315.6	-1058863.87	-778137.77	-1058760.2	205.844
-766350.084	-995474.104	-766078.87	-995475.49	273.314
-765780.46	-1025889.75	-766544.821	-1023277.347	2809.743
-799530.056	-1001960.022	-800604.538	-1003260.473	2323.003
-823855.72	-1069646.52	-824094.906	-1069738.914	256.617
-692500.234	-1046056.225	-692580.496	-1046095.138	92.639
-810964.063	-1057350.887	-813336.573	-1055487.559	3109.044
-776446.43	-976006.71	-776434.877	-977166.515	1272.449
-777982.972	-1024849.3	-777928.09	-1024717.17	166.387
-797063.54	-980056.2	-797337.54	-979437.12	681.747
-692059.289	-1043683.795	-689389.55	-1041615.82	3477.415
-770330.57	-1029140.02	-768447.69	-1028149.04	2140.56
-817241.266	-1019931.56	-814942.43	-1022106.92	3236.044
-646300.86	-1046567.36	-644849.066	-1047152.556	1874.174
-808139.24	-1000748.08	-808575.344	-1000665.039	443.941
-723713.141	-1035582.541	-723680.889	-1036185.247	604.728
-728209.958	-1022949.572	-730701.736	-1024118.019	3007.036
-692414.164	-1070981.013	-691963.5	-1070968.111	452.462
-790785.313	-1005010.651	-790815.001	-1005014.454	48.08
-734559.509	-1029374.867	-733956.16	-1028843.1	846.592
-878319.919	-1027277.494	-879860.945	-1024818.193	2972.534
-866570.558	-1040967.68	-866590.83	-1040958.4	23.576
-787374.96	-1062889.98	-787445.176	-1062920.408	76.525
-883936.157	-1021566.292	-884366.997	-1021690.341	487.051
-887831.657	-1019223.541	-887873.551	-1019022.036	245.622
-761179.81	-994753.86	-761263.61	-994584.576	188.894
-867827.291	-1017310.473	-867825.597	-1017288.354	24.436
-685318.93	-1069051.32	-684936.41	-1068925.74	403.569
-770659.27	-1011468.3	-770124.43	-1011939.43	726.151
-730095.279	-1055932.911	-728602.923	-1056061.229	1548.952
-796789.29	-1057104.37	-797022.73	-1056600.4	579.738
-716319.893	-1056857.227	-714655.015	-1056038.843	2159.674
-685133.178	-993721.288	-684840.14	-993780.57	300.295
-716574.81	-1028251.62	-711170.12	-1025870.9	5975.368
-710920.578	-1035454.223	-710240.621	-1036353.305	1130.498
-653828.341	-1023515.8	-653812.476	-1023484.643	38.572
-695452.509	-1075684.577	-694782.795	-1076077.692	808.1
-824650.02	-990103.79	-821635.354	-990593.979	4353.218
-694805.3	-995371.38	-696422.04	-996113.99	1878.688
-825934.937	-1025464.152	-825938.281	-1025490.443	40.287
-866590.83	-1040958.4	-866877.057	-1038926.835	2053.377
-651734.767	-1081204.567	-651289.106	-1082357.524	1398.846
-731367.55	-1022331.55	-730701.736	-1024118.019	1930.091
-766295.11	-1043629.66	-766220.87	-1042900.42	871.138
-704891.302	-1081539.256	-703758.381	-1079749.097	2602.485
-783961.55	-1053084.29	-784730.27	-1053910.04	1134.501
-685921.25	-993492.0	-686041.36	-993242.57	313.099
-681168.472	-1029384.679	-682692.846	-1028346.69	1909.053
-647883.61	-1059352.33	-647806.841	-1060485.976	1138.55
-674365.546	-1057198.808	-674341.718	-1057174.539	34.075
-815421.1	-1032960.99	-815676.12	-1031636.57	1425.365
-779191.24	-1014972.48	-779957.29	-1013277.41	1980.57
-724831.883	-1065115.588	-724973.922	-1064515.522	723.098
-794217.912	-1010748.602	-791097.96	-1010612.87	3161.066
-678344.066	-1069057.355	-678275.815	-1069146.017	113.454
-794481.072	-1003988.877	-794505.491	-1003988.539	27.012
-754478.53	-1063405.59	-754368.65	-1063473.26	172.808
-770201.52	-1018458.77	-770259.89	-1018648.16	198.348
-816146.27	-1064197.64	-816263.175	-1064382.149	225.565
-730473.09	-1057922.22	-731080.52	-1056883.61	1203.286
-784732.25	-1013582.64	-785863.25	-1013207.41	1226.019
-673383.37	-1012036.57	-673314.3	-1012103.57	96.236
-741466.708	-1058907.94	-741472.762	-1058921.539	17.31
-743809.013	-1038461.768	-746536.61	-1036540.22	3506.767
-842568.76	-992116.35	-842542.325	-992122.825	30.156
-824507.7	-1076400.89	-824368.01	-1076678.07	363.939
-664350.516	-1031558.539	-664839.942	-1030463.206	1220.251
-806729.222	-1027010.489	-807838.519	-1027990.408	1709.052
-704166.528	-1008995.424	-703306.824	-1009040.946	861.712
-751335.31	-1060211.99	-751262.25	-1060150.06	97.687
-756734.07	-1035038.43	-758956.4	-1035015.73	2326.656
-662364.104	-1027433.998	-662122.61	-1026540.04	930.664
-673341.23	-1017237.57	-673060.629	-1016547.86	754.092
-755091.9	-973220.77	-756458.593	-974627.332	2547.146
-753963.84	-971700.12	-755562.866	-970576.235	2062.568
-848807.265	-1010205.507	-848950.995	-1010127.127	163.726
-744525.976	-985518.231	-744414.405	-984314.431	1289.28
-717553.41	-1023644.14	-716310.31	-1022614.45	1754.167
-810697.322	-1060921.874	-806535.56	-1061593.257	5838.312
-858289.002	-999646.275	-860818.36	-1003349.69	5698.768
-765863.91	-983645.747	-764243.32	-984430.27	1827.332
-682236.742	-1091181.041	-683345.123	-1091882.606	1711.662
-725279.685	-978455.469	-725329.222	-978326.922	138.917
-684424.781	-1065700.399	-684409.04	-1065821.75	123.358
-808145.48	-991727.01	-808223.01	-991554.91	206.63
-790769.08	-1005236.152	-790784.875	-1005217.062	29.079
-730452.94	-1043164.54	-730570.9	-1042956.27	241.995
-672392.3	-1065459.41	-671926.45	-1066273.52	1029.148
-783166.92	-1041604.48	-784808.85	-1041929.78	1780.391
-725605.77	-1048990.89	-725622.34	-1048876.6	117.788
-781180.42	-1031701.87	-780539.67	-1031900.51	691.377
-794034.2	-999569.77	-796617.37	-1002849.98	5068.523
-741456.828	-1058912.339	-741466.708	-1058907.94	11.54
-739793.524	-1062973.819	-740467.752	-1063760.859	1168.55
-644781.85	-1019489.29	-643453.965	-1020103.131	1527.537
-674891.2	-1005857.53	-674924.1	-1006230.06	434.479
-684613.46	-993964.07	-684564.84	-994047.521	96.752
-782611.28	-1001090.23	-782549.33	-1000589.99	504.083
-842488.834	-1036834.753	-841650.69	-1038035.14	1464.045
-652693.444	-1028466.555	-652893.41	-1026318.93	2573.248
-803282.683	-1012488.552	-803671.697	-1011987.269	656.623
-684442.55	-1035071.69	-684305.309	-1035339.364	308.653
-737685.69	-1039179.09	-737510.46	-1039031.0	229.43
-678247.19	-995262.6	-678265.186	-995168.713	96.518
-729298.04	-1084653.56	-729227.91	-1084557.39	124.752
-773921.32	-996305.2	-772512.536	-996030.911	1471.458
-807591.864	-1048105.356	-808531.881	-1048741.992	1190.426
-758440.286	-1032985.845	-758073.07	-1032937.02	371.062
-863328.538	-1047075.128	-865933.64	-1046371.91	2817.973
-762524.04	-1062470.43	-762853.52	-1061995.16	624.141
-858746.6	-1009335.38	-858733.91	-1009309.47	57.507
-727648.121	-1080709.565	-725980.5	-1083703.27	3755.014
-713218.389	-1049521.645	-714899.37	-1050012.82	1770.551
-756570.584	-990579.448	-756545.25	-990581.42	29.838
-728001.33	-1072269.86	-727943.789	-1072192.206	98.583
-853619.73	-1041936.38	-852632.716	-1042017.148	993.179
-725721.914	-1069587.758	-725612.025	-1069674.855	140.312
-722238.804	-1041749.558	-722191.33	-1041984.3	239.591
-746935.15	-1017088.725	-749132.46	-1012149.8	5531.446
-756367.68	-1034367.46	-756555.36	-1034379.13	188.101
-803608.21	-1077857.96	-803529.555	-1076977.362	1152.47
-676514.22	-1056253.98	-675688.767	-1054501.648	2019.745
-716828.42	-1028430.58	-716780.121	-1028419.632	50.986
-758836.53	-1033845.27	-760606.221	-1034962.461	2111.948
-730433.77	-1043884.81	-730477.06	-1043448.93	438.32
-711055.301	-1025126.549	-711054.399	-1025067.317	67.235
-679021.72	-1023490.794	-679242.718	-1019204.26	4510.089
-666295.02	-1041249.02	-664716.84	-1041425.61	1711.978
-647869.94	-1054301.764	-648070.028	-1054469.218	263.677
-826755.049	-1070898.934	-828544.984	-1071974.834	2113.012
-669313.43	-1014057.66	-669115.19	-1014089.95	201.267
-675164.0	-992953.53	-674878.64	-996275.35	5612.002
-756982.34	-1032183.619	-757016.2	-1032067.97	120.504
-774412.19	-996205.84	-773921.32	-996305.2	502.884
-712270.797	-1048925.539	-712807.668	-1049340.283	684.785
-774185.228	-1032849.771	-774178.584	-1032863.322	16.066
-760651.171	-1053384.15	-759076.96	-1053893.65	1715.039
-845746.3	-1007961.96	-845567.78	-1007928.33	183.813
-830648.017	-1024637.152	-831841.063	-1024543.551	1203.75
-769380.29	-972521.91	-768742.989	-972186.687	720.726
-757518.776	-989583.235	-757786.655	-988530.705	1183.893
-853839.06	-1024392.81	-854376.18	-1025217.55	1079.054
-748604.8	-1003219.44	-746130.65	-999990.9	4404.505
-669597.07	-1002026.89	-669164.547	-1002715.107	818.039
-678090.67	-994050.34	-678016.52	-992385.78	1732.249
-718403.15	-1049828.81	-719048.93	-1050490.37	1674.521
-790815.001	-1005014.454	-791957.075	-1004787.086	1190.103
-730585.623	-1042051.149	-725420.66	-1041660.07	5208.116
-727177.87	-1031218.1	-727095.671	-1031375.294	177.578
-697370.174	-1000296.322	-697437.04	-999782.5	609.047
-773146.15	-978644.96	-773554.847	-978844.404	458.04
-659849.537	-1068544.077	-660661.6	-1069779.97	1571.495
-756952.07	-1032323.67	-756917.591	-1032428.333	110.204
-712258.79	-1048727.42	-714659.241	-1048748.234	2516.048
-736077.828	-1009641.7	-737033.73	-1010214.122	1420.421
-645093.092	-1076178.564	-645584.93	-1076519.18	604.862
-722226.76	-1072826.32	-721765.39	-1072001.18	982.621
-758959.408	-996318.164	-757415.611	-994125.242	2761.922
-819878.633	-1026225.081	-819782.143	-1026288.38	121.666
-741438.097	-984864.973	-740670.36	-985860.8	1291.38
-648052.94	-1054485.999	-648070.028	-1054469.218	23.95
-681391.128	-1033570.804	-681459.617	-1034108.067	631.687
-734699.83	-1045946.208	-734574.82	-1045751.64	257.612
-730464.91	-1043698.48	-730736.98	-1045388.49	1729.294
-664327.03	-1047880.92	-663643.54	-1047828.42	688.845
-856671.547	-1056578.81	-858595.02	-1055299.8	2316.338
-864299.585	-1043361.079	-864301.648	-1043408.757	48.639
-726880.78	-1049460.86	-725971.83	-1049155.86	961.377
-741616.98	-1043059.21	-741581.782	-1042671.899	389.221
-767905.56	-1059790.08	-769974.29	-1058239.67	2697.529
-773661.384	-1019334.181	-772385.81	-1018391.77	1639.11
-659358.945	-1030264.62	-657536.88	-1031376.23	2167.974
-647752.667	-1082966.945	-646849.159	-1084496.077	1838.156
-697605.124	-1088095.737	-697519.84	-1088124.39	90.018
-687324.26	-1004263.0	-687394.269	-1004382.516	143.255
-670302.753	-1047033.774	-670733.3	-1045837.43	1281.497
-744515.11	-1048334.02	-744067.25	-1049103.77	1054.666
-694611.91	-1062657.07	-694877.07	-1064101.78	1801.105
-676726.07	-1006264.05	-675234.35	-1007214.66	1797.661
-649353.23	-1072219.672	-649162.702	-1072381.248	261.893
-795102.787	-1028956.598	-795034.18	-1026868.87	2093.387
-804793.658	-1019770.362	-805933.271	-1023474.187	4360.469
-689375.05	-998992.22	-688715.174	-998245.553	998.07
-729880.485	-980588.693	-731116.63	-981112.06	1427.823
-728821.246	-1077875.478	-728612.038	-1078621.824	830.879
-684393.618	-994662.914	-684373.94	-994673.519	25.224
-672313.263	-1012618.788	-671574.495	-1012976.737	914.987
-652047.5	-1023327.26	-650405.97	-1022066.09	2609.126
-729942.52	-1083605.87	-729935.223	-1083577.678	29.463
-643588.187	-1083031.45	-643243.894	-1082911.687	369.027
-723686.422	-987174.238	-723719.755	-987123.519	60.692
-691216.627	-1081881.763	-690676.192	-1082340.194	715.68
-712664.34	-1078996.14	-708202.91	-1085272.06	8018.044
-742545.072	-1015029.101	-741881.759	-1014936.346	673.735
-646734.244	-1068620.938	-646669.286	-1068695.164	103.751
-709276.209	-1059920.284	-709840.532	-1059128.884	1061.298
-760986.04	-1026533.61	-762422.17	-1027892.26	2150.877
-696930.45	-1054809.26	-696891.54	-1055061.82	287.758
-773306.16	-1076127.14	-773947.18	-1077064.38	1181.928
-797859.59	-1000584.11	-798447.91	-999886.06	932.829
-804402.802	-1069236.047	-802663.404	-1071055.267	2612.371
-751132.379	-983338.102	-751081.699	-983234.876	122.335
-828059.577	-997223.52	-824913.522	-997340.039	3240.791
-770572.788	-1067179.634	-770611.794	-1066935.832	247.687
-788893.92	-1033754.56	-788332.392	-1032922.155	1182.604
-763472.347	-1022342.542	-763384.83	-1022384.29	100.812
-758826.12	-1005172.76	-758737.32	-1005167.35	89.34
-689202.67	-993214.61	-687422.664	-993904.781	1936.642
-876134.38	-1021131.71	-876455.253	-1021280.48	356.267
-762339.98	-1051545.548	-760675.221	-1052259.156	2303.011
-829758.922	-1053034.519	-829560.729	-1055503.286	2911.103
-847511.823	-1052531.185	-848715.44	-1050724.55	2836.321
-712270.797	-1048925.539	-712680.04	-1051246.1	2557.291
-721975.74	-1041876.18	-722148.55	-1041869.95	172.926
-757389.967	-1047968.234	-757868.27	-1048074.85	491.271
-756527.4	-1068275.05	-756662.9	-1065875.93	3031.115
-756555.36	-1034379.13	-756553.69	-1034846.22	468.924
-752028.65	-1007752.13	-752021.69	-1007728.89	28.29
-714820.38	-1007312.86	-715081.37	-1007332.61	312.988
-645200.794	-1049985.649	-645348.96	-1052271.34	2307.059
-641425.24	-1041454.88	-641469.563	-1041469.75	47.555
-769529.73	-980208.64	-769396.62	-980211.07	133.302
-740024.072	-1032667.759	-740037.024	-1032679.043	19.202
-804735.243	-1026440.667	-806104.28	-1026783.59	1442.668
-736957.143	-973227.07	-738259.6	-972740.61	2237.767
-653588.193	-1079864.762	-654041.209	-1081129.494	1941.409
-770611.794	-1066935.832	-770734.458	-1066240.568	732.745
-692598.754	-1080646.661	-692591.102	-1080615.148	32.434
-689565.56	-1046565.28	-689787.748	-1046554.727	222.438
-678925.5	-1039515.25	-679257.94	-1038219.08	1360.905
-837490.184	-1064292.459	-838402.846	-1065280.683	1389.549
-735161.18	-1040923.29	-735076.04	-1040992.76	109.886
-651145.068	-1076608.201	-652026.81	-1076336.44	1000.346
-640431.28	-1026551.76	-639780.718	-1026355.101	831.821
-753975.13	-1045790.96	-753562.08	-1045802.37	413.835
-698401.21	-1004629.35	-698458.8	-1004746.19	138.068
-686757.612	-1063015.078	-686738.011	-1062853.464	170.306
-668898.705	-1022840.572	-670413.35	-1020801.35	2793.356
-712807.668	-1049340.283	-712882.343	-1049711.431	392.516
-693921.379	-1074516.569	-694916.365	-1073152.797	1784.954
-741046.815	-1048810.985	-741063.502	-1048724.768	106.35
-752443.436	-1076156.027	-750593.342	-1076454.824	1961.857
-738154.158	-1062918.564	-735851.303	-1064178.222	3377.726
-812883.77	-1012420.54	-812873.32	-1012034.53	386.166
-732840.55	-1019601.95	-733915.5	-1019343.063	1276.707
-806738.412	-1068728.082	-808771.898	-1069374.469	2226.249
-734764.112	-1045640.265	-734766.043	-1043710.238	1984.685
-825336.372	-1064370.67	-826617.415	-1064975.428	1966.817
-761892.92	-972790.19	-761882.31	-972778.63	17.795
-713677.27	-1008804.24	-712793.96	-1009995.02	1970.291
-824335.17	-1076643.87	-823930.32	-1076414.79	483.266
-683163.78	-1018221.69	-685366.11	-1014977.7	4108.845
-823979.73	-1021365.602	-823938.6	-1021455.54	99.046
-824111.37	-1071479.55	-824242.78	-1071919.35	470.017
-771129.77	-1013837.5	-775409.33	-1012503.54	4674.04
-663693.88	-1014805.29	-662744.92	-1014180.03	1195.237
-780793.557	-989314.909	-779200.26	-990148.94	1854.218
-758157.58	-1033374.13	-758097.64	-1033403.64	66.835
-648741.2	-1030486.44	-649468.97	-1031387.77	1160.422
-645952.536	-1042994.418	-645989.413	-1043086.399	103.225
-738706.48	-1049145.221	-738730.478	-1049064.169	85.152
-647953.556	-1063944.924	-647971.86	-1063967.988	35.56
-732075.87	-1005296.73	-731469.808	-1006230.185	1455.745
-744817.388	-1031217.957	-745130.41	-1030301.18	1086.353
-639794.232	-1031829.053	-640310.55	-1031771.38	637.985
-781754.44	-1063223.71	-781179.2	-1062387.13	1023.115
-859405.76	-1012005.62	-859419.45	-1012013.5	16.891
-831257.801	-1066428.576	-830984.252	-1065332.792	1191.927
-737492.29	-1046651.8	-737336.209	-1046745.719	187.823
-713269.49	-1028283.25	-713290.45	-1029306.03	1127.718
-701202.59	-1012387.6	-701391.16	-1012222.38	268.922
-776241.58	-1030084.29	-772848.17	-1031515.65	3764.302
-762049.51	-1026217.24	-762111.172	-1026167.991	81.964
-755096.69	-1017217.62	-755041.005	-1016854.325	367.548
-845192.436	-1044716.941	-843305.65	-1042644.378	3037.169
-690427.58	-1056053.09	-690263.36	-1056070.48	165.138
-802717.786	-1056064.686	-801209.974	-1056833.204	1785.115
-748223.85	-988263.016	-749047.29	-987905.98	925.025
-876959.91	-1015765.98	-875221.39	-1015757.36	1821.324
-757885.401	-991724.861	-757882.5	-991091.75	653.599
-844537.935	-1058693.552	-845737.637	-1059391.351	1594.539
-799432.633	-1001702.665	-799458.422	-1001714.616	31.531
-693922.137	-1084612.263	-693617.036	-1085212.682	856.933
-789054.08	-1013997.06	-792004.99	-1012400.74	3524.365
-696701.07	-994294.03	-696636.6	-994249.17	78.571
-699459.57	-1038695.07	-697829.1	-1037717.32	2192.646
-764891.389	-975526.452	-765059.6	-974782.79	771.258
-689519.15	-1046326.769	-688718.603	-1043774.139	2722.971
-835231.406	-1039871.309	-833713.936	-1039020.694	1908.705
-728805.03	-1039018.55	-728843.855	-1039330.22	316.056
-757373.21	-1040388.77	-757596.625	-1040210.5	291.602
-752279.89	-1043061.71	-752335.49	-1043007.45	77.717
-820396.702	-1012136.434	-819918.122	-1008593.736	4156.572
-787761.3	-1006940.55	-787739.253	-1006851.018	92.382
-844142.467	-1066285.323	-846047.345	-1066714.436	1979.174
-762038.22	-973337.892	-762740.32	-973602.78	788.617
-677505.54	-1057711.0	-677387.567	-1057538.417	251.384
-706685.6	-1037092.63	-706759.61	-1036013.73	1137.69
-680779.96	-1046931.63	-680447.44	-1045990.77	1140.861
-796303.62	-1037484.85	-795739.55	-1037356.85	604.475
-664687.413	-1089591.815	-665793.867	-1091448.356	2357.231
-667943.849	-1059113.16	-666384.15	-1058993.096	1574.474
-767684.069	-1045925.507	-767759.019	-1045524.815	422.862
-767063.123	-980589.59	-767069.968	-980582.558	9.813
-741692.335	-1033085.037	-739381.44	-1034615.21	3100.382
-651407.68	-1046722.97	-651145.588	-1045325.774	1429.129
-759256.31	-1047754.756	-759284.026	-1047928.139	188.563
-774178.584	-1032863.322	-774158.39	-1032853.55	26.35
-825231.354	-998609.884	-827140.58	-1001144.76	4230.119
-740785.3	-970692.25	-742207.66	-971373.38	1937.025
-769598.02	-1020036.67	-767938.33	-1019675.92	1798.227
-766483.586	-982856.956	-767159.847	-981022.984	2013.791
-720785.16	-1016735.96	-720032.57	-1016718.64	752.81
-757404.5	-1048501.98	-757549.968	-1049067.836	595.958
-747983.512	-984649.72	-748228.245	-984805.298	292.708
-642228.31	-1028441.14	-642344.92	-1030653.09	2402.677
-641536.53	-1036240.3	-641656.13	-1036998.19	790.134
-802394.538	-986811.308	-802665.56	-986793.53	271.674
-713721.63	-1023784.7	-713662.754	-1023813.781	65.666
-774654.557	-988981.697	-773753.99	-990806.97	2195.876
-767289.523	-1030419.662	-765373.3	-1031314.94	2721.625
-731110.039	-1075403.317	-730634.055	-1076690.313	1400.465
-764436.4	-977167.332	-764348.989	-977294.751	164.248
-800161.702	-1023518.787	-800168.47	-1023525.4	9.958
-827131.62	-1039311.71	-826273.015	-1039690.663	981.839
-759160.487	-993225.74	-758683.014	-992295.674	1076.745
-734107.555	-983034.011	-732274.605	-983184.859	1972.041
-725596.87	-1048814.21	-725693.65	-1048762.59	112.378
-788981.45	-1005130.06	-785017.657	-1004174.603	4444.158
-751970.65	-1038533.5	-751991.82	-1038509.22	37.404
-765921.79	-990097.51	-765555.283	-989751.387	529.165
-690803.052	-1065148.176	-691133.201	-1066124.921	1053.481
-712770.01	-1027092.35	-713269.49	-1028283.25	1330.309
-802127.752	-1008368.964	-804764.793	-1009088.787	2970.301
-664095.85	-1018703.97	-663359.46	-1018151.53	936.536
-657068.638	-1061265.033	-656123.371	-1061794.799	1083.611
-711838.68	-1041659.91	-705427.24	-1044468.27	7081.71
-751335.55	-1025384.98	-751477.25	-1025474.99	204.114
-672288.651	-1079657.96	-672177.473	-1080155.063	509.394
-790474.46	-1026767.65	-791412.01	-1026696.42	940.263
-797380.64	-1068995.27	-808153.22	-1071282.18	11292.508
-712801.03	-1078872.18	-717320.02	-1074418.83	6550.24
-782395.67	-1066785.34	-783093.52	-1067530.6	1035.717
-690263.36	-1056070.48	-690428.86	-1055963.47	197.717
-643596.482	-1045856.711	-643557.271	-1045951.086	110.659
-695271.118	-1026511.729	-695735.76	-1026015.665	790.624
-669312.259	-1016992.142	-669539.228	-1017678.899	749.045
-748079.4	-1036770.72	-748103.01	-1035830.68	944.7
-653039.41	-1067906.69	-651464.06	-1069077.527	2006.265
-723878.43	-1036574.34	-727727.2	-1040446.25	5548.353
-787766.2	-1033212.73	-785885.74	-1031657.91	2580.105
-758324.992	-1040666.032	-758333.318	-1040644.002	26.083
-863459.709	-1029550.184	-862971.997	-1029304.174	616.508
-730886.13	-1045286.84	-730532.79	-1045370.4	363.527
-753059.5	-1037273.11	-753162.621	-1037241.517	116.295
-750386.47	-1031592.81	-750067.87	-1029770.46	1895.169
-856641.138	-1042678.189	-857202.56	-1043599.95	1156.36
-682106.05	-1000197.06	-683860.022	-1002954.881	5721.273
-773902.9	-997205.3	-773932.95	-996987.53	220.193
-889229.403	-1015636.114	-889453.857	-1014761.091	903.374
-710920.88	-999919.92	-709961.951	-1000727.635	1299.344
-774165.979	-1032839.506	-774185.228	-1032849.771	25.403
-842537.83	-992099.058	-842289.641	-991938.875	300.371
-717029.302	-1073941.21	-714181.98	-1073425.977	3157.373
-763794.948	-1040182.246	-764193.53	-1038106.57	2208.863
-792357.45	-1006464.49	-791555.94	-1006296.02	830.485
-740215.99	-1079494.81	-744416.2	-1077545.95	4979.104
-727858.62	-1074147.72	-727896.4	-1074256.85	115.486
-777582.191	-1081879.582	-777599.05	-1081865.48	24.409
-736884.91	-1028307.24	-736492.71	-1028281.71	393.834
-844110.592	-1005120.302	-844142.491	-1005285.144	167.901
-707251.36	-1077892.46	-706198.54	-1077282.85	1312.911
-725759.39	-1048014.72	-725754.37	-1047964.009	50.96
-782023.23	-1007416.47	-781999.68	-1007407.95	30.096
-696412.493	-1063921.756	-695848.88	-1063391.09	818.15
-751477.25	-1025474.99	-751493.688	-1025809.188	335.099
-773379.95	-1082441.407	-772523.117	-1081971.363	3976.782
-797314.08	-1068968.18	-797242.374	-1068992.553	80.468
-775439.69	-1043294.95	-778975.07	-1043223.18	4879.118
-849144.74	-1065966.23	-849281.083	-1065563.125	429.72
-740009.513	-1048529.159	-740041.62	-1048597.98	85.81
-773839.37	-1032477.27	-774508.13	-1029300.61	3911.943
-840495.22	-1001101.04	-838369.06	-1001460.2	2329.051
-716968.387	-978496.964	-713162.22	-977605.93	4347.091
-640652.89	-1029012.59	-639787.886	-1029258.536	1072.681
-868650.468	-1043225.142	-869300.93	-1043031.21	759.178
-687696.8	-1010183.68	-687244.819	-1009882.046	556.121
-824649.107	-1077065.239	-824424.66	-1076786.93	2611.984
-701776.229	-1012321.091	-701750.961	-1012322.66	25.684
-797839.792	-1021276.945	-797323.691	-1021577.978	617.15
-745735.447	-977153.325	-744795.512	-975428.606	2137.111
-767507.91	-1078990.72	-769519.22	-1080204.5	2380.187
-864054.601	-1052240.451	-863918.227	-1051685.566	621.118
-748538.162	-1024960.596	-748544.882	-1024940.17	27.762
-667304.361	-1041101.153	-666295.02	-1041249.02	1031.052
-813336.061	-1072569.408	-813339.22	-1072490.63	78.841
-691966.805	-1064852.333	-691847.25	-1063408.12	1467.048
-812211.605	-1044382.774	-814934.646	-1044042.706	2825.648
-780328.82	-979904.55	-779381.15	-979709.15	1173.032
-769518.938	-1054142.75	-770118.517	-1053941.916	968.262
-648151.964	-1054522.278	-648749.4	-1054639.83	648.446
-682113.01	-996984.028	-681402.836	-996373.122	979.728
-879869.627	-1020640.931	-880457.418	-1019613.337	1220.989
-789555.135	-1064020.58	-789557.904	-1063972.015	48.648
-766845.368	-1037438.243	-766858.763	-1037423.041	22.995
-664794.345	-1035907.611	-663771.536	-1036203.713	1065.414
-822685.42	-1024554.84	-823153.795	-1025080.218	759.672
-659044.87	-1026072.16	-658804.05	-1025491.79	711.282
-693563.782	-1034271.513	-693730.615	-1032430.836	2130.14
-712891.898	-982747.303	-717780.376	-980064.821	5744.143
-746740.18	-989425.29	-745060.155	-988699.985	1870.594
-741757.33	-1047020.69	-741842.018	-1047250.734	347.994
-752328.935	-1043033.012	-752288.159	-1043073.247	57.289
-640309.724	-1041728.531	-640898.56	-1041492.96	641.389
-797061.3	-1028774.628	-797114.443	-1028734.905	66.493
-650914.341	-1085126.981	-649175.674	-1083114.173	3013.897
-778879.455	-981677.522	-778531.494	-981681.515	441.279
-804444.718	-1038920.636	-809998.836	-1033109.54	9700.13
-679725.44	-1007082.48	-678232.017	-1006361.03	1745.401
-723759.896	-987216.172	-723695.477	-987199.538	66.551
-643604.91	-1039469.98	-642606.26	-1037329.69	2361.873
-703583.63	-1089168.3	-703433.588	-1089277.166	193.771
-658843.558	-1036421.033	-657729.773	-1036434.307	1139.797
-707251.36	-1077892.46	-708800.374	-1075110.976	3841.533
-820469.461	-1007315.819	-819639.065	-1007333.371	840.187
-747362.12	-1023959.97	-747325.9	-1023919.35	59.901
-658306.13	-1063995.3	-658424.33	-1064450.19	473.003
-780578.77	-1062574.61	-781022.69	-1062431.11	521.344
-824759.717	-1069691.343	-824369.557	-1069640.862	397.618
-726241.65	-980397.73	-726392.56	-980215.84	239.289
-716581.29	-1028241.72	-717024.88	-1028516.25	522.0
-848599.913	-1010322.541	-848442.37	-1010351.507	160.812
-804737.03	-1062302.394	-803947.883	-1061268.828	1392.004
-683386.861	-1034885.469	-683566.397	-1034493.712	431.056
-700932.587	-1010576.171	-700948.227	-1010726.782	151.485
-689398.461	-1033181.24	-693730.615	-1032430.836	5918.429
-755694.86	-1025391.36	-757198.72	-1025175.29	1525.003
-859622.546	-1013029.012	-859584.221	-1013023.281	46.627
-778531.494	-981681.515	-778150.952	-981922.887	490.851
-760664.788	-1039529.696	-757993.91	-1037860.61	3307.954
-773868.5	-1048439.4	-773797.75	-1048215.04	235.637
-764250.32	-1023773.75	-763636.11	-1023108.7	951.049
-786921.49	-991263.0	-786898.14	-991274.68	26.108
-655924.49	-1033728.83	-656218.933	-1033673.179	323.797
-669523.053	-1091902.984	-669759.314	-1093268.536	1561.196
-771235.7	-1064736.98	-771035.44	-1064934.89	309.253
-812896.76	-1013097.99	-812610.62	-1012827.58	435.518
-865107.322	-1015804.24	-865301.54	-1016244.292	482.829
-783550.27	-991778.68	-783344.28	-992083.03	455.47
-831124.176	-1037368.061	-831484.068	-1037952.979	697.028
-718816.05	-1080246.1	-717660.877	-1080102.827	1224.136
-699059.06	-1044114.19	-699225.47	-1045795.5	1700.465
-759622.695	-990240.968	-756970.51	-990925.64	2865.461
-758956.4	-1035015.73	-758309.37	-1034186.71	1211.156
-775538.857	-986019.904	-777842.114	-985595.75	2437.238
-752716.919	-1009641.85	-752753.485	-1009535.044	125.676
-758973.93	-1039874.05	-757841.8	-1039899.77	1157.026
-696760.706	-1013421.934	-696827.82	-1012290.25	1184.615
-740600.709	-1070713.525	-738930.214	-1070969.271	1895.28
-760694.235	-976579.692	-760235.44	-976189.76	619.661
-765605.87	-1025824.37	-764433.573	-1024042.286	2278.23
-774306.54	-1039273.79	-771785.16	-1039028.54	2615.814
-867355.248	-1013000.322	-867483.791	-1012854.693	217.16
-764413.7	-1043941.75	-766544.31	-1045271.07	2693.127
-840141.402	-1031858.768	-835900.88	-1032638.99	4747.245
-766564.93	-972272.11	-766626.437	-972314.671	74.8
-764527.141	-1019209.479	-763026.768	-1018099.673	2022.488
-676991.84	-1056752.87	-678565.68	-1054345.3	2921.017
-836164.17	-1022988.813	-836642.303	-1026081.168	3548.715
-655124.918	-1068254.416	-654752.092	-1068261.201	384.284
-787253.25	-1019605.16	-786279.05	-1018486.27	1573.234
-819950.948	-1074462.728	-819953.225	-1074481.211	19.429
-850224.24	-1010661.535	-850337.604	-1010705.599	121.759
-887873.551	-1019022.036	-887943.857	-1019216.675	208.054
-740272.67	-1068698.72	-740370.9	-1068792.036	137.925
-775924.651	-978539.38	-776022.78	-978391.97	178.363
-757866.583	-1040250.534	-757855.65	-1040223.969	31.569
-740628.86	-1074654.03	-741446.68	-1074949.16	886.134
-790803.19	-1005131.05	-790265.88	-1005024.77	549.447
-685181.368	-1066206.294	-685044.6	-1065769.01	459.954
-724960.719	-1065516.106	-725021.263	-1065471.044	86.977
-681215.231	-994266.449	-681240.77	-993505.54	860.007
-675241.22	-1000267.97	-674885.08	-1001016.38	937.967
-655425.148	-1070143.698	-655042.068	-1068759.884	1525.153
-813343.929	-1072387.496	-813320.04	-1072261.68	129.729
-740035.91	-1048705.8	-740095.437	-1048765.803	152.164
-689587.498	-1046417.111	-689787.748	-1046554.727	252.419
-885481.877	-1015697.164	-884830.029	-1014703.753	1553.111
-755071.627	-972993.598	-755091.9	-973220.77	233.498
-784013.34	-988230.4	-784300.96	-988109.78	330.939
-812613.446	-1005240.202	-812592.933	-1005045.049	196.319
-672288.39	-1046316.36	-672068.23	-1045290.33	1284.082
-708340.625	-1014167.897	-707107.89	-1015925.36	2870.515
-717615.03	-1074166.97	-717534.646	-1074139.58	85.438
-752253.935	-1043211.332	-752069.84	-1043174.12	188.772
-804134.69	-996514.12	-803926.953	-996263.408	332.371
-767372.422	-1024243.024	-767494.606	-1023226.062	1031.524
-691771.528	-1023419.177	-689532.0	-1025551.84	3224.807
-860758.589	-1054468.445	-860752.797	-1055011.592	576.211
-661491.52	-1046295.0	-661634.62	-1045289.7	1029.999
-769022.858	-1065177.67	-770605.67	-1066032.74	1953.105
-786445.15	-1042487.17	-790480.61	-1040594.07	4665.137
-805529.791	-990380.262	-806011.406	-989458.381	1119.602
-724969.71	-1067325.084	-725649.28	-1069064.77	1893.689
-731187.241	-1056627.94	-731485.306	-1056196.984	529.254
-869154.819	-1038271.982	-870492.524	-1035159.228	3607.116
-645063.453	-1071395.993	-645035.518	-1071764.984	378.555
-672579.95	-1062530.59	-674915.84	-1061397.35	2640.613
-802866.19	-998231.72	-804256.144	-996697.82	2070.081
-754627.801	-1043168.476	-754540.55	-1042087.55	1090.163
-763174.39	-993076.53	-761165.56	-994823.376	2726.444
-822549.266	-1049264.447	-819714.003	-1048704.219	2994.902
-647483.293	-1054008.443	-645555.73	-1052928.7	2235.427
-724498.258	-1009402.075	-723472.047	-1009554.734	1084.942
-701896.658	-1058378.527	-699888.738	-1058195.5	2408.966
-674339.35	-1042416.56	-673546.85	-1042976.667	993.599
-791609.69	-1007895.0	-791555.94	-1006296.02	1640.947
-740237.39	-1030261.3	-739755.26	-1030281.81	499.582
-721440.643	-1056896.976	-721454.452	-1056887.26	17.673
-648800.13	-1013239.62	-648731.631	-1013013.501	1240.37
-720704.68	-1050757.53	-719962.98	-1050499.82	829.298
-651380.482	-1069460.765	-649906.662	-1069949.529	1561.785
-736877.894	-1032374.731	-736772.874	-1032130.157	266.769
-687693.614	-1057572.291	-687848.521	-1056929.249	688.6
-784784.39	-1023650.31	-784289.56	-1025579.42	2398.671
-652396.83	-1062308.24	-652491.095	-1062328.171	96.364
-749703.59	-1051448.73	-749702.51	-1051274.86	174.108
-818748.281	-1056974.29	-817678.144	-1054560.091	2712.322
-804085.47	-991997.42	-805024.92	-990252.48	2124.389
-709840.532	-1059128.884	-709629.64	-1058421.81	753.744
-719549.768	-1051776.667	-720053.11	-1052878.23	1276.053
-859419.45	-1012013.5	-860534.036	-1012923.266	2103.758
-730145.688	-993169.063	-732770.34	-993991.07	3161.669
-807102.733	-1044347.395	-806165.628	-1044338.021	951.064
-665985.665	-1014190.974	-665794.8	-1014294.06	216.929
-697472.53	-1017427.37	-700047.39	-1016971.25	2745.778
-690356.566	-1079498.692	-690542.42	-1081541.74	2250.685
-687353.344	-1004362.122	-687394.269	-1004382.516	45.725
-770085.383	-988416.706	-767102.18	-989078.35	3336.862
-677687.25	-996269.53	-674878.64	-996275.35	3597.271
-860013.131	-1026158.307	-859299.634	-1026141.144	887.676
-675361.237	-1049640.643	-677347.68	-1048432.16	2441.467
-753384.83	-1041809.36	-753447.75	-1041691.59	176.86
-648879.304	-1057930.777	-649055.257	-1058143.084	336.341
-766384.884	-1060137.681	-767245.15	-1059854.23	966.519
-774972.65	-1033732.19	-774178.584	-1032863.322	1185.036
-665512.361	-1062368.242	-665214.845	-1063308.083	1176.296
-842349.978	-1046613.751	-842369.133	-1046673.381	62.632
-829698.373	-1073153.348	-829239.63	-1074397.57	1335.431
-748079.4	-1036770.72	-747359.43	-1036333.52	850.41
-685429.765	-987023.424	-685814.433	-987154.905	3450.89
-784995.338	-1007564.853	-784354.602	-1007709.4	657.58
-760052.26	-1029217.17	-762929.756	-1028472.199	3254.185
-740011.94	-1011514.41	-736379.617	-1013751.113	4502.826
-704645.72	-1007854.94	-704847.721	-1008039.339	287.055
-876337.987	-998291.201	-876163.857	-997949.568	384.023
-689435.69	-1044244.64	-689070.72	-1043744.36	623.736
-648804.6	-1029120.41	-648762.2	-1029133.73	44.444
-739327.79	-1033613.66	-739356.313	-1033691.125	83.315
-865107.322	-1015804.24	-865278.305	-1015964.147	241.583
-743387.82	-1016957.55	-741011.44	-1016680.83	2488.722
-644700.4	-1050094.82	-645478.566	-1049546.01	975.182
-844751.554	-1064224.993	-847800.16	-1065492.66	3745.128
-759869.32	-1006681.27	-759269.75	-1006895.26	694.127
-759329.17	-1055975.42	-759345.19	-1056031.723	58.806
-676514.22	-1056253.98	-674462.4	-1055955.03	2149.703
-749522.02	-1004515.02	-748162.565	-1005349.258	1626.363
-745780.31	-982643.215	-745782.97	-982628.93	16.143
-699977.91	-1071763.11	-699963.086	-1071719.372	46.182
-759835.39	-1029274.97	-760052.26	-1029217.17	256.536
-738855.642	-1048756.217	-738807.796	-1048949.172	224.643
-742304.79	-1027347.65	-742912.944	-1026773.713	837.231
-696561.63	-996196.47	-697590.28	-995685.43	1374.291
-779540.85	-972090.25	-779600.3	-972100.91	60.398
-805026.8	-1019625.807	-806336.448	-1016737.023	3914.563
-701964.71	-1056572.05	-699514.43	-1057402.52	2971.629
-642347.908	-1024567.607	-642715.14	-1025985.37	1604.992
-687669.082	-1057604.876	-687693.614	-1057572.291	54.546
-731318.491	-1081395.334	-730687.99	-1081563.35	659.228
-702673.44	-997200.48	-704751.8	-996618.02	2251.37
-713993.34	-1063567.17	-714274.947	-1062350.567	1352.127
-738659.24	-985876.91	-739456.77	-984455.4	1774.401
-657273.806	-1003211.734	-660240.66	-1003312.06	4642.85
-644160.599	-1059706.294	-644185.343	-1059721.922	45.697
-730862.52	-1043140.22	-730920.508	-1043034.826	120.453
-665395.172	-1046191.379	-664103.73	-1045863.71	1412.089
-804764.793	-1009088.787	-804998.523	-1009348.06	386.251
-703635.91	-1037363.33	-702967.37	-1037506.31	686.451
-753922.75	-1045903.46	-753975.13	-1045790.96	299.945
-686113.07	-989171.44	-686094.88	-989268.7	98.951
-783644.43	-1014052.56	-783269.69	-1012154.03	1988.599
-659721.31	-1032357.81	-657536.88	-1031376.23	2418.605
-678311.67	-995246.51	-678247.19	-995262.6	67.945
-738584.083	-1048691.147	-738647.803	-1048576.402	133.998
-750585.66	-982197.15	-751081.699	-983234.876	1187.164
-733371.256	-1053884.618	-733891.89	-1053407.48	711.501
-783623.3	-991692.49	-783550.27	-991778.68	117.406
-659884.474	-1065080.258	-661510.83	-1064983.96	1657.786
-757016.2	-1032067.97	-762049.51	-1026217.24	8099.196
-872090.564	-991735.472	-865689.492	-991806.891	7995.759
-674162.497	-1089510.348	-672313.35	-1089677.56	1918.055
-646345.149	-1062385.989	-646333.375	-1062376.067	17.051
-717660.877	-1080102.827	-717887.556	-1079769.993	541.718
-792625.32	-979606.04	-792596.012	-979641.183	54.63
-696654.25	-1086644.32	-693922.137	-1084612.263	3728.746
-791846.26	-1069890.07	-791840.28	-1069934.22	44.736
-712035.9	-1041732.29	-711838.68	-1041659.91	221.953
-648218.351	-1064155.734	-648277.846	-1064324.543	179.268
-688233.261	-1086832.798	-689412.387	-1087492.913	1408.936
-785273.716	-1036927.343	-783587.85	-1031452.41	6061.754
-653666.516	-1024174.205	-653654.524	-1024225.887	53.055
-740137.48	-1011440.94	-742265.16	-1013559.67	3171.971
-764527.141	-1019209.479	-764857.312	-1020603.85	1556.228
-782508.45	-1049591.91	-781677.917	-1049785.142	903.049
-827545.17	-1070090.91	-829697.252	-1070349.003	2185.902
-666452.53	-998977.14	-666097.53	-999186.01	489.938
-825445.484	-995866.382	-822296.228	-994827.281	3453.89
-736143.428	-1010295.467	-736039.136	-1010015.649	299.189
-784706.56	-1026266.96	-784622.64	-1025930.58	353.733
-775553.045	-1033605.881	-775574.553	-1033623.234	29.973
-644945.99	-1049785.66	-644939.06	-1049741.53	45.014
-653299.13	-1023139.24	-653164.16	-1023179.49	144.582
-770212.7	-1053784.19	-770210.38	-1053816.77	36.599
-854740.22	-1011317.25	-854925.579	-1011335.927	192.88
-703259.82	-1045208.71	-702392.08	-1045953.55	1262.818
-824671.62	-1061033.041	-824668.188	-1060950.97	82.273
-861522.08	-1027500.9	-860013.131	-1026158.307	2078.438
-861926.052	-1054000.596	-861799.911	-1054303.145	392.041
-800110.031	-1046514.29	-798894.516	-1045971.325	1415.067
-773823.199	-1056068.979	-773589.565	-1055806.896	351.118
-712002.982	-1034390.585	-711242.04	-1034382.06	790.317
-761950.31	-1041800.06	-762845.67	-1041021.22	1243.745
-738085.855	-1046751.762	-738090.59	-1046668.11	121.18
-760254.55	-1018376.922	-760308.23	-1018604.28	235.139
-751637.02	-1038034.94	-752225.81	-1036646.64	1592.257
-653033.816	-1077141.936	-653997.465	-1078928.095	2459.724
-662491.9	-1039150.784	-661988.42	-1039509.63	624.655
-829963.059	-1073058.576	-829983.056	-1072969.188	103.572
-845372.99	-1063113.76	-844761.51	-1063921.26	1120.002
-804946.338	-989020.174	-804924.075	-989096.845	100.885
-848442.37	-1010351.507	-848523.626	-1010330.793	84.075
-697604.62	-999528.62	-697658.14	-999543.02	56.713
-706905.87	-1028430.1	-704198.73	-1030521.64	3484.507
-842743.14	-1009995.94	-844032.088	-1007884.776	2783.113
-705346.77	-1052287.05	-704605.586	-1052472.046	763.927
-728572.896	-1056069.171	-728573.213	-1056053.118	16.832
-712841.43	-982561.72	-711225.74	-979518.69	3556.741
-779946.4	-1012986.89	-778688.11	-1011687.44	1941.741
-672345.041	-1046919.799	-672288.39	-1046316.36	801.375
-794368.184	-1015294.909	-795607.24	-1018154.0	4277.492
-688376.03	-1000484.46	-687667.211	-1000580.893	723.288
-787980.79	-990434.66	-786921.49	-991263.0	1407.178
-733927.121	-1056517.774	-733400.347	-1056074.989	695.506
-801945.574	-1007922.918	-801505.879	-1008101.374	518.547
-789495.16	-1019934.7	-788322.62	-1018466.92	2014.653
-868550.73	-1025322.24	-868712.059	-1021790.194	3765.958
-757211.063	-1037791.513	-756885.578	-1037955.246	481.039
-838203.824	-999193.543	-836583.294	-999159.054	2341.669
-771474.379	-1001227.935	-772678.17	-999480.46	2438.088
-684413.066	-994587.854	-684461.282	-994562.374	56.576
-658306.16	-1050447.947	-658701.88	-1049611.13	1254.646
-684470.02	-993800.9	-683724.11	-993007.49	1103.123
-764258.19	-1033081.62	-763563.12	-1031604.49	1860.785
-652893.41	-1026318.93	-652273.806	-1026372.473	637.079
-846637.22	-1002556.99	-843135.49	-1000536.953	4927.357
-675285.676	-1056729.511	-675054.525	-1056705.405	236.409
-727465.293	-1006781.635	-728996.04	-1005550.439	2943.566
-880263.144	-1007673.309	-880320.311	-1006223.434	1557.319
-810964.063	-1057350.887	-809621.157	-1053842.133	4657.147
-763638.895	-976417.956	-763628.32	-976556.84	161.29
-739755.26	-1030281.81	-738145.34	-1030593.02	1748.192
-773974.94	-1077094.81	-774198.39	-1077281.62	294.381
-764637.1	-1030011.46	-765373.3	-1031314.94	1623.2
-728301.83	-1039146.96	-728504.4	-1038825.74	401.427
-830110.31	-1073052.819	-830082.597	-1073037.995	31.916
-745018.289	-1060369.947	-746377.475	-1063377.128	3699.57
-749522.02	-1004515.02	-749525.97	-1004500.69	16.684
-658843.14	-1062367.399	-661247.788	-1060001.457	3918.699
-778211.76	-1058921.72	-778137.77	-1058760.2	184.91
-791903.53	-991074.62	-791926.92	-991043.66	42.681
-756563.61	-990560.26	-756570.584	-990579.448	22.42
-715796.757	-1040254.964	-715820.768	-1040249.342	28.062
-743875.53	-1025696.44	-744322.67	-1025324.1	607.334
-833794.117	-1072679.423	-833797.667	-1072485.553	195.332
-741398.042	-1014878.314	-740567.913	-1014769.19	837.283
-747540.75	-1019621.563	-747554.85	-1019566.23	57.11
-725244.182	-978527.548	-725462.663	-978511.852	219.117
-644165.523	-1059726.601	-644160.599	-1059706.294	23.185
-700648.69	-1029373.56	-699845.446	-1030267.007	1217.814
-764548.0	-1023889.301	-764433.573	-1024042.286	191.658
-775090.288	-1043059.483	-775439.69	-1043294.95	462.661
-739048.14	-1033896.2	-739191.32	-1033635.28	297.691
-760675.221	-1052259.156	-760651.171	-1053384.15	1341.964
-747299.88	-1028248.63	-747395.28	-1027586.476	686.512
-832599.1	-1057956.73	-835407.871	-1058766.318	3287.772
-742706.84	-978617.51	-742420.28	-978651.65	289.806
-864700.48	-1059564.14	-864909.972	-1059365.861	344.287
-665902.039	-1022897.606	-664512.06	-1020715.93	2804.466
-696152.46	-1045284.59	-696115.69	-1045320.03	51.069
-739994.945	-1048588.533	-739293.69	-1047605.51	1308.122
-820036.979	-1026366.183	-819959.831	-1026300.162	131.01
-863895.585	-1041876.362	-862885.436	-1042004.846	1237.859
-678565.68	-1054345.3	-675849.46	-1054214.26	3001.15
-808494.3	-991275.362	-808335.0	-991040.78	328.505
-777701.42	-1060876.17	-778337.115	-1058982.337	2034.222
-730642.02	-1024217.53	-729694.704	-1025204.159	1442.252
-718298.05	-1057596.86	-718092.222	-1057709.63	235.573
-703348.626	-1076577.81	-702956.135	-1076208.755	539.646
-749390.03	-1020284.95	-747627.572	-1019790.469	2413.305
-735677.204	-1031198.34	-735668.52	-1031215.732	21.086
-701739.26	-1008956.69	-698314.12	-1008460.98	3751.161
-806580.366	-1062053.822	-806535.56	-1061593.257	477.938
-792631.3	-1002145.56	-793542.74	-999883.96	2744.217
-671011.67	-1048336.21	-670378.25	-1048213.313	846.063
-727784.73	-1073939.35	-727858.62	-1074147.72	221.086
-740537.23	-1069677.13	-740600.709	-1070713.525	1261.897
-757564.373	-1039753.091	-757548.021	-1039738.009	25.193
-819878.633	-1026225.081	-819884.348	-1026205.872	22.216
-761435.475	-996574.575	-761466.601	-996551.08	39.271
-733491.88	-1064878.34	-734262.605	-1065215.685	999.476
-693704.61	-1044343.74	-693574.45	-1045192.32	1175.982
-642583.084	-1075093.771	-643005.177	-1076838.307	1855.59
-865264.7	-1006922.21	-861192.21	-1005818.49	4337.071
-664626.215	-1052690.262	-664659.973	-1053339.834	657.904
-721751.87	-992468.98	-719811.36	-993031.51	2315.991
-720744.89	-1017999.41	-719458.421	-1019071.828	2036.677
-785318.801	-978173.796	-784870.45	-977006.62	1346.271
-771921.115	-1041128.653	-771785.16	-1039028.54	2364.964
-664878.977	-1059238.198	-665591.971	-1060245.276	1333.48
-824103.65	-1075094.96	-824112.13	-1074957.2	138.021
-755763.53	-1034878.28	-756553.69	-1034846.22	823.808
-802655.752	-986806.555	-802627.311	-986851.019	67.364
-887831.657	-1019223.541	-887878.164	-1019149.612	135.695
-875862.03	-1021140.17	-876112.84	-1021128.58	251.106
-799499.894	-1069937.277	-802663.404	-1071055.267	3401.525
-673016.767	-1047473.554	-673780.16	-1046991.36	1127.688
-758585.865	-1058784.774	-757140.049	-1059498.17	1715.31
-643467.953	-1062808.251	-643740.101	-1062714.823	287.779
-728591.498	-1056076.54	-729042.743	-1056568.722	672.204
-767159.847	-981022.984	-767078.49	-980952.572	109.558
-786504.24	-985626.52	-784013.34	-988230.4	3990.713
-672257.813	-1089760.551	-672247.067	-1089901.6	141.538
-741663.03	-1042064.37	-741322.22	-1041999.96	349.687
-808586.509	-1021248.665	-809115.507	-1021031.276	622.133
-640478.578	-1043279.784	-640041.2	-1044758.34	1556.849
-672432.67	-1063550.16	-673757.12	-1065065.67	2129.835
-639989.465	-1068443.161	-640719.926	-1069143.105	1048.269
-642784.249	-1071121.019	-642893.841	-1071604.898	503.813
-733927.121	-1056517.774	-733956.33	-1056531.734	36.72
-734995.56	-1025187.18	-734591.1	-1022240.55	2976.715
-772541.83	-980125.34	-772480.194	-979481.156	675.538
-842288.806	-991923.967	-842537.83	-992099.058	308.432
-859240.91	-1037850.75	-855530.25	-1036701.857	5482.992
-733678.335	-1015348.638	-733649.399	-1015348.684	32.081
-718378.04	-1017929.97	-718316.58	-1019140.73	1873.124
-648522.29	-1048170.92	-648237.49	-1048240.12	299.54
-674014.12	-1047280.44	-674679.59	-1048054.11	1032.26
-746987.53	-995071.76	-748497.66	-993196.31	2694.672
-772734.437	-1055317.123	-772072.604	-1055109.476	695.998
-724042.189	-1042852.331	-724027.637	-1042840.928	20.89
-645066.18	-1061855.84	-645901.135	-1061451.155	934.931
-752939.66	-1019805.72	-753040.459	-1019526.941	301.844
-770317.013	-1053596.458	-772370.063	-1054697.184	2389.2
-653679.07	-1024120.953	-653666.516	-1024174.205	54.712
-829800.781	-1072833.673	-828956.99	-1072259.026	1023.166
-798613.63	-1020661.06	-799422.03	-1018359.27	3817.888
-715796.757	-1040254.964	-714240.58	-1040116.44	1594.677
-650589.631	-1078457.129	-651945.4	-1078839.629	1441.882
-701015.15	-997671.7	-699748.77	-997757.04	1342.699
-736125.971	-1057023.562	-737585.966	-1057622.357	1641.482
-670303.75	-1014305.27	-668632.14	-1015097.96	1889.449
-689416.53	-1041345.84	-690988.11	-1040220.55	2057.664
-648561.92	-1095210.25	-650826.289	-1093442.774	3137.282
-799769.16	-1026441.49	-801698.213	-1026307.738	1933.841
-847022.035	-1013573.709	-847951.238	-1010723.822	4650.455
-646916.449	-1057818.684	-647774.02	-1059233.54	1712.523
-812658.25	-1072236.5	-813718.777	-1072673.812	1160.267
-709951.15	-1050590.55	-709080.19	-1051104.7	1011.424
-766277.31	-1038549.28	-766796.12	-1037801.07	912.62
-693806.39	-995922.48	-694096.634	-996623.53	1020.072
-753922.75	-1045903.46	-754080.85	-1046117.36	266.182
-781022.69	-1062431.11	-779991.27	-1060768.32	2158.874
-697633.81	-1063728.76	-697552.19	-1066062.58	2412.488
-734520.128	-1012602.924	-734527.133	-1012633.693	34.931
-869488.51	-1017847.787	-870106.383	-1018127.974	735.39
-730549.63	-1057384.57	-730701.69	-1057315.94	166.832
-700323.46	-1005801.32	-700310.18	-1005653.43	154.528
-866525.734	-1053699.208	-866204.489	-1052538.586	1290.454
-840195.47	-1031903.58	-838695.195	-1035629.537	4463.369
-805521.1	-990411.345	-805510.798	-990388.968	27.134
-759224.355	-1068507.43	-759244.033	-1068497.749	21.93
-848807.265	-1010205.507	-848739.752	-1010044.489	209.06
-764814.858	-987645.533	-767026.934	-988599.297	2590.145
-688329.48	-1023091.54	-690976.164	-1022440.541	2850.022
-822158.563	-1069502.375	-822396.22	-1069384.95	265.182
-740190.11	-1003507.66	-740158.762	-1003494.466	34.546
-812896.76	-1013097.99	-812888.94	-1012511.32	591.229
-694069.151	-1040314.036	-694182.92	-1040208.12	224.503
-813598.366	-1066082.57	-815771.685	-1067602.218	2704.787
-725693.65	-1048762.59	-725773.61	-1048589.77	191.055
-643543.881	-1062297.469	-643747.476	-1062699.874	466.398
-644939.06	-1049741.53	-644951.37	-1049697.6	46.01
-692939.02	-990204.98	-691755.48	-989824.26	1446.825
-679486.459	-1043293.085	-679258.65	-1041636.42	1743.635
-795219.54	-1011981.77	-795237.549	-1012020.629	43.199
-706833.082	-1051923.937	-705346.77	-1052287.05	1530.05
-817904.49	-1002212.89	-815260.939	-1001669.498	2914.419
-764426.058	-977139.381	-764086.605	-977019.472	387.06
-805540.33	-989168.23	-805580.55	-989185.89	64.669
-719857.435	-1084645.331	-717824.84	-1083021.34	2891.979
-770259.89	-1018648.16	-769598.02	-1020036.67	1676.075
-749465.23	-1050122.22	-749742.1	-1050014.13	340.187
-680026.004	-1086237.334	-680357.0	-1083620.75	3051.044
-702967.37	-1037506.31	-701544.95	-1038146.17	1567.377
-772551.76	-997799.62	-773932.95	-996987.53	2024.177
-842446.245	-1001920.005	-840495.22	-1001101.04	2159.823
-763051.01	-1010558.8	-762972.68	-1010383.12	195.579
-738660.45	-1001178.32	-736715.438	-999326.162	2834.852
-814570.55	-1070242.4	-813780.37	-1071218.9	1291.944
-787928.47	-977004.18	-787458.04	-976936.43	475.593
-686053.85	-993238.91	-686232.83	-993436.49	593.67
-810719.239	-1064866.097	-811922.17	-1065456.546	1709.562
-750699.369	-993068.138	-750636.83	-992905.25	174.484
-665026.707	-1061746.48	-665512.361	-1062368.242	858.709
-738778.9	-1032624.5	-740013.875	-1032677.758	1266.052
-670302.753	-1047033.774	-668266.098	-1045163.806	2835.539
-724831.883	-1065115.588	-724372.57	-1065211.67	497.859
-673551.919	-1051826.761	-673145.17	-1051190.82	763.996
-819969.08	-998246.88	-821252.392	-996441.12	2333.344
-721949.012	-1059070.728	-725145.027	-1060895.97	4140.651
-707454.24	-1021457.44	-707385.36	-1021461.53	75.612
-656675.335	-1070374.031	-657595.4	-1071887.45	1822.16
-787163.7	-989120.96	-787090.31	-989195.54	104.849
-705261.63	-1044465.61	-705583.77	-1044359.47	402.605
-722600.52	-1050767.77	-721396.0	-1052860.8	2689.569
-677687.25	-996269.53	-678247.19	-995262.6	1167.106
-826550.943	-1061782.575	-828344.886	-1060176.523	2599.371
-826558.4	-1025562.106	-826207.223	-1025611.665	359.296
-749471.42	-1026367.62	-749809.887	-1025988.112	549.293
-740880.85	-1048875.87	-740252.159	-1048828.77	647.227
-738145.34	-1030593.02	-736914.79	-1030879.55	1319.038
-839748.459	-1074640.306	-839424.901	-1075430.39	877.129
-740649.04	-1040932.12	-740981.82	-1040767.63	382.124
-743809.013	-1038461.768	-743808.587	-1038480.382	22.521
-748267.22	-1058020.13	-748323.25	-1058021.77	61.841
-733690.027	-1053341.801	-733650.642	-1053310.708	75.657
-770502.676	-1069954.578	-765579.51	-1074243.31	7112.308
-704508.11	-1057325.301	-703931.569	-1057508.405	685.431
-817251.698	-1072627.624	-817267.198	-1072637.414	20.751
-770078.492	-995111.435	-769214.1	-993589.54	1840.339
-725699.807	-1069669.236	-725612.025	-1069674.855	123.124
-656933.304	-1077510.975	-655740.759	-1079064.003	2007.574
-780328.82	-979904.55	-779922.456	-980230.417	530.298
-710766.209	-1070158.688	-710545.48	-1069947.576	997.054
-690263.36	-1056070.48	-688957.83	-1056736.91	1519.436
-813343.929	-1072387.496	-813718.777	-1072673.812	472.977
-708212.788	-1085402.243	-708393.03	-1085245.969	264.927
-766189.5	-1076373.07	-772310.27	-1081676.44	8312.652
-662554.79	-1022817.848	-662153.77	-1022912.68	413.843
-714992.26	-1064696.34	-713993.34	-1063567.17	1569.073
-776525.65	-975733.18	-776481.04	-975542.86	230.161
-823868.38	-1013022.22	-824394.555	-1013845.961	1111.558
-718188.94	-1031888.47	-717993.595	-1033135.318	1262.13
-752759.25	-1037250.66	-752930.2	-1037432.22	268.643
-760815.72	-976474.535	-760837.709	-976497.676	34.058
-640719.926	-1069143.105	-639886.92	-1069374.095	1086.074
-864299.585	-1043361.079	-864330.796	-1043368.391	32.056
-724303.808	-1063006.377	-722713.49	-1064471.921	2279.052
-821832.261	-1069947.466	-820611.661	-1069858.811	1235.896
-666179.303	-1087368.634	-666976.85	-1084987.33	2811.472
-855562.12	-1009290.98	-854887.4	-1011083.73	2160.218
-784700.689	-1007690.017	-784697.145	-1007708.705	20.003
-787970.43	-1063151.69	-787590.19	-1062308.66	952.643
-708596.11	-1049854.13	-708564.782	-1048502.058	1398.566
-798366.93	-999644.1	-798425.685	-999791.675	160.782
-792232.22	-1046092.91	-791408.81	-1045872.74	855.574
-767014.699	-983745.344	-765863.485	-983721.005	1224.42
-858749.02	-1009317.91	-861061.81	-1008985.666	2632.902
-696604.529	-1081439.528	-695521.784	-1081674.409	1146.535
-754070.889	-1046354.239	-754124.329	-1046418.054	92.005
-737630.74	-984117.39	-736684.973	-985093.694	1404.888
-817287.37	-1070532.94	-817346.88	-1070461.227	99.213
-725845.5	-1038792.9	-726016.3	-1037837.02	1001.529
-671462.93	-994729.683	-671452.788	-994742.089	16.544
-707983.12	-1065331.4	-707013.649	-1066206.357	1351.569
-783934.565	-977004.164	-784870.45	-977006.62	978.668
-706480.287	-1083116.055	-705224.412	-1082573.949	1388.859
-649047.638	-1047670.39	-648357.04	-1047628.54	695.917
-889507.769	-1016414.484	-888826.21	-1016921.504	902.789
-731057.466	-1050887.188	-727294.932	-1054418.92	5452.313
-659267.448	-1021680.819	-658912.297	-1021936.138	475.904
-819264.862	-1075594.778	-819281.972	-1075718.149	126.975
-762800.511	-973664.528	-762740.32	-973602.78	113.104
-773249.142	-978438.85	-773237.107	-978438.398	12.452
-852941.13	-1003389.92	-850259.53	-1002106.96	3248.597
-703355.628	-1047922.307	-704737.523	-1048621.589	1720.001
-787615.208	-989710.969	-787424.51	-989781.65	230.756
-641294.357	-1074313.305	-641307.625	-1073543.848	812.993
-690459.05	-1018887.38	-690397.806	-1020396.222	1600.995
-676418.41	-999892.37	-675241.22	-1000267.97	1346.733
-744530.99	-1048990.456	-744457.86	-1048976.82	79.267
-727397.58	-1033927.5	-724852.45	-1034098.14	2590.195
-689576.86	-994911.26	-686915.85	-993725.67	2933.597
-708524.63	-1046732.8	-707509.96	-1045530.05	1603.631
-675640.02	-1070644.17	-675298.665	-1071534.53	973.146
-740185.497	-1055522.067	-740126.039	-1055086.99	958.373
-809128.779	-1074842.045	-807261.441	-1077681.501	4593.08
-825412.87	-1058791.226	-826137.341	-1057679.481	1443.02
-748055.993	-984815.748	-748228.245	-984805.298	173.246
-655730.76	-1022583.71	-656153.82	-1021977.87	756.887
-745964.069	-1053779.076	-745951.264	-1053740.124	41.055
-753877.82	-1066653.36	-752258.777	-1068963.017	3355.065
-760789.082	-981676.851	-760499.83	-982699.16	1105.501
-651162.811	-1092883.23	-651799.729	-1090349.683	2773.652
-819693.42	-1074553.76	-819732.27	-1074394.07	173.903
-660641.29	-1076203.42	-660136.76	-1076192.93	521.603
-743525.683	-1024934.562	-743547.913	-1024927.2	25.936
-757583.917	-1052823.372	-758171.547	-1053690.762	1115.689
-759716.49	-970904.67	-759887.37	-972841.89	2196.266
-668447.737	-1026624.005	-668596.42	-1026512.986	189.301
-691534.38	-1027957.92	-689380.018	-1029127.238	2632.413
-737250.813	-1035813.563	-737490.74	-1035633.23	300.302
-829965.826	-1060342.269	-829788.412	-1060553.525	276.096
-779356.136	-988610.229	-779121.43	-989023.46	510.334
-760586.316	-1021465.402	-761076.54	-1020198.18	1388.279
-779918.002	-983002.261	-779881.856	-982902.461	120.873
-780799.07	-998071.35	-780287.5	-995623.64	2776.239
-816857.025	-1037346.024	-817594.573	-1036995.655	923.624
-645244.928	-1060424.71	-644185.343	-1059721.922	1274.274
-754124.329	-1046418.054	-754294.301	-1046395.686	171.48
-743918.15	-1021441.07	-743779.81	-1021375.72	159.402
-779922.456	-980230.417	-779381.15	-979709.15	816.574
-811094.85	-992035.86	-810863.52	-992009.87	235.179
-774118.63	-1065131.66	-773836.33	-1065074.73	289.392
-681644.438	-1064569.375	-681376.088	-1064537.425	270.255
-687619.14	-1008415.69	-687171.65	-1008606.97	487.646
-811490.408	-1036375.623	-811223.903	-1036708.357	442.506
-876248.094	-1021616.472	-876236.391	-1021602.8	19.0
-760736.63	-1031935.29	-759470.21	-1031669.35	1346.813
-753616.119	-1045385.081	-753727.9	-1045596.83	240.317
-761019.6	-1062391.89	-762262.08	-1062353.09	1374.256
-822661.746	-1066512.685	-822200.559	-1065744.456	902.831
-772010.09	-974008.95	-771589.277	-973799.939	469.864
-764366.745	-1004081.947	-764623.63	-1001464.13	2756.627
-838923.649	-993377.246	-835716.726	-990384.662	5540.29
-859400.19	-1012778.21	-859427.814	-1012787.461	31.569
-758956.4	-1035015.73	-760255.56	-1034967.11	1316.023
-683965.035	-1071510.03	-685086.342	-1072947.949	1895.024
-678978.25	-1073020.88	-681819.424	-1075513.693	3903.606
-704510.52	-1016457.09	-704080.94	-1018633.22	2218.531
-726561.98	-1072141.25	-726496.4	-1072033.33	128.668
-742811.99	-976078.34	-741544.581	-976482.751	1388.001
-795673.01	-1028932.49	-795102.787	-1028956.598	584.648
-806165.628	-1044338.021	-804849.234	-1045543.833	1947.946
-753040.459	-1019526.941	-752007.346	-1018911.755	1232.089
-668752.667	-1067421.221	-667043.204	-1067308.969	1813.99
-688769.71	-1008043.16	-687619.14	-1008415.69	1300.848
-858880.97	-1012255.26	-859395.01	-1012018.42	590.374
-814788.862	-1065223.28	-813476.993	-1065953.547	1689.958
-800076.476	-1021913.816	-800161.702	-1023518.787	1756.296
-858316.24	-1008677.03	-857617.02	-1008873.03	727.952
-737060.725	-1070363.495	-734125.148	-1068801.398	4437.191
-738150.745	-1085874.268	-738253.96	-1085565.87	360.293
-645475.79	-1042722.862	-645678.184	-1042706.549	203.084
-735879.16	-989987.13	-736287.503	-989378.611	757.462
-764234.519	-975925.19	-764454.035	-977118.755	1280.623
-739376.2	-1047664.69	-739456.84	-1047650.3	100.919
-714409.72	-1045048.01	-714320.133	-1045224.548	198.972
-644328.519	-1038041.66	-644892.875	-1038839.148	982.888
-648462.99	-1018258.48	-649246.15	-1014449.91	4171.781
-711054.399	-1025067.317	-711277.73	-1024644.39	499.982
-741521.63	-1042009.24	-741507.759	-1041996.034	19.152
-831028.103	-1064975.89	-833176.461	-1061835.712	4186.685
-793349.32	-1072590.22	-793329.19	-1072623.79	39.143
-738742.718	-1048731.333	-738774.46	-1048789.538	66.298
-682263.2	-1045314.88	-682386.51	-1045201.04	171.439
-795889.11	-1075753.77	-795488.087	-1076319.696	728.018
-701746.877	-1012354.194	-701654.7	-1012344.5	119.394
-741364.58	-1001918.11	-740559.251	-1001796.456	825.94
-768538.32	-1082897.61	-767940.059	-1080699.253	2463.956
-655096.03	-1054199.71	-655189.404	-1051871.198	2350.181
-761348.047	-1083662.227	-761333.416	-1083704.626	6724.675
-805046.157	-988856.915	-805166.54	-988816.775	126.9
-765159.83	-1037765.08	-765174.24	-1037748.31	27.064
-718653.77	-1004325.26	-719197.733	-1004911.061	801.682
-719738.436	-1066678.565	-717942.7	-1065613.26	3290.976
-783554.64	-1066015.71	-785537.256	-1068426.964	3788.645
-793187.14	-1052087.32	-791576.552	-1052055.955	2241.91
-803296.964	-1079135.312	-803608.21	-1077857.96	1339.055
-848703.204	-1010018.227	-848631.622	-1009970.503	86.064
-686056.885	-993614.347	-686065.342	-993601.918	17.573
-824983.948	-1067325.925	-824874.679	-1067330.845	125.701
-756148.73	-993317.52	-756164.6	-993304.1	22.99
-731834.33	-1029703.1	-730954.25	-1028290.05	1691.374
-688414.053	-1061323.311	-689233.07	-1061404.75	823.148
-753494.85	-1045784.36	-753645.24	-1045631.4	247.663
-733117.23	-1056173.189	-732788.99	-1056914.48	911.862
-659467.018	-1008866.672	-659370.678	-1008787.28	126.276
-781142.37	-1024346.29	-781818.55	-1022920.8	2668.825
-799321.21	-1056571.07	-797022.73	-1056600.4	2867.534
-689070.72	-1043744.36	-689389.55	-1041615.82	2277.787
-665628.1	-1030560.71	-665257.477	-1030252.494	493.912
-771030.72	-982739.75	-771284.976	-982536.094	328.873
-845238.05	-1031751.382	-845230.462	-1031772.156	22.116
-728821.533	-1061055.103	-728835.734	-1061059.869	15.747
-762901.1	-1072249.81	-763306.519	-1072853.719	733.849
-851262.609	-1068848.27	-850124.003	-1069427.642	1421.658
-772075.41	-980658.1	-771050.13	-979400.91	2112.343
-736667.864	-983719.336	-736662.005	-983697.37	24.953
-660136.76	-1076192.93	-660054.538	-1076258.042	114.945
-802503.633	-986813.347	-800155.86	-986999.15	2355.388
-769681.56	-980106.11	-770761.02	-979548.54	1220.817
-775549.611	-1033649.768	-775531.069	-1033630.147	29.128
-884923.621	-1017017.813	-883593.847	-1017580.316	1514.367
-747432.66	-989582.63	-746740.18	-989425.29	710.224
-680625.78	-989592.65	-680409.556	-989585.247	253.063
-702516.565	-1010261.375	-702320.32	-1009965.34	357.928
-854461.66	-1011514.51	-854389.39	-1011463.21	94.711
-802646.786	-1001873.885	-802728.095	-1001775.969	142.216
-774305.718	-1021278.4	-772252.958	-1022494.152	3047.407
-687136.67	-1063104.96	-686757.612	-1063015.078	425.165
-752954.53	-1020913.44	-752939.66	-1019805.72	1112.313
-746255.238	-1054054.79	-746258.323	-1053932.187	274.969
-755522.83	-1026223.0	-757717.93	-1027868.5	2892.405
-858578.479	-1008620.268	-858585.0	-1008652.824	48.807
-656801.134	-1030373.695	-654803.713	-1030631.429	2198.232
-807285.49	-1049727.11	-805954.77	-1050242.381	1460.215
-734158.512	-1053815.078	-734169.2	-1053825.2	18.387
-674341.034	-1057156.147	-674324.159	-1057175.819	41.631
-762669.225	-1039851.164	-763334.63	-1040409.66	1113.034
-667480.93	-1001337.08	-667061.9	-1000843.75	691.907
-761057.6	-994731.297	-760994.984	-994698.074	70.896
-770867.87	-1069625.34	-770855.944	-1069628.976	12.468
-800201.947	-1016933.534	-801018.693	-1015691.9	1537.104
-704681.19	-1057271.49	-704508.11	-1057325.301	183.838
-728506.95	-1073027.45	-726561.98	-1072141.25	2201.079
-807794.895	-1027397.361	-807838.519	-1027990.408	605.359
-711034.162	-1025892.359	-710918.126	-1025929.913	131.042
-807540.755	-1025200.449	-807658.49	-1025137.54	136.586
-725002.733	-1065593.652	-724960.719	-1065516.106	95.082
-742587.308	-1046018.625	-742598.169	-1046020.775	11.072
-704510.64	-1009921.67	-705461.23	-1010278.36	1760.22
-825818.437	-1025475.499	-825922.287	-1025476.985	103.861
-758683.014	-992295.674	-759610.273	-992559.043	989.167
-736400.99	-999479.99	-735413.22	-997578.31	2923.819
-750680.81	-1076644.15	-750625.795	-1076596.379	73.909
-671373.9	-1036765.69	-669365.819	-1036227.712	2308.494
-734107.342	-1075541.778	-735898.12	-1075663.65	2006.935
-716176.26	-1010552.6	-712227.415	-1015535.067	7186.511
-818573.03	-999187.48	-819049.11	-999147.84	485.755
-729182.59	-1029441.25	-727808.632	-1030578.645	1789.05
-749668.16	-1075819.72	-749577.765	-1073879.55	2551.565
-812888.94	-1012511.32	-812883.77	-1012420.54	91.071
-819154.25	-1074883.36	-819693.42	-1074553.76	633.702
-742076.679	-1057054.113	-742063.155	-1057057.881	14.794
-849431.22	-1002496.71	-849442.97	-1002464.87	40.541
-727029.82	-1054875.525	-727335.155	-1055066.018	360.153
-869924.911	-1037581.435	-870010.123	-1037498.621	118.824
-875917.834	-1018665.126	-874197.908	-1018506.375	2262.845
-763505.9	-1033868.07	-763339.8	-1034082.64	278.339
-813432.107	-1071990.126	-813725.859	-1071652.505	447.526
-740088.274	-1048662.678	-740263.048	-1048539.176	214.282
-829024.303	-985564.954	-828983.675	-985529.775	57.846
-703330.28	-1089018.46	-702989.2	-1089128.57	358.717
-641685.442	-1075561.728	-641294.357	-1074313.305	1334.463
-825097.083	-1064708.498	-824075.44	-1066292.55	1911.181
-715946.22	-1057343.1	-715066.692	-1057435.978	888.395
-818981.927	-1075199.379	-819154.25	-1074883.36	383.075
-699475.68	-1000254.35	-699353.635	-999914.512	403.694
-870636.715	-999067.61	-867678.05	-998459.66	3572.677
-797346.87	-1064462.71	-795679.997	-1064193.145	1827.024
-814806.03	-1011991.35	-816751.369	-1010628.466	3356.533
-721756.482	-1032562.996	-721976.964	-1032677.576	254.167
-646819.494	-1068479.874	-646648.193	-1068574.051	195.482
-674573.09	-1067736.05	-673976.137	-1069265.756	1653.959
-753521.58	-1045244.16	-753503.25	-1044967.41	278.506
-649575.23	-1031531.19	-649898.54	-1031791.11	414.898
-727815.05	-1083942.25	-729935.223	-1083577.678	3030.294
-760452.39	-1052233.11	-760611.745	-1052040.79	311.427
-869924.911	-1037581.435	-869916.774	-1037512.068	82.629
-764947.994	-1011560.44	-764886.883	-1011569.505	63.771
-807022.055	-996238.78	-802539.96	-998661.72	5198.944
-718092.222	-1057709.63	-716966.12	-1059997.85	3794.278
-769111.6	-1007999.37	-768260.833	-1007314.323	1099.639
-691979.36	-989142.98	-690753.69	-988616.63	1627.894
-693617.036	-1085212.682	-693471.355	-1086672.673	2278.944
-771778.16	-1003400.94	-771139.03	-1003724.68	788.954
-673780.16	-1046991.36	-674130.7	-1047102.27	379.076
-693305.03	-1004407.28	-694177.33	-1002782.15	1848.099
-673863.231	-1030835.681	-673352.86	-1032759.32	2136.445
-673303.995	-1012046.221	-673103.375	-1012159.25	230.279
-653812.476	-1023484.643	-653437.442	-1023375.294	390.661
-690355.329	-995681.431	-690314.82	-995625.48	69.081
-793857.24	-1066268.77	-794692.01	-1067810.067	1768.202
-847170.479	-1007441.499	-846072.799	-1007934.831	1370.298
-710920.578	-1035454.223	-711242.04	-1034382.06	1156.847
-813422.626	-1072143.35	-813320.04	-1072261.68	158.378
-692480.86	-1046486.89	-692358.68	-1046574.8	157.525
-677503.27	-996654.83	-680910.023	-998142.572	5179.855
-885481.877	-1015697.164	-885460.917	-1015775.731	81.65
-657774.214	-1064956.032	-657761.727	-1064862.846	94.028
-646257.99	-1035696.78	-645953.826	-1035165.121	649.052
-647875.307	-1027737.863	-648220.07	-1027573.9	414.957
-689790.54	-1015301.08	-687384.526	-1016486.276	3350.889
-678419.702	-991168.547	-678624.99	-990974.629	288.653
-811223.903	-1036708.357	-810812.074	-1036876.588	453.042
-696522.08	-1001091.07	-696674.938	-1001265.563	231.983
-741735.77	-987581.701	-742927.19	-985833.76	2178.865
-704866.76	-1061699.46	-703392.676	-1059769.677	2524.561
-643499.44	-1034658.75	-641922.82	-1033394.04	2153.73
-857682.671	-1066757.76	-860889.384	-1066222.927	3366.794
-844281.09	-1007844.36	-844496.82	-1006056.77	2235.1
-744957.53	-1008093.73	-744236.42	-1009120.34	1271.407
-847289.002	-1070296.975	-847461.853	-1070382.288	199.876
-712989.358	-1057493.433	-712627.804	-1058483.095	1067.047
-640946.109	-1062588.507	-639871.678	-1063200.061	1449.353
-874312.717	-1007284.93	-873415.431	-1004544.129	3221.509
-711292.841	-1012313.368	-711918.85	-1011810.7	805.348
-677619.43	-1058850.1	-677505.54	-1057711.0	1317.437
-767138.17	-980622.421	-766953.473	-981111.047	751.304
-746249.934	-999007.937	-745202.35	-996460.85	3088.18
-754771.353	-1047530.553	-754779.968	-1047520.095	15.539
-756634.32	-999950.65	-757186.395	-999324.849	848.341
-741081.32	-1061607.38	-741460.669	-1058925.122	3289.2
-725860.458	-1083649.246	-724274.98	-1081959.74	2748.096
-765278.81	-985166.48	-765950.851	-985926.107	1058.74
-728376.395	-1025974.213	-727802.84	-1023207.34	2918.108
-740189.09	-1055208.574	-739933.37	-1055698.36	844.458
-822397.442	-1068849.655	-822523.291	-1068631.884	254.26
-800110.031	-1046514.29	-800393.896	-1046174.13	455.348
-668682.99	-1092390.839	-668640.97	-1092650.74	316.271
-658011.731	-1080796.942	-657094.999	-1080603.56	975.792
-687696.8	-1010183.68	-687771.26	-1010935.02	766.015
-766913.952	-1052125.544	-768841.781	-1052658.302	2026.608
-733329.33	-1042060.1	-733405.4	-1042025.81	83.441
-702320.32	-1009965.34	-702190.758	-1009785.457	222.549
-789709.144	-1064199.061	-789574.91	-1064106.02	169.503
-683038.65	-1012391.7	-681800.77	-1011449.95	1840.458
-749402.86	-1012697.61	-749552.75	-1012219.86	500.719
-801758.959	-1048034.473	-804069.414	-1048124.188	2831.787
-737520.52	-1039020.19	-737699.125	-1039070.813	230.788
-749112.72	-1053953.78	-750796.39	-1054270.21	1937.838
-711225.74	-979518.69	-710258.205	-978109.679	2335.988
-728238.84	-1027416.73	-728376.395	-1025974.213	1451.608
-794479.43	-1042272.98	-796386.26	-1042773.31	2169.941
-757206.81	-969692.0	-757309.065	-969631.656	255.422
-787374.96	-1062889.98	-786314.85	-1063861.96	1582.971
-759094.45	-1068657.76	-756880.218	-1065422.555	4052.941
-751353.632	-1060553.196	-751262.25	-1060150.06	441.648
-746258.323	-1053932.187	-746013.188	-1054135.162	318.272
-659042.13	-1085714.88	-660644.73	-1082561.32	4259.039
-802871.193	-986653.772	-802860.579	-986687.947	47.778
-690223.07	-997143.8	-690215.99	-997210.744	67.51
-751459.03	-1041048.354	-751550.16	-1040812.85	259.037
-773059.94	-1031306.33	-773146.172	-1031233.812	112.672
-725001.818	-1067251.493	-724969.71	-1067325.084	86.896
-873787.501	-1008866.41	-874032.452	-1008795.661	262.759
-679247.175	-1087907.718	-680026.004	-1086237.334	2045.363
-672609.87	-1068687.87	-672661.78	-1068657.88	59.959
-769396.62	-980211.07	-768945.24	-980157.05	455.671
-723084.786	-984234.215	-726406.08	-983408.89	4060.402
-781250.658	-985708.254	-780519.769	-983807.611	2078.052
-863828.17	-1026295.33	-862138.977	-1025229.767	2169.336
-702142.2	-1009771.98	-702192.06	-1009742.2	79.502
-644095.23	-1021816.32	-643453.965	-1020103.131	2413.653
-799287.83	-1001381.43	-802057.3	-999091.98	3807.992
-708112.032	-1070038.448	-708783.763	-1071503.143	1778.38
-806461.386	-1072628.937	-806461.312	-1072615.239	15.07
-801122.233	-1042749.785	-800845.07	-1040057.81	2949.478
-885102.897	-1016857.919	-884923.621	-1017017.813	248.224
-779548.5	-1080217.57	-782291.96	-1079148.93	3045.473
-825240.835	-1064319.423	-825097.083	-1064708.498	415.18
-864362.282	-1016657.851	-865130.137	-1016067.314	1011.403
-731693.313	-1055903.791	-731557.09	-1056137.15	270.78
-642136.07	-1059290.71	-641830.694	-1058978.996	443.268
-772075.41	-980658.1	-772332.79	-979864.87	952.814
-696549.32	-1013687.83	-695212.53	-1017529.26	7328.065
-815304.577	-1028287.612	-817960.152	-1028163.25	2789.766
-737154.375	-1038631.313	-736873.15	-1038074.36	625.727
-697845.08	-1024251.81	-697320.24	-1023642.9	1001.694
-648566.084	-1065178.916	-647915.562	-1066970.75	1949.328
-821382.33	-1027097.97	-822878.48	-1028293.28	2050.17
-734081.86	-980868.34	-731701.37	-980759.98	2465.498
-708524.63	-1046732.8	-708095.34	-1046824.52	464.031
-779507.38	-1077682.8	-782323.51	-1079136.2	4037.533
-776666.55	-975479.07	-776457.57	-975926.16	494.298
-669109.184	-1010833.617	-668900.263	-1010304.089	569.386
-751454.25	-1041126.938	-744488.19	-1041311.68	7033.229
-775167.6	-1015207.98	-774963.8	-1017368.62	2997.343
-784878.66	-1007574.2	-786539.735	-1007070.139	1751.756
-648327.05	-1036020.26	-645846.83	-1036798.13	2712.13
-787221.94	-989369.96	-787060.19	-989261.78	194.709
-809822.205	-1004207.396	-809767.319	-1004181.139	64.479
-791151.273	-987552.659	-790965.977	-987948.854	448.841
-856042.08	-1020233.6	-857821.396	-1017685.681	3275.942
-697195.262	-1038979.307	-697904.966	-1041996.604	3138.399
-742129.808	-1080899.379	-745272.24	-1081404.02	3281.455
-679399.801	-1079914.55	-679368.474	-1080256.883	356.01
-751669.33	-1007020.21	-751695.64	-1006990.75	40.114
-751860.75	-1007434.16	-751827.94	-1007443.5	34.664
-763147.8	-1010545.38	-763051.01	-1010558.8	98.193
-668332.53	-1025413.37	-668306.47	-1025376.41	45.465
-671859.83	-999802.66	-670055.86	-1000818.7	2123.104
-657595.4	-1071887.45	-657418.496	-1072252.147	749.697
-718430.87	-1007597.36	-718702.93	-1008044.22	602.077
-658954.63	-1042252.27	-660036.46	-1041105.61	1665.016
-834017.16	-1072558.02	-840004.527	-1070667.351	6692.927
-643453.965	-1020103.131	-643393.56	-1020051.71	79.858
-824027.093	-1021446.928	-825205.903	-1022313.492	1754.123
-745098.936	-1048384.833	-749450.96	-1050111.98	5160.845
-730477.06	-1043448.93	-730506.49	-1043283.22	168.311
-711292.841	-1012313.368	-711131.66	-1011675.56	1072.249
-741552.15	-1064581.77	-742239.83	-1065297.46	1009.393
-746585.71	-1053649.2	-749703.59	-1051448.73	4270.571
-683582.63	-994793.68	-683211.26	-994632.66	406.122
-714104.234	-1058377.424	-713461.529	-1057701.511	965.259
-759592.03	-1029256.06	-759835.39	-1029274.97	246.1
-779014.383	-981884.226	-778989.21	-981896.88	28.175
-701519.75	-1012381.313	-701362.057	-1012418.346	161.983
-788144.53	-1012423.94	-788459.966	-1013937.498	1863.609
-887784.316	-1012581.551	-889453.857	-1014761.091	3003.99
-766311.67	-980211.76	-766766.386	-980503.856	543.654
-669365.819	-1036227.712	-668782.662	-1036107.387	598.002
-647866.94	-1037895.92	-646485.39	-1037826.33	1601.664
-644527.52	-1038188.014	-644574.533	-1038186.069	47.376
-847461.853	-1070382.288	-857573.863	-1066733.292	11189.997
-834476.86	-1034461.395	-835436.002	-1033713.723	1226.84
-757602.79	-971436.4	-757820.929	-971443.006	228.303
-712793.96	-1009995.02	-711918.85	-1011810.7	2146.478
-740286.062	-1067041.588	-740886.277	-1067628.7	893.199
-710944.524	-1025605.087	-710947.454	-1025580.954	31.34
-773039.903	-1027849.428	-773101.66	-1027226.3	646.683
-744769.542	-981619.002	-744994.012	-981390.69	423.799
-727802.84	-1023207.34	-728209.958	-1022949.572	482.736
-730634.055	-1076690.313	-730242.39	-1077387.21	807.502
-688277.3	-989840.08	-686974.19	-990374.36	1557.829
-649434.39	-1031417.11	-649575.23	-1031531.19	181.251
-741640.709	-1042597.162	-741506.63	-1042461.87	797.753
-667768.771	-1055949.579	-665556.808	-1056922.381	2521.676
-808621.52	-991377.83	-808471.63	-991328.41	246.736
-778945.801	-1029679.128	-778803.67	-1029766.5	174.419
-842414.62	-1068541.16	-842300.635	-1068760.687	259.07
-758959.408	-996318.164	-756485.88	-996910.85	2681.971
-698814.062	-1012645.207	-698831.482	-1012630.365	25.184
-753649.53	-976729.2	-753333.535	-979268.124	2894.048
-661522.78	-1043425.9	-661002.806	-1043241.153	583.825
-785863.25	-1013207.41	-785849.91	-1013090.69	121.171
-727373.78	-1001091.72	-727329.243	-1001120.375	53.143
-761459.77	-1049754.57	-762550.42	-1050258.3	1235.74
-709859.31	-1013013.28	-709548.831	-1013318.313	457.862
-756216.449	-1043874.105	-756259.96	-1043181.71	736.112
-881536.443	-1014161.893	-882642.087	-1015832.189	2096.329
-640361.277	-1057046.56	-640025.74	-1055326.843	1752.534
-693806.39	-995922.48	-694006.079	-995200.362	792.546
-693818.89	-1055083.13	-691882.63	-1055588.49	2003.232
-650947.633	-1072394.133	-652212.116	-1071839.695	1401.29
-690988.11	-1040220.55	-690126.81	-1039073.55	1475.86
-795656.41	-1004109.75	-794506.51	-1004011.49	1173.781
-847235.691	-1007495.607	-848826.603	-1006137.521	2197.977
-776845.82	-1057733.48	-776968.747	-1057934.746	268.53
-833891.103	-1071345.312	-833948.712	-1071199.905	353.822
-686476.08	-990166.38	-686512.37	-990518.63	354.19
-671795.61	-1060828.448	-669423.182	-1060972.228	2447.728
-887150.256	-1006146.517	-887155.508	-1006158.106	13.694
-672120.642	-1089643.44	-671275.98	-1092124.2	2663.745
-791434.04	-1034401.32	-791767.762	-1034268.061	359.532
-828657.82	-1075487.98	-829926.46	-1075626.49	1287.193
-700438.95	-1088340.9	-700441.78	-1088317.93	24.093
-761729.69	-1057200.32	-759329.17	-1055975.42	3978.07
-819160.85	-1074892.36	-818876.91	-1074880.42	1016.741
-792028.132	-986651.745	-791823.188	-986770.938	243.759
-697181.498	-1087404.295	-697605.124	-1088095.737	1228.733
-776022.78	-978391.97	-776164.42	-977575.59	840.266
-682430.78	-1018853.25	-681529.022	-1022174.331	3975.072
-856995.99	-1007466.21	-856520.89	-1006898.548	768.1
-752438.699	-1038144.74	-752145.81	-1038511.65	469.516
-671795.61	-1060828.448	-673489.357	-1059464.553	2747.939
-684053.62	-1032015.32	-683820.559	-1032132.705	308.311
-819069.756	-999150.362	-819049.11	-999147.84	22.697
-644522.792	-1078228.107	-643295.63	-1079918.169	3107.482
-700885.09	-1064746.32	-701583.21	-1066071.1	1622.859
-854549.78	-1038901.8	-852656.05	-1038915.62	1995.814
-752483.391	-1077454.372	-753544.297	-1078888.772	1890.051
-688698.887	-1043756.642	-687528.37	-1043792.04	1171.79
-845669.45	-1007913.1	-845775.84	-1007964.6	118.2
-753717.24	-1030695.05	-753336.78	-1029263.22	2063.274
-764623.63	-1001464.13	-762872.288	-999971.451	2555.816
-758024.031	-1040462.154	-757947.029	-1040305.397	176.191
-854281.48	-992394.52	-854712.44	-992471.85	437.938
-730063.5	-1083120.83	-731000.5	-1084154.49	1479.978
-734378.01	-1013701.963	-734280.716	-1013780.281	125.954
-803594.969	-1011418.323	-803671.697	-1011987.269	590.422
-652077.08	-1016925.91	-651393.89	-1017218.95	743.449
-721515.93	-1016968.04	-720785.16	-1016735.96	845.501
-779039.88	-1014928.06	-779191.24	-1014972.48	160.879
-801452.53	-1076304.46	-802769.264	-1075821.103	1461.961
-763429.67	-977100.61	-763754.5	-977158.688	331.448
-704769.23	-1071747.73	-705005.65	-1072665.03	1005.751
-712046.546	-1006565.202	-712394.631	-1007056.945	609.211
-751544.04	-1040573.99	-752070.68	-1038599.17	2093.523
-748374.24	-1028407.63	-748350.67	-1028308.63	101.769
-710303.846	-1051630.394	-709849.16	-1052104.16	676.165
-750021.242	-1005725.692	-750010.571	-1005717.902	13.661
-791147.957	-1033581.961	-791139.94	-1033601.8	23.981
-685366.11	-1014977.7	-684786.33	-1015128.74	618.353
-653645.72	-1010375.37	-653289.56	-1010452.73	389.349
-874060.667	-995595.356	-876160.187	-992838.813	3748.228
-655915.64	-1010865.18	-655262.94	-1011065.55	689.464
-817267.198	-1072637.414	-819336.57	-1071831.53	2251.631
-659290.395	-1054466.073	-659564.47	-1054034.521	521.743
-827877.321	-1041525.222	-828137.112	-1042932.596	1465.881
-778166.761	-980439.448	-777834.01	-980181.6	420.966
-753550.831	-1045351.972	-753486.91	-1045306.78	83.858
-749347.726	-1004401.908	-749350.147	-1004412.107	12.39
-808223.01	-991554.91	-808214.44	-991501.83	68.141
-719056.33	-1041002.22	-717595.02	-1042830.33	2451.662
-731697.787	-1086019.632	-731823.631	-1086799.071	804.386
-670102.2	-996675.926	-671452.788	-994742.089	2783.931
-701438.597	-1012158.402	-701568.13	-1012234.63	151.403
-763277.081	-977146.599	-761907.571	-976770.73	1430.411
-757859.17	-971476.34	-757897.741	-971877.005	436.873
-844061.86	-1004805.8	-843965.27	-1003002.31	2294.339
-681547.55	-1054896.15	-679172.1	-1053437.78	2868.864
-766442.505	-972340.414	-765938.858	-970332.9	5688.587
-859409.09	-1043331.37	-863519.187	-1044414.338	5154.199
-745795.512	-982630.319	-746750.122	-981687.967	1415.744
-698038.13	-1031923.59	-697822.59	-1034061.34	2207.772
-734699.83	-1045946.208	-731057.466	-1050887.188	6196.475
-767180.05	-980595.401	-767241.0	-980439.39	179.746
-678537.852	-989497.714	-678701.39	-989733.15	3073.006
-648762.2	-1029133.73	-647779.42	-1029670.83	1180.722
-755344.83	-1071368.742	-754847.44	-1070690.26	874.147
-784379.863	-1006932.783	-784355.32	-1006965.74	43.049
-746130.65	-999990.9	-746249.934	-999007.937	1020.988
-787208.275	-1066172.509	-788287.5	-1065353.53	1688.134
-754086.46	-996755.94	-753595.4	-994051.75	2792.308
-691963.5	-1070968.111	-688454.182	-1070263.786	3874.118
-819903.121	-1026210.436	-820237.415	-1025735.818	593.826
-705605.06	-1036556.55	-703635.862	-1037189.932	2112.798
-767399.782	-1024261.277	-767372.422	-1024243.024	32.89
-774310.46	-1006853.04	-773879.42	-1006095.68	884.134
-723723.65	-1036423.04	-723878.43	-1036574.34	216.464
-658812.188	-1094158.133	-656632.919	-1092332.619	3188.164
-794397.695	-1023702.711	-792498.23	-1026614.33	3718.934
-792004.99	-1012400.74	-793309.705	-1013657.208	1914.499
-832504.574	-1028511.063	-832911.048	-1027494.357	1134.553
-797706.25	-1070400.74	-797324.339	-1071693.987	1456.431
-679690.661	-1023594.594	-679069.798	-1023497.251	628.456
-826213.02	-1052725.02	-827341.07	-1052243.08	1316.93
-778126.39	-1049842.83	-777218.53	-1048643.03	2042.405
-854740.22	-1011317.25	-854800.89	-1011123.46	205.345
-766233.713	-972616.784	-766626.437	-972314.671	516.343
-746339.26	-1055479.06	-746269.1	-1055406.65	119.137
-844330.373	-1033732.859	-841667.02	-1034790.51	3595.375
-825532.634	-1016158.117	-825723.42	-1016329.95	262.638
-727690.78	-1068634.18	-726648.74	-1068045.3	1264.803
-690475.514	-993524.549	-689507.87	-993288.37	1002.238
-795330.43	-1055353.6	-793331.332	-1053364.365	3281.246
-779356.136	-988610.229	-777842.114	-985595.75	3507.27
-783086.29	-1007065.1	-783050.58	-1007080.54	38.905
-772932.614	-1055580.24	-773333.358	-1056036.651	610.212
-830057.621	-1024759.739	-830319.0	-1023231.16	1664.171
-743808.587	-1038480.382	-743792.838	-1038469.445	23.692
-821898.958	-1062434.179	-822102.87	-1063625.95	1330.642
-763397.24	-977099.53	-763419.86	-977081.8	34.763
-776622.26	-1058346.08	-773187.92	-1058004.16	3770.262
-690377.59	-997946.71	-691574.05	-997582.71	1306.986
-844514.39	-1014430.18	-842791.18	-1011168.97	5042.614
-668686.058	-1026754.601	-668447.737	-1026624.005	278.068
-770067.387	-1057302.856	-769365.932	-1057150.421	781.52
-685241.56	-1009201.33	-684709.56	-1008697.17	736.381
-770529.093	-1053950.334	-770329.688	-1053957.625	201.62
-661439.501	-1059459.582	-658791.001	-1060312.349	2806.438
-827434.463	-1067893.731	-828518.24	-1067452.957	1171.28
-684006.087	-995110.848	-683909.275	-995204.688	135.485
-645490.003	-1023171.5	-645129.9	-1025038.52	2006.644
-882364.974	-1021867.773	-882622.57	-1021971.004	286.699
-731988.718	-1063624.377	-731328.11	-1065320.52	2006.516
-778348.44	-1058916.35	-778337.115	-1058982.337	67.664
-743164.59	-1026492.03	-743875.53	-1025696.44	1083.263
-692539.763	-1058560.784	-694090.198	-1059571.054	2063.359
-725347.879	-978456.084	-725279.685	-978455.469	87.926
-857068.072	-1034191.237	-856287.79	-1033851.59	947.039
-730916.04	-1057545.2	-730891.19	-1057518.92	39.975
-770815.922	-979561.149	-770547.6	-979716.0	309.821
-670733.3	-1045837.43	-670614.25	-1045185.875	700.276
-763664.655	-1024288.954	-762389.33	-1024817.88	1404.218
-722062.83	-1058441.364	-721949.012	-1059070.728	654.172
-693799.008	-985409.631	-693156.931	-984249.267	2503.475
-864577.617	-1039218.412	-863895.585	-1041876.362	3328.146
-679021.72	-1023490.794	-678869.3	-1023471.75	155.239
-680325.31	-1045859.18	-675277.496	-1046282.022	5343.212
-717846.36	-1002316.8	-717811.44	-1001502.344	1052.778
-821222.81	-1072426.52	-822047.0	-1072227.13	863.618
-817507.47	-1070601.77	-817485.111	-1070669.022	78.644
-680276.02	-1067212.39	-680107.004	-1067418.19	266.313
-802773.366	-977149.587	-803916.314	-975935.411	1836.144
-707917.65	-1044556.38	-708489.08	-1041820.11	3346.191
-765183.32	-1037756.4	-765168.47	-1037772.7	26.927
-740024.072	-1032667.759	-740152.75	-1030507.52	2166.578
-880457.418	-1019613.337	-880246.238	-1019134.669	527.353
-870321.99	-1018228.45	-870305.37	-1018279.86	54.03
-799239.44	-973963.82	-799339.474	-973819.372	272.024
-664351.125	-1047977.938	-664327.03	-1047880.92	116.794
-641922.82	-1033394.04	-641391.58	-1033562.7	559.933
-843694.07	-1002627.92	-843796.78	-1002800.22	200.626
-736756.4	-1038537.2	-736753.35	-1038293.37	264.796
-776968.747	-1057934.746	-777018.73	-1057926.76	51.233
-887868.082	-1019945.383	-887892.627	-1019817.324	130.472
-744416.2	-1077545.95	-746852.39	-1075754.27	3309.7
-811727.31	-1017339.867	-811732.45	-1017293.0	47.149
-835682.17	-1057889.6	-835477.14	-1057950.473	221.597
-848703.204	-1010018.227	-848599.115	-1010014.034	107.571
-653293.436	-1024341.269	-652788.52	-1024989.77	1033.406
-807377.17	-1078876.403	-807210.486	-1077866.641	3125.284
-777284.456	-996509.71	-775685.57	-995993.75	1817.545
-752209.276	-1038805.816	-751920.53	-1038841.4	328.003
-724861.717	-1064740.481	-724827.534	-1065091.835	540.085
-778688.11	-1011687.44	-780229.26	-1009888.51	2393.433
-749612.02	-998037.06	-749725.905	-1000535.001	2552.922
-673875.25	-1014053.5	-672642.55	-1014807.25	1520.076
-720875.398	-1063968.73	-721028.2	-1065276.8	1325.691
-661510.83	-1064983.96	-662710.47	-1064560.79	1304.736
-732788.99	-1056914.48	-733915.431	-1056541.625	1186.889
-787709.5	-1006785.75	-787391.852	-1006496.439	454.3
-672318.158	-1012604.435	-672110.66	-1011490.64	1156.663
-663394.55	-1018058.15	-663359.46	-1018151.53	100.038
-761435.475	-996574.575	-761471.89	-996476.41	104.703
-802761.633	-986688.835	-802843.522	-986670.819	86.841
-663166.08	-1058879.59	-665026.707	-1061746.48	3522.401
-672725.33	-1007905.78	-672504.88	-1008570.86	700.674
-771307.799	-1010415.405	-775534.44	-1012209.17	5162.684
-696916.247	-991912.948	-697451.938	-991365.813	1347.157
-799418.873	-1028890.233	-799989.731	-1028725.366	597.401
-684840.14	-993780.57	-684613.46	-993964.07	295.45
-749451.37	-1033883.77	-749519.933	-1033738.228	163.031
-761091.792	-1000899.314	-760864.513	-1000583.034	406.934
-887834.629	-1020295.463	-887868.082	-1019945.383	351.737
-833871.032	-1033541.857	-833920.868	-1033591.514	71.536
-728692.032	-1060906.438	-728821.533	-1061055.103	203.16
-817904.49	-1002212.89	-818542.134	-1001330.982	1236.885
-722238.804	-1041749.558	-722148.55	-1041869.95	282.524
-649205.63	-1061116.033	-649180.66	-1061116.009	28.098
-772186.4	-1069039.25	-770867.87	-1069625.34	1464.231
-712893.52	-982436.991	-713295.679	-978166.798	4478.499
-783093.52	-1067530.6	-783276.82	-1068232.67	837.793
-660725.035	-1020574.153	-661677.75	-1019517.07	1836.443
-671371.183	-1047810.527	-671933.94	-1047172.02	1006.201
-867009.472	-1014018.47	-867018.375	-1013995.532	27.644
-683503.31	-1066511.71	-683482.151	-1066506.534	23.071
-837774.837	-994412.178	-837528.25	-994688.83	370.616
-739747.415	-1081055.814	-739659.583	-1081234.351	203.528
-817960.152	-1028163.25	-814454.41	-1025832.225	4869.579
-734833.8	-1053003.25	-734045.773	-1053350.17	861.579
-742912.944	-1026773.713	-742907.985	-1026755.457	21.059
-789709.144	-1064199.061	-789839.955	-1064168.588	162.764
-768977.62	-1034588.88	-769100.28	-1034464.36	175.677
-772487.21	-1006107.28	-772148.64	-1005443.07	755.861
-671452.788	-994742.089	-671429.964	-994727.192	30.561
-769163.84	-1004787.03	-769146.62	-1004870.94	88.276
-669510.703	-1044432.663	-671719.93	-1041676.199	3821.102
-740955.439	-1048852.577	-740947.378	-1048931.179	81.284
-744457.86	-1048976.82	-744067.25	-1049103.77	436.989
-711784.0	-1064749.93	-711393.28	-1065750.8	1146.509
-773348.35	-978281.86	-773690.064	-977974.951	461.566
-813337.29	-1072126.97	-812660.89	-1072249.56	906.465
-650963.85	-1089493.64	-651460.323	-1090112.656	873.152
-753237.843	-981234.533	-752687.05	-982562.7	1531.559
-756029.13	-1036151.93	-756325.51	-1036183.84	308.51
-644786.662	-1049401.287	-645008.33	-1049648.67	337.2
-651397.732	-1057855.359	-651301.86	-1057897.46	105.2
-754805.789	-981132.737	-754777.421	-980689.617	481.471
-777297.98	-1013203.73	-779039.88	-1014928.06	2584.096
-788859.04	-1062251.69	-788217.74	-1063335.14	1562.202
-721544.88	-1026313.21	-720584.34	-1026957.95	1350.71
-679435.957	-1037621.039	-678883.548	-1033468.819	4583.402
-821804.609	-1066679.277	-820566.613	-1067436.695	1478.205
-726703.865	-1086219.003	-725289.41	-1085667.7	1593.669
-649269.754	-1061986.387	-648184.802	-1063849.961	2236.103
-759048.524	-1047938.092	-759026.545	-1047924.626	37.366
-655865.063	-1048396.514	-655104.85	-1047159.706	1509.166
-815759.271	-1031571.235	-815722.086	-1031559.484	40.168
-768249.083	-1007290.14	-766569.98	-1006757.01	1774.506
-840433.73	-1018874.53	-839036.637	-1018937.763	1410.892
-788632.81	-979612.71	-789012.52	-981479.23	2368.288
-712117.51	-1071221.702	-710956.923	-1075870.449	6334.172
-760061.61	-1045933.24	-760199.36	-1045401.17	556.776
-642862.219	-1071659.45	-642906.509	-1071913.977	269.569
-684524.76	-993875.02	-684470.02	-993800.9	92.16
-671637.894	-1028205.686	-668686.058	-1026754.601	3401.805
-665277.647	-1035791.801	-664834.165	-1035894.813	458.167
-726644.58	-1011861.32	-727207.25	-1013923.12	2214.894
-778533.64	-996703.6	-777284.456	-996509.71	1277.975
-730328.32	-1041089.88	-731099.497	-1041271.31	792.329
-692215.46	-998369.85	-692271.29	-998306.92	115.984
-768913.823	-991587.479	-769898.37	-991447.69	999.661
-700513.57	-1049666.632	-700205.53	-1049396.229	421.756
-834368.509	-984071.789	-834379.642	-987116.702	3202.702
-671513.114	-994230.191	-671529.156	-994215.846	24.035
-740469.115	-1063777.416	-740446.603	-1063779.451	26.289
-758984.96	-1060306.05	-759651.247	-1059692.039	1024.994
-767978.65	-1046123.455	-767759.019	-1045524.815	710.631
-696311.254	-1045338.548	-696152.46	-1045284.59	175.797
-751869.49	-1007496.09	-751827.94	-1007443.5	71.348
-724949.56	-1079714.09	-725756.82	-1080639.05	1761.844
-688460.23	-1057346.561	-687707.323	-1057595.839	810.068
-679845.96	-1010291.61	-679748.9	-1010316.53	100.279
-726406.08	-983408.89	-726336.23	-981775.91	1652.637
-820159.666	-1026203.015	-819959.831	-1026300.162	222.57
-735845.84	-1031792.66	-735859.82	-1031839.76	49.131
-698057.21	-1068369.48	-696105.69	-1068556.318	1967.325
-714141.655	-1058451.069	-714104.234	-1058377.424	82.735
-824133.78	-1076090.16	-824204.8	-1076334.16	254.312
-866877.057	-1038926.835	-869144.766	-1038281.722	3095.362
-811490.408	-1036375.623	-812219.241	-1036962.531	1124.202
-766165.82	-991342.19	-766624.0	-992178.92	1138.825
-680469.593	-1048668.601	-680697.38	-1050051.66	1449.806
-729538.036	-1058695.777	-728835.734	-1061059.869	3546.581
-834410.647	-1056690.533	-833691.9	-1057019.08	790.286
-685770.02	-1039929.89	-685239.92	-1038361.6	1665.781
-790958.663	-987876.982	-791120.757	-987839.057	209.881
-775491.055	-988500.27	-774654.557	-988981.697	990.881
-720584.34	-1026957.95	-720536.65	-1026893.42	80.31
-672280.13	-1014291.26	-672388.42	-1014268.33	119.143
-684561.603	-994651.643	-684501.01	-994670.16	63.377
-701874.05	-1068123.94	-700619.652	-1070088.575	2456.068
-722762.63	-1039605.41	-722543.63	-1041395.05	1833.791
-683163.78	-1018221.69	-682468.58	-1018683.79	927.217
-724274.98	-1081959.74	-723603.11	-1082662.2	974.659
-808585.606	-991258.913	-809318.62	-991774.95	1040.608
-697691.297	-1074154.362	-697287.6	-1072560.2	1794.501
-648187.866	-1058462.408	-648316.398	-1058421.523	135.114
-686233.544	-986734.857	-685814.433	-987154.905	1922.322
-857821.396	-1017685.681	-858726.45	-1014810.57	3384.832
-783892.43	-1065270.8	-784199.89	-1065298.81	310.433
-762182.323	-1026283.08	-762082.323	-1026352.017	129.984
-712989.358	-1057493.433	-712180.97	-1055894.97	2370.916
-734814.96	-1045808.9	-734905.92	-1045834.99	94.628
-729082.113	-1079284.231	-729458.7	-1079294.71	381.77
-752512.984	-999850.382	-750766.055	-999807.791	1831.819
-646202.371	-1042722.936	-646065.072	-1042716.985	137.428
-829353.772	-1063700.731	-828296.695	-1062804.135	1394.583
-707313.21	-1045782.24	-706426.48	-1046260.97	1030.652
-793254.17	-1060405.44	-793599.0	-1059065.25	1445.151
-724027.895	-1056719.96	-724124.816	-1055002.765	1769.855
-724834.911	-1066867.274	-724755.096	-1067022.753	187.15
-733956.33	-1056531.734	-733936.866	-1056558.047	37.573
-670217.063	-1047532.375	-670314.0	-1047546.5	100.271
-864394.36	-1003404.61	-864774.35	-1003903.54	661.259
-793617.229	-1013482.027	-794368.184	-1015294.909	2429.169
-668010.81	-1059402.08	-667943.849	-1059113.16	296.602
-698316.327	-1057860.241	-696713.71	-1058468.95	1791.409
-685239.92	-1038361.6	-683695.85	-1039039.86	1869.62
-721040.362	-1008710.019	-720921.3	-1011698.64	3411.948
-683855.99	-995313.98	-683530.17	-995952.62	762.295
-836341.28	-1052408.963	-838827.113	-1054159.279	3409.675
-719510.87	-1030611.7	-719394.39	-1030514.14	151.944
-642347.908	-1024567.607	-641514.061	-1025133.864	1028.654
-775900.9	-1024307.4	-772978.669	-1026497.713	3726.728
-792083.93	-1041155.31	-790480.61	-1040594.07	1890.997
-722238.651	-1041371.728	-722260.469	-1041371.975	27.652
-739943.73	-986995.68	-738672.355	-985890.635	1756.144
-657349.62	-1014170.84	-656533.551	-1015712.533	1821.054
-848962.91	-1010196.535	-849099.645	-1010295.279	168.672
-649184.804	-1019796.781	-649092.16	-1019581.26	238.37
-813328.04	-1072109.909	-813304.15	-1072027.89	107.622
-813304.15	-1072027.89	-813432.107	-1071990.126	138.111
-684461.282	-994562.374	-684449.59	-994630.45	69.079
-830987.48	-1056665.92	-829560.729	-1055503.286	2220.252
-791151.273	-987552.659	-791139.186	-987833.018	280.668
-760534.93	-1044665.63	-759754.722	-1044467.336	846.713
-731430.45	-1042100.23	-731518.85	-1042053.79	104.187
-741289.93	-1026954.677	-740777.512	-1027762.545	1172.204
-780539.67	-1031900.51	-780777.03	-1031469.54	522.649
-775090.288	-1043059.483	-775083.88	-1043492.9	493.742
-751809.984	-1007105.322	-751669.33	-1007020.21	282.938
-712882.343	-1049711.431	-713077.96	-1050386.75	716.341
-706035.183	-1064141.522	-706057.394	-1063749.005	396.155
-762693.647	-984241.129	-760694.235	-976579.692	11124.042
-748350.67	-1028308.63	-748577.42	-1028355.95	234.954
-649587.99	-1028680.93	-649004.93	-1028340.18	697.803
-753061.938	-983354.114	-752487.759	-983603.229	692.129
-783879.003	-1065274.767	-783506.85	-1065494.96	650.204
-745026.82	-1016248.9	-744064.938	-1015927.5	1018.441
-765908.844	-1020150.942	-764527.141	-1019209.479	1820.047
-674393.059	-1065501.458	-675859.917	-1064273.924	2053.333
-641152.528	-1043280.12	-641872.24	-1042982.81	780.32
-686629.83	-993525.39	-686232.83	-993436.49	410.911
-770275.01	-1015936.58	-770619.171	-1014914.305	1098.706
-689284.25	-1086917.92	-690297.65	-1084598.126	2954.653
-753877.31	-1045785.8	-754159.21	-1045757.76	283.348
-760199.36	-1045401.17	-763094.49	-1046333.55	3459.945
-723198.334	-1054619.074	-722362.624	-1054556.009	957.713
-724861.717	-1064740.481	-724973.922	-1064515.522	251.844
-699220.65	-1048191.68	-697501.77	-1048576.23	1919.839
-646458.253	-1071655.82	-646191.925	-1074020.369	2764.665
-662928.31	-1011069.52	-663479.48	-1012953.12	2144.811
-697501.77	-1048576.23	-696673.394	-1049950.353	1635.604
-794620.463	-986556.358	-794639.386	-986543.904	23.014
-737610.085	-1050865.03	-737569.788	-1050917.766	69.99
-652577.566	-1044757.953	-651058.82	-1044615.54	1525.415
-754572.88	-1035795.06	-754661.9	-1035714.99	119.732
-691592.123	-1088514.346	-692074.383	-1089342.636	1129.654
-765441.28	-1054104.82	-765177.23	-1054586.34	933.919
-767662.53	-981154.36	-767520.721	-980927.126	296.684
-783166.92	-1041604.48	-783399.77	-1041476.55	274.507
-671577.98	-1006391.83	-673712.95	-1006603.35	2858.302
-684797.95	-1052891.12	-682471.77	-1053166.07	3022.594
-672330.296	-1012608.536	-672313.263	-1012618.788	31.032
-762615.35	-1026263.42	-765780.46	-1025889.75	3300.937
-818528.084	-1013301.356	-816506.95	-1014116.78	2287.945
-681287.93	-1064461.518	-681177.192	-1064854.617	409.596
-793087.077	-1064377.439	-792756.27	-1064989.56	695.811
-778935.19	-972928.14	-778570.39	-973306.93	532.742
-803996.26	-1040348.68	-804089.498	-1040368.845	95.405
-797059.03	-1075094.57	-800877.604	-1076633.122	4126.687
-727842.643	-1040415.929	-727871.94	-1040503.61	105.546
-788623.02	-1030555.81	-785885.74	-1031657.91	3032.767
-766131.31	-972965.24	-763739.683	-972846.408	3240.399
-763017.75	-1036763.431	-763002.36	-1036772.169	19.639
-776091.86	-974206.31	-775193.89	-971812.77	3337.444
-864282.1	-1014847.23	-864273.56	-1014862.79	18.062
-748452.384	-1025120.881	-748448.468	-1025141.783	27.684
-685788.91	-993690.74	-685163.84	-994354.035	911.937
-823938.6	-1021455.54	-822338.15	-1022359.13	2066.541
-708245.433	-1051580.466	-706833.082	-1051923.937	1453.541
-679690.661	-1023594.594	-679181.045	-1024007.542	700.058
-865134.846	-1016050.066	-865156.072	-1016055.06	24.538
-791084.48	-1070616.5	-791820.142	-1069886.402	1120.571
-709961.951	-1000727.635	-709955.586	-1000746.529	24.32
-726406.08	-983408.89	-726875.0	-983234.71	503.237
-673551.919	-1051826.761	-671985.3	-1052255.57	1799.422
-671885.08	-1064660.9	-671049.521	-1063972.753	1082.498
-763676.81	-1040275.56	-765682.58	-1040663.16	2109.954
-839305.924	-1006682.998	-840443.48	-1008932.252	3870.869
-685046.02	-1064092.0	-684496.2	-1065703.32	1930.956
-822967.682	-1019635.13	-823979.73	-1021365.602	2589.03
-807543.937	-1052574.329	-807534.432	-1051274.618	1875.314
-656919.63	-1022278.57	-655730.76	-1022583.71	1227.41
-710708.604	-1038545.761	-710457.607	-1037049.321	1799.541
-733977.418	-1063555.082	-733491.88	-1064878.34	1463.926
-824131.87	-1074814.98	-824213.47	-1074941.09	154.748
-819903.121	-1026210.436	-819898.98	-1026230.286	22.478
-734193.531	-1013919.492	-734206.583	-1013901.0	29.416
-814978.285	-1036787.302	-816857.025	-1037346.024	2006.302
-737685.69	-1039179.09	-737541.16	-1039218.5	179.659
-753877.31	-1045785.8	-753832.63	-1045767.94	356.742
-759193.81	-1068765.22	-759094.45	-1068657.76	146.377
-732103.646	-1040876.88	-732174.09	-1040922.07	99.989
-673068.91	-1012409.4	-672388.42	-1014268.33	1981.187
-697829.1	-1037717.32	-703661.58	-1035118.35	7447.39
-640946.109	-1062588.507	-639868.257	-1061814.335	1579.821
-787825.85	-1055724.62	-787808.86	-1055696.75	32.641
-821554.948	-1048307.873	-822395.39	-1047256.619	1377.204
-819585.6	-1075741.06	-819582.875	-1075697.375	43.78
-654593.16	-1030291.35	-654577.54	-1028792.8	1523.627
-836190.341	-989605.311	-835547.209	-989951.865	734.518
-734545.897	-1065441.216	-734562.596	-1065442.796	20.103
-708293.082	-1060819.934	-705984.986	-1061501.398	2635.483
-751871.27	-970107.79	-752232.22	-969283.74	913.463
-649269.754	-1061986.387	-649281.375	-1061840.834	146.22
-810583.34	-992016.14	-810544.373	-991914.911	111.412
-662979.82	-1024072.22	-666994.063	-1025462.897	4475.857
-689587.82	-1046577.01	-681256.73	-1047284.67	8447.329
-873249.245	-998338.337	-870636.715	-999067.61	4323.03
-654577.54	-1028792.8	-653720.94	-1027087.75	2026.014
-678506.4	-991606.16	-678787.092	-991793.835	368.932
-840673.835	-1019472.426	-840762.94	-1019368.88	136.712
-849463.51	-1002474.76	-850259.53	-1002106.96	1048.689
-744769.542	-981619.002	-744514.179	-981522.01	276.895
-846637.22	-1002556.99	-849431.22	-1002496.71	2919.162
-760915.44	-974214.23	-762038.22	-973337.892	1630.617
-870321.99	-1018228.45	-870282.98	-1018113.91	131.002
-671278.77	-994714.42	-671005.31	-994697.86	281.237
-734496.32	-1045714.14	-734814.96	-1045808.9	332.468
-876194.256	-1021323.626	-876206.304	-1021352.709	50.011
-776058.3	-1081472.38	-776988.913	-1082022.756	1114.422
-749757.62	-969018.038	-749732.38	-969641.23	1485.3
-720456.84	-1007740.75	-722663.507	-1006396.818	2688.133
-717194.195	-992150.664	-712873.971	-983396.929	12889.026
-754829.201	-1002021.875	-754781.524	-1001917.383	208.087
-844027.15	-1005078.51	-844061.86	-1004805.8	280.848
-750159.616	-1005373.797	-750027.08	-1005696.608	353.433
-755058.7	-975070.59	-755040.592	-975073.73	18.378
-810720.961	-991913.489	-810817.74	-991978.05	116.718
-736840.53	-1036757.31	-736901.18	-1036837.1	120.948
-883757.002	-1021715.412	-884024.5	-1021641.205	277.609
-662884.858	-1058858.485	-662781.884	-1058976.87	159.878
-649422.742	-1074287.048	-648563.304	-1072847.197	1743.894
-729193.276	-1078529.174	-729076.19	-1078660.54	175.998
-756970.51	-990925.64	-757868.95	-991072.94	948.662
-699352.38	-1057446.86	-698316.327	-1057860.241	1120.946
-658077.11	-1064149.39	-658424.33	-1064450.19	460.094
-721748.38	-1020079.11	-719856.982	-1019559.838	2054.187
-789194.89	-990872.61	-790800.756	-991445.291	1914.465
-760105.85	-976644.44	-760108.1	-976669.03	27.8
-721637.41	-1032819.07	-720771.59	-1032714.03	979.948
-814392.773	-988063.794	-814420.08	-988131.19	72.886
-720968.998	-1063674.369	-724167.957	-1062240.114	3993.233
-724498.258	-1009402.075	-724028.92	-1008873.53	724.07
-735710.187	-1060683.266	-734739.342	-1062149.316	1758.4
-804456.578	-996470.834	-805117.21	-995960.29	836.602
-759059.365	-1033686.955	-758157.58	-1033374.13	998.439
-682872.293	-1084756.083	-684821.8	-1085771.56	2239.172
-822873.489	-1066841.354	-822661.746	-1066512.685	398.112
-709705.91	-1006779.335	-711236.63	-1008487.29	2502.302
-873737.772	-1034144.285	-873308.551	-1034078.501	473.318
-727468.18	-1079410.892	-726218.61	-1080047.54	1419.16
-671637.894	-1028205.686	-671688.297	-1026646.767	1772.176
-752443.436	-1076156.027	-752764.758	-1074806.328	1697.824
-776714.575	-1034383.209	-776024.673	-1034689.134	783.031
-859385.752	-1012800.02	-859400.19	-1012778.21	28.126
-735287.43	-1013267.253	-735273.672	-1013274.098	16.18
-772331.46	-975915.98	-773051.556	-976619.588	1084.766
-682733.8	-992511.93	-681811.95	-992763.23	1109.461
-666069.34	-1063029.08	-666672.44	-1064648.55	1804.303
-842262.662	-1075218.253	-842414.01	-1074804.08	1668.116
-742671.88	-1024956.35	-742974.16	-1024658.35	424.491
-759204.415	-1047672.559	-759115.936	-1047712.004	109.001
-822454.91	-1068924.56	-822504.08	-1069162.85	243.9
-757914.398	-1010094.6	-757499.79	-1009071.74	1148.51
-686017.889	-1029556.394	-685851.715	-1028328.107	1830.993
-760837.709	-976497.676	-761907.571	-976770.73	1158.007
-831965.824	-1053225.374	-831776.45	-1054223.17	1103.0
-758581.22	-1047649.45	-758594.475	-1047655.138	14.424
-767901.68	-991457.23	-768394.55	-991513.293	496.929
-703487.682	-1089002.434	-703394.236	-1088879.85	180.221
-794059.78	-1036805.73	-794052.3	-1037127.69	396.79
-761127.644	-1026146.311	-761924.936	-1026064.781	848.093
-763471.794	-1006320.508	-762595.339	-1007603.092	1632.947
-727274.83	-995905.14	-728569.701	-998103.382	3556.64
-678908.429	-1075980.569	-678712.55	-1076488.263	732.486
-728535.537	-1060780.282	-728499.427	-1060787.66	48.989
-698173.226	-1023945.333	-697845.08	-1024251.81	523.223
-832980.335	-1031827.115	-833871.032	-1033541.857	2094.404
-746310.913	-1054405.049	-746302.213	-1054356.205	58.421
-686455.58	-1070686.79	-685492.765	-1070729.299	996.02
-805549.61	-989198.8	-805540.33	-989168.23	35.288
-849442.97	-1002464.87	-849059.247	-1002323.581	469.225
-848408.57	-1042630.07	-850202.22	-1042068.29	1956.478
-662884.858	-1058858.485	-662887.259	-1058841.278	18.267
-770141.46	-995998.32	-770554.816	-995687.17	550.072
-679368.474	-1080256.883	-680185.978	-1081430.417	1496.05
-807106.486	-1046978.31	-807229.254	-1046838.007	190.964
-806168.665	-1048980.607	-805954.77	-1050242.381	1449.894
-741660.881	-1042081.992	-741534.32	-1042066.38	132.613
-686740.46	-994862.24	-685150.668	-994403.704	1735.683
-844032.088	-1007884.776	-844281.09	-1007844.36	255.911
-645235.552	-1071608.008	-645058.102	-1074054.935	2494.454
-770529.093	-1053950.334	-769866.22	-1053817.49	676.213
-806104.28	-1026783.59	-807540.755	-1025200.449	2498.859
-807695.027	-990255.374	-807705.007	-990364.568	109.655
-751004.0	-1032435.41	-752520.607	-1031148.814	2102.221
-667274.31	-1019346.6	-665865.27	-1019289.8	1480.383
-728572.896	-1056069.171	-728066.664	-1055965.989	522.941
-682106.05	-1000197.06	-684308.453	-1001173.117	2571.006
-774616.967	-985471.357	-773501.44	-983276.18	3125.742
-657244.75	-1069515.51	-659261.68	-1070362.596	2399.706
-777860.26	-1054906.91	-773612.74	-1055153.42	4454.936
-768875.26	-1035702.9	-769898.313	-1034656.295	1473.858
-655607.26	-1048587.63	-655919.27	-1048562.33	313.047
-833895.713	-1071419.942	-833891.103	-1071345.312	74.772
-787548.72	-1001738.92	-787331.17	-1001536.79	315.783
-758696.918	-1082084.258	-761348.047	-1083662.227	3539.162
-819266.67	-1065155.974	-818268.597	-1063461.526	2009.711
-802994.8	-998275.28	-806734.91	-996474.84	4229.846
-701868.37	-1027853.58	-701864.5	-1027910.07	57.413
-694245.25	-1043998.03	-695063.902	-1044379.414	1079.076
-757855.65	-1040223.969	-757895.356	-1040240.583	70.227
-736756.4	-1038537.2	-736792.043	-1038448.971	95.159
-724027.895	-1056719.96	-721927.56	-1056816.23	2121.156
-738992.52	-1040311.04	-739011.19	-1040229.08	91.344
-753368.02	-1048765.39	-752685.024	-1049177.554	815.245
-721098.21	-1003558.97	-719334.593	-1002927.581	3213.406
-782537.63	-996970.15	-782560.4	-996870.19	102.816
-792360.12	-979425.55	-792388.063	-978534.122	966.799
-796566.87	-1057287.99	-796789.29	-1057104.37	289.638
-817507.47	-1070601.77	-817446.39	-1070558.94	77.388
-748101.88	-1037194.88	-748079.4	-1036770.72	434.209
-757104.465	-1047060.626	-757066.295	-1047375.812	318.576
-825439.162	-1058892.314	-825412.87	-1058791.226	105.588
-856520.89	-1006898.548	-855539.19	-1006492.17	1177.711
-799539.621	-1015762.067	-799184.546	-1015725.715	357.029
-808494.3	-991275.362	-808569.944	-991227.261	90.782
-801385.012	-1015485.742	-802459.515	-1014326.771	1641.58
-687479.09	-993081.86	-686268.84	-993149.63	1326.832
-647874.46	-1024284.84	-648133.96	-1022872.9	1544.898
-808708.01	-1000773.94	-808747.18	-1000847.45	83.597
-761277.9	-1014712.0	-764877.03	-1012008.11	4833.373
-807693.375	-990365.75	-807685.43	-990267.62	98.456
-739888.968	-1002305.712	-738357.946	-1002921.565	1734.135
-640758.72	-1069107.283	-640719.926	-1069143.105	53.476
-719950.183	-1075713.04	-719914.46	-1077603.56	2051.663
-759083.146	-1033695.525	-760541.54	-1033838.85	1466.942
-755485.379	-999853.998	-755287.16	-999432.24	466.016
-736357.408	-1013749.458	-735287.43	-1013267.253	1191.133
-872964.69	-1040529.927	-872985.395	-1040333.041	207.059
-662315.36	-1062090.09	-662711.63	-1062787.7	806.271
-781523.51	-986006.68	-781520.077	-985990.071	19.218
-746312.16	-1007135.22	-749257.29	-1010057.03	4344.689
-831771.87	-1022224.438	-835207.3	-1018503.79	5791.745
-728957.97	-973977.14	-728374.028	-974653.538	941.285
-736772.874	-1032130.157	-735842.58	-1031440.26	1223.966
-671635.205	-1028230.794	-671637.894	-1028205.686	25.254
-748849.49	-1028560.0	-749710.96	-1029340.97	1219.313
-738706.48	-1049145.221	-739066.942	-1048837.079	481.731
-645440.32	-1052446.23	-645349.0	-1052717.95	302.299
-870305.37	-1018279.86	-871707.33	-1019437.94	1850.589
-703712.723	-1072042.225	-702499.68	-1071902.7	1225.07
-773630.64	-1042294.64	-775090.288	-1043059.483	1728.42
-744980.439	-1059935.492	-745013.89	-1059962.63	44.512
-736451.301	-1053655.277	-734902.885	-1053869.137	2149.802
-760827.86	-1070429.44	-759193.81	-1068765.22	2332.348
-771713.29	-1060382.695	-775933.69	-1060078.05	4692.398
-821932.121	-1008583.691	-822782.768	-1008835.327	1009.719
-778347.63	-979882.5	-779107.83	-979354.97	943.504
-641612.66	-1058444.85	-641363.693	-1058245.202	324.125
-729254.18	-990785.76	-729412.166	-990629.707	222.101
-709080.19	-1051104.7	-708693.97	-1050118.96	1090.32
-744834.87	-1048200.68	-744585.4	-1048128.72	328.748
-652244.35	-1047484.7	-651500.9	-1047732.53	807.704
-809815.994	-1032117.026	-810055.65	-1032263.64	305.093
-783892.43	-1065270.8	-783879.003	-1065274.767	15.148
-677815.19	-1005964.39	-676726.07	-1006264.05	1184.298
-680447.44	-1045990.77	-681517.925	-1046005.473	1131.026
-712609.04	-1040467.46	-711988.708	-1040692.742	660.03
-767751.402	-973554.333	-766952.821	-971853.213	1972.869
-676085.508	-1076208.404	-675081.441	-1076381.104	1044.496
-769365.932	-1057150.421	-769427.816	-1056808.768	351.549
-867749.501	-1015704.146	-867786.715	-1015660.673	57.832
-853349.944	-1018427.34	-852947.58	-1019297.82	986.245
-727438.719	-1062037.833	-727980.95	-1063807.84	2049.258
-826644.106	-1068543.16	-826525.574	-1068523.626	128.339
-806550.624	-1067938.374	-805352.02	-1065256.11	3256.468
-814934.646	-1044042.706	-815590.582	-1043950.418	664.827
-770329.688	-1053957.625	-770118.517	-1053941.916	221.955
-657232.552	-1083432.596	-655546.801	-1084139.926	1957.427
-864779.652	-1012961.45	-860534.036	-1012923.266	4597.534
-732679.47	-1019169.05	-732551.005	-1019593.952	444.458
-749519.933	-1033738.228	-748260.33	-1030616.4	3414.979
-836451.432	-1060362.732	-837870.45	-1059772.66	1810.37
-791576.552	-1052055.955	-790558.92	-1052852.39	1752.168
-674394.04	-1072998.88	-671829.67	-1073691.16	2765.72
-825805.007	-1025488.474	-825792.196	-1025475.053	20.656
-697689.67	-1035007.89	-697549.715	-1035832.866	839.601
-707477.85	-1021377.78	-707460.34	-1021447.15	79.522
-706198.54	-1077282.85	-708187.83	-1075244.96	3323.3
-736940.38	-981618.48	-736406.053	-979182.316	3029.235
-869144.766	-1038281.722	-869154.819	-1038271.982	14.926
-686841.974	-1066086.179	-688661.205	-1067992.973	3232.684
-819306.997	-979429.212	-819634.076	-980184.852	871.04
-766553.95	-1001801.89	-769163.84	-1004787.03	4928.658
-648235.47	-1048205.59	-648723.39	-1048117.65	762.567
-644666.797	-1038327.29	-644757.665	-1038531.886	225.794
-755368.419	-983684.174	-754170.984	-982983.49	1775.932
-737031.576	-1036244.314	-737108.71	-1036116.39	149.401
-648191.705	-1058473.464	-648175.388	-1058490.263	25.775
-819395.745	-1076687.44	-819326.668	-1076797.521	130.361
-798540.66	-1052815.28	-799258.634	-1051882.75	1414.803
-750218.82	-984501.81	-750834.33	-987847.39	3695.063
-807518.2	-1026112.45	-807573.92	-1026105.01	56.217
-778176.07	-980434.35	-778981.648	-981746.448	1549.331
-801945.574	-1007922.918	-801952.175	-1007904.1	21.262
-652439.7	-1021371.68	-651926.66	-1019772.51	1706.879
-799539.621	-1015762.067	-801018.693	-1015691.9	1585.405
-667434.36	-1033768.44	-667352.5	-1033680.38	120.401
-703340.707	-1054249.386	-701143.14	-1055185.74	4222.288
-806265.291	-1006396.704	-806118.682	-1006432.464	150.908
-803916.975	-1076948.765	-803529.555	-1076977.362	392.862
-663151.45	-1062627.46	-663449.618	-1063010.571	489.994
-784803.47	-976863.43	-785138.66	-976815.94	339.632
-704031.14	-1018885.86	-703972.47	-1019132.76	254.668
-640478.578	-1043279.784	-640439.987	-1043269.29	40.048
-867026.756	-1014027.188	-867009.472	-1014018.47	20.675
-772331.46	-975915.98	-770981.026	-975646.851	1609.159
-748452.384	-1025120.881	-748538.162	-1024960.596	183.802
-673305.6	-1012192.39	-673115.251	-1012235.584	244.796
-767069.968	-980582.558	-768947.8	-980146.02	2105.06
-714147.66	-1008924.75	-716176.26	-1010552.6	2783.061
-762967.238	-980983.02	-760789.082	-981676.851	2376.743
-768364.62	-1028106.61	-768419.55	-1028090.41	58.388
-676554.965	-1070748.307	-676572.772	-1070747.448	20.205
-748241.04	-1061951.15	-747394.36	-1062818.558	1238.914
-639895.831	-1072983.534	-640286.278	-1073530.947	1220.726
-649218.969	-1061762.193	-649306.272	-1061680.99	131.886
-745949.483	-1053736.759	-745920.493	-1052837.899	931.861
-757974.56	-1037895.78	-757611.17	-1038996.82	1172.722
-669370.36	-996831.38	-667752.29	-998041.55	2270.253
-752443.436	-1076156.027	-752530.639	-1077247.698	1112.426
-645989.413	-1043086.399	-646799.388	-1046277.294	3347.645
-751792.832	-975676.789	-752416.495	-974195.927	2333.088
-697255.32	-994348.55	-697377.527	-992277.531	2426.543
-874899.514	-1042898.616	-872964.69	-1040529.927	4595.086
-687757.878	-1028419.984	-686711.637	-1026428.942	3217.198
-823979.73	-1021365.602	-824027.093	-1021446.928	97.195
-772442.814	-1059091.704	-773044.12	-1058324.22	1107.355
-751554.57	-1040574.17	-751597.63	-1041115.54	543.65
-756891.0	-1048656.43	-757158.87	-1048627.57	272.651
-820018.496	-1026412.247	-820436.579	-1026745.197	603.806
-671824.35	-1045084.65	-672068.23	-1045290.33	322.68
-741134.66	-969869.5	-740409.45	-969865.07	743.335
-738444.54	-998239.718	-738923.023	-995382.748	3099.784
-702967.37	-1037506.31	-703313.938	-1039568.727	2273.621
-788680.01	-1023327.75	-785977.28	-1023470.17	2889.393
-796386.26	-1042773.31	-797092.49	-1041981.24	1291.144
-712407.94	-1019209.31	-712210.494	-1019124.038	220.468
-642906.509	-1071913.977	-643351.07	-1073096.02	1348.336
-764710.12	-992464.87	-764187.59	-993195.93	927.536
-674130.7	-1047102.27	-674628.351	-1047374.36	567.18
-748866.98	-1053876.95	-749112.72	-1053953.78	264.434
-660750.09	-1001499.58	-659867.64	-1000480.32	1435.58
-664716.84	-1041425.61	-662439.277	-1040682.025	2730.311
-646638.17	-1025843.13	-646776.35	-1025601.62	278.34
-805653.795	-1009801.114	-804998.523	-1009348.06	857.729
-752441.0	-1048737.125	-752384.46	-1048708.75	66.4
-658870.681	-1093727.726	-658812.188	-1094158.133	439.461
-826717.326	-1029086.403	-828416.25	-1029164.0	1809.596
-770330.57	-1029140.02	-770573.97	-1029676.31	620.685
-853804.223	-995401.259	-854281.48	-992394.52	3254.892
-851233.618	-1039149.899	-847683.183	-1038675.318	4828.886
-670142.063	-1047849.688	-670250.125	-1047850.25	112.921
-658870.681	-1093727.726	-658728.705	-1091432.642	2360.319
-648841.5	-1058041.29	-648889.325	-1058112.566	86.12
-815771.685	-1067602.218	-814421.534	-1067757.618	1362.841
-664806.557	-1035882.905	-664834.165	-1035894.813	33.481
-726218.61	-1080047.54	-725756.82	-1080639.05	756.711
-667418.895	-1078112.421	-665620.22	-1081677.52	4169.579
-761129.02	-1053513.23	-759343.85	-1055717.92	3351.065
-852839.972	-1010562.394	-853021.11	-1010598.78	185.253
-763094.49	-1046333.55	-763337.111	-1048754.536	2906.367
-685192.968	-993757.56	-685269.238	-993743.812	89.856
-792498.23	-1026614.33	-794339.238	-1026365.099	1875.618
-758638.51	-1013428.37	-758651.08	-1013410.21	22.375
-860160.79	-1029930.809	-858523.894	-1030182.818	2833.685
-817960.152	-1028163.25	-818778.245	-1027828.678	888.368
-721620.81	-1084025.82	-720459.31	-1084859.54	1438.968
-776638.812	-975624.141	-776655.935	-975605.359	27.447
-782818.71	-1003395.77	-784542.341	-1004527.927	2147.969
-782673.08	-1005657.59	-783019.1	-1007024.65	1531.056
-648151.964	-1054522.278	-648042.221	-1054519.579	122.401
-848484.179	-1047673.023	-847352.14	-1046359.12	1947.262
-826525.574	-1068523.626	-826472.441	-1068470.372	78.501
-756414.14	-974699.551	-758250.72	-973553.41	2808.418
-749380.89	-1026628.41	-749471.42	-1026367.62	278.922
-809721.09	-1010756.479	-807572.676	-1010446.521	2438.782
-655260.99	-1026577.1	-653562.49	-1025997.17	1828.11
-691422.51	-993829.52	-691002.18	-995246.83	1603.115
-673117.27	-1077805.29	-671906.859	-1077655.554	1409.894
-760179.45	-983638.92	-759314.01	-984887.872	1674.568
-789661.866	-1027019.796	-789673.57	-1026841.604	178.633
-798400.967	-1067562.3	-798767.887	-1067314.515	455.223
-741881.759	-1014936.346	-741398.042	-1014878.314	487.419
-732349.208	-1056858.918	-734332.849	-1057356.188	2046.172
-833503.668	-1072522.591	-829850.651	-1072995.247	3769.792
-844409.67	-1071273.74	-847116.139	-1070917.101	2781.572
-702956.135	-1076208.755	-701335.98	-1078650.64	3181.95
-726358.191	-1060831.418	-725952.316	-1059744.272	1555.275
-814269.074	-992244.015	-811154.989	-992037.432	3242.652
-658327.19	-1007363.39	-656698.214	-1008262.32	2126.348
-677070.88	-1001484.59	-675700.96	-1002830.98	2008.593
-643225.852	-1071268.715	-642784.249	-1071121.019	466.671
-690164.81	-1079502.753	-689663.127	-1077650.329	1958.08
-687775.651	-1070719.93	-686826.375	-1070694.396	1138.306
-769152.14	-996777.53	-770141.46	-995998.32	1275.728
-839393.945	-1025218.83	-838722.298	-1026984.85	2696.05
-718092.222	-1057709.63	-715277.1	-1058561.07	3121.343
-858523.894	-1030182.818	-858499.59	-1030226.35	50.279
-757841.67	-1033524.501	-755823.163	-1033649.546	2127.525
-717780.376	-980064.821	-723084.786	-984234.215	7318.501
-752636.513	-1048619.039	-753337.248	-1047994.104	957.634
-762115.67	-1026223.8	-762082.4	-1026225.69	33.328
-747627.572	-1019790.469	-747599.375	-1019617.438	175.331
-766216.779	-972599.195	-766233.713	-972616.784	26.907
-758270.57	-972697.23	-758309.8	-973475.47	926.355
-777218.168	-993020.447	-777159.31	-993635.49	689.801
-757175.64	-1045058.435	-756958.69	-1044056.74	1128.28
-730634.055	-1076690.313	-734107.342	-1075541.778	3968.205
-804666.5	-1074796.581	-806461.386	-1072628.937	2941.796
-740007.973	-1073765.578	-740535.992	-1073513.374	687.672
-813205.411	-1072126.728	-813320.04	-1072261.68	177.434
-669241.87	-1070174.56	-668187.95	-1070197.45	1062.048
-805084.961	-988081.893	-807466.389	-988021.288	2652.124
-764620.16	-1023928.55	-764548.0	-1023889.301	83.664
-764189.86	-1017649.5	-764527.141	-1019209.479	1617.053
-826005.685	-998194.328	-826270.84	-997938.571	568.899
-660203.256	-1090906.22	-660193.355	-1090932.548	28.128
-827686.949	-1066300.061	-826590.528	-1066929.803	1299.898
-852389.51	-1010471.46	-852196.714	-1010420.746	206.153
-724852.45	-1034098.14	-724640.929	-1034155.105	219.677
-740649.04	-1040932.12	-740918.56	-1040961.15	331.077
-825938.281	-1025490.443	-825950.05	-1025569.12	79.564
-765234.64	-991502.28	-764710.12	-992464.87	1163.376
-711768.96	-1048828.93	-712141.42	-1048863.26	460.713
-757081.252	-1016222.829	-755657.198	-1013741.211	2899.788
-652800.92	-1044778.31	-652577.566	-1044757.953	224.292
-834020.95	-990593.56	-835716.726	-990384.662	2122.097
-754461.07	-1031778.15	-753717.24	-1030695.05	1644.763
-800168.47	-1023525.4	-799522.46	-1026495.415	3727.67
-697518.488	-1035881.249	-697516.782	-1035928.448	56.546
-777218.168	-993020.447	-775333.78	-992378.18	2205.606
-779096.91	-1060367.77	-778917.1	-1060712.15	518.389
-655613.228	-1024420.374	-655326.012	-1024814.439	658.826
-753326.41	-1002532.8	-755110.84	-1000537.22	2810.449
-765903.621	-1026097.409	-765863.36	-1026064.72	52.225
-727690.78	-1068634.18	-727132.41	-1066612.92	2372.762
-797839.792	-1021276.945	-798613.63	-1020661.06	1008.869
-762330.98	-1057704.171	-762644.26	-1057670.198	318.983
-714641.39	-1027861.81	-713163.84	-1026838.29	1832.229
-730555.63	-1041606.57	-730328.32	-1041089.88	839.395
-645714.73	-1017890.78	-646384.95	-1016840.67	1354.206
-751198.453	-988540.539	-751893.901	-987526.245	1251.506
-712873.971	-983396.929	-712856.0	-983393.06	20.977
-800328.892	-1048892.208	-801758.959	-1048034.473	1760.841
-783225.21	-1030316.79	-783477.939	-1030304.849	262.762
-685728.1	-993575.39	-685921.25	-993492.0	210.388
-747359.43	-1036333.52	-747340.192	-1036328.09	21.449
-715802.644	-1040275.867	-715796.757	-1040254.964	23.676
-665865.27	-1019289.8	-664095.85	-1018703.97	2275.858
-764320.223	-977229.243	-764075.567	-977066.577	328.495
-641876.179	-1076129.347	-643005.177	-1076838.307	1395.369
-778111.46	-1076900.66	-778157.4	-1075707.854	1206.501
-762975.367	-1050789.735	-762857.67	-1050705.85	147.36
-648142.26	-1020670.59	-649076.08	-1021139.42	1668.852
-754598.61	-1047553.02	-755561.139	-1048762.837	1608.71
-701513.43	-1053251.23	-701518.7	-1053203.9	53.957
-662781.884	-1058976.87	-663151.45	-1062627.46	3781.733
-701175.92	-1004128.59	-700477.578	-1004743.59	960.861
-764098.369	-1035032.971	-764000.684	-1035018.239	113.807
-707013.649	-1066206.357	-706177.089	-1067401.754	1734.363
-787694.63	-1006969.81	-787761.3	-1006940.55	73.568
-785138.66	-976815.94	-784870.45	-977006.62	330.14
-770807.14	-981413.88	-769917.4	-981147.39	967.703
-868466.953	-1001996.087	-870928.851	-1000954.937	3424.786
-664421.81	-1020529.25	-665865.27	-1019289.8	2087.757
-649046.44	-1058285.21	-648995.43	-1058224.13	79.579
-733935.276	-1053561.424	-733635.307	-1053659.701	343.247
-670178.28	-996831.58	-669937.79	-996864.53	242.829
-743391.442	-995400.328	-738923.023	-995382.748	4583.369
-708564.782	-1048502.058	-708282.759	-1048488.32	300.749
-766842.83	-1037701.77	-762528.41	-1038705.278	4444.716
-762993.042	-1036759.664	-763005.62	-1036747.49	19.333
-817234.585	-1072653.72	-813838.81	-1073966.7	3809.93
-778474.39	-1028402.49	-776634.42	-1027612.8	2524.905
-701933.768	-1018659.443	-702154.39	-1017063.32	1790.376
-800457.397	-1013147.446	-800596.166	-1012756.763	420.923
-687972.84	-1011065.64	-688503.019	-1011193.9	550.289
-699280.96	-1087095.96	-702741.319	-1085493.193	5003.944
-748421.62	-1058141.72	-748267.22	-1058020.13	197.312
-692536.03	-1046146.19	-692519.521	-1046074.747	81.367
-792851.98	-1070549.81	-796121.105	-1068873.145	4196.442
-719124.44	-1019653.71	-717444.989	-1021625.032	2643.179
-803730.46	-976981.38	-802844.27	-977135.1	977.469
-823054.383	-1047606.95	-822395.39	-1047256.619	804.316
-814762.766	-1060740.963	-813286.907	-1058573.84	3434.814
-674727.057	-1092641.383	-674826.215	-1092413.034	249.198
-648196.224	-1067247.528	-649071.447	-1067541.708	1009.484
-730838.57	-1043194.93	-730385.752	-1043397.184	496.027
-644103.839	-1047463.345	-644786.662	-1049401.287	2192.561
-753590.731	-980826.759	-753684.045	-981066.838	340.242
-789824.762	-1062381.92	-788859.04	-1062251.69	1037.35
-855539.19	-1006492.17	-856665.76	-1008971.6	3069.86
-666388.889	-1082179.573	-666968.717	-1081010.119	1344.098
-644785.521	-1082590.738	-643588.187	-1083031.45	1427.753
-737256.925	-1010320.687	-737033.73	-1010214.122	247.368
-744053.61	-1057667.93	-743735.74	-1058144.17	630.265
-670988.44	-994687.59	-670866.58	-994569.28	172.687
-704678.708	-1014785.048	-704664.51	-1014712.25	74.63
-720348.829	-1070874.761	-720354.874	-1070956.167	83.078
-769269.16	-1031918.29	-767740.81	-1033208.76	2000.65
-767141.08	-1033645.5	-766906.4	-1033649.9	234.735
-721408.44	-1053712.59	-720526.708	-1056117.042	2802.982
-848711.125	-1010338.375	-848854.063	-1010324.813	150.263
-652396.83	-1062308.24	-651687.191	-1062230.428	724.139
-755450.54	-1019550.08	-756188.18	-1019118.53	1039.138
-641679.37	-1023333.67	-641514.85	-1023473.3	217.898
-705269.645	-1054728.144	-705497.782	-1055305.569	629.925
-840184.431	-1056729.852	-840182.398	-1056753.095	32.155
-770770.45	-1066037.26	-770734.458	-1066240.568	207.597
-712204.06	-1019056.16	-708515.93	-1020597.24	4087.632
-767628.303	-1064543.423	-767753.343	-1064569.401	128.166
-780224.15	-1030413.4	-780010.902	-1030546.654	295.581
-818615.033	-1025318.297	-820192.47	-1025296.08	1616.208
-739206.313	-1033719.313	-739327.79	-1033613.66	212.772
-862018.808	-1064807.077	-862694.64	-1064199.939	2772.023
-701533.204	-1012301.314	-701630.49	-1012426.75	158.761
-784268.435	-1026788.976	-784270.171	-1026762.041	31.155
-752916.78	-1033147.18	-751995.4	-1034166.44	1386.793
-748448.468	-1025141.783	-748439.313	-1025122.257	28.791
-691161.547	-1066271.947	-691791.485	-1067486.309	1377.735
-873251.51	-1009335.742	-873220.634	-1009452.022	121.432
-641360.995	-1058522.995	-639859.476	-1058257.416	1705.699
-748331.57	-1058014.71	-748407.4	-1058112.06	123.654
-673065.06	-1012192.51	-673115.251	-1012235.584	66.14
-693922.137	-1084612.263	-693497.58	-1083700.93	1005.409
-798085.15	-986328.76	-800170.94	-986983.59	2206.389
-770431.432	-1065090.428	-770605.67	-1066032.74	1030.417
-854821.13	-1011089.54	-854800.89	-1011123.46	45.289
-704206.35	-1016297.52	-703437.747	-1015528.167	1101.087
-756947.78	-1032105.09	-757016.2	-1032067.97	82.07
-754598.61	-1047553.02	-753368.02	-1048765.39	2076.088
-677198.54	-1010537.89	-676704.44	-1010463.18	499.848
-757117.744	-1032239.539	-757126.745	-1032268.154	36.21
-810544.373	-991914.911	-810652.14	-991913.8	122.495
-747480.01	-1054992.19	-748331.57	-1058014.71	3302.604
-865156.072	-1016055.06	-865149.161	-1016075.06	23.731
-811384.793	-1060414.363	-811109.853	-1063053.73	3568.036
-765090.921	-974748.817	-765232.67	-974584.482	217.253
-838369.06	-1001460.2	-837072.881	-1001122.397	1780.044
-650959.93	-1034803.46	-650425.21	-1035064.42	662.737
-714835.37	-1080351.05	-714650.501	-1080175.546	258.047
-723253.94	-1047378.28	-723026.18	-1047430.95	234.617
-822590.536	-1059214.552	-822438.85	-1059272.19	163.724
-772678.17	-999480.46	-772697.187	-999447.262	38.259
-730683.99	-998307.58	-729655.017	-1001739.13	5541.386
-692637.99	-1043495.14	-692059.289	-1043683.795	619.044
-750481.898	-1003083.552	-751462.148	-1001952.201	1516.936
-757357.537	-1039958.219	-757370.05	-1040129.007	173.338
-722424.857	-973741.687	-723059.71	-974092.99	1230.425
-753486.91	-1045306.78	-753420.082	-1045346.639	88.422
-670499.965	-1076816.189	-671906.859	-1077655.554	1817.878
-799508.992	-1038479.43	-799507.399	-1038462.251	17.253
-814761.761	-1017377.469	-816772.625	-1014524.25	3758.361
-824369.557	-1069640.862	-824759.717	-1069691.343	394.686
-757573.93	-1017125.61	-758869.214	-1018432.011	1868.264
-778018.52	-980258.925	-778347.63	-979882.5	509.956
-745947.38	-1072309.386	-745063.567	-1074560.029	4665.215
-752070.68	-1038599.17	-752010.11	-1038510.68	165.774
-824204.364	-1073767.68	-824128.174	-1073878.554	140.557
-752334.938	-1043068.75	-752328.935	-1043033.012	264.702
-655357.83	-1045018.11	-654532.0	-1044940.38	829.499
-868428.83	-1050088.405	-869631.174	-1051272.688	1694.315
-846047.345	-1066714.436	-844823.27	-1068111.92	1944.364
-812289.554	-1062962.548	-814547.798	-1061354.965	2846.845
-645494.06	-1052835.43	-645191.576	-1049993.142	2893.207
-684821.8	-1085771.56	-685270.97	-1085890.8	469.569
-717396.5	-1002059.24	-716837.48	-1002128.513	641.813
-724540.752	-1053298.081	-724166.816	-1053718.129	596.169
-778337.115	-1058982.337	-778382.944	-1059000.148	49.461
-753162.621	-1037241.517	-754572.88	-1035795.06	2023.836
-702777.85	-1027874.37	-706905.87	-1028430.1	4614.272
-762082.4	-1026225.69	-756952.07	-1032323.67	8380.9
-778126.39	-1049842.83	-778592.53	-1048743.11	1648.799
-771804.02	-1057487.437	-771691.03	-1056741.32	808.98
-681402.836	-996373.122	-679269.108	-996435.828	2518.424
-667146.26	-1024482.707	-665902.039	-1022897.606	2090.799
-802886.96	-998364.25	-802900.18	-998268.5	103.049
-790860.627	-1002521.829	-790206.27	-1005012.06	2827.639
-797063.54	-980056.2	-797248.217	-980716.747	766.203
-782508.45	-1049591.91	-783521.92	-1051834.58	2546.942
-692971.18	-1005051.9	-693299.572	-1004550.262	624.032
-677292.97	-1020091.06	-677451.058	-1022228.31	2240.958
-749312.721	-1044251.85	-749223.77	-1044290.27	130.036
-765097.63	-1039469.87	-765156.42	-1039346.91	136.784
-727307.445	-1006654.372	-726309.65	-1005617.59	2341.947
-768403.49	-1028124.55	-768364.62	-1028106.61	42.81
-694222.409	-1002472.161	-693857.22	-1001639.89	992.465
-740189.09	-1055208.574	-740555.067	-1055377.392	435.228
-835682.17	-1057889.6	-836817.298	-1056915.859	1537.815
-761165.56	-994823.376	-761216.881	-994932.114	152.632
-752431.017	-980746.742	-753237.843	-981234.533	1025.405
-727498.09	-1055856.04	-727322.317	-1058318.754	2699.514
-707071.52	-1070293.14	-705966.084	-1071067.862	1395.686
-755694.86	-1025391.36	-755522.83	-1026223.0	893.649
-650571.6	-1066556.63	-650316.67	-1066703.03	392.607
-815086.286	-1064891.427	-814776.967	-1064361.641	638.75
-645845.051	-1042802.629	-645952.536	-1042994.418	219.856
-778138.73	-1024703.06	-777928.09	-1024717.17	211.198
-742447.92	-1057030.3	-742445.595	-1057045.698	17.097
-719394.39	-1030514.14	-717017.97	-1028526.27	3098.668
-689493.64	-1014122.95	-694590.564	-1011296.896	6406.848
-821906.889	-1029730.126	-821382.33	-1027097.97	3444.336
-688230.339	-1070099.683	-687775.651	-1070719.93	798.1
-771050.13	-979400.91	-770815.922	-979561.149	283.838
-826669.354	-1070793.339	-826432.35	-1070622.92	306.173
-865292.98	-1015988.686	-865272.948	-1015986.292	22.22
-757186.395	-999324.849	-756485.88	-996910.85	2739.318
-766343.461	-972581.316	-766216.779	-972599.195	267.484
-749552.75	-1012219.86	-750101.294	-1010966.75	1385.944
-707740.78	-1020386.26	-705779.31	-1019720.11	2269.682
-739456.84	-1047650.3	-739350.28	-1047578.09	139.65
-759401.46	-1010266.64	-759400.55	-1009589.78	693.313
-701546.07	-1012463.02	-701519.57	-1012451.9	28.739
-730487.222	-1057428.568	-730521.401	-1057413.653	42.208
-811367.092	-1060331.764	-811436.45	-1058332.05	2980.92
-757043.375	-1065616.625	-756963.7	-1065845.66	264.381
-784552.08	-1000770.58	-783025.01	-1000786.78	1627.788
-739011.19	-1040229.08	-738750.231	-1040041.52	322.125
-798811.12	-974392.15	-799239.44	-973963.82	668.674
-671544.788	-1049045.428	-673016.767	-1047473.554	2220.334
-719702.14	-1057265.64	-718357.44	-1057583.87	1381.86
-878158.696	-1013432.341	-876719.98	-1013377.32	1743.207
-663394.55	-1018058.15	-660377.39	-1017385.64	3385.822
-848437.289	-1010286.293	-844844.13	-1011374.13	4997.656
-690363.5	-989936.5	-689477.71	-993270.639	3839.436
-720671.855	-1036824.384	-721284.824	-1039170.312	2631.832
-834486.639	-1073878.542	-834771.633	-1073045.663	947.151
-751764.57	-1033120.59	-752916.78	-1033147.18	1313.682
-763264.3	-977132.65	-763754.5	-977158.688	491.719
-653060.158	-1093797.093	-650826.289	-1093442.774	2755.787
-641612.66	-1058444.85	-641360.995	-1058522.995	267.191
-723872.477	-1031530.568	-722700.99	-1033242.12	2344.396
-864262.65	-1014830.74	-864282.1	-1014847.23	28.774
-767753.343	-1064569.401	-768305.47	-1063499.85	1363.219
-770317.58	-1016319.82	-770267.63	-1016474.41	164.413
-678795.907	-990702.905	-679293.063	-990851.478	570.859
-788405.81	-990185.11	-788342.61	-990271.92	107.528
-806811.551	-996407.544	-809159.34	-994184.85	3259.199
-699656.9	-989234.21	-699394.9	-986624.89	2914.49
-789599.47	-989178.13	-790915.02	-987974.67	1787.815
-836650.58	-1036172.06	-836731.282	-1037842.268	1729.7
-776369.209	-975951.979	-776447.02	-975916.66	91.739
-700575.05	-1020715.85	-700386.34	-1017542.52	3219.415
-756885.578	-1037955.246	-757072.35	-1036920.75	1105.418
-864705.822	-1049523.913	-860407.136	-1051858.455	5195.419
-788963.31	-1005173.23	-790206.27	-1005012.06	1279.484
-780145.673	-975109.629	-780146.784	-975121.456	12.79
-801191.019	-1056920.709	-800662.705	-1059111.155	2537.851
-681395.684	-1071134.646	-681516.604	-1071396.197	288.182
-702258.08	-1062721.58	-702846.897	-1063395.999	930.805
-804998.523	-1009348.06	-803589.727	-1011292.965	2566.451
-704310.07	-1008548.95	-701739.26	-1008956.69	2654.442
-659141.502	-1054020.948	-658927.592	-1053462.142	598.429
-648070.13	-1064005.995	-648319.994	-1064139.615	293.554
-776116.328	-1014689.396	-776027.577	-1014675.413	99.804
-648220.07	-1027573.9	-649777.66	-1026307.98	2089.659
-672221.29	-1031168.84	-671256.5	-1032769.5	2009.988
-879860.945	-1024818.193	-883289.645	-1027547.259	5860.83
-801970.256	-1007936.59	-802127.752	-1008368.964	466.816
-733405.4	-1042025.81	-733574.37	-1041925.75	196.995
-748421.62	-1058141.72	-748323.25	-1058021.77	155.47
-701455.724	-1063024.755	-701306.53	-1062771.45	317.657
-732608.251	-1056995.402	-732406.261	-1057487.646	557.508
-767245.15	-1059854.23	-767905.56	-1059790.08	666.19
-648235.47	-1048205.59	-648166.53	-1047764.36	477.722
-792717.683	-1068085.831	-791846.26	-1069890.07	2041.806
-824185.68	-1076313.69	-824123.41	-1076094.96	227.535
-696813.865	-1065594.502	-697552.19	-1066062.58	1059.743
-731998.558	-1034800.427	-729704.351	-1034249.238	2529.369
-872303.667	-1001395.343	-871474.565	-1005104.736	5123.682
-743575.018	-1025210.438	-742338.29	-1026873.82	2079.796
-643270.253	-1044720.053	-643196.027	-1044701.731	83.497
-696066.6	-1032776.61	-696209.569	-1034541.427	1817.035
-758946.8	-1047715.38	-759089.587	-1047792.853	177.768
-691937.271	-1072584.723	-691695.8	-1073983.308	1472.518
-697287.6	-1072560.2	-695654.968	-1073649.703	2031.54
-789598.91	-989195.65	-789495.07	-989274.28	130.251
-848549.27	-1008367.37	-848449.58	-1008274.1	137.072
-756982.34	-1032183.619	-756947.78	-1032105.09	91.986
-742518.5	-1045924.19	-742481.968	-1045891.873	51.749
-813711.95	-1072683.86	-813339.22	-1072490.63	420.583
-794034.2	-999569.77	-794508.83	-998061.18	1622.51
-670250.125	-1047850.25	-670217.063	-1047532.375	320.204
-707874.94	-1069852.35	-707728.379	-1069934.999	168.259
-805037.736	-987383.888	-805039.949	-987203.021	192.479
-743374.6	-1015246.99	-743460.973	-1015310.216	107.254
-867814.1	-1017398.97	-865281.896	-1016221.898	3016.46
-703485.16	-1089073.21	-703433.588	-1089277.166	210.377
-688008.062	-1091393.643	-689289.117	-1090073.041	2294.695
-825805.35	-1025515.51	-825805.007	-1025488.474	27.038
-740286.062	-1067041.588	-740272.67	-1068698.72	1963.12
-752546.196	-1048649.874	-752574.0	-1048595.25	64.779
-689565.56	-1046565.28	-689541.189	-1046445.739	240.492
-645544.85	-1029412.69	-645341.34	-1028549.0	918.377
-791835.05	-1033938.63	-793621.56	-1033086.45	2008.704
-736077.828	-1009641.7	-736056.775	-1009654.387	29.908
-666788.659	-1075535.744	-666792.402	-1075750.654	217.333
-725773.61	-1048589.77	-725759.39	-1048014.72	577.522
-649412.96	-1069332.18	-651043.587	-1068475.414	1922.234
-762408.894	-993314.666	-762395.665	-993304.982	18.115
-770273.005	-1024610.855	-767399.782	-1024261.277	2937.704
-766250.89	-1038585.87	-765271.33	-1038248.14	1178.863
-725001.818	-1067251.493	-725038.0	-1067234.92	39.797
-699861.59	-1016544.73	-698207.843	-1015617.906	2143.03
-768716.02	-972195.887	-768713.957	-972170.981	28.03
-757012.059	-1000191.644	-756656.04	-1001990.16	2658.75
-856641.138	-1042678.189	-854418.07	-1042733.21	2266.117
-728172.83	-1036863.76	-728311.439	-1037625.802	836.764
-721564.055	-1069982.225	-720348.829	-1070874.761	1535.088
-802786.177	-1055892.54	-802717.786	-1056064.686	187.835
-880905.313	-1014385.715	-881536.443	-1014161.893	746.963
-696640.86	-1013523.41	-694056.52	-1014023.47	2910.25
-747080.21	-1022274.73	-747427.15	-1020180.7	2154.731
-701438.597	-1012158.402	-701533.204	-1012301.314	171.574
-757183.1	-1024611.37	-757291.75	-1022892.522	1905.116
-814860.03	-1055938.19	-817568.08	-1054542.07	3340.902
-683860.022	-1002954.881	-683948.34	-1002964.8	89.259
-734820.63	-1045921.73	-734792.939	-1045834.388	94.386
-835231.406	-1039871.309	-835240.575	-1040178.658	308.324
-713528.78	-1021332.54	-713537.88	-1023025.75	1741.418
-797248.217	-980716.747	-797183.36	-980928.33	224.508
-780482.395	-1009537.145	-780297.889	-1009729.113	296.07
-824311.496	-1076401.374	-824175.43	-1076403.11	136.092
-759592.03	-1029256.06	-757922.63	-1027951.45	2323.232
-866860.328	-998552.66	-867178.859	-1001595.783	3432.138
-717824.84	-1083021.34	-721194.68	-1082065.94	3968.332
-849281.083	-1065563.125	-849508.0	-1064854.5	1448.667
-714659.241	-1048748.234	-713218.389	-1049521.645	1637.087
-787566.74	-1006937.87	-787825.765	-1006710.999	346.286
-861926.052	-1054000.596	-864054.601	-1052240.451	2771.383
-684465.51	-994535.698	-684461.282	-994562.374	27.009
-689790.54	-1015301.08	-690154.749	-1015646.511	571.904
-643963.03	-1072646.66	-642906.509	-1071913.977	1327.905
-737072.78	-1070373.015	-734645.857	-1072632.119	3542.649
-720354.874	-1070956.167	-720323.832	-1071070.678	204.118
-643005.177	-1076838.307	-643162.475	-1076986.149	217.974
-685946.901	-1053736.888	-685914.715	-1053772.587	50.862
-804188.94	-1040938.13	-803595.72	-1041012.29	632.042
-829024.303	-985564.954	-829117.04	-985474.93	130.911
-769601.84	-1030821.14	-767521.328	-1030468.912	2702.247
-685969.845	-1012097.505	-683200.4	-1012392.12	3309.451
-763471.794	-1006320.508	-761330.15	-1006063.11	2407.905
-773839.37	-1032477.27	-773028.08	-1031503.21	1267.883
-770955.98	-1029438.48	-770573.97	-1029676.31	454.87
-656800.363	-1089957.688	-657002.779	-1089741.132	299.513
-730766.56	-1057386.58	-730868.048	-1057213.587	200.566
-643574.344	-1062389.511	-643544.115	-1062402.097	45.804
-876199.704	-1023680.075	-877281.783	-1023219.796	1289.465
-739242.04	-1047530.36	-738239.28	-1046740.78	1599.998
-796934.15	-997600.62	-798534.1	-1000291.87	3234.671
-717185.34	-1049884.48	-716119.768	-1048477.837	1906.917
-793360.15	-1072600.56	-795649.836	-1074664.57	3096.367
-743757.419	-1079304.479	-744416.2	-1077545.95	2526.689
-829852.643	-1031299.919	-830033.794	-1031139.986	242.989
-770903.04	-979469.9	-769396.62	-980211.07	1692.174
-705180.085	-1015148.305	-705231.099	-1015094.761	97.477
-736076.53	-1032279.74	-734657.59	-1033417.9	1873.601
-826207.223	-1025611.665	-825528.77	-1025668.121	681.414
-833176.461	-1061835.712	-833610.148	-1061574.582	510.437
-645117.992	-1071120.304	-645172.077	-1071344.936	231.051
-728836.996	-1077840.299	-728821.246	-1077875.478	41.945
-725699.807	-1069669.236	-725770.197	-1069696.402	83.132
-701618.13	-1053223.9	-701513.43	-1053251.23	108.208
-734334.88	-1057371.39	-732106.87	-1056824.41	2295.372
-740918.56	-1040961.15	-740685.2	-1040309.9	701.357
-666729.59	-1050581.34	-666416.596	-1051353.785	833.561
-730642.02	-1024217.53	-732520.521	-1025437.477	2444.283
-750625.795	-1076596.379	-750593.342	-1076454.824	168.628
-736200.24	-1059961.11	-735710.187	-1060683.266	873.769
-685239.92	-1038361.6	-684634.01	-1036494.61	1965.893
-882768.42	-1022174.046	-882388.254	-1020937.356	1341.863
-806887.597	-1006244.926	-806265.291	-1006396.704	640.551
-734179.267	-1073288.225	-734049.378	-1073311.299	131.999
-673049.74	-1012189.85	-672330.296	-1012608.536	832.489
-689840.591	-1046565.689	-689587.82	-1046577.01	253.024
-671462.93	-994729.683	-671671.17	-994217.99	687.202
-684448.74	-990093.82	-684456.68	-990102.34	12.22
-665904.29	-1038767.04	-665783.24	-1039185.6	437.778
-806629.323	-1056052.109	-805642.32	-1056190.567	1200.111
-697424.697	-1035914.68	-694891.714	-1038189.519	3509.603
-767078.49	-980952.572	-766954.57	-980858.748	160.218
-704091.21	-1004679.2	-704367.28	-1004604.22	290.136
-697248.668	-1038787.04	-697267.039	-1038802.186	26.362
-859427.308	-1012810.473	-859403.622	-1012820.503	27.41
-730613.51	-976931.21	-731587.42	-976384.81	1135.639
-692418.005	-1046417.51	-692483.88	-1046468.81	102.935
-754787.94	-1042029.07	-755595.06	-1042268.62	866.3
-867507.198	-1013624.953	-867547.61	-1013539.782	96.963
-733635.307	-1053659.701	-733502.956	-1053766.078	170.013
-775531.069	-1033630.147	-775023.929	-1033730.424	517.816
-673675.724	-1027299.289	-673146.848	-1025900.608	1519.784
-759859.901	-994647.082	-759863.323	-994662.72	17.708
-824133.78	-1076090.16	-824493.68	-1076358.88	467.461
-871218.027	-1009557.177	-873151.075	-1009409.353	1952.261
-770619.171	-1014914.305	-771129.77	-1013837.5	1342.435
-682385.97	-1008835.85	-682169.978	-1009800.329	1002.283
-836841.03	-1059468.24	-837870.45	-1059772.66	1108.644
-847499.198	-1027049.942	-847631.984	-1026209.072	869.621
-746077.791	-1054052.872	-745964.069	-1053779.076	300.168
-823029.34	-1028479.66	-825313.57	-1029088.76	2480.449
-783506.85	-1065494.96	-782967.24	-1065482.01	552.378
-665556.808	-1056922.381	-661534.9	-1056956.81	4228.266
-734628.322	-1073000.566	-734636.107	-1072986.567	18.744
-749359.631	-1072003.681	-750975.981	-1073886.309	2690.876
-675281.436	-1028735.788	-674361.294	-1029465.061	1250.434
-846771.531	-1050208.283	-847221.274	-1051212.9	1251.75
-779438.186	-982631.217	-778989.21	-981896.88	862.77
-643645.325	-1045832.171	-643736.76	-1046002.53	193.911
-738729.596	-1048735.65	-738647.803	-1048576.402	179.643
-681718.699	-1074114.982	-681819.424	-1075513.693	1413.396
-736973.547	-1032504.996	-736802.978	-1032360.481	224.738
-650131.51	-1066509.43	-650214.713	-1066673.462	189.685
-692398.456	-1061029.368	-694183.55	-1060246.47	2175.856
-824839.115	-1069927.949	-825371.854	-1070237.647	623.845
-832038.178	-1033984.11	-831869.923	-1035242.397	1359.822
-641510.31	-1041433.74	-641469.563	-1041469.75	54.397
-840762.94	-1019368.88	-843193.936	-1016635.188	3679.29
-739293.69	-1047605.51	-739283.4	-1047695.67	175.561
-842432.549	-1074785.903	-843630.218	-1072166.861	3149.518
-717802.91	-1000992.65	-718623.75	-999624.31	1656.263
-655104.85	-1047159.706	-655357.83	-1045018.11	2324.049
-767438.13	-1012797.07	-766845.45	-1013227.2	798.752
-690428.86	-1055963.47	-690438.47	-1055956.5	11.872
-831249.446	-1066452.545	-831257.801	-1066428.576	28.469
-683702.25	-1051214.375	-684554.75	-1050209.14	1382.105
-696876.45	-1050935.08	-696740.64	-1050853.74	158.799
-848817.352	-1010040.504	-848832.896	-1010100.024	65.349
-790045.962	-1008333.498	-788356.44	-1008594.32	1912.006
-784339.78	-1064535.65	-784722.5	-1063858.94	792.056
-751684.123	-986198.741	-751684.279	-986129.648	70.462
-843404.881	-1067301.967	-842414.62	-1068541.16	1614.778
-660761.31	-1032147.72	-659721.31	-1032357.81	1187.62
-796853.478	-1023502.277	-796919.145	-1022786.604	735.523
-676565.734	-1070767.609	-676562.503	-1071189.945	424.213
-664329.19	-1026751.51	-663264.53	-1025565.94	1751.38
-676359.333	-1040833.919	-676199.203	-1040644.76	265.54
-715951.33	-1001441.12	-715631.772	-1000548.948	1129.493
-681644.438	-1064569.375	-682321.453	-1062691.028	2250.173
-717931.68	-1074774.45	-718118.94	-1074538.02	336.76
-783503.83	-1062042.29	-783270.84	-1064572.46	2764.192
-819904.908	-1026322.442	-825699.63	-1025635.04	5972.307
-663966.307	-1086317.794	-664329.433	-1088720.01	2629.867
-764160.43	-1016431.93	-764189.86	-1017649.5	1221.824
-776802.536	-1056510.053	-776923.94	-1056108.34	544.904
-689296.152	-1058690.826	-689190.86	-1058576.02	200.217
-843454.051	-1049428.271	-840909.551	-1048925.369	2658.589
-806738.412	-1068728.082	-804883.477	-1069352.662	2078.377
-757684.89	-1039998.96	-757617.9	-1040036.349	77.972
-677815.19	-1005964.39	-677292.61	-1004621.31	1517.981
-793463.21	-1003661.43	-792961.46	-1003326.84	777.934
-792692.6	-1061893.44	-792658.885	-1061574.541	341.709
-757862.35	-1039890.22	-758964.03	-1039865.74	1125.631
-807134.893	-993003.769	-807147.564	-993035.497	35.71
-848391.013	-1010363.56	-848435.252	-1010297.065	84.429
-750218.82	-984501.81	-748266.93	-984834.88	2047.152
-756367.68	-1034367.46	-756000.029	-1034391.458	386.478
-808139.24	-1000748.08	-806292.266	-1001722.804	3297.963
-665866.61	-1046285.2	-665856.66	-1046300.12	20.469
-812045.072	-1017091.715	-812053.644	-1017077.163	20.112
-731000.5	-1084154.49	-731167.427	-1084387.649	350.001
-690566.15	-1055814.5	-690514.32	-1056005.92	198.762
-739066.942	-1048837.079	-739324.81	-1048782.878	264.567
-744688.54	-1048201.99	-744763.02	-1048332.52	150.34
-679534.169	-1092199.13	-677459.533	-1091180.847	3458.08
-814942.43	-1022106.92	-815390.646	-1022572.468	646.565
-646849.159	-1084496.077	-647294.454	-1084399.748	481.388
-740685.2	-1040309.9	-740620.803	-1040195.542	131.897
-701283.64	-1067708.34	-701874.05	-1068123.94	790.34
-704454.2	-1014723.62	-704443.17	-1014666.94	61.139
-773198.18	-978453.94	-773325.19	-978306.71	194.615
-787213.5	-1068343.1	-787676.69	-1068629.84	555.52
-769299.5	-971590.383	-768734.89	-972166.881	817.397
-751204.95	-1019753.38	-748000.61	-1017992.35	3804.26
-697616.116	-1037824.725	-697606.343	-1037839.97	25.469
-672345.041	-1046919.799	-673016.767	-1047473.554	876.89
-845119.71	-1014533.287	-844514.39	-1014430.18	635.273
-736684.254	-983690.416	-736596.62	-982676.97	1094.782
-744366.4	-1040022.85	-744438.125	-1041269.582	1260.042
-768005.2	-1028115.04	-767709.808	-1028302.294	428.176
-646239.872	-1056008.99	-646911.078	-1057791.934	1913.444
-675688.767	-1054501.648	-675509.289	-1054207.776	345.437
-773248.94	-978418.24	-773249.142	-978438.85	24.202
-721719.49	-1032667.78	-723723.65	-1036423.04	4772.507
-752548.071	-1043362.204	-753519.32	-1044963.06	1948.089
-732619.431	-1016119.27	-732279.387	-1015521.642	742.453
-808586.509	-1021248.665	-808198.273	-1023759.267	2579.638
-765487.184	-1056779.747	-762243.624	-1057488.376	3851.113
-791568.33	-1044904.05	-791225.796	-1045018.129	376.45
-865295.346	-1015968.513	-865292.98	-1015988.686	22.519
-784870.45	-977006.62	-784803.47	-976863.43	161.123
-719044.051	-1038420.258	-718388.11	-1038712.794	843.38
-773288.74	-978357.61	-773325.19	-978306.71	62.605
-831265.27	-1057744.68	-831489.69	-1057699.8	231.613
-683656.306	-1066705.409	-683503.31	-1066511.71	246.919
-661199.843	-1057677.192	-660410.858	-1057065.693	998.241
-661295.15	-1005380.04	-660048.533	-1007516.181	2536.721
-681671.06	-1048041.65	-681338.634	-1047574.395	575.103
-662570.484	-1074158.653	-662317.088	-1075570.752	1462.524
-776923.94	-1056108.34	-777860.26	-1054906.91	2235.017
-788952.78	-1072079.93	-789047.504	-1072468.509	412.078
-731101.12	-1041282.706	-731062.81	-1041276.39	38.827
-776225.12	-1062572.7	-771664.289	-1062200.37	4957.5
-786539.735	-1007070.139	-787553.89	-1006945.17	1035.858
-771432.875	-995747.64	-771599.707	-995260.772	521.403
-735402.99	-1027568.28	-735366.12	-1027297.32	273.461
-674053.53	-1083790.15	-672245.998	-1083231.835	2162.64
-778856.69	-1029627.639	-776241.58	-1030084.29	2659.844
-664935.923	-1043309.049	-664716.84	-1041425.61	1922.337
-754614.23	-1035771.28	-754562.87	-1035818.81	69.978
-656847.03	-1067663.14	-657654.09	-1066536.93	1468.026
-661617.63	-1011287.41	-661149.182	-1010762.684	706.96
-869160.787	-1038295.034	-869430.152	-1039450.715	1224.3
-791555.94	-1006296.02	-788963.31	-1005173.23	3763.899
-798692.94	-1034078.43	-796891.93	-1033882.09	1826.903
-673848.98	-1000552.98	-674111.71	-1002397.2	2433.685
-756117.029	-1034221.27	-756367.68	-1034367.46	315.671
-687080.844	-1085843.436	-687083.697	-1086022.321	202.051
-689352.65	-1029592.58	-687757.878	-1028419.984	2429.236
-795649.836	-1074664.57	-797059.03	-1075094.57	1488.195
-777867.364	-1081970.849	-777612.74	-1081883.74	1128.24
-739344.58	-1033713.78	-739356.313	-1033691.125	28.742
-772117.211	-1018247.012	-772803.63	-1017751.8	945.035
-819884.348	-1026205.872	-819903.121	-1026210.436	21.15
-767289.057	-1078300.438	-767507.91	-1078990.72	746.417
-759614.391	-976477.019	-754384.573	-976431.956	6110.128
-684294.67	-1001305.09	-686813.369	-999098.413	4695.403
-671323.556	-1013361.815	-671563.284	-1012981.47	596.76
-647971.86	-1063967.988	-648070.13	-1064005.995	105.375
-782566.51	-972839.89	-782478.45	-972725.89	155.081
-645058.102	-1074054.935	-645062.731	-1074192.643	137.805
-678306.819	-1002377.18	-678335.291	-1002373.392	35.577
-798811.049	-1001939.102	-799398.713	-1001736.838	651.938
-760235.44	-976189.76	-760110.712	-976177.525	125.735
-800730.13	-1062538.77	-797346.87	-1064462.71	4194.986
-751354.53	-1045701.18	-749056.74	-1045692.48	2298.109
-876018.18	-1021451.31	-870422.68	-1018207.71	6605.5
-697377.527	-992277.531	-696916.247	-991912.948	688.684
-712566.42	-1009304.56	-712254.06	-1010026.6	1516.637
-741667.69	-1043280.41	-741616.98	-1043059.21	228.533
-643621.025	-1046319.884	-643499.7	-1046185.71	196.345
-763739.683	-972846.408	-766198.249	-972617.169	2877.829
-684501.01	-994670.16	-684393.618	-994662.914	108.832
-653620.3	-1027061.15	-652693.444	-1028466.555	1714.066
-769366.7	-971553.53	-769299.5	-971590.383	79.056
-850583.541	-1050505.684	-850853.76	-1050620.43	303.417
-779253.26	-1007091.45	-773107.31	-1004082.68	8204.249
-874121.601	-1018592.013	-870593.16	-1017566.94	4240.851
-799077.81	-993548.97	-798369.909	-993481.638	721.585
-748623.581	-1025255.676	-748503.37	-1025506.13	375.316
-644350.08	-1074464.718	-644353.789	-1074449.201	20.561
-731089.392	-1056745.661	-731071.433	-1056596.404	150.355
-797204.328	-1069117.112	-797607.34	-1069337.13	464.199
-664882.56	-1076094.25	-664324.403	-1076602.339	761.422
-815238.312	-1070947.234	-815262.352	-1070819.168	182.543
-817712.43	-1060613.02	-816333.79	-1059270.97	2454.883
-669370.36	-996831.38	-667781.704	-997044.63	2448.488
-731077.477	-1028160.791	-730954.25	-1028290.05	178.607
-683295.221	-1065172.013	-683310.861	-1065188.496	24.454
-664722.059	-1069286.88	-664530.55	-1069222.12	202.165
-848771.631	-1050724.211	-850583.541	-1050505.684	1964.093
-721299.06	-1082392.31	-721740.02	-1083953.92	1685.457
-668163.57	-1049062.769	-666729.59	-1050581.34	2135.687
-747889.099	-1030600.482	-745978.33	-1031442.64	2258.593
-888772.284	-1015884.342	-889229.403	-1015636.114	520.396
-869828.387	-1037680.321	-869846.944	-1037645.178	48.722
-777773.68	-981956.07	-775704.41	-982371.16	2341.017
-695101.87	-1011495.99	-696714.09	-1009872.17	2332.575
-653047.62	-1067925.5	-654990.782	-1070102.447	2951.607
-821508.375	-996043.109	-820516.732	-995220.081	1291.452
-741595.796	-1042546.691	-741640.709	-1042597.162	72.25
-879599.56	-1020720.76	-876365.0	-1021461.157	3392.178
-697671.988	-1037727.436	-697681.065	-1037708.139	32.614
-687324.26	-1004263.0	-687297.019	-1004332.947	75.064
-671942.405	-1039583.898	-670645.41	-1038343.34	1838.049
-812849.834	-1049467.983	-812925.859	-1049067.757	544.053
-806173.04	-1047531.5	-804849.234	-1045543.833	2605.051
-757922.63	-1027951.45	-757717.93	-1027868.5	221.408
-726502.432	-1070523.304	-726412.52	-1070532.723	106.322
-765150.999	-983372.343	-764859.74	-983493.05	331.892
-649095.29	-1047681.46	-649047.638	-1047670.39	48.926
-704605.586	-1052472.046	-702984.99	-1052881.869	1671.739
-718388.11	-1038712.794	-719056.33	-1041002.22	2579.674
-779866.125	-983130.25	-779864.28	-983031.63	104.283
-869783.194	-1015873.868	-870837.45	-1016849.88	1652.033
-848944.39	-1000411.63	-853804.223	-995401.259	7339.47
-747595.566	-1068754.193	-746816.113	-1067439.618	1803.734
-803623.961	-1001321.414	-807625.76	-999569.73	4753.048
-757895.356	-1040240.583	-757866.583	-1040250.534	33.733
-697622.34	-1037173.95	-697681.065	-1037708.139	548.894
-743379.756	-1056348.83	-742527.18	-1056846.75	1119.354
-697475.25	-1022769.4	-697472.53	-1017427.37	5639.057
-887146.313	-1006165.878	-887135.399	-1006153.178	19.456
-676102.921	-1060763.556	-675684.47	-1060626.73	462.277
-671677.361	-1084068.87	-671566.691	-1083348.848	748.668
-694183.55	-1060246.47	-694090.198	-1059571.054	725.984
-823879.001	-1066547.6	-822661.746	-1066512.685	1250.274
-804289.254	-1076350.861	-804232.895	-1076280.818	91.117
-796978.76	-1006899.82	-793798.06	-1006808.01	3412.368
-794092.3	-983129.35	-794154.973	-983095.205	72.176
-767089.88	-999138.78	-768950.04	-999418.05	1964.12
-739943.73	-986995.68	-738989.588	-987015.568	1030.174
-664806.557	-1035882.905	-663890.85	-1032957.57	3103.632
-740325.08	-1025842.42	-740042.44	-1023752.96	2224.265
-646910.36	-1044622.04	-648037.819	-1045341.882	1358.729
-644083.61	-1053792.21	-644022.3	-1053280.01	524.665
-825810.194	-1048982.067	-822549.266	-1049264.447	3528.138
-708340.625	-1014167.897	-707699.04	-1013592.41	1241.788
-856054.003	-1059724.33	-855315.385	-1062627.136	3143.94
-873685.2	-1034190.17	-873737.772	-1034144.285	69.78
-716040.63	-1064652.88	-716349.222	-1061215.837	4274.742
-857589.02	-1066880.62	-857682.671	-1066757.76	172.227
-864781.377	-1022291.407	-864728.2	-1021041.49	1412.438
-743813.524	-1069243.996	-743769.558	-1068847.742	644.238
-867721.497	-1015612.621	-867786.715	-1015660.673	83.29
-785295.194	-1064511.86	-784901.71	-1064680.23	446.992
-876719.98	-1013377.32	-875290.624	-1010744.429	3248.08
-694069.151	-1040314.036	-694046.537	-1040418.3	212.915
-741982.434	-1043721.781	-741826.92	-1043491.34	279.12
-840443.48	-1008932.252	-840379.37	-1008893.03	76.977
-762589.597	-1038670.466	-762732.21	-1038615.428	152.865
-719699.97	-1085550.72	-719861.2	-1086288.44	780.123
-693741.06	-1070969.8	-693911.362	-1072521.499	1657.366
-697706.206	-999723.703	-697594.667	-999708.68	114.419
-763796.37	-983171.0	-764859.74	-983493.05	1159.823
-681451.6	-1009391.922	-682169.978	-1009800.329	1049.512
-829250.68	-1058476.11	-829183.22	-1057270.09	1225.43
-674100.64	-991599.67	-671606.35	-994148.73	4474.5
-783872.32	-1065262.31	-783889.677	-1065255.525	22.189
-843874.48	-1024036.87	-845865.288	-1027535.4	5774.38
-786279.05	-1018486.27	-785735.402	-1018921.227	1206.139
-763457.945	-1022252.058	-763530.548	-1022285.521	84.786
-820718.29	-1063652.81	-820743.22	-1063814.623	164.43
-803594.969	-1011418.323	-805450.508	-1012456.415	2130.678
-740142.03	-1084688.17	-739754.02	-1084468.32	457.896
-712241.19	-1070905.53	-710766.209	-1070158.688	2054.331
-827897.646	-1061881.878	-828344.886	-1060176.523	1885.02
-691161.547	-1066271.947	-690298.86	-1066702.72	1005.153
-755689.59	-1023919.41	-757183.1	-1024611.37	1752.634
-662554.79	-1022817.848	-660725.035	-1020574.153	3014.111
-824264.95	-1072040.14	-824233.11	-1071922.28	122.292
-732679.47	-1019169.05	-733678.335	-1015348.638	4299.672
-695525.99	-1038429.14	-695497.4	-1038523.04	113.694
-647874.46	-1024284.84	-649066.35	-1023932.14	1250.37
-647963.442	-1054468.654	-648028.985	-1054558.072	110.873
-837870.45	-1059772.66	-840611.07	-1059465.3	3154.003
-711034.162	-1025892.359	-711022.23	-1025781.77	131.695
-740237.39	-1030261.3	-741678.677	-1028204.395	2511.826
-677372.075	-1077135.169	-676150.707	-1076182.597	1563.125
-640589.158	-1024405.023	-639773.159	-1023292.951	1509.126
-778021.16	-971960.759	-778007.904	-971981.198	30.466
-668395.94	-1085313.12	-668968.561	-1086290.602	1151.179
-763361.35	-993086.1	-763174.39	-993076.53	199.599
-685365.419	-991199.758	-685505.55	-990812.11	413.092
-755041.005	-1016854.325	-754021.26	-1013818.2	3206.235
-757062.77	-1070140.36	-756668.73	-1074707.95	5471.945
-806746.5	-996395.04	-806811.551	-996407.544	71.339
-867341.426	-1012987.657	-867652.35	-1012406.82	659.132
-683485.717	-1066495.028	-683290.106	-1065208.565	1471.666
-733675.105	-1015316.557	-733678.335	-1015348.638	36.651
-671756.449	-1089521.72	-669667.176	-1090853.117	2576.044
-868650.468	-1043225.142	-869054.945	-1041051.578	2319.599
-749200.17	-1044117.16	-749312.721	-1044251.85	181.338
-773495.77	-1055868.64	-773333.358	-1056036.651	233.82
-712180.97	-1055894.97	-711342.154	-1053447.008	2596.885
-843874.48	-1024036.87	-844388.004	-1021825.916	2455.223
-799641.456	-1019865.034	-799422.03	-1018359.27	1783.796
-806838.96	-989705.95	-806965.18	-989759.4	137.077
-687258.748	-1064722.219	-686461.341	-1063475.722	1535.969
-759083.146	-1033695.525	-759056.26	-1033704.719	40.272
-705511.49	-1044535.7	-705261.63	-1044465.61	260.475
-728843.855	-1039330.22	-728301.83	-1039146.96	573.524
-776434.877	-977166.515	-776297.19	-977282.515	180.676
-781617.16	-985767.32	-779817.024	-983152.727	3902.905
-701306.53	-1062771.45	-701597.527	-1060360.695	2660.536
-720459.31	-1084859.54	-719964.66	-1084640.61	593.724
-653437.442	-1023375.294	-653408.243	-1023374.751	37.436
-781617.583	-1060871.373	-781656.319	-1060949.682	87.689
-712833.882	-1078862.126	-712776.782	-1079029.394	182.229
-734692.347	-1043618.588	-734732.83	-1043650.65	52.254
-854300.61	-1040188.13	-854289.81	-1040087.67	102.771
-707704.35	-1049529.74	-708693.97	-1050118.96	1292.887
-725971.83	-1049155.86	-725605.77	-1048990.89	410.118
-671549.72	-1006754.72	-670965.53	-1008802.41	2219.311
-741909.34	-1056805.55	-742057.5	-1057042.55	283.999
-783587.85	-1031452.41	-783225.21	-1030316.79	1358.142
-681667.189	-1030216.736	-681384.234	-1030466.916	380.31
-755110.84	-1000537.22	-755485.379	-999853.998	924.562
-770190.57	-1053825.54	-770118.517	-1053941.916	140.767
-645187.107	-1032010.729	-645267.57	-1031669.73	388.811
-762921.827	-973598.762	-763739.683	-972846.408	1116.301
-794125.83	-1044350.99	-794604.85	-1045594.51	1560.268
-751048.998	-981028.811	-751080.485	-980975.691	62.207
-726485.929	-1070435.268	-726613.874	-1070501.729	151.751
-747272.377	-1064367.253	-748922.553	-1064209.42	2182.068
-782560.95	-1028351.4	-780763.21	-1026689.94	2579.499
-655878.4	-1018527.01	-655843.43	-1016058.73	2661.406
-887593.216	-1019848.564	-887848.073	-1019869.021	255.704
-860758.589	-1054468.445	-861926.052	-1054000.596	1261.044
-783889.677	-1065255.525	-783892.43	-1065270.8	17.3
-735705.76	-1007865.98	-734667.55	-1006388.29	1927.265
-821956.529	-1064924.03	-822200.559	-1065744.456	926.38
-805259.48	-994166.93	-807283.22	-992058.13	2956.433
-749350.147	-1004412.107	-749333.922	-1004411.141	19.37
-640470.79	-1051656.34	-642679.84	-1051189.81	2379.207
-795883.692	-986069.676	-795545.325	-986086.86	342.539
-676072.97	-1057055.44	-675285.676	-1056729.511	855.89
-688899.57	-989589.51	-688948.56	-990840.02	1320.748
-742089.043	-1049140.504	-742010.451	-1049097.212	89.894
-649239.558	-1060856.153	-649359.526	-1060736.691	169.308
-758452.442	-1058156.074	-758586.27	-1057603.82	599.91
-671788.98	-1013525.17	-671278.02	-1014903.47	1583.141
-734660.609	-972473.815	-734779.913	-971952.94	539.079
-687615.17	-1025887.1	-687058.38	-1025912.7	573.906
-751633.55	-1062340.88	-751611.11	-1061840.96	501.57
-683198.19	-994624.7	-682369.656	-994478.593	854.7
-770605.67	-1066032.74	-770770.45	-1066037.26	166.431
-792335.7	-1064165.62	-792692.6	-1061893.44	2466.694
-743505.628	-1006017.643	-745761.813	-1003659.195	3581.658
-647672.21	-1055476.25	-647715.52	-1054537.59	956.765
-661534.9	-1056956.81	-661199.843	-1057677.192	819.637
-730635.99	-1041909.89	-730667.11	-1042312.4	404.109
-670357.22	-1080322.771	-668719.83	-1079577.06	3142.242
-746254.654	-1054216.692	-746224.654	-1054171.412	54.688
-703440.6	-1044823.18	-703259.82	-1045208.71	435.069
-645204.688	-1042734.375	-645182.125	-1042740.125	29.653
-668761.442	-1007202.62	-670016.23	-1007047.13	1513.238
-697095.23	-996864.93	-696561.63	-996196.47	1085.386
-762482.866	-1038804.222	-762593.868	-1038824.962	128.716
-648881.23	-1019906.8	-648142.26	-1020670.59	1114.518
-808428.86	-1008377.375	-809228.339	-1008664.888	850.79
-711914.43	-1022050.9	-711896.42	-1021996.28	57.52
-787970.43	-1063151.69	-788186.2	-1063310.5	271.148
-652006.89	-1070514.59	-653003.451	-1071333.469	1327.174
-761419.84	-1044328.57	-761255.95	-1042461.59	1934.497
-844159.33	-1005098.186	-844176.69	-1005150.86	66.163
-736806.057	-1036906.288	-736800.71	-1037745.99	844.734
-728436.074	-1061012.176	-728282.37	-1061023.04	162.161
-748375.322	-995418.19	-746987.53	-995071.76	1591.926
-746077.791	-1054052.872	-746092.389	-1053933.229	122.909
-669023.951	-1044630.631	-668300.58	-1045107.33	866.379
-757786.655	-988530.705	-757507.661	-987496.265	1264.678
-786786.88	-1066576.34	-787208.275	-1066172.509	602.931
-640498.45	-1043240.46	-641152.528	-1043280.12	676.623
-645953.826	-1035165.121	-646608.894	-1035148.209	659.265
-681321.048	-1064389.756	-681287.458	-1064635.702	267.039
-667752.29	-998041.55	-670055.86	-1000818.7	4914.721
-736689.21	-1080041.06	-734896.444	-1079592.009	1935.701
-726648.74	-1068045.3	-725038.0	-1067234.92	2153.053
-786786.88	-1066576.34	-788124.72	-1067166.53	1566.174
-645624.534	-1084805.598	-646860.963	-1084552.205	1279.243
-791151.33	-978540.3	-791116.66	-978532.24	43.697
-643963.03	-1072646.66	-643351.07	-1073096.02	771.618
-711965.234	-1040703.688	-711845.47	-1040741.69	125.664
-745929.853	-1052838.5	-746031.36	-1052928.029	143.87
-795395.58	-979342.28	-797337.54	-979437.12	1991.917
-644167.988	-1071592.408	-643225.852	-1071268.715	998.438
-724042.005	-1034642.051	-721909.138	-1036103.039	2648.701
-735050.04	-1025264.38	-734995.56	-1025187.18	95.453
-766353.786	-1023253.612	-765351.032	-1023102.423	1026.816
-727830.699	-1058743.388	-727756.552	-1059544.567	821.285
-847134.79	-1070900.84	-847167.96	-1070922.91	41.933
-819693.42	-1074553.76	-819830.35	-1074417.23	193.583
-859427.814	-1012787.461	-859614.98	-1012914.35	239.029
-772303.679	-1081833.637	-768538.32	-1082897.61	3933.827
-778073.878	-1024982.951	-777982.972	-1024849.3	359.218
-645801.901	-1075686.843	-645584.93	-1076519.18	865.953
-772848.17	-1031515.65	-772764.25	-1031598.74	118.096
-866412.755	-1007295.052	-866304.12	-1007000.304	321.65
-831484.068	-1037952.979	-829589.15	-1040948.8	3896.649
-775670.719	-1064925.753	-775508.24	-1065095.71	236.29
-825237.48	-1076489.32	-825473.181	-1076978.825	868.116
-794604.85	-1045594.51	-796118.31	-1046052.3	1974.296
-773213.54	-971852.23	-773086.617	-970913.716	6356.555
-683274.436	-1065192.111	-683295.221	-1065172.013	33.279
-887978.012	-1019360.905	-887878.164	-1019149.612	238.198
-741544.581	-976482.751	-738259.6	-972740.61	5538.249
-713662.754	-1023813.781	-711277.73	-1024644.39	2682.605
-771749.039	-1060604.088	-771713.29	-1060382.695	225.378
-736357.239	-1013771.455	-736357.408	-1013749.458	24.622
-867704.25	-1017459.2	-867827.291	-1017310.473	193.026
-795679.997	-1064193.145	-794503.91	-1062120.49	2520.639
-781254.31	-1068262.15	-781439.88	-1068713.46	487.993
-784901.71	-1064680.23	-784199.89	-1065298.81	1072.138
-773582.53	-1064914.68	-771235.7	-1064736.98	2491.912
-743588.968	-1006059.4	-743505.628	-1006017.643	93.236
-646819.494	-1068479.874	-646734.244	-1068620.938	172.266
-864273.56	-1014862.79	-864247.19	-1014848.59	35.071
-770029.944	-979827.303	-770075.309	-979937.134	118.831
-737780.89	-1073920.26	-737011.75	-1074812.7	1270.123
-756498.84	-1080484.19	-756787.96	-1074718.42	9092.196
-731518.85	-1042053.79	-731589.68	-1042036.91	78.125
-656820.64	-1049277.7	-655601.323	-1051831.086	2859.111
-789851.337	-1027166.723	-794131.975	-1026382.306	4385.441
-674462.4	-1055955.03	-674109.19	-1055995.069	358.993
-756555.782	-970472.63	-757206.81	-969692.0	1048.973
-799213.12	-993419.47	-804085.47	-991997.42	5217.728
-845669.45	-1007913.1	-845783.24	-1007906.04	117.837
-643243.894	-1082911.687	-642120.637	-1083459.658	1449.426
-646180.626	-1074049.63	-645801.901	-1075686.843	1695.312
-700549.976	-1016985.471	-702154.39	-1017063.32	1649.975
-821898.958	-1062434.179	-820973.902	-1062163.172	998.985
-684821.8	-1085771.56	-684605.571	-1086629.908	889.752
-747917.66	-1033945.33	-747854.476	-1033972.682	70.826
-783557.32	-996606.88	-784281.09	-996224.5	855.102
-840004.527	-1070667.351	-840159.538	-1070577.962	178.947
-830045.471	-1073007.368	-829983.056	-1072969.188	73.991
-689507.87	-993288.37	-689477.71	-993270.639	34.986
-837490.184	-1064292.459	-837178.639	-1063571.313	860.231
-696029.607	-1045263.951	-696152.46	-1045284.59	127.638
-801002.08	-1032379.022	-798692.94	-1034078.43	3029.975
-750386.47	-1031592.81	-751008.14	-1030205.85	1546.267
-670217.063	-1047532.375	-670302.753	-1047033.774	508.203
-729975.212	-1063167.207	-730283.513	-1063285.34	418.777
-695271.118	-1026511.729	-695425.18	-1027294.18	797.49
-743452.955	-980028.534	-746750.122	-981687.967	4222.2
-689683.664	-1046665.256	-689527.613	-1046455.283	355.537
-686113.07	-989171.44	-686155.73	-989128.63	60.837
-859395.01	-1012018.42	-859405.76	-1012005.62	18.514
-773612.564	-1055454.584	-773612.74	-1055153.42	312.832
-775826.218	-1014683.062	-775845.511	-1014684.31	19.515
-778592.53	-1048743.11	-777218.53	-1048643.03	1380.116
-880106.128	-1017037.521	-880059.211	-1017014.859	52.109
-757394.943	-976131.008	-757405.719	-976101.992	34.112
-770582.61	-973150.378	-770343.531	-971797.563	1490.315
-855562.12	-1009290.98	-853201.371	-1010579.777	3323.485
-802221.716	-997025.126	-801455.048	-996994.848	1220.579
-728916.517	-986860.571	-729566.13	-985317.67	1852.374
-753610.332	-1055794.016	-755278.67	-1057002.28	2525.086
-720771.59	-1032714.03	-718519.86	-1032019.4	2430.525
-825652.86	-990284.21	-825397.11	-990236.59	266.328
-828092.939	-1076328.197	-827417.792	-1075394.971	1217.792
-644749.829	-1095929.772	-642292.66	-1093616.92	5515.584
-700139.11	-1067678.62	-700209.914	-1067581.49	120.796
-673976.137	-1069265.756	-673983.56	-1071086.53	1821.015
-778936.284	-1029982.018	-778937.795	-1029962.107	21.751
-649134.45	-1027880.01	-648783.95	-1028159.26	450.338
-834410.647	-1056690.533	-834226.849	-1055705.381	1174.681
-702989.2	-1089128.57	-702961.865	-1089131.717	27.516
-843040.578	-1020185.817	-842649.229	-1017088.561	4485.082
-757420.204	-1040997.825	-759598.97	-1042857.56	2953.882
-764178.213	-995931.718	-764512.253	-997703.884	1929.618
-725329.222	-978326.922	-725401.005	-978434.604	130.973
-852241.709	-1051299.341	-851841.895	-1052516.61	1455.389
-738953.985	-1055720.43	-740173.965	-1056481.452	1646.797
-684709.56	-1008697.17	-683525.776	-1008619.715	1187.291
-652355.284	-1084513.846	-652391.738	-1081209.243	4328.084
-687775.651	-1070719.93	-689533.77	-1072698.38	2984.981
-728409.01	-1060385.74	-728218.96	-1060617.02	317.518
-780131.226	-975110.78	-780145.673	-975109.629	16.525
-654058.89	-1033547.74	-652384.421	-1032220.303	2202.909
-696666.688	-1001067.998	-696639.975	-1001044.38	40.772
-661877.34	-1025173.71	-661656.125	-1025070.62	244.908
-820192.47	-1025296.08	-822685.42	-1024554.84	2970.488
-777731.902	-1012696.134	-778014.027	-1012372.889	429.254
-648563.304	-1072847.197	-648172.926	-1073424.829	790.438
-741510.877	-1056076.422	-741909.34	-1056805.55	834.155
-755153.65	-1035285.29	-754614.23	-1035771.28	726.068
-819281.972	-1075718.149	-819300.52	-1075731.24	26.025
-865130.137	-1016067.314	-865134.846	-1016050.066	19.165
-652907.021	-1011415.196	-653289.56	-1010452.73	1288.664
-648119.937	-1065264.0	-646321.017	-1065809.304	1894.336
-738117.97	-1025342.62	-738223.133	-1026283.648	971.761
-720286.94	-1041210.65	-719056.33	-1041002.22	1257.925
-689532.0	-1025551.84	-689199.57	-1027006.85	1633.979
-847130.532	-1051437.448	-845844.331	-1051867.902	1485.017
-877326.558	-1024920.661	-876292.761	-1024704.267	1085.263
-784908.833	-1026959.149	-784696.252	-1027101.178	259.41
-858726.45	-1014810.57	-864247.19	-1014848.59	6752.815
-788332.392	-1032922.155	-788623.02	-1030555.81	2667.793
-649268.93	-1019995.56	-649184.804	-1019796.781	218.916
-849530.54	-1064841.58	-849508.0	-1064854.5	28.535
-820845.98	-1077385.69	-819756.53	-1076870.55	1239.581
-661439.501	-1059459.582	-661247.788	-1060001.457	584.99
-790611.107	-1005098.447	-790781.372	-1005118.501	171.543
-790807.11	-991409.08	-790841.527	-991416.733	37.843
-649508.86	-1018964.207	-648462.99	-1018258.48	1489.296
-858314.518	-999543.567	-858225.57	-999249.575	318.568
-721423.83	-1050459.84	-721590.121	-1050351.776	217.008
-736406.053	-979182.316	-734924.513	-978114.676	2008.409
-857239.13	-1033987.9	-858426.41	-1035078.25	1718.31
-729694.704	-1025204.159	-728376.395	-1025974.213	1586.373
-757990.39	-1037666.66	-757993.91	-1037860.61	208.253
-778337.115	-1058982.337	-778337.704	-1058911.818	70.923
-790841.527	-991416.733	-791903.53	-991074.62	1160.522
-751561.493	-1027770.122	-751583.2	-1027700.11	73.407
-701209.452	-1012443.428	-701202.59	-1012387.6	56.248
-663359.46	-1018151.53	-661815.94	-1019747.04	2231.903
-756259.96	-1043181.71	-756262.518	-1042486.952	719.571
-824002.89	-1011428.37	-824204.341	-1011429.901	201.473
-684400.46	-994761.98	-684006.087	-995110.848	531.721
-701544.95	-1038146.17	-701644.05	-1039147.18	1054.025
-887155.508	-1006158.106	-887686.7	-1006062.205	577.827
-811581.538	-1037657.666	-812042.47	-1038338.51	842.191
-742706.84	-978617.51	-744173.3	-977698.49	1767.238
-730606.32	-1042945.66	-730320.71	-1043500.64	821.103
-652756.916	-1044690.62	-652577.566	-1044757.953	193.342
-815246.656	-1034011.793	-815421.1	-1032960.99	1128.725
-836254.049	-989704.778	-836190.341	-989605.311	118.123
-718657.29	-1012418.59	-717527.23	-1013320.72	1539.866
-771884.49	-1066599.35	-773400.23	-1067433.99	1788.869
-767289.057	-1078300.438	-765916.1	-1077914.45	1480.387
-845230.462	-1031772.156	-845263.628	-1031836.868	79.873
-794250.59	-993522.31	-793545.34	-994549.28	1291.311
-711918.85	-1011810.7	-713116.293	-1012546.008	1751.722
-873151.075	-1009409.353	-873251.51	-1009335.742	124.772
-836451.432	-1060362.732	-836841.03	-1059468.24	1036.83
-684719.07	-993999.7	-684613.46	-993964.07	159.761
-698639.7	-1060855.31	-697119.277	-1060869.356	1674.463
-703858.334	-1077728.229	-703733.09	-1077097.09	675.339
-757043.375	-1065616.625	-757880.474	-1066161.822	1292.411
-750114.58	-1032506.51	-751004.0	-1032435.41	902.438
-824204.15	-1071970.83	-824159.63	-1072003.69	57.949
-762907.221	-1050623.978	-762857.67	-1050705.85	95.839
-766078.87	-995475.49	-766387.618	-994639.022	1128.763
-781791.85	-1046868.86	-783000.21	-1044291.56	3541.65
-785328.31	-998693.36	-786598.47	-996189.5	3231.995
-850752.894	-1062275.087	-851756.305	-1060741.82	1856.621
-779581.63	-996086.33	-778670.37	-996668.12	1085.086
-725056.337	-1061722.984	-726358.191	-1060831.418	1745.289
-645335.65	-1017763.32	-644574.91	-1017783.154	2067.996
-853804.223	-995401.259	-851345.22	-995275.32	2539.57
-776056.529	-1014620.924	-780690.837	-1009425.779	7060.757
-696713.71	-1058468.95	-695647.36	-1055686.91	3544.603
-769951.24	-995580.14	-769880.895	-995328.962	270.024
-680357.0	-1083620.75	-681012.997	-1084397.104	1087.989
-751385.125	-1060360.375	-754722.88	-1063440.97	5070.047
-729485.542	-1080870.234	-729502.351	-1080841.587	38.224
-828544.984	-1071974.834	-828665.07	-1071994.602	123.104
-734745.64	-1045801.2	-734574.82	-1045751.64	177.865
-810740.903	-1045606.441	-813176.459	-1046589.393	2875.538
-731655.538	-981365.218	-732274.605	-983184.859	1992.103
-748577.42	-1028355.95	-748666.48	-1028418.07	109.679
-873639.53	-996190.27	-872762.508	-995169.136	1461.312
-778280.43	-1058590.03	-778327.952	-1058733.938	157.582
-754021.26	-1013818.2	-753251.75	-1011154.9	2780.338
-726600.6	-984492.426	-726612.203	-984522.03	42.069
-798369.909	-993481.638	-794104.53	-993257.69	5039.081
-656632.919	-1092332.619	-658009.514	-1090999.15	2072.658
-847167.96	-1070922.91	-850124.003	-1069427.642	3459.273
-706759.61	-1036013.73	-707402.253	-1032529.49	4255.318
-751869.49	-1007496.09	-751860.75	-1007434.16	62.596
-719175.82	-1016530.84	-717856.3	-1014038.06	3127.441
-689380.5	-1058492.11	-689190.86	-1058576.02	207.605
-643930.173	-1040600.159	-643945.735	-1040608.472	19.106
-754998.283	-1004807.696	-752718.19	-1006076.97	2833.811
-849872.823	-1008152.813	-849514.114	-1008336.564	410.622
-778474.39	-1028402.49	-777169.55	-1026711.9	2644.126
-657115.409	-1031419.73	-656246.977	-1031448.069	881.557
-700207.76	-1047783.05	-699220.65	-1048191.68	1497.149
-771409.02	-1011313.29	-771307.799	-1010415.405	905.8
-867829.675	-1006778.003	-867798.626	-1006764.106	38.939
-687593.77	-1028876.38	-685851.715	-1028328.107	2037.143
-755006.918	-980759.374	-756347.37	-981644.63	1811.395
-736400.99	-999479.99	-733380.49	-1000976.91	3456.935
-653645.72	-1010375.37	-653126.72	-1010249.25	569.888
-747683.923	-1064691.835	-747595.566	-1068754.193	4586.649
-819732.27	-1074394.07	-819832.02	-1074318.32	136.928
-686986.884	-1071591.448	-686449.841	-1071523.354	595.404
-764886.883	-1011569.505	-764858.67	-1011509.36	70.823
-656108.2	-1048690.63	-656033.2	-1048570.81	194.619
-647250.053	-1071710.344	-647278.364	-1071808.632	103.132
-713295.679	-978166.798	-713162.22	-977605.93	578.819
-645678.184	-1042706.549	-645849.286	-1042703.925	171.163
-684305.309	-1035339.364	-684255.005	-1035594.066	312.874
-759455.821	-1051347.97	-760611.745	-1052040.79	1494.223
-684254.372	-1061788.584	-682654.13	-1059857.1	2653.936
-672187.325	-1079729.021	-670729.731	-1080489.678	1672.577
-674506.896	-1042179.33	-674183.763	-1041261.532	1001.029
-778958.856	-1029962.33	-778955.724	-1029983.97	24.238
-667401.048	-1083330.838	-668279.711	-1080673.348	2890.261
-723891.868	-1036670.09	-723901.304	-1036730.429	62.818
-751360.12	-1060296.04	-751335.31	-1060211.99	87.684
-789573.256	-1027143.939	-789466.776	-1027126.16	107.954
-669164.547	-1002715.107	-669134.93	-1002948.15	268.813
-705984.986	-1061501.398	-706947.95	-1063003.73	1854.951
-775531.069	-1033630.147	-775553.045	-1033605.881	36.978
-690737.62	-1056009.16	-690526.88	-1056042.24	213.407
-671823.776	-1036449.887	-671373.9	-1036765.69	572.259
-734591.1	-1022240.55	-734509.96	-1021489.88	756.849
-726492.92	-1053565.89	-726367.226	-1053620.562	139.678
-729237.237	-1080921.973	-729082.113	-1079284.231	1939.098
-669095.228	-1010861.663	-669109.184	-1010833.617	34.632
-711730.929	-983702.925	-706039.03	-984003.299	5872.051
-701751.9	-1074551.6	-704435.36	-1073675.45	3150.886
-684564.84	-994047.521	-684506.17	-994253.69	215.254
-807229.254	-1046838.007	-808952.21	-1046616.25	1835.779
-727363.065	-993004.762	-727201.508	-993032.23	167.852
-864909.972	-1059365.861	-866784.561	-1055673.503	4218.627
-842891.95	-1010664.03	-842743.14	-1009995.94	1160.697
-657604.594	-1030395.592	-656801.134	-1030373.695	837.971
-779817.024	-983152.727	-779438.186	-982631.217	646.96
-794092.27	-1044078.55	-793534.567	-1044243.719	655.754
-699233.42	-1027118.96	-701868.37	-1027853.58	2854.988
-827571.154	-989063.969	-828138.18	-988352.21	975.365
-667319.162	-1033690.175	-667352.5	-1033680.38	34.792
-738606.8	-1049522.898	-738599.863	-1049584.498	61.989
-695801.17	-1066068.47	-694942.03	-1066235.48	878.658
-688387.54	-1023531.44	-688841.052	-1024527.626	1120.249
-736662.005	-983697.37	-736684.254	-983690.416	25.731
-804955.382	-988969.297	-805046.157	-988856.915	154.1
-760301.72	-1080143.79	-757206.48	-1080755.63	3335.266
-794811.08	-1026343.35	-796287.08	-1026341.75	1476.01
-831254.004	-1022479.198	-830028.817	-1021447.07	1962.22
-853227.3	-1005277.26	-853238.64	-1005290.72	21.444
-732274.605	-983184.859	-729289.497	-983206.612	3100.757
-738730.478	-1049064.169	-738729.596	-1048735.65	343.657
-676923.61	-1083106.525	-676292.366	-1082313.565	1120.235
-762389.33	-1024817.88	-761986.299	-1025253.683	598.601
-671541.458	-994226.952	-671513.114	-994230.191	46.293
-734188.66	-994647.45	-733726.22	-994819.81	512.864
-715277.1	-1058561.07	-714141.655	-1058451.069	1169.252
-754549.701	-1063563.589	-754526.906	-1063536.551	43.848
-749006.06	-998903.22	-748399.66	-995948.99	3493.178
-728304.716	-1060992.768	-728352.935	-1060877.851	128.724
-752617.83	-1022577.89	-752902.44	-1021343.86	1273.83
-649269.117	-1061763.106	-649218.969	-1061762.193	50.417
-681667.189	-1030216.736	-682027.42	-1029897.82	487.233
-739172.11	-1048818.336	-738606.8	-1049522.898	966.302
-870597.7	-1010531.22	-871218.027	-1009557.177	1157.353
-648070.13	-1064005.995	-648184.802	-1063849.961	218.59
-807299.173	-1072508.732	-806713.478	-1072855.768	774.063
-684543.09	-994078.52	-684737.03	-993826.28	322.457
-749525.97	-1004500.69	-749538.31	-1004515.68	26.739
-776861.68	-975078.71	-777343.21	-973974.16	1208.258
-732252.61	-1055216.55	-731693.313	-1055903.791	886.495
-751513.932	-1045689.238	-753429.609	-1045777.357	1919.992
-655104.85	-1047159.706	-654890.74	-1047168.19	229.365
-792391.06	-978518.12	-792398.72	-978527.25	13.235
-887686.7	-1006062.205	-887961.944	-1005909.762	322.978
-753228.46	-994109.99	-752956.469	-994789.025	768.766
-768792.382	-1052767.449	-768628.177	-1052967.403	260.007
-772422.27	-1081689.42	-772489.2	-1081807.14	156.964
-645162.571	-1074255.841	-645182.381	-1074268.023	25.821
-746316.93	-1007009.61	-746312.16	-1007135.22	127.392
-670016.23	-1007047.13	-671577.98	-1006391.83	2095.646
-767740.81	-1033208.76	-767141.08	-1033645.5	760.321
-771778.16	-1003400.94	-771474.379	-1001227.935	2365.161
-733481.924	-975306.942	-734179.118	-976020.254	1019.953
-825231.354	-998609.884	-826005.685	-998194.328	1000.239
-672288.651	-1079657.96	-672187.325	-1079729.021	124.437
-728273.927	-1055690.496	-728573.213	-1056053.118	471.097
-804883.477	-1069352.662	-804450.558	-1069192.035	463.954
-732372.051	-1073917.202	-731110.039	-1075403.317	2023.178
-745961.802	-1053732.583	-745989.314	-1053778.021	53.125
-663966.307	-1086317.794	-661889.22	-1088148.474	2813.627
-773879.42	-1006095.68	-774403.2	-1006979.17	2353.738
-806475.528	-1072629.159	-806461.386	-1072628.937	15.686
-752939.66	-1019805.72	-752755.865	-1019792.05	184.481
-672245.998	-1083231.835	-672905.118	-1083829.117	906.814
-699758.44	-1004067.71	-698440.11	-1003270.46	1626.869
-720813.672	-1048330.845	-720089.47	-1048745.48	916.875
-700889.801	-1078074.226	-701335.98	-1078650.64	731.919
-642027.43	-1036100.23	-641446.88	-1034905.08	1329.438
-714019.39	-1030869.42	-714750.98	-1029446.53	1614.381
-773612.564	-1055454.584	-773668.627	-1055483.882	63.347
-641797.64	-1041826.898	-641872.24	-1042982.81	1261.197
-730940.9	-1057524.13	-730916.04	-1057545.2	35.195
-737554.58	-1032825.0	-737019.67	-1032551.039	604.579
-851507.58	-1010767.77	-850345.49	-1010731.944	1181.632
-833504.056	-1025748.803	-832638.577	-1024569.831	1903.246
-760301.72	-1080143.79	-759690.42	-1080853.77	964.409
-788207.126	-1059604.875	-785384.123	-1060572.777	3117.345
-704510.14	-1069420.73	-703134.46	-1068229.24	1967.084
-795458.379	-985806.939	-795476.89	-985874.3	69.861
-871098.782	-1032753.124	-867995.32	-1031386.54	3971.184
-762950.25	-987344.438	-764814.858	-987645.533	2431.668
-824346.25	-1071995.96	-824275.24	-1072041.62	99.309
-648052.94	-1054485.999	-648028.985	-1054558.072	79.471
-754919.423	-988119.4	-755491.16	-987131.1	1273.457
-671256.5	-1032769.5	-672598.24	-1032674.43	1413.886
-696258.275	-1045456.41	-696226.59	-1045571.556	146.712
-743368.463	-1074569.017	-743901.651	-1074535.387	604.786
-825205.903	-1022313.492	-825934.937	-1025464.152	3596.652
-730877.41	-1045434.47	-730886.13	-1045286.84	164.347
-700845.442	-1010328.436	-698520.044	-1004628.598	6862.508
-682615.938	-1087826.567	-684561.902	-1087073.746	2349.266
-688201.86	-1053356.66	-688813.918	-1053272.906	758.085
-783204.779	-1043769.819	-783758.47	-1044267.37	790.98
-664820.182	-1035921.943	-664794.345	-1035907.611	32.806
-819889.406	-1074361.676	-819160.85	-1074892.36	910.426
-647120.25	-1032718.03	-647990.36	-1032865.77	983.568
-685568.523	-1071855.137	-685485.66	-1072865.66	1061.572
-800170.94	-986983.59	-802394.538	-986811.308	2230.423
-790877.898	-1005206.126	-790803.19	-1005131.05	125.422
-740095.437	-1048765.803	-740146.63	-1048765.45	55.615
-774963.8	-1017368.62	-774940.581	-1017890.853	535.947
-667750.276	-1083553.552	-668395.94	-1085313.12	1980.606
-669456.93	-1033427.32	-670654.23	-1032880.939	1326.479
-772454.415	-1029186.133	-773039.903	-1027849.428	1481.905
-766707.613	-1052278.382	-766498.187	-1052166.499	237.552
-698847.622	-1012640.27	-698830.725	-1012654.719	24.294
-847951.238	-1010723.822	-848391.013	-1010363.56	581.021
-694782.795	-1076077.692	-693921.379	-1074516.569	1868.425
-882388.254	-1020937.356	-882361.76	-1020912.45	36.496
-644950.75	-1026909.95	-645095.13	-1025657.86	1480.774
-761263.61	-994584.576	-763475.06	-992883.25	2833.484
-714104.234	-1058377.424	-713219.871	-1058449.529	890.334
-870051.433	-1037459.188	-869866.577	-1037657.729	275.185
-687271.32	-1031795.99	-685510.402	-1030303.126	2694.916
-755003.782	-975027.435	-755040.592	-975073.73	68.304
-827032.435	-1043279.083	-827877.321	-1041525.222	2294.287
-685206.43	-1070551.72	-683372.708	-1070340.875	2065.533
-779194.03	-1007236.81	-774848.379	-1008981.515	5151.73
-795363.29	-973602.78	-796012.241	-972776.616	9943.048
-737214.3	-1036110.1	-737180.56	-1036101.54	40.883
-698678.517	-1022574.473	-698173.226	-1023945.333	1461.078
-762679.08	-1053440.43	-761137.06	-1053405.7	1595.026
-674699.77	-1016080.99	-674729.5	-1016966.41	1085.774
-643742.916	-1069951.408	-640988.613	-1069351.753	2904.335
-693471.355	-1086672.673	-693651.636	-1087114.943	495.841
-723333.95	-1036968.41	-723099.912	-1038173.839	1524.824
-764688.91	-1010131.04	-763426.98	-1010290.16	1272.883
-686457.96	-990915.576	-686415.83	-991132.39	222.359
-673857.05	-1011738.34	-673860.1	-1011319.61	422.216
-754384.573	-976431.956	-753649.53	-976729.2	817.763
-867847.716	-1017285.814	-867850.362	-1017308.357	25.199
-643529.68	-1045810.428	-643557.271	-1045951.086	143.339
-696226.59	-1045571.556	-696379.8	-1045598.58	171.022
-734049.378	-1073311.299	-732372.051	-1073917.202	1804.841
-717185.34	-1049884.48	-718403.15	-1049828.81	1252.224
-733690.027	-1053341.801	-733935.061	-1053545.826	319.792
-788645.545	-989800.028	-788466.315	-990034.547	308.586
-800877.604	-1076633.122	-803296.964	-1079135.312	3652.252
-754590.79	-1035902.17	-754466.028	-1035771.512	180.889
-741466.708	-1058907.94	-741847.992	-1057274.004	1713.574
-781439.88	-1068713.46	-780901.86	-1070007.39	1454.571
-753326.41	-1002532.8	-751462.148	-1001952.201	2040.645
-875219.812	-1019175.928	-874192.144	-1018571.621	1262.948
-703550.361	-1088756.538	-708469.74	-1085004.36	7264.479
-673898.48	-1020353.88	-673873.6	-1019844.27	511.902
-819610.11	-1043267.663	-819391.504	-1042895.331	444.798
-692637.564	-1046241.056	-692479.53	-1046283.14	163.543
-782989.44	-1000828.26	-782611.28	-1001090.23	471.669
-833658.629	-1072656.762	-833503.668	-1072522.591	216.332
-679665.464	-1065415.499	-681174.132	-1065747.15	1601.809
-681218.36	-1064419.74	-681325.635	-1064380.716	121.725
-726309.65	-1005617.59	-726485.95	-1007041.3	1541.885
-746391.984	-1054066.041	-746502.643	-1054238.287	207.793
-671933.94	-1047172.02	-671174.85	-1047493.04	860.159
-740689.13	-1040290.43	-740793.95	-1040702.31	426.375
-702046.11	-1071741.6	-700570.04	-1072108.74	1538.428
-702989.2	-1089128.57	-703746.7	-1087628.1	1784.767
-873685.2	-1034190.17	-874300.557	-1035930.774	1902.886
-739283.4	-1047695.67	-739209.899	-1047653.54	98.597
-762561.091	-992047.749	-762198.03	-990467.47	1736.11
-710708.604	-1038545.761	-713242.06	-1039074.99	2982.931
-723891.868	-1036670.09	-723981.666	-1036634.48	96.605
-815238.312	-1070947.234	-815526.063	-1070891.9	293.023
-753069.25	-1037372.232	-753016.49	-1037436.87	83.437
-688156.23	-1046374.04	-686338.501	-1046474.932	1965.342
-759651.598	-976154.419	-757436.213	-976113.333	2292.383
-691950.61	-1065160.608	-691133.201	-1066124.921	1344.805
-819624.11	-1076682.22	-819395.745	-1076687.44	285.736
-732359.224	-1040961.372	-732292.185	-1041013.616	86.242
-768529.35	-1040347.1	-770186.892	-1039543.124	2041.245
-701749.24	-1009988.77	-702142.2	-1009771.98	458.14
-785574.3	-991845.89	-786222.78	-992025.7	700.969
-775870.915	-1014731.959	-775829.393	-1014756.219	56.644
-656208.767	-1092763.429	-653761.317	-1094060.611	2974.016
-765045.05	-1039464.7	-765107.79	-1039405.41	115.285
-830028.817	-1021447.07	-829467.527	-1020059.849	1716.76
-719060.561	-1038420.999	-719044.051	-1038420.258	18.234
-729872.994	-1011869.243	-727975.51	-1014825.39	3883.827
-849819.671	-1016364.861	-850960.186	-1014908.947	2985.229
-678205.782	-991822.832	-678065.93	-991301.26	600.235
-802844.27	-977135.1	-802784.597	-977214.719	105.314
-646202.866	-1074027.276	-646180.626	-1074049.63	33.096
-653801.06	-1046947.06	-653883.8	-1046418.99	535.21
-839393.945	-1025218.83	-841436.05	-1026926.25	3187.013
-729081.3	-1029275.1	-728526.364	-1028355.445	1085.717
-702046.11	-1071741.6	-701469.49	-1070934.9	1096.533
-732027.544	-1034837.103	-730995.632	-1036426.044	1954.698
-710621.97	-1010386.03	-711182.08	-1008838.71	1683.405
-755466.457	-1021017.746	-753928.13	-1020771.05	1566.309
-764117.881	-991884.65	-764710.12	-992464.87	892.703
-674393.059	-1065501.458	-675211.97	-1066793.444	1593.783
-757945.36	-1018942.46	-758222.11	-1020120.63	1325.674
-755013.192	-1017324.232	-755096.69	-1017217.62	152.743
-713077.96	-1050386.75	-715827.967	-1053556.402	4468.974
-693680.59	-1025234.301	-693410.063	-1025499.188	401.088
-640439.987	-1043269.29	-640123.901	-1043109.222	356.52
-774371.24	-980479.83	-772541.83	-980125.34	2149.498
-688883.495	-1058050.177	-688460.23	-1057346.561	830.131
-764786.263	-1013600.929	-764877.03	-1012008.11	2231.357
-867876.413	-1006927.398	-867868.668	-1006968.329	53.191
-747394.36	-1062818.558	-747272.377	-1064367.253	1606.767
-726701.24	-1036094.995	-726639.21	-1036007.9	107.201
-684737.03	-993826.28	-685596.24	-993630.49	889.688
-695912.142	-1063048.495	-696535.05	-1060849.84	2492.225
-819714.003	-1048704.219	-818811.82	-1049475.91	1360.893
-641872.24	-1042982.81	-643241.65	-1044616.06	2162.6
-806698.84	-1072860.548	-806693.978	-1072845.383	17.774
-644626.078	-1038208.679	-644666.797	-1038327.29	132.651
-763706.99	-983102.71	-763662.27	-983166.21	82.582
-736357.408	-1013749.458	-736379.617	-1013751.113	25.024
-814216.137	-1042267.043	-814270.804	-1042305.748	69.088
-647826.98	-1019477.46	-647871.59	-1018667.93	1012.231
-818797.56	-1019942.66	-819804.312	-1019797.74	1115.634
-700201.196	-1053736.21	-700237.043	-1054401.725	666.536
-734772.38	-1029674.17	-733709.44	-1030190.23	1216.885
-649463.246	-1060572.535	-649315.954	-1060816.827	289.416
-791412.01	-1026696.42	-792498.23	-1026614.33	1089.337
-759059.365	-1033686.955	-759071.21	-1033683.539	12.729
-850283.37	-1074377.188	-850128.496	-1074362.749	1500.038
-822634.434	-1069568.19	-822828.862	-1069529.776	201.59
-763417.35	-1022304.798	-760260.421	-1021845.213	3245.788
-845099.434	-1014584.88	-845241.937	-1014450.711	195.725
-795363.29	-973602.78	-798811.12	-974392.15	4082.517
-822634.434	-1069568.19	-822593.74	-1069482.0	96.304
-830754.935	-1059526.568	-829965.826	-1060342.269	1143.558
-835871.16	-1032618.1	-835764.44	-1030806.54	2011.661
-669115.19	-1014089.95	-669486.06	-1013907.47	414.915
-673831.38	-1015394.53	-673060.629	-1016547.86	1434.684
-757549.968	-1049067.836	-758678.932	-1048979.29	1141.404
-649777.66	-1026307.98	-649066.35	-1023932.14	3086.33
-855079.592	-1025327.497	-854800.58	-1025541.49	372.744
-786012.37	-999649.04	-785338.24	-998942.01	1016.248
-730635.99	-1041909.89	-730856.62	-1042063.53	281.164
-728834.58	-1061079.68	-728821.533	-1061055.103	50.688
-788186.2	-1063310.5	-788217.74	-1063335.14	40.032
-841852.61	-1052408.997	-843454.051	-1049428.271	3674.636
-794405.95	-1003945.91	-794381.63	-1004055.99	139.776
-742604.08	-1029716.56	-745032.0	-1029600.57	2713.856
-694564.952	-1089620.098	-694550.39	-1089676.0	58.482
-641599.391	-1068082.144	-641586.119	-1068128.802	48.509
-861425.449	-1032045.825	-860277.03	-1033622.47	2055.85
-664421.81	-1020529.25	-664095.85	-1018703.97	2195.043
-830193.24	-997923.3	-828142.339	-997312.657	2485.22
-859309.08	-1012897.17	-859403.622	-1012820.503	137.86
-756880.203	-1065655.615	-756934.11	-1065837.4	189.917
-640681.278	-1054853.099	-640730.16	-1053153.74	1870.831
-831269.153	-1066433.159	-836114.539	-1065585.291	5154.301
-859257.63	-1010952.37	-858746.6	-1009335.38	1735.822
-743792.838	-1038469.445	-743740.25	-1036700.32	2121.363
-655260.99	-1026577.1	-653720.94	-1027087.75	1711.495
-725622.34	-1048876.6	-725693.65	-1048762.59	137.728
-740603.949	-1073225.593	-742474.966	-1070295.532	3851.979
-880186.05	-1020865.91	-882299.844	-1021957.655	2399.452
-695466.04	-999732.44	-693003.18	-998300.05	2955.599
-817267.198	-1072637.414	-817250.794	-1072663.047	32.938
-783982.72	-988290.11	-783901.62	-988451.57	192.43
-665257.477	-1030252.494	-665733.375	-1028673.938	1816.006
-813838.81	-1073966.7	-811657.056	-1075500.977	2764.19
-675383.234	-1049879.299	-675361.237	-1049640.643	239.677
-776387.54	-975479.38	-776401.92	-975501.85	29.476
-734820.63	-1045921.73	-734699.83	-1045946.208	123.316
-821554.948	-1048307.873	-819714.003	-1048704.219	1907.655
-779398.2	-977284.25	-779575.13	-976375.19	950.387
-778989.21	-981896.88	-778879.455	-981677.522	245.34
-648232.39	-1047796.96	-648723.39	-1048117.65	586.616
-753724.11	-1045846.48	-753645.24	-1045631.4	231.364
-745130.41	-1030301.18	-745284.26	-1030042.76	314.362
-766544.821	-1023277.347	-766353.786	-1023253.612	318.286
-716937.42	-1007933.48	-716573.27	-1009828.58	2020.659
-688661.205	-1067992.973	-689784.86	-1068968.16	1609.002
-768899.02	-1037496.17	-768199.24	-1036525.0	1653.464
-647475.185	-1033811.312	-646842.755	-1034783.755	1160.091
-749113.432	-1045638.107	-749095.62	-1045762.39	128.648
-783532.06	-1061868.28	-783503.83	-1062042.29	176.299
-656033.2	-1048570.81	-648919.929	-1048245.544	7346.326
-678451.24	-1008444.26	-679741.72	-1010278.02	2668.598
-734155.582	-1053828.039	-733563.58	-1053923.28	625.681
-739264.11	-1033483.83	-742338.099	-1026848.874	7534.202
-739191.32	-1033635.28	-739264.11	-1033483.83	168.041
-673021.41	-1020128.33	-671537.295	-1019001.541	1971.827
-644454.839	-1038353.711	-644447.233	-1038261.923	94.752
-672432.67	-1063550.16	-671885.08	-1064660.9	1466.857
-654890.74	-1047168.19	-653801.06	-1046947.06	1140.122
-760837.709	-976497.676	-760798.366	-976523.528	58.561
-877339.234	-1015828.577	-876959.91	-1015765.98	397.502
-646926.16	-1019368.86	-646650.06	-1019270.7	303.584
-659487.472	-1008874.069	-659466.97	-1008885.9	30.485
-707996.479	-1083867.228	-706775.892	-1083266.411	1596.741
-876129.73	-1021550.52	-876018.18	-1021451.31	161.888
-831965.824	-1053225.374	-836341.28	-1052408.963	5511.06
-743307.88	-1019662.27	-743000.34	-1018311.31	1519.7
-756035.714	-978645.227	-756011.86	-980087.45	1500.968
-848819.369	-1047955.088	-848484.179	-1047673.023	621.229
-685086.342	-1072947.949	-683899.563	-1076949.046	4588.334
-829057.641	-1032575.254	-829852.643	-1031299.919	1805.508
-730970.659	-1017482.306	-727447.57	-1019795.24	4233.906
-670991.43	-994702.16	-667476.599	-994755.203	6555.842
-715127.57	-999209.96	-714937.33	-998641.21	601.291
-815262.352	-1070819.168	-815143.711	-1070873.278	134.085
-789419.83	-999241.0	-789545.41	-1002070.51	2906.902
-767291.194	-1078266.456	-767289.057	-1078300.438	34.049
-697689.67	-1035007.89	-698194.99	-1034920.52	513.82
-700201.196	-1053736.21	-698131.165	-1054356.979	2230.221
-650277.2	-1065888.95	-650131.51	-1066509.43	722.3
-833813.423	-1072429.324	-833895.713	-1071419.942	1031.814
-882299.844	-1021957.655	-882364.974	-1021867.773	175.282
-712530.7	-1007131.23	-712745.62	-1008418.9	1815.334
-739445.764	-1039882.528	-739350.9	-1040088.34	361.736
-649324.526	-1057870.256	-649964.51	-1055934.75	2415.521
-652006.89	-1070514.59	-653395.411	-1069833.769	1555.049
-677292.61	-1004621.31	-677223.02	-1004343.34	295.971
-640730.16	-1053153.74	-640470.79	-1051656.34	1775.557
-845737.637	-1059391.351	-847981.715	-1062723.73	4836.783
-709946.18	-1000726.775	-709250.04	-995537.72	5548.206
-726936.28	-1019982.02	-725954.836	-1019955.705	1060.966
-825408.704	-1029030.138	-826513.595	-1029200.402	1192.823
-704031.14	-1018885.86	-702747.23	-1018674.96	1488.053
-805352.02	-1065256.11	-804450.558	-1069192.035	4103.552
-849508.0	-1064854.5	-849492.813	-1064832.5	28.402
-793551.607	-1019618.858	-794390.371	-1020723.153	1459.317
-813339.22	-1072490.63	-813343.929	-1072387.496	103.242
-755669.45	-1051943.02	-755380.16	-1051435.53	741.523
-656769.01	-1048586.36	-656284.52	-1048566.54	484.982
-742974.16	-1024658.35	-743022.731	-1024000.975	777.419
-682523.68	-1045236.7	-683981.04	-1045580.36	1553.722
-728218.96	-1060617.02	-728506.879	-1060761.621	331.213
-808952.21	-1046616.25	-810667.0	-1045722.86	2262.863
-708515.93	-1020597.24	-710400.32	-1017303.91	4272.327
-764772.972	-1010050.475	-764688.91	-1010131.04	120.744
-803299.082	-1079241.065	-803676.698	-1079264.44	743.988
-796287.08	-1026341.75	-796933.467	-1026340.879	646.389
-730916.56	-1057495.52	-730940.9	-1057524.13	42.139
-842664.93	-1065638.633	-844142.467	-1066285.323	1620.232
-720730.33	-1012025.78	-720921.3	-1011698.64	388.757
-646256.609	-1063843.229	-646259.626	-1063825.184	23.731
-669134.93	-1002948.15	-671527.25	-1005694.29	3957.208
-747362.12	-1023959.97	-747308.843	-1023989.877	64.302
-887588.336	-1017002.628	-888772.284	-1015884.342	1630.953
-712332.49	-1078923.97	-712460.667	-1076644.61	2457.121
-690266.139	-995239.285	-690535.907	-995551.564	414.301
-691534.38	-1027957.92	-692090.239	-1029413.062	1750.01
-687691.147	-1057613.069	-687669.082	-1057604.876	24.822
-818898.634	-1017174.524	-819105.02	-1017258.59	227.675
-746356.47	-1011843.08	-744900.21	-1011766.54	1477.62
-717819.526	-1067200.885	-715849.855	-1067543.626	2268.86
-647404.039	-1082012.827	-647441.596	-1082008.575	38.84
-761891.2	-972771.3	-761892.92	-972790.19	28.424
-822047.0	-1072227.13	-823245.745	-1071548.892	1492.153
-691880.813	-1019898.25	-695212.53	-1017529.26	4902.61
-672595.3	-1023240.283	-670651.509	-1021130.62	3139.323
-770903.04	-979469.9	-770815.922	-979561.149	126.675
-654688.28	-1041606.53	-654794.2	-1037390.1	4305.236
-640730.83	-1072215.52	-640620.79	-1072163.79	175.489
-685163.84	-994354.035	-685097.516	-994424.041	98.353
-673324.09	-1043429.71	-673270.08	-1043444.385	55.968
-668161.61	-1016709.32	-668632.14	-1015097.96	1714.932
-751262.25	-1060150.06	-751209.618	-1060054.65	136.146
-729076.19	-1078660.54	-728616.024	-1078644.729	618.465
-772487.21	-1006107.28	-771042.303	-1006967.94	1716.636
-646358.425	-1071536.046	-646362.235	-1071521.322	16.759
-773348.35	-978281.86	-773188.07	-978559.92	321.335
-830010.454	-1073044.303	-829698.373	-1073153.348	337.458
-698496.31	-1035648.844	-697622.34	-1037173.95	1945.579
-729289.497	-983206.612	-727547.636	-983761.853	1937.183
-814806.03	-1011991.35	-815227.57	-1011989.75	421.976
-787709.5	-1006785.75	-787838.72	-1006690.14	160.918
-758586.27	-1057603.82	-758354.706	-1057573.373	233.729
-800880.408	-1054551.349	-802308.357	-1054114.598	1687.925
-681856.875	-1067973.625	-680658.134	-1067462.859	1436.172
-697580.815	-1001079.1	-697370.174	-1000296.322	817.098
-736792.043	-1038448.971	-736854.955	-1037974.562	693.159
-703134.46	-1068229.24	-702545.69	-1068237.88	626.504
-752335.49	-1043007.45	-752438.325	-1042831.478	205.087
-846905.631	-1029704.542	-851674.691	-1031602.659	5799.513
-696961.711	-1087392.507	-694960.38	-1087145.06	2113.944
-743547.913	-1024927.2	-743733.598	-1024751.968	271.479
-663666.31	-1091817.99	-665793.867	-1091448.356	2323.172
-688732.773	-1043758.172	-688718.603	-1043774.139	23.072
-729635.775	-1008318.394	-727465.293	-1006781.635	2750.225
-733747.465	-1053566.844	-733635.307	-1053659.701	145.617
-721423.83	-1050459.84	-720704.68	-1050757.53	832.107
-761179.81	-994753.86	-761131.05	-994656.63	134.557
-655812.1	-1048450.58	-655919.27	-1048562.33	214.233
-740409.45	-969865.07	-738345.836	-968782.306	2568.029
-773639.74	-1042187.29	-773630.64	-1042294.64	109.02
-722600.52	-1050767.77	-723899.63	-1050903.75	1379.937
-645381.39	-1052938.51	-646239.872	-1056008.99	3302.475
-729688.37	-1011027.81	-729635.775	-1008318.394	3323.987
-817568.08	-1054542.07	-817473.473	-1049653.171	5593.767
-743740.25	-1036700.32	-743382.07	-1034744.24	2035.787
-748877.24	-1017607.466	-747940.297	-1017099.553	1188.046
-679257.94	-1038219.08	-682058.232	-1041108.813	4177.001
-887155.508	-1006158.106	-887146.313	-1006165.878	12.841
-809159.34	-994184.85	-809384.25	-994087.73	245.41
-771953.17	-972150.1	-771922.183	-971933.635	220.053
-689398.461	-1033181.24	-689352.666	-1030052.024	3300.572
-786505.52	-1066825.13	-786786.88	-1066576.34	431.978
-663890.85	-1032957.57	-664350.516	-1031558.539	1525.562
-759070.16	-1068771.63	-759094.45	-1068657.76	148.404
-661479.04	-1077396.65	-661219.349	-1077757.684	453.607
-804952.408	-989107.347	-804979.672	-989061.68	64.699
-707983.12	-1065331.4	-707194.39	-1067155.22	3172.511
-794131.975	-1026382.306	-794339.238	-1026365.099	208.186
-649777.66	-1026307.98	-649971.71	-1026167.52	291.932
-746977.513	-1004054.933	-746969.765	-1004072.67	21.921
-759071.21	-1033683.539	-758440.286	-1032985.845	1108.693
-700206.943	-1053697.575	-700201.993	-1053336.492	367.094
-678787.092	-991793.835	-680988.235	-993110.658	5656.719
-658791.001	-1060312.349	-658622.933	-1059729.837	616.316
-809512.423	-993567.602	-809384.25	-994087.73	568.711
-728484.79	-1032303.11	-727394.82	-1032823.14	1224.465
-688883.495	-1058050.177	-688883.932	-1058199.578	149.424
-686813.369	-999098.413	-687631.02	-997626.25	2253.098
-639815.538	-1040459.733	-640259.405	-1041768.162	1818.192
-820436.579	-1026745.197	-821382.33	-1027097.97	1097.992
-831776.45	-1054223.17	-830987.48	-1056665.92	2669.908
-758296.68	-1012253.36	-757934.49	-1010342.66	1947.169
-795345.471	-1023146.204	-794397.695	-1023702.711	1144.565
-673068.91	-1012409.4	-673115.251	-1012235.584	186.26
-757944.57	-1018902.47	-757945.36	-1018942.46	40.068
-838402.846	-1065280.683	-838504.902	-1065598.13	338.104
-734628.322	-1073000.566	-734179.267	-1073288.225	556.419
-701719.961	-1012286.117	-701750.961	-1012322.66	50.116
-821551.075	-1030096.024	-817540.37	-1031827.03	5356.854
-768483.18	-971363.18	-767239.894	-971117.325	1435.355
-752690.62	-972236.13	-753963.84	-971700.12	1526.161
-725803.749	-1022124.234	-726066.38	-1020719.64	1488.226
-652959.885	-1081153.486	-652391.738	-1081209.243	586.102
-674365.546	-1057198.808	-674283.394	-1057230.388	91.301
-762262.08	-1062353.09	-762524.04	-1062470.43	291.091
-847348.937	-1070561.21	-847137.84	-1070687.912	275.04
-681174.132	-1065747.15	-680358.135	-1067527.878	1975.22
-662547.35	-1043114.02	-664935.923	-1043309.049	2501.056
-746331.456	-1054349.706	-746310.913	-1054405.049	95.662
-771284.976	-982536.094	-770913.21	-981534.03	1165.013
-823431.822	-1046861.01	-822379.454	-1047224.059	1177.289
-752483.391	-1077454.372	-751758.933	-1077986.983	1033.686
-720354.874	-1070956.167	-720302.516	-1070959.109	56.102
-776724.47	-975367.25	-776666.55	-975479.07	125.93
-744173.3	-977698.49	-745735.447	-977153.325	1709.456
-736877.894	-1032374.731	-736994.459	-1032378.053	136.151
-736901.18	-1036837.1	-736806.057	-1036906.288	129.426
-778372.16	-1049979.06	-778126.39	-1049842.83	291.03
-727808.632	-1030578.645	-727177.87	-1031218.1	900.377
-887943.857	-1019216.675	-887969.106	-1019586.53	382.088
-843739.265	-1072584.84	-843931.125	-1074255.898	1720.177
-814433.931	-1063888.09	-814547.798	-1061354.965	2679.102
-704286.97	-1047107.97	-703355.628	-1047922.307	1293.691
-652508.028	-1051659.118	-652463.463	-1051558.487	113.267
-699220.004	-1086836.49	-695974.948	-1082369.357	6486.026
-798652.692	-1067077.747	-798767.887	-1067314.515	336.902
-669926.958	-1088201.107	-668050.261	-1089055.576	2163.679
-698164.88	-1063584.93	-698225.61	-1063063.57	529.835
-684605.571	-1086629.908	-684561.902	-1087073.746	457.011
-739283.4	-1047695.67	-739350.28	-1047578.09	140.472
-697634.39	-994570.19	-698477.336	-990974.16	4508.293
-726833.18	-1050763.96	-726152.344	-1051205.196	841.126
-855063.7	-1001965.68	-857587.613	-999831.837	3623.008
-652984.634	-1022955.491	-652519.065	-1021392.956	1989.734
-781512.0	-1007581.01	-780897.85	-1009090.58	1697.88
-709859.31	-1013013.28	-709860.07	-1013225.01	231.582
-759690.42	-1080853.77	-758696.918	-1082084.258	1722.268
-734725.92	-994457.21	-734188.66	-994647.45	580.537
-730521.401	-1057413.653	-730549.63	-1057384.57	40.687
-725714.2	-1076604.05	-719949.29	-1077840.81	6525.637
-644618.793	-1041865.152	-644614.438	-1041881.625	18.744
-647612.939	-1070404.522	-647598.453	-1070426.818	33.131
-770262.821	-1080426.88	-771986.75	-1079105.54	2281.795
-728352.935	-1060877.851	-728440.506	-1060914.19	120.769
-721907.69	-1084657.76	-722190.11	-1085142.7	575.272
-734598.58	-1083230.584	-733554.49	-1083480.28	1157.457
-769893.111	-1056003.317	-769518.938	-1054142.75	2209.105
-824371.81	-1072136.82	-824159.63	-1072003.69	250.831
-647278.364	-1071808.632	-646592.33	-1073974.543	2309.155
-646157.913	-1071175.528	-646137.32	-1071163.56	27.653
-753931.96	-1059191.81	-755542.317	-1059501.0	1650.591
-660600.295	-1028136.323	-662122.61	-1026540.04	2303.117
-662930.859	-1022904.339	-662554.79	-1022817.848	420.051
-684304.861	-1040364.167	-683695.85	-1039039.86	1736.905
-732492.83	-1054910.4	-733371.256	-1053884.618	1350.539
-734246.2	-1078918.72	-731640.68	-1078966.1	2666.534
-677663.12	-1037797.67	-676885.72	-1040443.22	3313.139
-776622.26	-1058346.08	-776968.747	-1057934.746	688.581
-729163.1	-1032025.58	-728484.79	-1032303.11	752.706
-822782.768	-1008835.327	-822786.712	-1008871.24	36.18
-670991.43	-994702.16	-670988.44	-994687.59	17.018
-652212.116	-1071839.695	-652966.576	-1073400.519	1805.446
-740620.803	-1040195.542	-739238.46	-1040119.82	1449.45
-768028.498	-1020847.565	-770201.52	-1018458.77	3276.756
-762845.67	-1041021.22	-762849.939	-1040391.14	630.569
-664871.25	-1006255.21	-666331.36	-1007237.53	2077.722
-816772.625	-1014524.25	-816811.814	-1014494.023	50.031
-648596.872	-1058283.361	-648607.985	-1058257.75	29.368
-807572.676	-1010446.521	-805653.795	-1009801.114	2057.417
-778372.16	-1049979.06	-780584.38	-1049899.73	2434.366
-810681.831	-985609.893	-810388.016	-982868.027	2884.339
-683918.584	-995065.001	-683952.742	-995065.316	45.307
-873249.245	-998338.337	-873639.53	-996190.27	2278.15
-757892.83	-1031276.15	-753717.24	-1030695.05	4715.834
-849278.494	-1001949.545	-848944.39	-1000411.63	1749.731
-653629.213	-1024181.643	-653565.93	-1024325.48	178.608
-814810.843	-1006381.65	-814235.79	-1004758.79	2095.343
-778327.952	-1058733.938	-778348.44	-1058916.35	185.393
-759850.619	-972865.737	-758270.57	-972697.23	1698.597
-751920.53	-1038841.4	-751554.57	-1040574.17	1803.493
-725453.136	-998817.093	-725531.932	-998701.486	140.07
-758585.865	-1058784.774	-758452.442	-1058156.074	776.938
-762324.87	-1040520.03	-760664.788	-1039529.696	2008.048
-674891.2	-1005857.53	-673712.95	-1006603.35	1425.345
-824233.11	-1071922.28	-824111.37	-1071479.55	476.031
-759115.936	-1047712.004	-759130.368	-1047663.758	53.009
-810583.34	-992016.14	-810652.14	-991913.8	123.465
-828956.99	-1072259.026	-828815.243	-1072228.758	145.025
-807695.027	-990255.374	-807739.25	-990341.35	96.731
-740813.729	-1001758.382	-741343.85	-1001880.77	657.922
-729545.024	-1037363.321	-728172.83	-1036863.76	1543.081
-853220.061	-1065083.953	-856228.099	-1066366.466	3386.636
-691966.805	-1064852.333	-691828.6	-1064899.158	146.011
-753963.84	-971700.12	-755086.89	-972337.9	2457.828
-688757.63	-1058642.28	-688883.849	-1058534.562	181.315
-807134.893	-993003.769	-807380.946	-992320.317	728.014
-686065.342	-993601.918	-686073.991	-993614.154	17.527
-767159.847	-981022.984	-767046.6	-980774.5	275.078
-674923.8	-1005690.43	-674891.2	-1005857.53	171.923
-700186.357	-1052771.488	-700715.959	-1052395.539	697.634
-874066.119	-996690.38	-873658.38	-996493.489	469.721
-722790.83	-979017.63	-725244.182	-978527.548	2601.237
-708977.03	-1059101.7	-708408.027	-1058931.415	601.564
-733198.76	-1042119.31	-733329.33	-1042060.1	143.368
-699774.69	-995359.47	-699709.298	-995267.078	118.459
-781996.75	-994762.76	-781397.95	-995265.53	800.414
-859403.622	-1012820.503	-859385.752	-1012800.02	29.077
-755730.734	-1053467.832	-755669.45	-1051943.02	1707.973
-673146.848	-1025900.608	-672429.127	-1024177.313	1901.265
-647185.92	-1043354.23	-646910.36	-1044622.04	1331.588
-675017.86	-1015823.96	-675210.08	-1014770.66	1229.962
-854520.06	-1011602.93	-854518.045	-1011572.677	32.713
-824303.713	-1075020.57	-825237.48	-1076489.32	2025.783
-744509.614	-989894.407	-742053.316	-992498.447	3835.353
-741322.22	-1041999.96	-741039.44	-1041681.01	572.654
-807938.866	-1072495.803	-807952.239	-1072477.849	25.731
-819199.368	-993790.579	-816015.01	-992517.408	3470.308
-657002.779	-1089741.132	-658326.581	-1088923.328	1617.666
-869054.945	-1041051.578	-866604.105	-1040990.974	2585.373
-647820.968	-1061964.638	-647877.341	-1062897.559	934.657
-854520.06	-1011602.93	-851461.777	-1014494.652	5217.682
-804232.895	-1076280.818	-804760.361	-1075172.719	1261.844
-849099.645	-1010295.279	-850224.24	-1010661.535	1292.174
-833749.287	-1072545.879	-833503.668	-1072522.591	246.724
-712873.074	-983376.143	-712902.686	-983324.48	59.832
-753812.483	-1045788.277	-753503.25	-1044967.41	892.824
-664324.403	-1076602.339	-663846.34	-1076975.045	614.673
-794052.3	-1037127.69	-792277.4	-1036604.21	1944.533
-745998.38	-1054124.323	-746585.71	-1053649.2	755.515
-728678.946	-1076993.122	-729466.74	-1078252.51	1721.897
-767157.87	-980471.898	-767083.888	-980586.629	136.673
-644139.468	-1047621.263	-643736.04	-1046707.62	1001.033
-824264.95	-1072040.14	-824204.15	-1071970.83	102.208
-678999.557	-991254.104	-679293.063	-990851.478	525.599
-765682.58	-1040663.16	-767346.246	-1040086.767	1776.861
-671293.0	-1070489.27	-670936.937	-1070587.999	372.493
-665458.76	-1039205.67	-664580.31	-1040555.48	1699.029
-762422.17	-1027892.26	-762838.747	-1028415.402	726.949
-749359.631	-1072003.681	-748818.637	-1072539.24	837.101
-787553.89	-1006945.17	-787566.74	-1006937.87	14.779
-754845.73	-1063381.37	-754963.37	-1063474.75	159.358
-729289.497	-983206.612	-729880.485	-980588.693	3277.898
-659294.372	-1008371.005	-659288.519	-1008355.189	22.981
-819991.97	-1052880.66	-819442.15	-1054038.5	1384.236
-743452.955	-980028.534	-741719.28	-980863.58	2004.063
-665898.745	-1032132.011	-667050.43	-1033212.56	1651.668
-792559.55	-1065629.64	-793857.24	-1066268.77	1469.674
-769111.6	-1007999.37	-766886.432	-1009875.954	2942.405
-693497.58	-1083700.93	-692961.71	-1082107.65	1717.183
-761383.292	-1015001.54	-761277.9	-1014712.0	309.782
-791408.81	-1045872.74	-790021.28	-1045768.63	1433.688
-794104.53	-993257.69	-794250.59	-993522.31	302.254
-727879.654	-1038806.52	-726016.3	-1037837.02	2124.385
-820420.533	-1067697.474	-819274.598	-1065190.258	3114.968
-763612.14	-977687.04	-762685.372	-977846.601	2152.096
-640083.291	-1042985.593	-640061.58	-1043028.02	51.464
-685492.765	-1070729.299	-685568.523	-1071855.137	1192.54
-701765.41	-1010006.88	-701732.53	-1010033.69	50.05
-646648.193	-1068574.051	-646575.845	-1068613.119	82.23
-757559.425	-1039723.96	-757577.549	-1039736.157	24.608
-697918.251	-1075416.571	-699321.98	-1074296.04	1835.601
-755562.866	-970576.235	-755086.89	-972337.9	2005.817
-789783.118	-1027080.451	-789851.337	-1027166.723	117.846
-812826.87	-1005193.35	-812592.933	-1005045.049	277.026
-860415.091	-1062241.287	-859132.77	-1063310.13	1726.248
-744325.313	-1039822.447	-744366.4	-1040022.85	208.144
-851821.906	-1010497.279	-851711.984	-1010621.337	167.263
-731675.898	-1042251.919	-731542.33	-1042118.76	274.895
-647875.307	-1027737.863	-646638.17	-1025843.13	2836.902
-812873.32	-1012034.53	-813911.591	-1008172.417	4156.124
-692215.46	-998369.85	-692138.17	-998232.95	159.634
-718623.75	-999624.31	-718234.8	-998122.27	1726.723
-787773.57	-978746.44	-787860.82	-978850.27	135.623
-759114.077	-993280.853	-756996.81	-993384.67	2127.619
-729193.276	-1078529.174	-729135.715	-1078700.134	180.405
-766794.91	-1037066.09	-766800.29	-1037056.05	12.241
-698830.725	-1012654.719	-698814.062	-1012645.207	21.291
-751731.718	-984231.884	-751132.379	-983338.102	1099.673
-807751.057	-1006035.309	-807656.613	-1005552.246	493.037
-741398.042	-1014878.314	-741011.44	-1016680.83	1956.461
-833713.936	-1039020.694	-833476.732	-1038908.045	268.016
-752069.84	-1043174.12	-750715.12	-1043202.08	1471.033
-677451.058	-1022228.31	-677181.886	-1022708.512	584.12
-723842.07	-1036401.27	-723703.199	-1036211.149	242.72
-679461.209	-1037627.833	-682293.429	-1035791.976	3404.747
-739888.968	-1002305.712	-739949.769	-1001962.629	353.153
-702127.568	-1043243.394	-702114.812	-1043261.196	24.15
-767520.721	-980927.126	-767418.563	-980775.831	188.141
-646804.66	-1070126.4	-646797.905	-1070101.819	35.293
-776744.647	-975479.767	-776655.935	-975605.359	167.349
-772454.415	-1029186.133	-771848.74	-1029133.44	609.191
-887892.627	-1019817.324	-887848.073	-1019869.021	253.889
-769601.84	-1030821.14	-769269.16	-1031918.29	1172.241
-806442.499	-1004396.774	-806716.511	-1003168.942	1341.493
-809066.94	-1005897.9	-808859.77	-1004533.06	1381.276
-707600.53	-1021382.59	-707369.16	-1021588.3	310.191
-657987.986	-1081750.887	-657232.552	-1083432.596	3435.323
-708489.08	-1041820.11	-707778.92	-1042034.12	743.678
-852583.012	-1008637.457	-851170.803	-1009143.361	1583.165
-727207.25	-1013923.12	-727975.51	-1014825.39	1300.99
-755798.93	-1080711.14	-756498.84	-1080484.19	751.474
-734005.02	-1053336.7	-734123.51	-1053289.092	128.099
-762111.172	-1026167.991	-762162.709	-1026211.738	70.12
-797753.763	-986251.175	-795883.692	-986069.676	1946.823
-695452.509	-1075684.577	-698276.948	-1080273.486	6261.22
-792636.539	-1061564.639	-792093.47	-1061423.94	561.616
-815525.153	-1070903.131	-815242.161	-1070957.669	288.2
-692465.41	-996307.79	-693806.39	-995922.48	1403.721
-776209.61	-979397.5	-776142.829	-979416.983	76.889
-699256.34	-1061459.02	-700435.97	-1061059.08	1247.967
-662317.088	-1075570.752	-662271.655	-1077069.689	2197.002
-869808.32	-1041019.49	-869613.66	-1040332.96	718.673
-749451.37	-1033883.77	-750079.66	-1033913.28	673.015
-766869.724	-1009908.032	-766842.694	-1009923.787	31.566
-803916.975	-1076948.765	-804289.254	-1076350.861	708.404
-839305.924	-1006682.998	-838376.918	-1004698.806	2331.948
-707509.96	-1045530.05	-707313.21	-1045782.24	397.795
-668323.698	-1030236.112	-666696.66	-1030678.48	1707.981
-740603.949	-1073225.593	-740535.992	-1073513.374	300.736
-749139.867	-1044020.697	-749200.17	-1044117.16	114.295
-801278.029	-1013124.806	-802515.946	-1014086.344	1631.479
-840637.765	-1068920.25	-840580.327	-1068644.631	283.11
-745476.507	-1081316.924	-746446.417	-1081604.407	1345.309
-725714.2	-1076604.05	-724640.93	-1075470.51	1999.752
-799989.731	-1028725.366	-803597.372	-1026385.44	4592.036
-732840.55	-1019601.95	-732679.47	-1019169.05	463.858
-671429.964	-994727.192	-671278.77	-994714.42	151.738
-765653.67	-1014483.26	-765648.86	-1014631.0	150.169
-871048.19	-1046030.49	-870162.02	-1044906.49	1811.682
-687275.98	-1004384.21	-686604.15	-1005197.94	1069.391
-778002.79	-972273.81	-778007.904	-971981.198	293.459
-787194.84	-1068117.31	-788124.72	-1067166.53	1683.289
-732538.079	-1053884.384	-732562.34	-1053986.92	105.448
-730261.132	-1037303.528	-730753.01	-1037058.017	581.927
-655377.614	-1092181.303	-656389.608	-1092581.695	1117.506
-684936.41	-1068925.74	-683656.306	-1066705.409	2586.293
-887848.073	-1019869.021	-887976.316	-1019880.503	128.76
-683992.398	-1063882.896	-683994.92	-1063855.331	36.251
-704514.89	-1014722.42	-704454.2	-1014723.62	64.926
-850635.225	-1022379.352	-851033.045	-1018723.146	4304.061
-778337.704	-1058911.818	-778327.952	-1058733.938	179.552
-766906.4	-1033649.9	-765006.22	-1033381.77	1995.121
-670490.861	-992638.106	-670046.986	-992546.049	1123.501
-703864.699	-1073200.65	-704597.41	-1073576.2	823.466
-773333.358	-1056036.651	-772590.59	-1057139.05	2367.19
-701237.46	-1003858.29	-703745.04	-1004196.03	3088.427
-778800.86	-1022489.66	-780868.79	-1023109.06	2423.065
-681292.92	-1047433.68	-681261.812	-1047100.125	336.096
-781999.68	-1007407.95	-782026.167	-1007397.616	39.82
-846882.735	-1029706.228	-846907.119	-1029513.505	197.203
-786090.39	-1037006.11	-785273.716	-1036927.343	821.017
-798613.63	-1020661.06	-799641.456	-1019865.034	1398.8
-712776.782	-1079029.394	-712664.34	-1078996.14	141.912
-816333.79	-1059270.97	-818748.281	-1056974.29	3595.259
-700435.97	-1061059.08	-701597.527	-1060360.695	1418.144
-734509.96	-1021489.88	-733267.49	-1020351.43	1706.054
-684254.372	-1061788.584	-683869.808	-1062039.393	459.16
-793542.74	-999883.96	-794034.2	-999569.77	604.873
-752574.0	-1048595.25	-752636.513	-1048619.039	72.304
-699954.06	-1000452.35	-702465.55	-1002891.55	5075.787
-870010.123	-1037498.621	-870051.433	-1037459.188	57.11
-792653.91	-1061556.1	-793254.17	-1060405.44	1323.744
-711375.94	-1044822.95	-712045.77	-1042447.66	2665.025
-740476.177	-1085891.75	-740142.03	-1084688.17	1516.309
-828932.054	-1072228.151	-829774.868	-1072801.654	1019.498
-686794.358	-1080842.599	-687053.694	-1078761.021	2316.47
-730879.83	-1042076.474	-730585.623	-1042051.149	295.926
-644812.45	-1025224.76	-645129.9	-1025038.52	373.928
-660121.15	-1072061.71	-662294.7	-1072165.97	2269.526
-840670.518	-1019476.288	-840673.835	-1019472.426	5.091
-771035.44	-1064934.89	-770431.432	-1065090.428	624.478
-734766.043	-1043710.238	-734692.347	-1043618.588	122.201
-757158.87	-1048627.57	-757404.5	-1048501.98	281.727
-725744.18	-1069572.757	-725743.309	-1069594.423	24.858
-683735.34	-994876.812	-683723.053	-994868.062	19.727
-729830.25	-1033130.7	-729704.351	-1034249.238	1140.924
-691919.46	-1026567.0	-691534.38	-1027957.92	1685.741
-761330.631	-994884.53	-761283.792	-994857.136	54.262
-819567.0	-1075685.25	-819595.188	-1075679.25	43.504
-673073.732	-1090434.747	-674826.215	-1092413.034	2793.097
-767628.36	-1046038.68	-767978.65	-1046123.455	371.307
-754195.55	-1037453.92	-755235.77	-1036429.56	1470.723
-840141.402	-1031858.768	-840195.47	-1031903.58	70.3
-685596.24	-993630.49	-685728.1	-993575.39	142.934
-822399.257	-1068941.538	-822397.442	-1068849.655	119.17
-794870.63	-1058854.38	-796566.87	-1057287.99	3665.56
-646232.24	-1046458.52	-647719.127	-1045908.413	1631.225
-772332.79	-979864.87	-772686.635	-979904.72	375.499
-757484.4	-1046437.29	-757175.64	-1045058.435	1602.957
-801091.063	-1008102.063	-801122.25	-1008105.063	58.709
-690526.88	-1056042.24	-690514.32	-1056005.92	196.568
-687513.392	-1055979.94	-687421.8	-1056195.02	239.683
-754251.64	-1045761.339	-754073.5	-1045920.14	256.527
-868652.32	-1010419.15	-868497.133	-1010424.36	276.931
-881849.902	-1006983.169	-881891.08	-1006954.27	50.393
-864247.19	-1014848.59	-864262.65	-1014830.74	25.249
-701237.46	-1003858.29	-701175.92	-1004128.59	278.31
-645685.415	-1042500.373	-645775.844	-1042677.613	199.013
-705123.87	-1050335.6	-705346.77	-1052287.05	1975.923
-675030.3	-1056712.274	-675054.525	-1056705.405	35.411
-709224.21	-1087573.41	-711960.862	-1088881.913	4028.378
-698460.38	-1007973.56	-698314.12	-1008460.98	524.689
-757947.029	-1040305.397	-758024.031	-1040462.154	174.887
-799420.636	-1001728.866	-799432.633	-1001702.665	32.049
-673305.6	-1012192.39	-673235.616	-1012182.841	77.599
-745978.025	-1022943.676	-747080.21	-1022274.73	1312.507
-705245.089	-1015162.207	-705231.099	-1015094.761	68.925
-655357.83	-1045018.11	-655208.774	-1044304.982	733.953
-689276.02	-1041251.79	-690126.81	-1039073.55	2378.702
-649189.671	-1061088.354	-649189.405	-1060953.176	136.536
-653126.72	-1010249.25	-653265.28	-1008248.86	2407.858
-721040.362	-1008710.019	-718657.29	-1012418.59	5365.067
-857799.223	-1012554.283	-858391.79	-1013161.04	848.756
-714937.33	-998641.21	-714821.655	-998230.155	431.509
-850163.81	-1066617.882	-851262.609	-1068848.27	3010.962
-820208.116	-1060539.986	-822438.85	-1059272.19	2899.985
-680218.73	-1016899.15	-680626.31	-1018394.21	1646.828
-726358.191	-1060831.418	-726793.67	-1060789.397	529.344
-754673.83	-1017453.87	-755013.192	-1017324.232	363.822
-696522.08	-1001091.07	-696660.57	-1001127.39	168.726
-781254.31	-1068262.15	-781276.156	-1065205.766	3431.198
-727896.4	-1074256.85	-728836.996	-1077840.299	3710.74
-760688.95	-998727.14	-761412.54	-996633.82	2218.699
-734066.75	-972086.58	-734779.913	-971952.94	980.543
-802905.445	-1007319.834	-804764.793	-1009088.787	2684.572
-651701.208	-1065038.009	-652274.886	-1066104.592	1220.55
-716937.42	-1007933.48	-718430.87	-1007597.36	1677.817
-730095.279	-1055932.911	-730273.732	-1054731.599	1385.611
-746021.746	-1054033.324	-746092.389	-1053933.229	125.84
-762482.866	-1038804.222	-762387.286	-1038759.76	116.138
-757507.661	-987496.265	-757493.817	-987386.907	110.648
-676150.707	-1076182.597	-676085.508	-1076208.404	70.124
-835900.88	-1032638.99	-835866.39	-1032659.405	40.134
-856461.245	-1058546.125	-856054.003	-1059724.33	1333.253
-876199.704	-1023680.075	-876292.761	-1024704.267	1125.706
-774148.97	-1021052.88	-774556.692	-1021132.591	419.871
-851674.691	-1031602.659	-851565.631	-1031001.201	658.173
-686915.85	-993725.67	-686629.83	-993525.39	349.821
-679673.73	-1071374.91	-680341.8	-1069060.17	2895.0
-770573.97	-1029676.31	-769601.84	-1030821.14	1513.969
-718702.93	-1008044.22	-718463.59	-1008380.55	427.113
-760577.26	-1067424.49	-760660.272	-1068689.028	1283.52
-659267.839	-1056959.012	-659303.77	-1056898.26	70.593
-842349.978	-1046613.751	-845192.436	-1044716.941	4612.203
-848997.797	-1010235.95	-848739.752	-1010044.489	321.325
-768364.62	-1028106.61	-768181.129	-1028084.705	190.039
-700390.17	-1053493.403	-700201.993	-1053336.492	257.578
-779860.566	-982997.266	-779916.95	-983094.0	112.326
-735366.12	-1027297.32	-735050.04	-1025264.38	2061.379
-707724.571	-1058643.109	-708246.42	-1058914.524	589.41
-767751.402	-973554.333	-767753.068	-973588.546	34.273
-730452.94	-1043164.54	-730675.04	-1043358.39	461.851
-738573.336	-1060565.649	-739793.524	-1062973.819	3421.956
-684463.163	-1008439.427	-683915.461	-1008181.114	637.069
-666656.393	-1086639.051	-666179.303	-1087368.634	872.0
-700346.562	-1017072.948	-700358.813	-1017067.057	15.311
-728849.261	-1077896.152	-729086.02	-1078563.0	707.674
-838376.918	-1004698.806	-836492.406	-1004466.01	2343.733
-762829.78	-987338.79	-762950.25	-987344.438	120.605
-810720.961	-991913.489	-810801.26	-991902.66	94.162
-828396.58	-1041206.93	-827131.62	-1039311.71	2461.899
-887593.216	-1019848.564	-887947.324	-1019600.704	456.728
-683530.17	-995952.62	-682729.164	-996505.443	997.935
-764224.07	-1060908.12	-764716.53	-1060653.17	575.087
-645105.96	-1049663.07	-645145.99	-1049725.66	75.917
-751335.55	-1025384.98	-752141.41	-1023976.24	1635.481
-771084.12	-1044639.87	-771339.95	-1043067.31	1741.87
-685510.402	-1030303.126	-686017.889	-1029556.394	924.121
-810520.166	-1044574.254	-810552.842	-1045120.031	553.964
-723479.16	-1003385.98	-723862.67	-1002130.34	1383.218
-711597.156	-1048385.964	-711274.29	-1046257.05	2182.793
-662570.484	-1074158.653	-663364.529	-1074122.727	852.943
-762872.288	-999971.451	-761091.792	-1000899.314	2064.133
-668968.561	-1086290.602	-669926.958	-1088201.107	2269.153
-812708.61	-1047177.08	-813176.459	-1046589.393	781.2
-706775.892	-1083266.411	-707064.724	-1082684.737	905.628
-771078.29	-990730.67	-770746.85	-990883.12	380.715
-641514.85	-1023473.3	-640925.311	-1021970.907	3119.148
-750636.83	-992905.25	-750415.883	-992224.643	719.579
-846906.763	-1052310.741	-847164.007	-1052900.35	646.559
-832703.871	-1023951.265	-833174.947	-1023365.051	760.679
-801108.0	-1008116.063	-801091.063	-1008102.063	24.092
-644298.13	-1030761.77	-641922.82	-1033394.04	4056.036
-780447.34	-1052568.44	-780209.19	-1052580.14	238.443
-645667.751	-1071370.708	-645345.71	-1071388.114	323.219
-649463.246	-1060572.535	-649428.98	-1060875.631	305.908
-719190.421	-1019607.808	-719124.44	-1019653.71	80.383
-739143.03	-1040124.46	-739171.152	-1040027.507	235.527
-673065.06	-1012192.51	-673049.74	-1012189.85	17.738
-648561.92	-1095210.25	-648640.825	-1095521.756	2204.402
-807751.057	-1006035.309	-807383.57	-1006123.78	377.988
-762979.692	-1050902.147	-762873.549	-1050943.551	128.148
-754788.077	-1001786.249	-754851.754	-1001837.015	96.872
-642841.85	-1047796.88	-641152.528	-1043280.12	5264.91
-767781.46	-1012709.8	-767704.931	-1012697.57	79.1
-776333.91	-979441.43	-776444.064	-979394.896	126.367
-861213.19	-1005760.69	-861192.21	-1005818.49	62.132
-714181.98	-1073425.977	-714132.725	-1073338.675	100.281
-695463.99	-991622.97	-694308.4	-991617.43	1368.874
-780351.726	-1028866.151	-780763.21	-1026689.94	2406.805
-645970.479	-1043078.314	-645887.77	-1042954.814	149.868
-683369.132	-1076733.495	-683899.563	-1076949.046	593.964
-660596.22	-1003097.49	-660812.51	-1002511.21	626.984
-750047.208	-1015408.797	-750289.565	-1015785.416	448.343
-672326.153	-1014439.536	-671939.704	-1014790.747	572.323
-742145.86	-1064673.33	-743483.882	-1061707.065	4284.501
-682729.164	-996505.443	-682113.01	-996984.028	783.11
-784281.09	-996224.5	-786598.47	-996189.5	2517.793
-857625.67	-1022950.01	-856042.08	-1020233.6	3420.017
-667520.15	-1022804.81	-667559.74	-1021705.03	1128.707
-746346.505	-1054248.18	-746310.408	-1054210.684	54.313
-714290.31	-1043555.4	-714372.074	-1044361.9	814.437
-683723.053	-994868.062	-683582.63	-994793.68	159.989
-663442.177	-1084581.588	-663966.307	-1086317.794	1859.986
-690190.7	-995235.01	-690031.769	-995179.741	168.492
-845775.84	-1007964.6	-848763.027	-1010048.128	3821.751
-767595.67	-1025910.37	-767399.782	-1024261.277	1698.698
-845507.48	-1038886.21	-845456.526	-1038852.984	61.147
-871768.572	-1048363.089	-871076.13	-1046023.98	2879.312
-873406.78	-991086.604	-873673.42	-990325.73	913.137
-789753.24	-1064120.66	-789574.91	-1064106.02	178.93
-654890.74	-1047168.19	-653883.8	-1046418.99	1470.964
-785751.46	-1023155.57	-784784.39	-1023650.31	1254.604
-730244.83	-1030971.86	-730169.158	-1030836.067	155.458
-750462.95	-1027278.04	-749380.89	-1026628.41	1404.353
-648319.994	-1064139.615	-648277.846	-1064324.543	193.571
-842572.97	-1071217.11	-840238.82	-1073506.87	3807.673
-673145.17	-1051190.82	-672036.466	-1050055.869	1621.074
-851755.047	-1055051.776	-850853.76	-1050620.43	5872.313
-805000.518	-989097.218	-805009.831	-989120.872	39.612
-820001.306	-1026390.182	-819898.98	-1026230.286	190.021
-766712.9	-1011101.83	-767704.931	-1012697.57	2336.397
-640183.975	-1033551.803	-640378.25	-1031819.25	1917.012
-679590.78	-1061605.57	-679031.6	-1060860.37	933.392
-675523.865	-1025031.442	-674579.81	-1020864.91	4771.788
-796744.169	-1050356.163	-797150.73	-1050102.36	532.2
-806496.7	-994995.52	-806814.73	-996266.87	1414.971
-761148.58	-1059030.53	-758585.865	-1058784.774	2867.591
-767901.68	-991457.23	-767920.89	-991141.11	321.258
-659867.64	-1000480.32	-659812.791	-1000298.361	407.128
-681529.022	-1022174.331	-679690.661	-1023594.594	2443.0
-777599.05	-1081865.48	-776487.38	-1076782.21	6010.014
-708118.84	-1072450.287	-707894.669	-1073609.691	1814.688
-763837.45	-993504.81	-762406.196	-993291.541	2355.694
-765351.032	-1023102.423	-763530.548	-1022285.521	2090.805
-693430.41	-1064777.02	-694401.055	-1065921.44	1668.329
-705427.24	-1044468.27	-705511.49	-1044535.7	327.764
-696684.966	-1001039.062	-696666.688	-1001067.998	38.601
-703712.723	-1072042.225	-703864.699	-1073200.65	1316.053
-734638.13	-974924.285	-735016.544	-973811.114	1903.872
-668640.97	-1092650.74	-667105.881	-1093585.48	3905.616
-646545.473	-1068527.193	-646644.983	-1068689.468	193.024
-854753.94	-1038523.71	-856480.36	-1038822.1	1845.665
-649092.16	-1019581.26	-649055.07	-1019600.4	41.741
-748802.16	-1025180.0	-748623.581	-1025255.676	195.47
-799304.901	-1029049.172	-799418.873	-1028890.233	249.539
-819172.32	-1071709.66	-819275.356	-1071762.21	115.893
-747671.952	-990070.094	-748046.626	-992743.35	3340.002
-866969.154	-1012833.063	-864779.652	-1012961.45	2282.344
-790959.514	-1073441.072	-789266.33	-1072521.29	1948.435
-761131.05	-994656.63	-761263.61	-994584.576	157.363
-714462.42	-1055250.06	-714569.04	-1056043.87	800.988
-730996.27	-1056179.51	-732349.208	-1056858.918	1575.066
-813415.85	-1046633.6	-817226.33	-1047661.17	4210.423
-654133.383	-1067171.189	-653047.62	-1067925.5	1405.541
-674205.56	-1052947.414	-673551.919	-1051826.761	1325.545
-762414.74	-1043282.56	-762794.21	-1043674.35	587.859
-688787.54	-1007956.6	-688651.72	-1008095.12	194.843
-763026.768	-1018099.673	-763066.181	-1017946.531	166.857
-652055.19	-1026467.11	-650153.63	-1026925.2	2696.815
-753228.46	-994109.99	-753595.4	-994051.75	376.048
-744432.002	-1025148.312	-745963.09	-1022964.21	2668.49
-831956.795	-1074208.004	-833254.123	-1074912.867	1476.461
-711182.08	-1008838.71	-711236.63	-1008487.29	365.029
-667061.9	-1000843.75	-666452.53	-998977.14	2723.257
-650094.63	-1087395.397	-647976.31	-1088461.283	2428.975
-728352.935	-1060877.851	-728499.427	-1060787.66	176.708
-697851.121	-1070299.491	-696810.82	-1070133.72	1067.062
-780519.769	-983807.611	-779946.39	-983146.06	877.535
-692578.833	-1024496.341	-693410.063	-1025499.188	1317.945
-760153.032	-1022707.912	-759758.79	-1022562.13	428.129
-686881.544	-1058803.954	-687128.448	-1059812.154	1084.855
-775409.33	-1012503.54	-775534.44	-1012209.17	327.393
-762707.88	-1014316.97	-764160.43	-1016431.93	2759.266
-686593.53	-1007380.87	-686868.82	-1007249.54	342.449
-769789.58	-971663.42	-769366.7	-971553.53	438.327
-686813.369	-999098.413	-686024.88	-998267.403	1907.147
-697177.04	-1038976.56	-697196.144	-1038949.392	48.806
-647367.445	-1070278.033	-647370.202	-1070293.104	17.431
-695019.57	-988728.24	-696412.988	-986870.134	3390.726
-700387.25	-1066319.45	-700778.29	-1064917.129	1634.844
-649353.23	-1072219.672	-650947.633	-1072394.133	1786.669
-808968.166	-1042596.195	-807102.733	-1044347.395	2876.484
-692414.164	-1070981.013	-691937.271	-1072584.723	1757.345
-745929.853	-1052838.5	-745961.802	-1053732.583	926.089
-887508.86	-1019850.702	-888076.967	-1019899.839	956.292
-808875.104	-990891.741	-811825.3	-986832.05	5401.497
-731354.232	-1057376.602	-732608.251	-1056995.402	1366.134
-852839.972	-1010562.394	-852989.94	-1010517.63	164.823
-854546.74	-1011568.45	-854520.06	-1011602.93	70.169
-755287.16	-999432.24	-752473.763	-999912.154	2931.383
-727975.51	-1014825.39	-729452.35	-1015776.13	1815.275
-771848.74	-1029133.44	-771186.36	-1027775.74	1565.942
-682240.68	-1042260.61	-682176.13	-1042240.81	67.518
-847264.676	-1070411.162	-847289.002	-1070296.975	160.317
-684220.492	-1066037.532	-683310.861	-1065188.496	1292.617
-845202.589	-1031843.781	-845167.583	-1031769.793	86.249
-781669.484	-1061354.464	-782595.73	-1062161.21	1318.384
-849434.18	-1008755.3	-848549.27	-1008367.37	1685.981
-697255.32	-994348.55	-696701.07	-994294.03	823.087
-774495.89	-975005.19	-773121.153	-974553.726	1463.968
-730766.56	-1057386.58	-730701.69	-1057315.94	126.35
-675054.525	-1056705.405	-675043.064	-1056723.951	26.053
-710154.438	-1069709.127	-708112.032	-1070038.448	2068.953
-746190.75	-1025567.22	-747308.843	-1023989.877	2107.536
-672429.127	-1024177.313	-672595.3	-1023240.283	1075.119
-826525.574	-1068523.626	-826561.251	-1068451.761	96.038
-703462.71	-1043125.21	-702127.568	-1043243.394	1347.799
-726168.492	-980888.314	-726261.37	-980626.66	303.125
-792674.46	-979701.73	-792596.012	-979641.183	99.201
-700476.8	-1041432.14	-699987.12	-1040664.48	913.543
-652212.116	-1071839.695	-653003.451	-1071333.469	940.157
-741322.22	-1041999.96	-741446.64	-1042000.11	132.894
-682872.293	-1084756.083	-685173.71	-1084269.78	2547.796
-672363.2	-1014434.51	-672386.15	-1014641.12	215.377
-647806.841	-1060485.976	-647759.378	-1060941.888	459.997
-701176.638	-1010409.645	-701062.533	-1010506.052	149.642
-738660.45	-1001178.32	-738570.48	-999570.7	1689.044
-656777.827	-1049209.982	-657931.81	-1048289.23	1608.39
-730812.91	-1045592.62	-730719.8	-1045394.6	218.87
-734646.646	-1072998.231	-734628.322	-1073000.566	24.22
-840238.82	-1073506.87	-839748.459	-1074640.306	1240.871
-661891.39	-1051662.77	-662362.855	-1049139.007	2681.864
-763472.347	-1022342.542	-763417.35	-1022304.798	82.209
-767505.147	-1030465.416	-767521.328	-1030468.912	29.432
-645063.453	-1071395.993	-645067.818	-1071285.796	112.658
-732372.051	-1073917.202	-734050.012	-1072617.244	4120.48
-643162.475	-1076986.149	-644784.776	-1077825.179	1892.608
-848763.027	-1010048.128	-848832.896	-1010100.024	87.034
-868041.697	-1002230.454	-870512.35	-1002892.839	2699.926
-668606.725	-1072789.606	-669625.087	-1074589.714	2213.887
-822504.08	-1069162.85	-822634.434	-1069568.19	427.822
-731589.929	-1056706.085	-731373.968	-1056614.342	235.117
-744897.887	-1026833.986	-746190.75	-1025567.22	1902.813
-738730.478	-1049064.169	-738690.067	-1048798.459	289.22
-688156.23	-1046374.04	-688388.569	-1045386.217	1290.772
-864728.2	-1021041.49	-864362.282	-1016657.851	5236.351
-845746.3	-1007961.96	-845415.85	-1007787.98	373.846
-683290.106	-1065208.565	-683274.436	-1065192.111	24.427
-715691.24	-1003004.78	-716837.48	-1002128.513	1449.235
-759844.263	-994650.504	-759859.901	-994647.082	17.708
-803589.727	-1011292.965	-803594.969	-1011418.323	125.498
-761510.266	-993283.083	-759859.901	-994647.082	2303.688
-783553.147	-1058450.151	-783516.82	-1058617.82	189.493
-702190.758	-1009785.457	-702142.2	-1009771.98	59.535
-757684.89	-1039998.96	-757599.75	-1039889.39	173.827
-710892.404	-1025908.72	-710918.126	-1025929.913	44.247
-727861.38	-1071800.64	-727909.11	-1071900.0	110.279
-731883.95	-1042140.41	-731542.33	-1042118.76	342.307
-768588.55	-1063775.18	-768572.23	-1063516.11	268.272
-661295.15	-1005380.04	-660596.22	-1003097.49	2546.965
-658853.576	-1013422.483	-660174.35	-1015075.14	2306.044
-755380.16	-1051435.53	-756795.41	-1050212.7	2066.828
-744432.002	-1025148.312	-744437.968	-1025170.462	25.406
-809318.62	-991774.95	-809326.78	-991755.48	22.371
-719811.36	-993031.51	-719497.051	-992828.454	378.513
-648638.888	-1058260.078	-648596.872	-1058283.361	96.966
-797433.88	-1052597.14	-798540.66	-1052815.28	1141.768
-650683.511	-1024504.108	-650508.75	-1024626.59	219.345
-736379.594	-1013769.886	-736357.239	-1013771.455	25.205
-658009.514	-1090999.15	-656800.363	-1089957.688	1693.778
-795341.173	-986115.417	-795667.788	-985977.504	363.054
-707680.002	-1079370.444	-707251.36	-1077892.46	1627.22
-743757.419	-1079304.479	-742129.808	-1080899.379	2596.941
-824557.59	-1076392.94	-824507.7	-1076400.89	50.617
-645062.731	-1074192.643	-645801.901	-1075686.843	1690.137
-644717.33	-1027771.45	-644950.75	-1026909.95	919.59
-657002.779	-1089741.132	-656635.901	-1088944.945	1033.122
-785849.91	-1013090.69	-788144.53	-1012423.94	2599.938
-785863.25	-1013207.41	-788459.966	-1013937.498	3047.271
-655762.18	-1018584.24	-655468.82	-1019383.04	948.25
-854140.01	-1046983.951	-852564.625	-1046612.94	2370.873
-851755.047	-1055051.776	-849253.783	-1056172.622	2778.11
-844556.43	-1061431.761	-845372.99	-1063113.76	2179.391
-753077.49	-1037346.2	-753059.5	-1037273.11	87.977
-727866.83	-1040514.95	-727793.899	-1040572.963	108.577
-722222.22	-997971.0	-726528.96	-994833.11	5978.232
-818268.597	-1063461.526	-817411.992	-1063506.723	863.435
-695654.968	-1073649.703	-695916.769	-1074824.692	1264.453
-673352.86	-1032759.32	-675579.44	-1033002.51	2257.993
-690789.28	-1055998.43	-690524.34	-1056303.93	420.893
-685270.97	-1085890.8	-686035.449	-1086673.004	1223.538
-673875.25	-1014053.5	-674233.93	-1014672.0	717.911
-751028.92	-981540.47	-751048.998	-981028.811	543.576
-721694.51	-1079694.03	-721746.25	-1079696.64	53.262
-755872.151	-995485.295	-755871.129	-995504.851	23.837
-659981.157	-1076134.679	-659857.84	-1075610.74	744.716
-795210.213	-986265.294	-794952.821	-986527.764	367.666
-739522.69	-1081106.92	-736333.4	-1081373.52	3338.822
-690438.51	-1007547.74	-691025.4	-1007118.65	738.661
-748217.911	-1030589.276	-747889.099	-1030600.482	355.786
-702651.98	-1032100.78	-699093.76	-1035168.08	4956.0
-718121.73	-1038100.5	-716020.614	-1038184.376	2463.134
-745476.507	-1081316.924	-748042.315	-1080152.783	3146.073
-850163.81	-1066617.882	-853099.15	-1066293.05	3268.535
-752755.865	-1019792.05	-751115.129	-1019859.845	1738.334
-841357.154	-1010942.499	-840443.48	-1008932.252	2778.077
-829788.412	-1060553.525	-827897.646	-1061881.878	2311.297
-672177.473	-1080155.063	-672153.087	-1080418.844	266.332
-828948.94	-1056426.107	-828845.054	-1056403.335	106.92
-870341.59	-1018137.35	-870454.8	-1018131.13	127.379
-678016.52	-992385.78	-678205.782	-991822.832	594.09
-728282.37	-1061023.04	-724988.93	-1064518.87	4978.88
-702025.2	-1088151.71	-701067.767	-1088268.67	974.273
-836617.377	-1071326.255	-835795.04	-1069848.01	2081.205
-678065.93	-991301.26	-677697.483	-990880.701	575.893
-643499.7	-1046185.71	-643570.536	-1046079.826	147.572
-794155.71	-978814.24	-794635.124	-976884.213	2242.799
-697549.715	-1035832.866	-697518.488	-1035881.249	57.626
-711896.42	-1021996.28	-712210.494	-1019124.038	2943.763
-693651.636	-1087114.943	-694429.348	-1089271.621	3593.084
-646575.845	-1068613.119	-646416.591	-1068698.913	180.893
-856520.89	-1006898.548	-857217.29	-1002438.67	5041.561
-719101.15	-1005453.17	-719197.733	-1004911.061	551.141
-729054.11	-1086088.29	-729435.194	-1087049.526	1498.214
-818528.084	-1013301.356	-816264.968	-1012124.115	2674.573
-737072.77	-1034203.55	-736076.53	-1032279.74	2210.644
-660269.1	-1066357.25	-660352.971	-1066700.932	616.818
-783259.68	-996320.45	-782433.38	-997528.55	1641.015
-645970.479	-1043078.314	-645559.416	-1042295.828	884.272
-746888.09	-1017286.08	-743748.95	-1024743.24	8416.056
-680669.255	-1026409.046	-682674.341	-1028324.974	3012.669
-778265.78	-1058963.422	-778337.115	-1058982.337	73.812
-679435.957	-1037621.039	-679461.209	-1037627.833	32.25
-762324.87	-1040520.03	-762683.732	-1040426.102	370.952
-687637.99	-1074883.63	-687349.345	-1073792.005	1174.379
-668686.058	-1026754.601	-668596.42	-1026512.986	267.934
-696197.4	-1059702.55	-696713.71	-1058468.95	1558.63
-692193.646	-1029463.697	-694947.241	-1029166.982	2848.221
-713092.63	-1079204.57	-712682.818	-1079173.214	417.639
-689507.87	-993288.37	-689540.7	-994871.36	2010.602
-742474.966	-1070295.532	-743079.059	-1073762.088	4069.204
-709619.48	-1003555.71	-707326.961	-1002635.298	2844.354
-753152.938	-1010980.073	-756448.614	-1011708.294	3504.699
-819933.52	-1074461.742	-819950.948	-1074462.728	19.828
-810799.14	-991824.71	-810737.74	-991815.48	73.39
-828845.054	-1056403.335	-827049.41	-1054625.63	2565.059
-845196.17	-1057797.05	-846571.19	-1058231.87	1475.494
-694141.41	-1044339.51	-694157.94	-1044358.01	26.858
-784103.78	-1064968.52	-783270.84	-1064572.46	943.6
-680341.8	-1069060.17	-680386.462	-1069039.757	49.189
-701062.533	-1010506.052	-700934.131	-1010553.257	138.115
-668161.61	-1016709.32	-669086.92	-1017098.64	1064.592
-815262.352	-1070819.168	-815526.063	-1070891.9	283.475
-757128.242	-1059507.045	-757140.049	-1059498.17	16.705
-728360.75	-1071940.41	-728506.95	-1073027.45	1113.176
-639983.58	-1043150.83	-639956.58	-1043068.73	88.235
-720342.2	-975390.91	-720854.364	-974305.516	2968.818
-737554.58	-1032825.0	-738778.9	-1032624.5	1403.019
-682471.77	-1053166.07	-681072.46	-1051644.97	2164.43
-766952.821	-971853.213	-767239.894	-971117.325	859.789
-768205.212	-1023323.605	-767494.606	-1023226.062	717.391
-685684.47	-1041534.47	-684304.861	-1040364.167	1955.49
-720032.57	-1016718.64	-718906.5	-1016922.99	1147.932
-667586.42	-1009685.03	-668653.807	-1010130.087	1177.069
-768447.69	-1028149.04	-768403.49	-1028124.55	50.656
-817922.03	-1036911.7	-826470.563	-1036756.862	9951.385
-794154.973	-983095.205	-796562.33	-980874.64	3455.759
-823979.116	-1021458.512	-823938.6	-1021455.54	40.674
-832980.335	-1031827.115	-832266.025	-1033752.917	2214.605
-679280.26	-1038094.26	-677663.12	-1037797.67	1662.995
-871218.027	-1009557.177	-870650.119	-1008674.446	2340.576
-742420.28	-978651.65	-741544.581	-976482.751	2456.531
-769027.74	-999452.77	-770392.356	-1000118.005	1552.173
-749333.922	-1004411.141	-749347.726	-1004401.908	19.71
-777903.87	-1064534.52	-780578.77	-1062574.61	4309.062
-756448.302	-1074838.025	-754115.375	-1075575.309	2523.67
-682287.738	-1041472.981	-682240.68	-1042260.61	790.478
-731062.81	-1041276.39	-729921.66	-1041002.68	1173.538
-721968.829	-1032704.001	-721637.41	-1032819.07	357.033
-764026.83	-977054.7	-764086.605	-977019.472	103.614
-769817.77	-1033493.72	-769100.28	-1034464.36	1247.364
-727814.301	-1074191.455	-727858.62	-1074147.72	74.342
-824238.73	-1076359.83	-824493.68	-1076358.88	254.993
-754962.86	-1023735.53	-753928.13	-1020771.05	3283.548
-842572.97	-1071217.11	-843765.648	-1071279.334	1217.466
-809385.58	-994210.66	-809398.86	-994191.22	26.522
-762550.42	-1050258.3	-762907.221	-1050623.978	531.007
-793468.02	-1021853.9	-794276.65	-1021389.39	953.789
-890351.589	-1015929.912	-889507.769	-1016414.484	4011.353
-753444.92	-1047853.34	-753326.703	-1048034.081	215.975
-762996.38	-1072366.43	-762869.6	-1072234.6	182.917
-806773.384	-1059233.434	-804696.757	-1060212.003	2825.091
-748877.24	-1017607.466	-750289.565	-1015785.416	2593.873
-740731.098	-1076827.058	-740074.415	-1078259.978	1613.115
-652594.109	-1064384.139	-652512.268	-1066003.798	1640.764
-861494.852	-1000798.071	-861166.839	-999768.473	1154.346
-651974.543	-1078911.704	-651976.863	-1078879.35	32.659
-731127.29	-980749.41	-731116.63	-981112.06	372.017
-770955.98	-1029438.48	-770330.57	-1029140.02	692.977
-810621.584	-991824.357	-810553.97	-991733.99	112.891
-674943.95	-1076363.873	-674863.694	-1076462.292	132.327
-762406.196	-993291.541	-762418.26	-993299.638	15.716
-754173.61	-1046352.76	-754059.77	-1046108.69	270.198
-759215.6	-993272.15	-759169.19	-993327.263	79.9
-864815.75	-1042914.0	-864330.796	-1043368.391	695.71
-681287.458	-1064635.702	-681177.192	-1064854.617	265.597
-686627.96	-1059580.54	-686529.58	-1059643.5	116.805
-847116.139	-1070917.101	-847134.79	-1070900.84	25.794
-641660.574	-1083773.046	-642337.72	-1083758.318	718.468
-700715.959	-1052395.539	-701099.716	-1050856.633	1751.548
-708891.15	-1022648.12	-707915.61	-1021166.69	1798.672
-672609.87	-1068687.87	-670591.351	-1068779.942	2270.661
-810520.166	-1044574.254	-808968.166	-1042596.195	2634.391
-824120.46	-1075002.36	-824133.78	-1076090.16	1092.366
-846882.735	-1029706.228	-845238.05	-1031751.382	2751.575
-649175.674	-1083114.173	-648413.314	-1082896.161	796.53
-731819.56	-1031524.2	-731748.04	-1031479.96	84.097
-748604.8	-1003219.44	-749006.06	-998903.22	4373.616
-770085.383	-988416.706	-770159.84	-988711.64	340.157
-758598.97	-1005216.97	-758723.942	-1005058.214	263.279
-851756.305	-1060741.82	-853654.412	-1058927.71	2668.655
-701969.68	-997871.5	-702673.44	-997200.48	1006.49
-726066.38	-1020719.64	-726885.05	-1020661.03	832.351
-881872.21	-1006938.51	-882384.904	-1003135.151	4388.204
-671162.07	-1047532.52	-670190.15	-1047706.29	993.825
-689914.682	-995409.262	-689899.342	-995399.552	23.685
-677073.236	-1057023.454	-676899.047	-1057192.153	253.906
-801280.396	-1045311.331	-801122.233	-1042749.785	3169.788
-787060.19	-989261.78	-786951.09	-989143.0	161.281
-743505.628	-1006017.643	-741601.38	-1006046.2	1967.294
-763141.496	-1021116.148	-763026.768	-1018099.673	3888.251
-701889.2	-1023728.32	-701868.37	-1027853.58	4233.94
-727668.723	-1068945.166	-727690.78	-1068634.18	405.408
-691574.13	-1060305.91	-691545.33	-1060270.24	45.845
-783867.67	-994628.48	-782602.134	-994536.807	1327.11
-805166.54	-988816.775	-805127.315	-988923.266	120.045
-773808.417	-1047373.8	-773797.75	-1048215.04	922.093
-807309.492	-1072493.849	-807938.866	-1072495.803	630.207
-807625.76	-999569.73	-808139.24	-1000748.08	1552.64
-646321.017	-1065809.304	-646526.173	-1066046.309	327.939
-756229.13	-1064141.66	-754895.68	-1063355.495	1592.065
-701493.122	-1012267.925	-701391.16	-1012222.38	124.593
-640361.277	-1057046.56	-639856.212	-1056935.25	691.931
-640431.28	-1026551.76	-640510.66	-1028327.36	1996.665
-797207.371	-1069075.147	-797225.383	-1069033.488	45.386
-653033.34	-1013150.34	-654479.02	-1011717.715	2593.101
-642606.26	-1037329.69	-643782.714	-1036881.502	1263.535
-709824.135	-1089105.974	-709087.68	-1088888.29	3690.777
-749690.597	-982185.135	-750260.813	-981836.621	689.86
-770208.09	-1027884.02	-771186.36	-1027775.74	1010.074
-887705.176	-1018981.939	-887943.857	-1019216.675	336.584
-755258.858	-1046303.702	-755281.611	-1046316.443	32.553
-694877.07	-1064101.78	-694991.159	-1064536.914	487.369
-744437.968	-1025170.462	-746190.75	-1025567.22	1883.369
-845415.76	-1073378.13	-846262.964	-1072549.949	1192.664
-682690.358	-1063043.568	-681325.635	-1064380.716	1926.287
-839748.459	-1074640.306	-840368.396	-1075078.936	1113.798
-704605.586	-1052472.046	-703994.683	-1051276.113	1346.335
-695093.919	-1044393.153	-695093.911	-1044413.908	21.863
-772404.43	-1081947.67	-772421.69	-1081831.94	148.01
-796390.94	-1055155.03	-795330.43	-1055353.6	1228.184
-728692.032	-1060906.438	-728655.924	-1060908.631	52.513
-683832.71	-1008037.48	-680301.305	-1006924.26	4446.574
-840004.527	-1070667.351	-840067.835	-1070535.742	152.507
-725158.78	-1040229.56	-722762.63	-1039605.41	2556.283
-781131.98	-972624.87	-780671.08	-973834.67	1645.677
-740158.762	-1003494.466	-739888.968	-1002305.712	1484.724
-661179.667	-1084527.399	-661591.788	-1083559.081	1110.044
-763757.86	-1061027.09	-764224.07	-1060908.12	507.461
-690634.73	-1072849.38	-690558.02	-1072701.96	195.457
-688858.81	-1024493.81	-689265.91	-1025362.49	1043.109
-779123.07	-989122.53	-779200.26	-990148.94	1204.648
-646459.174	-1071635.768	-646380.531	-1071538.825	125.037
-811436.45	-1058332.05	-813286.907	-1058573.84	1963.872
-672391.99	-1070720.65	-671293.0	-1070489.27	1126.282
-748350.67	-1028308.63	-748262.44	-1027946.56	372.667
-788124.72	-1067166.53	-788287.5	-1065353.53	1922.957
-765332.98	-974699.53	-765333.66	-974756.53	57.004
-729975.212	-1063167.207	-727980.95	-1063807.84	2220.872
-841670.444	-1018144.384	-841143.11	-1018832.66	867.098
-746274.66	-993820.43	-748046.626	-992743.35	2146.844
-804239.62	-1015362.907	-804204.364	-1015322.504	54.151
-883700.873	-1019663.734	-882091.044	-1017735.02	2672.106
-751396.792	-1060134.969	-751388.652	-1060260.748	126.052
-662825.369	-1081498.459	-661591.788	-1083559.081	2649.609
-667561.482	-1025467.317	-667146.26	-1024482.707	1127.55
-827404.39	-1021838.42	-830028.817	-1021447.07	3116.77
-759847.685	-994666.142	-758959.408	-996318.164	1891.447
-672222.536	-1078964.284	-672376.184	-1079422.655	484.997
-757104.465	-1047060.626	-757098.591	-1047047.502	16.354
-701630.49	-1012426.75	-701719.186	-1012526.163	133.236
-642714.099	-1086174.846	-642693.355	-1084116.936	2210.114
-662315.995	-1049032.62	-658504.748	-1051652.558	4824.061
-802459.515	-1014326.771	-802515.946	-1014086.344	248.776
-802769.264	-1075821.103	-804666.5	-1074796.581	2221.384
-758355.348	-1040652.328	-758347.022	-1040674.358	26.083
-741428.63	-982599.37	-739577.587	-982765.461	2031.209
-718912.187	-1047953.389	-716119.768	-1048477.837	2841.313
-755562.866	-970576.235	-756555.782	-970472.63	1115.348
-825005.885	-1067224.436	-824983.948	-1067325.925	141.248
-753577.73	-1045262.14	-753616.119	-1045385.081	128.839
-832903.841	-1031528.395	-833527.813	-1031576.207	641.871
-848840.874	-1010200.239	-848704.334	-1010274.69	155.562
-731762.1	-997719.45	-730850.22	-996143.5	2318.955
-663328.766	-1029262.266	-661631.68	-1028707.03	1881.631
-833825.94	-1072470.482	-833797.667	-1072485.553	33.781
-670102.2	-996675.926	-669370.36	-996831.38	772.6
-772803.63	-1017751.8	-772671.65	-1017061.6	740.036
-819326.668	-1076797.521	-819489.537	-1076342.97	489.436
-699291.53	-1077338.05	-698822.003	-1079576.361	2670.798
-855649.83	-1035660.68	-855098.758	-1034817.972	1096.404
-660203.256	-1090906.22	-659898.244	-1090702.716	379.569
-770431.432	-1065090.428	-770134.93	-1065005.61	317.411
-840067.835	-1070535.742	-840079.293	-1070472.054	64.731
-653953.22	-1019479.01	-655762.18	-1018584.24	2107.556
-678090.67	-994050.34	-676737.09	-993800.02	1927.639
-673314.3	-1012103.57	-673305.6	-1012192.39	97.005
-688233.175	-1046546.614	-688248.712	-1046588.278	47.534
-815342.16	-1071045.65	-815293.012	-1071088.658	65.792
-769817.77	-1033493.72	-769389.42	-1033348.2	494.44
-763808.35	-1031004.17	-763753.88	-1030032.14	1059.438
-730645.6	-989247.51	-730540.16	-987872.41	2254.391
-701455.724	-1063024.755	-701528.588	-1063540.191	572.904
-795219.54	-1011981.77	-791870.0	-1012130.96	3480.244
-848307.95	-1035856.97	-848343.12	-1036112.63	259.472
-705461.23	-1010278.36	-708156.75	-1007415.76	4324.328
-688417.72	-1061391.853	-688466.684	-1062197.847	833.022
-644390.63	-1074453.586	-645093.092	-1076178.564	2030.988
-739117.25	-1033551.44	-739058.32	-1033585.74	68.212
-726485.95	-1007041.3	-727626.089	-1009490.16	3568.604
-768734.89	-972166.881	-768742.989	-972186.687	22.891
-743664.14	-1076112.04	-744416.2	-1077545.95	1784.725
-728304.716	-1060992.768	-728440.506	-1060914.19	156.887
-673405.59	-1017255.57	-674128.53	-1016623.03	972.011
-757586.218	-1024782.417	-758706.62	-1023700.47	1826.38
-779292.75	-1007094.87	-779253.26	-1007091.45	39.781
-744488.19	-1041311.68	-744444.64	-1041362.66	74.391
-728454.25	-1060923.44	-728436.074	-1061012.176	105.777
-690238.75	-995190.78	-690266.139	-995239.285	55.802
-648137.96	-1066641.29	-648859.67	-1066159.18	1036.675
-703745.04	-1004196.03	-704091.21	-1004679.2	655.755
-699743.556	-1060255.837	-698639.7	-1060855.31	1330.206
-648351.3	-1017818.92	-648175.16	-1017291.77	581.6
-711094.626	-1011664.817	-710621.97	-1010386.03	1659.436
-725468.37	-1011185.65	-723694.18	-1014270.44	4806.054
-685097.516	-994424.041	-684561.603	-994651.643	582.282
-750968.809	-1028819.444	-751561.493	-1027770.122	1480.898
-767457.178	-980747.749	-767180.05	-980595.401	318.401
-740602.21	-1064877.74	-740605.199	-1064951.861	77.024
-691025.4	-1007118.65	-690024.26	-1005862.91	1698.198
-810588.846	-992040.726	-809663.17	-994174.16	2930.396
-648166.53	-1047764.36	-648080.19	-1047698.91	108.344
-789558.28	-989147.0	-787651.31	-989675.49	2125.506
-692483.88	-1046468.81	-692479.53	-1046283.14	225.258
-690276.83	-1015960.33	-689403.04	-1016757.95	1221.825
-643241.65	-1044616.06	-643320.49	-1044829.44	227.587
-853343.062	-1022535.79	-853839.06	-1024392.81	2092.096
-772332.79	-979864.87	-772480.194	-979481.156	445.935
-753912.95	-1033138.8	-752916.78	-1033147.18	1089.392
-773631.891	-1055891.607	-773589.565	-1055806.896	96.783
-763105.738	-1050918.699	-766382.69	-1052099.3	3578.15
-731748.04	-1031479.96	-730244.83	-1030971.86	1861.706
-692500.234	-1046056.225	-692629.241	-1046029.703	134.83
-657427.6	-1068641.36	-656968.22	-1068227.05	638.508
-705966.084	-1071067.862	-705725.959	-1070298.695	825.768
-668300.58	-1045107.33	-667304.361	-1041101.153	4206.823
-640620.04	-1024377.18	-640589.158	-1024405.023	41.588
-731529.762	-1067858.408	-731542.29	-1067800.52	59.272
-640025.74	-1055326.843	-640681.278	-1054853.099	809.141
-678035.842	-1088468.6	-677554.527	-1088695.803	572.173
-796617.37	-1002849.98	-798438.216	-1001761.199	2161.425
-848719.605	-1073969.032	-848501.314	-1074564.058	2150.863
-668422.09	-1005060.78	-666331.36	-1007237.53	3457.717
-736748.94	-1037377.2	-736679.68	-1037127.23	264.92
-683665.563	-1050408.426	-684554.75	-1050209.14	949.647
-678335.291	-1002373.392	-678318.291	-1002398.486	39.334
-723564.93	-1036303.18	-723405.57	-1036180.08	201.415
-683695.85	-1039039.86	-683949.63	-1036590.98	2693.134
-753384.83	-1041809.36	-753637.4	-1041749.46	259.581
-844496.82	-1006056.77	-844039.87	-1006166.09	507.626
-712988.5	-1040330.62	-712609.04	-1040467.46	403.392
-833504.385	-1072510.084	-833778.651	-1072472.294	277.912
-764814.858	-987645.533	-765046.376	-987261.184	466.133
-843492.62	-1069956.18	-843765.648	-1071279.334	1623.275
-651145.588	-1045325.774	-651058.82	-1044615.54	718.101
-674679.59	-1048054.11	-677347.68	-1048432.16	2952.203
-751442.58	-989970.89	-750239.63	-989819.6	1218.491
-773797.75	-1048215.04	-771682.606	-1049823.739	2708.757
-774638.4	-1000367.22	-777659.539	-1002051.994	3831.262
-726010.753	-980867.59	-725347.879	-978456.084	2621.973
-766499.505	-982853.063	-765863.91	-983645.747	1046.608
-660269.1	-1066357.25	-660600.09	-1066370.54	337.335
-765609.7	-990470.42	-765694.119	-990470.415	96.59
-651301.86	-1057897.46	-649324.526	-1057870.256	1996.212
-662711.63	-1062787.7	-662710.47	-1064560.79	1921.64
-866204.489	-1052538.586	-865862.262	-1050082.874	2598.071
-740469.115	-1063777.416	-741766.996	-1064489.266	1633.057
-848950.995	-1010127.127	-848990.971	-1010089.243	57.782
-714955.33	-1050127.92	-716181.54	-1053143.76	3894.968
-727909.11	-1071900.0	-727983.52	-1072141.29	252.992
-757370.05	-1040129.007	-757373.21	-1040388.77	261.077
-771592.16	-1018016.29	-771738.96	-1017773.69	283.588
-734422.781	-1059485.825	-733685.284	-1057740.41	2484.776
-766796.12	-1037801.07	-766858.89	-1037449.749	359.219
-688977.74	-1008137.47	-688899.04	-1008101.45	86.552
-771695.42	-1051177.63	-772890.277	-1051029.661	1238.951
-682600.335	-1089721.639	-682911.605	-1089391.638	497.929
-712116.305	-1015732.558	-712227.415	-1015535.067	227.643
-682369.656	-994478.593	-682351.386	-994485.127	21.75
-657729.773	-1036434.307	-655208.08	-1037168.666	2897.663
-697552.19	-1066062.58	-699212.275	-1065647.246	1784.875
-675030.3	-1056712.274	-674341.034	-1057156.147	838.88
-752431.017	-980746.742	-752105.489	-980945.987	413.464
-781895.681	-996105.509	-781620.12	-995649.33	534.262
-648142.26	-1020670.59	-646505.31	-1021123.44	1772.474
-844933.3	-1005585.62	-844159.33	-1005098.186	995.532
-657427.6	-1068641.36	-657654.09	-1066536.93	2627.504
-854140.01	-1046983.951	-854997.48	-1048012.69	1383.984
-671277.981	-1082418.007	-670729.731	-1080489.678	2171.444
-863940.836	-1042221.619	-864037.296	-1042424.275	229.713
-771713.29	-1060382.695	-771751.37	-1060150.6	243.355
-775021.41	-1039047.45	-775090.288	-1043059.483	4233.855
-792093.47	-1061423.94	-789824.762	-1062381.92	3080.803
-671157.532	-1014752.688	-671319.449	-1014732.912	166.024
-752655.72	-1049106.351	-752685.024	-1049177.554	76.997
-711094.626	-1011664.817	-712254.06	-1010026.6	2202.093
-656326.915	-1069967.999	-655099.038	-1068726.923	1827.603
-732051.83	-1040986.84	-732174.09	-1040922.07	138.358
-669484.44	-1009602.86	-670965.53	-1008802.41	1708.933
-767026.934	-988599.297	-768081.24	-985497.61	3415.705
-647963.442	-1054468.654	-648052.94	-1054485.999	99.904
-684782.25	-1006729.16	-686353.165	-1005316.704	2191.343
-652463.463	-1051558.487	-654046.05	-1050054.39	2213.671
-740517.56	-1057594.04	-741456.828	-1058912.339	1774.073
-786505.52	-1066825.13	-787194.84	-1068117.31	1529.587
-691791.485	-1067486.309	-691342.203	-1067706.148	500.975
-701581.79	-1008552.238	-701892.25	-1007304.34	3177.662
-865281.896	-1016221.898	-865149.161	-1016075.06	202.77
-691695.8	-1073983.308	-690634.73	-1072849.38	1575.581
-757097.594	-1032250.122	-757117.744	-1032239.539	24.807
-674833.789	-990827.522	-674926.25	-991125.09	942.735
-739550.275	-1035498.308	-739381.44	-1034615.21	904.284
-869616.016	-1020897.713	-869348.34	-1019589.98	1487.467
-797220.522	-1023550.419	-797502.084	-1022274.611	1377.357
-734739.342	-1062149.316	-738154.158	-1062918.564	3861.668
-760139.68	-1048725.207	-759071.725	-1047704.779	1481.787
-770554.816	-995687.17	-773517.96	-992433.34	4947.069
-767432.3	-983270.12	-767014.699	-983745.344	705.923
-779039.88	-1014928.06	-781352.95	-1020016.67	5846.484
-852594.958	-1008631.623	-852595.394	-1008648.411	21.305
-825371.854	-1070237.647	-825401.77	-1070215.119	44.713
-884358.116	-1021483.795	-884000.584	-1021660.832	401.426
-799507.399	-1038462.251	-799419.105	-1038376.237	123.29
-760192.584	-991129.884	-760349.589	-988703.119	2999.045
-686413.35	-990741.71	-686395.48	-991056.63	315.428
-840183.754	-1056792.045	-843131.733	-1057411.835	3649.762
-754070.889	-1046354.239	-754039.326	-1046373.784	37.335
-651869.399	-1086573.583	-650094.63	-1087395.397	2203.784
-827544.59	-1045209.14	-826788.684	-1043921.802	1530.087
-658843.14	-1062367.399	-658734.781	-1060337.432	2078.06
-737762.72	-1046569.09	-738004.483	-1046565.439	243.433
-651444.72	-1037641.76	-649833.48	-1037909.58	1671.924
-691937.46	-991755.66	-692939.02	-990204.98	1921.203
-858585.0	-1008652.824	-858563.572	-1008640.2	28.176
-741039.44	-1041681.01	-740918.56	-1040961.15	731.226
-702853.68	-1021948.35	-702667.689	-1022336.44	434.775
-770374.86	-983338.06	-771030.72	-982739.75	1011.433
-778315.6	-1058863.87	-778211.76	-1058921.72	152.783
-793599.0	-1059065.25	-789768.38	-1058969.06	5537.762
-785849.91	-1013090.69	-786859.78	-1010704.2	3093.941
-789158.18	-1016222.98	-791244.52	-1014809.47	3115.281
-741134.66	-969869.5	-742958.3	-969312.55	2119.412
-777860.26	-1054906.91	-780593.21	-1054091.28	3046.299
-728017.161	-1055341.844	-728273.927	-1055690.496	433.283
-730934.02	-1043040.45	-730838.57	-1043194.93	184.856
-679031.6	-1060860.37	-680545.68	-1060098.99	1879.211
-651701.208	-1065038.009	-650645.871	-1066052.082	1549.182
-763759.72	-977173.79	-763277.081	-977146.599	483.804
-704435.36	-1073675.45	-704597.41	-1073576.2	191.369
-688230.339	-1070099.683	-685712.89	-1068641.545	3150.486
-789557.904	-1063972.015	-789574.11	-1063961.26	21.375
-773213.54	-971852.23	-772290.594	-972053.928	1031.214
-833871.032	-1033541.857	-832266.025	-1033752.917	1635.189
-792277.4	-1036604.21	-791304.19	-1038656.42	2905.746
-643462.07	-1067914.49	-646552.178	-1069047.573	3647.144
-787331.17	-1001536.79	-786856.04	-1001095.15	702.845
-730339.49	-1084646.34	-729054.11	-1086088.29	1985.483
-744900.21	-1011766.54	-742614.85	-1013335.24	2922.83
-760647.712	-1033862.222	-760693.291	-1033875.884	47.583
-693060.92	-1042497.66	-690988.11	-1040220.55	3644.557
-808428.86	-1008377.375	-805653.795	-1009801.114	3335.77
-672725.33	-1007905.78	-671549.72	-1006754.72	1862.271
-734657.224	-1006198.632	-733677.42	-1004492.76	2078.866
-674962.455	-1021144.372	-674579.81	-1020864.91	473.842
-881766.324	-1009134.231	-880146.31	-1011719.17	3481.595
-797880.15	-1001128.93	-797859.59	-1000584.11	594.276
-689525.338	-1046426.507	-689519.15	-1046326.769	99.93
-648462.99	-1018258.48	-648351.3	-1017818.92	511.957
-840120.3	-1063468.548	-838862.754	-1063001.69	2108.183
-678624.99	-990974.629	-678795.907	-990702.905	330.769
-773585.129	-1055782.565	-773698.411	-1055768.005	133.876
-816748.835	-987169.243	-814392.773	-988063.794	2530.648
-773719.778	-1055932.824	-778371.176	-1058882.796	5591.794
-737510.46	-1039031.0	-737154.375	-1038631.313	536.548
-721709.137	-1048028.488	-723349.17	-1049053.61	1980.949
-805998.918	-1054670.326	-802786.177	-1055892.54	4495.702
-766343.461	-972581.316	-766442.505	-972340.414	261.014
-685232.746	-993710.463	-685192.968	-993757.56	70.725
-751554.189	-1045703.322	-751354.53	-1045701.18	199.68
-667943.849	-1059113.16	-667929.81	-1056163.46	3804.633
-852274.462	-1010201.283	-852251.87	-1010228.49	35.438
-815722.086	-1031559.484	-815742.213	-1031522.353	42.236
-640498.45	-1043240.46	-640478.578	-1043279.784	44.527
-686094.88	-989268.7	-686426.19	-990506.72	1312.927
-811367.092	-1060331.764	-810739.83	-1060887.76	1387.452
-799844.276	-1011794.855	-796781.35	-1010291.26	4138.874
-857573.863	-1066733.292	-857732.115	-1066589.07	214.115
-773668.627	-1055483.882	-773638.34	-1055673.199	194.989
-644822.508	-1038732.068	-644704.413	-1038555.288	212.721
-753124.51	-1010953.81	-752716.919	-1009641.85	1403.953
-778716.232	-1081881.836	-779548.5	-1080217.57	2397.767
-700323.46	-1005801.32	-698460.38	-1007973.56	3341.325
-714274.947	-1062350.567	-713251.65	-1059800.23	2823.643
-755344.83	-1071368.742	-757062.77	-1070140.36	2252.891
-761419.84	-1044328.57	-761869.05	-1044037.25	670.989
-757134.9	-1036802.08	-757990.39	-1037666.66	1322.285
-838610.5	-1070832.2	-840079.293	-1070472.054	1525.43
-724411.356	-1029278.365	-724347.08	-1030566.65	1306.305
-650798.66	-1020546.9	-651926.66	-1019772.51	1412.654
-656076.017	-1066182.731	-654133.383	-1067171.189	2335.058
-653856.95	-1049706.51	-652788.91	-1048069.96	2024.348
-744325.313	-1039822.447	-743808.587	-1038480.382	1575.707
-655317.27	-1022689.81	-654207.76	-1023022.35	1164.398
-805580.55	-989185.89	-806838.96	-989705.95	1362.442
-778354.93	-982840.37	-779589.3	-982910.22	1378.516
-647349.661	-1081907.056	-647404.039	-1082012.827	119.026
-823952.872	-1066561.885	-823879.001	-1066547.6	88.884
-646158.268	-1035857.518	-645222.09	-1037326.97	1785.802
-693322.025	-1064570.064	-692751.321	-1064739.587	595.35
-751880.584	-1038518.759	-751592.776	-1038205.716	439.971
-773146.15	-978644.96	-773086.402	-978766.973	135.857
-736790.235	-1014569.195	-736379.594	-1013769.886	942.732
-662603.44	-1002134.49	-663739.6	-1000708.83	1969.925
-780485.3	-1040977.06	-782640.97	-1043028.23	3551.17
-758073.07	-1032937.02	-758097.64	-1033403.64	625.904
-750067.87	-1029770.46	-749710.96	-1029340.97	614.3
-797059.03	-1075094.57	-795889.11	-1075753.77	1386.613
-737151.093	-1027403.432	-736884.91	-1028307.24	964.697
-857552.918	-1040169.703	-863131.408	-1037983.994	7803.421
-718716.86	-1055269.42	-717259.4	-1057317.02	2632.623
-699212.275	-1065647.246	-698164.88	-1063584.93	2424.63
-719358.41	-1030469.28	-719546.69	-1030627.19	245.733
-645685.415	-1042500.373	-645916.971	-1042711.207	358.574
-870051.433	-1037459.188	-873685.2	-1034190.17	4888.489
-827952.099	-1041307.414	-826356.346	-1040437.307	2378.177
-876365.0	-1021461.157	-876205.29	-1021469.48	160.104
-666656.393	-1086639.051	-666783.31	-1086673.811	131.69
-763578.23	-983007.87	-762590.88	-982473.0	1482.137
-688718.603	-1043774.139	-688698.887	-1043756.642	30.164
-885768.713	-1021406.583	-887058.808	-1021676.846	1470.316
-768419.55	-1028090.41	-768403.49	-1028124.55	37.889
-711654.17	-1022257.4	-711914.43	-1022050.9	354.964
-780763.21	-1026689.94	-778073.878	-1024982.951	3318.637
-683915.461	-1008181.114	-683887.851	-1008125.569	63.52
-763343.522	-1022249.458	-763355.85	-1021358.05	898.485
-757505.78	-1039271.09	-757559.425	-1039723.96	456.13
-704751.8	-996618.02	-709158.077	-1001193.512	7881.423
-672579.95	-1062530.59	-672432.67	-1063550.16	1130.328
-658077.11	-1064149.39	-658306.13	-1063995.3	279.78
-867652.35	-1012406.82	-867167.828	-1010925.707	1570.137
-714572.525	-1006513.706	-714682.48	-1006423.8	142.852
-641999.909	-1083270.542	-641660.574	-1083773.046	646.208
-872013.713	-1012171.656	-870331.398	-1011239.458	2119.632
-881929.226	-1022103.728	-881863.103	-1021865.019	341.661
-679251.22	-1033454.96	-681391.128	-1033570.804	2151.763
-885768.713	-1021406.583	-886513.43	-1022598.52	1475.748
-696768.359	-1065799.89	-695801.17	-1066068.47	1124.738
-699826.15	-1069367.85	-700135.02	-1068003.88	1494.735
-736358.388	-982340.157	-734657.725	-982816.189	1971.269
-796781.35	-1010291.26	-796037.22	-1012218.17	2143.788
-649076.08	-1021139.42	-649296.0	-1022367.68	1296.402
-699280.96	-1087095.96	-699263.048	-1087577.665	556.183
-799218.218	-1001629.481	-799331.67	-1001568.91	128.609
-694006.079	-995200.362	-694805.3	-995371.38	826.724
-749595.87	-1025442.64	-748802.16	-1025180.0	894.301
-674915.84	-1061397.35	-675684.47	-1060626.73	1139.377
-713080.6	-1040301.81	-712988.5	-1040330.62	96.553
-762330.98	-1057704.171	-763676.79	-1058967.62	2593.363
-784018.32	-995398.78	-784281.09	-996224.5	1044.286
-753519.32	-1044963.06	-753577.73	-1045262.14	305.345
-846347.928	-1044004.569	-846651.96	-1041338.72	2975.913
-648881.23	-1019906.8	-648868.92	-1019486.9	435.105
-711558.013	-1059050.548	-711890.35	-1060438.64	1437.748
-779061.296	-981747.373	-779024.37	-981604.83	152.174
-668507.652	-1091797.497	-668682.99	-1092390.839	649.365
-808569.944	-991227.261	-808611.58	-991219.64	42.384
-786585.72	-1009820.43	-783625.48	-1009898.28	2987.597
-798303.21	-1066951.14	-798373.29	-1067537.04	596.748
-662108.94	-1040513.93	-662491.9	-1039150.784	1426.74
-714320.133	-1045224.548	-712258.79	-1048727.42	4492.813
-692398.188	-998321.563	-692439.87	-998478.84	165.477
-731167.427	-1084387.649	-730629.2	-1084569.55	569.633
-712365.36	-1041495.43	-713740.82	-1041561.3	1384.81
-768302.28	-971936.54	-768483.18	-971363.18	614.851
-669402.384	-1076829.111	-670436.689	-1076819.673	1095.104
-708393.03	-1085245.969	-708233.01	-1084992.954	300.267
-658706.819	-1064884.091	-659164.367	-1065042.203	511.763
-756880.218	-1065422.555	-756770.213	-1065375.482	147.739
-820420.818	-1067717.986	-820420.533	-1067697.474	22.693
-852656.05	-1038915.62	-851233.618	-1039149.899	1451.781
-864781.377	-1022291.407	-868712.059	-1021790.194	5444.323
-645722.138	-1045375.351	-645735.79	-1045402.815	43.212
-698320.9	-1050777.39	-696876.45	-1050935.08	1492.527
-714087.729	-1057511.199	-713461.529	-1057701.511	657.122
-822804.131	-1068212.539	-822538.061	-1068643.955	510.377
-700115.94	-1071955.9	-699321.98	-1074296.04	2659.449
-685163.84	-994354.035	-685150.668	-994403.704	53.139
-646384.95	-1016840.67	-646784.63	-1016584.72	482.773
-697829.1	-1037717.32	-697686.311	-1037723.137	143.488
-669597.07	-1002026.89	-674111.71	-1002397.2	5782.494
-708461.4	-1069518.07	-708947.022	-1068917.61	791.197
-719412.41	-1030662.08	-719394.39	-1030514.14	151.91
-757115.472	-1047055.704	-758581.22	-1047649.45	1585.946
-654712.715	-1081639.75	-654071.518	-1081504.252	708.515
-725612.025	-1069674.855	-724703.685	-1069349.643	1779.854
-754867.81	-1012840.6	-753251.75	-1011154.9	2381.575
-673983.56	-1071086.53	-672391.99	-1070720.65	1633.09
-877306.387	-998763.671	-876337.987	-998291.201	1211.782
-814761.761	-1017377.469	-818898.634	-1017174.524	4232.384
-842432.549	-1074785.903	-843931.125	-1074255.898	1597.313
-788893.92	-1033754.56	-787766.2	-1033212.73	1266.936
-801907.575	-1059706.162	-804080.996	-1060113.942	2354.255
-829579.044	-992664.87	-828343.065	-992114.223	1636.001
-729710.071	-1039722.02	-728843.855	-1039330.22	960.123
-714807.73	-1027916.89	-714250.17	-1026275.32	2511.789
-731561.16	-1067617.97	-731542.29	-1067800.52	183.533
-663044.42	-1054468.82	-661891.39	-1051662.77	3180.793
-722260.469	-1041371.975	-722247.869	-1041388.495	25.232
-821804.609	-1066679.277	-820763.034	-1063867.82	3047.384
-715513.44	-1040586.49	-715074.63	-1040766.98	516.659
-759256.31	-1047754.756	-759204.415	-1047672.559	103.761
-843040.578	-1020185.817	-842287.929	-1020663.445	915.133
-780584.38	-1049899.73	-778592.53	-1048743.11	2316.964
-789184.38	-990848.56	-789194.89	-990872.61	29.042
-759820.913	-1039943.303	-760664.788	-1039529.696	945.931
-679158.914	-1030025.357	-679251.22	-1033454.96	3593.873
-766069.463	-1076129.668	-765632.14	-1074898.32	1324.185
-648175.388	-1058490.263	-648187.866	-1058462.408	69.48
-646257.99	-1035696.78	-646158.268	-1035857.518	189.176
-869300.93	-1043031.21	-869808.32	-1041019.49	2144.009
-730339.49	-1084646.34	-729298.04	-1084653.56	1066.731
-844011.49	-1005076.04	-844027.15	-1005078.51	15.994
-698164.88	-1063584.93	-697633.81	-1063728.76	560.187
-645050.708	-1074298.705	-644390.63	-1074453.586	678.01
-758435.475	-1047850.706	-758678.932	-1048979.29	1366.969
-640071.145	-1093682.786	-639947.222	-1093800.524	475.547
-716930.02	-1074651.97	-715594.97	-1078158.25	4940.599
-820444.415	-1067699.879	-820420.818	-1067717.986	43.082
-730085.58	-1041031.44	-730548.07	-1041502.46	860.338
-782265.162	-979225.253	-782254.663	-979211.743	20.252
-863400.559	-1062967.888	-857554.503	-1066769.628	9000.647
-777421.09	-1064471.68	-775670.719	-1064925.753	1867.962
-768588.55	-1063775.18	-770134.93	-1065005.61	2059.436
-683372.708	-1070340.875	-682819.282	-1070271.519	635.171
-819634.076	-980184.852	-819701.788	-980089.789	116.811
-832266.025	-1033752.917	-832038.178	-1033984.11	345.632
-839367.739	-1069407.203	-839209.8	-1068874.289	600.776
-755185.5	-1028876.24	-753758.163	-1025794.588	5030.519
-794356.679	-1003853.725	-794445.41	-1003817.64	107.867
-699059.06	-1044114.19	-696821.837	-1044201.127	2241.195
-692393.91	-1046471.76	-692483.88	-1046468.81	95.308
-712322.69	-1041875.89	-712035.9	-1041732.29	386.293
-646239.872	-1056008.99	-647672.21	-1055476.25	1538.179
-701749.24	-1009988.77	-701765.41	-1010006.88	25.269
-694991.159	-1064536.914	-694401.055	-1065921.44	1583.942
-716349.222	-1061215.837	-716401.15	-1060900.03	336.14
-676525.57	-1061343.46	-675859.917	-1064273.924	3412.222
-756124.753	-984755.3	-755368.419	-983684.174	1388.118
-685770.02	-1039929.89	-686575.12	-1039593.79	901.312
-648158.06	-1044058.02	-648105.59	-1042943.23	1117.374
-765581.53	-1063635.1	-767628.303	-1064543.423	2312.687
-643747.476	-1062699.874	-643758.357	-1062705.563	13.128
-756270.569	-975799.295	-755058.7	-975070.59	1612.801
-701892.25	-1007304.34	-701380.27	-1007243.98	532.332
-725401.005	-978434.604	-725347.879	-978456.084	77.935
-747917.66	-1033945.33	-747674.5	-1033325.3	697.398
-739350.28	-1047578.09	-739283.4	-1047695.67	141.833
-690144.75	-995126.75	-690242.41	-995107.0	102.548
-753232.18	-1024998.24	-753334.92	-1025594.51	828.413
-802057.3	-999091.98	-803234.05	-1000504.67	1995.452
-776142.829	-979416.983	-776120.45	-979334.08	88.456
-762800.39	-973592.59	-762800.511	-973664.528	79.809
-871474.565	-1005104.736	-873787.501	-1008866.41	6145.185
-731562.956	-1056376.26	-731953.91	-1056749.85	552.364
-729081.3	-1029275.1	-729182.59	-1029441.25	194.597
-731529.762	-1067858.408	-731564.343	-1067858.126	34.972
-742076.679	-1057054.113	-742428.69	-1057042.01	374.482
-746047.369	-1053841.548	-746257.484	-1053880.571	232.422
-754302.163	-1045692.465	-754326.98	-1045709.048	35.225
-864577.617	-1039218.412	-863131.408	-1037983.994	1909.505
-739299.15	-1029228.09	-736884.91	-1028307.24	2877.155
-797299.58	-1068850.802	-797224.579	-1068798.163	106.447
-669043.352	-1044621.083	-669036.133	-1044634.777	17.124
-826393.58	-993760.31	-825445.484	-995866.382	3259.968
-842745.5	-1001935.625	-842937.02	-1002015.9	207.689
-649076.08	-1021139.42	-649566.83	-1020996.73	511.666
-649928.66	-1031448.47	-649898.54	-1031791.11	343.983
-754985.457	-1001811.321	-754757.688	-1002042.938	356.172
-643407.33	-1065727.687	-643250.92	-1066919.41	1212.173
-888772.284	-1015884.342	-885460.917	-1015775.731	3683.277
-675528.852	-1031255.575	-679158.914	-1030025.357	4427.724
-678268.824	-1069099.803	-678275.815	-1069146.017	47.749
-751384.235	-1045613.361	-751230.097	-1045587.543	162.637
-727394.82	-1032823.14	-725685.08	-1033315.51	1790.046
-754553.75	-1063526.759	-754549.701	-1063563.589	48.132
-654226.65	-1044422.6	-652756.916	-1044690.62	1535.607
-739117.25	-1033551.44	-739264.11	-1033483.83	168.697
-758407.752	-1021128.973	-758378.72	-1020350.72	793.219
-853220.61	-1005292.68	-853227.3	-1005277.26	20.087
-810664.83	-991921.07	-810588.846	-992040.726	142.356
-641558.455	-1081663.353	-641563.12	-1081473.4	190.119
-728099.7	-1079534.74	-727648.121	-1080709.565	1308.678
-847821.052	-1049826.281	-848771.631	-1050724.211	1566.762
-852913.01	-1010654.81	-852819.54	-1010571.63	129.622
-806862.02	-982792.324	-805494.47	-978668.481	6150.302
-813838.81	-1073966.7	-813336.061	-1072569.408	1820.733
-755689.59	-1023919.41	-755694.86	-1025391.36	1542.362
-686053.85	-993238.91	-686350.07	-993429.47	374.682
-695212.53	-1017529.26	-697349.47	-1017397.28	2158.628
-696636.6	-994249.17	-696132.37	-994057.13	541.217
-730628.22	-1042752.2	-730606.32	-1042945.66	195.867
-783385.36	-1061966.31	-782595.73	-1062161.21	832.342
-757402.828	-1052419.611	-757583.42	-1052769.48	395.236
-826695.7	-1046988.145	-826780.701	-1046935.199	100.357
-766382.69	-1052099.3	-766806.601	-1052210.031	457.61
-667706.318	-1019347.736	-667274.31	-1019346.6	433.567
-703259.82	-1045208.71	-705213.552	-1046907.088	2722.899
-754805.789	-981132.737	-754958.704	-982106.82	1055.36
-765867.335	-1076221.509	-765949.302	-1076303.012	120.7
-776487.38	-1076782.21	-774198.39	-1077281.62	2349.055
-697841.33	-1001068.24	-699475.68	-1000254.35	1873.589
-860277.03	-1033622.47	-859334.96	-1031935.4	1957.783
-748084.48	-1035618.15	-749437.266	-1033909.1	2503.52
-673049.74	-1012189.85	-673053.29	-1012178.46	12.812
-762707.88	-1014316.97	-761383.292	-1015001.54	1494.456
-855530.25	-1036701.857	-855649.83	-1035660.68	1078.814
-700396.442	-1053492.855	-700206.943	-1053697.575	295.812
-734598.58	-1083230.584	-734318.338	-1082704.06	710.072
-641660.574	-1083773.046	-640100.993	-1084722.279	2040.407
-723627.515	-1036753.24	-723646.226	-1036720.831	52.99
-726488.524	-1059462.93	-725243.045	-1058432.144	1697.0
-758289.66	-1037634.71	-757990.39	-1037666.66	305.401
-752283.773	-1042999.425	-752334.938	-1043068.75	86.165
-758073.07	-1032937.02	-757126.745	-1032268.154	1159.139
-648110.28	-1092559.28	-647876.97	-1093900.63	1372.295
-812244.87	-1012043.72	-809721.09	-1010756.479	3307.49
-658853.576	-1013422.483	-657349.62	-1014170.84	1793.089
-847130.532	-1051437.448	-846906.763	-1052310.741	942.927
-659884.474	-1065080.258	-660269.1	-1066357.25	1697.435
-808049.215	-1027496.454	-811663.996	-1027269.798	3908.453
-761216.881	-994932.114	-761264.677	-994889.293	66.415
-821252.392	-996441.12	-821332.799	-996435.808	82.513
-671453.484	-1048988.167	-671011.67	-1048336.21	817.689
-851158.788	-1009138.871	-851153.587	-1009157.697	23.635
-867402.458	-1014608.839	-867026.756	-1014027.188	747.635
-669943.33	-1047802.91	-664502.78	-1047932.44	5521.266
-681256.73	-1047284.67	-681171.13	-1047426.99	193.916
-644363.469	-1074457.652	-644350.08	-1074464.718	18.583
-742534.2	-1030094.56	-742604.08	-1029716.56	394.999
-720485.953	-1057079.4	-720470.927	-1057084.328	15.814
-790130.99	-1026365.77	-791567.2	-1023807.89	3134.149
-711726.01	-1044957.93	-711375.94	-1044822.95	384.657
-685019.57	-1032596.64	-684053.62	-1032015.32	1130.191
-730320.71	-1043500.64	-730143.03	-1043481.59	182.2
-672706.22	-1015107.8	-673831.38	-1015394.53	1173.147
-763504.4	-992745.44	-763702.81	-992726.37	208.921
-733267.49	-1020351.43	-732840.55	-1019601.95	878.271
-753251.75	-1011154.9	-753219.263	-1011090.832	71.834
-781300.55	-995123.38	-781108.19	-994530.19	647.241
-646271.32	-1063832.91	-646256.609	-1063843.229	22.36
-808515.85	-991162.91	-808585.606	-991258.913	119.0
-671563.284	-1012981.47	-671554.241	-1012972.103	13.849
-714682.48	-1006423.8	-714956.595	-1006806.851	493.974
-867797.09	-1017264.35	-867757.78	-1017361.44	182.401
-653346.678	-1072095.968	-653460.785	-1073595.575	1585.332
-722226.76	-1072826.32	-723802.254	-1075167.8	3101.381
-703193.08	-1047787.47	-703355.628	-1047922.307	213.245
-703758.381	-1079749.097	-702871.884	-1080004.975	1043.272
-813286.907	-1058573.84	-813726.76	-1056547.92	2821.734
-760179.45	-983638.92	-760171.191	-983620.658	21.386
-881983.98	-1022063.583	-881929.226	-1022103.728	67.894
-730675.04	-1043358.39	-730464.91	-1043698.48	404.698
-677697.483	-990880.701	-676569.433	-990204.403	2646.875
-793309.705	-1013657.208	-791244.52	-1014809.47	2559.991
-660036.46	-1041105.61	-655306.9	-1041293.601	5550.963
-824035.26	-1075024.83	-824112.13	-1074957.2	114.238
-748264.337	-988628.245	-748223.85	-988263.016	367.75
-852292.36	-1010381.54	-852839.972	-1010562.394	591.639
-824867.795	-1067191.528	-824860.766	-1067179.646	13.805
-707184.18	-1032446.4	-705120.16	-1032523.41	2074.487
-686013.62	-992607.43	-686053.85	-993238.91	634.946
-752741.46	-1017317.94	-751815.75	-1014127.69	3399.485
-727861.38	-1071800.64	-727941.64	-1071846.7	96.385
-654041.209	-1081129.494	-654487.78	-1081192.71	1007.263
-699566.74	-1000140.02	-699954.06	-1000452.35	510.856
-841795.204	-1010891.984	-841357.154	-1010942.499	455.148
-784355.32	-1006965.74	-784308.318	-1006952.804	52.21
-771307.799	-1010415.405	-770831.342	-1010431.064	481.905
-807487.18	-1017041.32	-807972.849	-1018567.797	1651.567
-883289.645	-1027547.259	-882967.854	-1028816.839	4127.569
-728602.055	-1078644.568	-728612.038	-1078621.824	34.629
-781865.15	-1048439.48	-781509.07	-1047399.61	1140.443
-735095.369	-1043451.94	-734987.129	-1043424.159	144.125
-885723.47	-1010197.174	-885754.491	-1008784.033	1463.602
-686232.83	-993436.49	-685993.25	-993477.375	243.726
-748544.882	-1024940.17	-749021.91	-1023132.2	2360.073
-822379.454	-1047224.059	-822224.612	-1046931.847	360.619
-665856.66	-1046300.12	-665845.857	-1046282.575	25.41
-773121.153	-974553.726	-772010.09	-974008.95	1237.458
-755038.409	-975123.909	-754971.456	-975079.693	80.814
-770159.84	-988711.64	-771203.743	-989206.762	1217.937
-730854.657	-1045636.934	-734496.32	-1045714.14	3903.726
-642044.356	-1068029.289	-641666.023	-1068164.226	412.692
-753444.92	-1047853.34	-753489.98	-1047986.67	153.12
-755784.33	-1013183.04	-756448.614	-1011708.294	1617.69
-869613.66	-1040332.96	-869430.152	-1039450.715	901.148
-718478.89	-1046912.61	-720417.87	-1047567.4	2110.602
-679071.021	-1068448.678	-678316.546	-1069106.518	1001.949
-805450.508	-1012456.415	-807569.633	-1014178.413	2746.848
-722700.99	-1033242.12	-722004.478	-1032704.204	881.765
-737885.353	-1020982.033	-737576.263	-1021220.559	397.517
-703972.47	-1019132.76	-702747.23	-1018674.96	1687.492
-728017.161	-1055341.844	-727882.96	-1055864.88	545.912
-784365.893	-1059895.552	-785062.0	-1058418.22	2015.101
-737011.75	-1074812.7	-735030.582	-1072887.45	3561.42
-787548.72	-1001738.92	-789556.34	-1003330.81	2814.555
-754562.87	-1035818.81	-753069.25	-1037372.232	2159.27
-730143.03	-1043481.59	-725670.665	-1042432.966	4641.867
-740042.44	-1023752.96	-740017.87	-1023680.65	76.436
-641656.13	-1036998.19	-641686.67	-1037076.0	85.392
-671719.93	-1041676.199	-671942.405	-1039583.898	2573.541
-774158.39	-1032853.55	-774165.979	-1032839.506	16.953
-740252.159	-1048828.77	-740146.63	-1048765.45	123.242
-758984.96	-1060306.05	-760708.45	-1061819.03	2573.184
-653346.678	-1072095.968	-654182.996	-1073729.238	1885.029
-698404.31	-1004453.47	-698568.47	-1004508.36	181.287
-740955.439	-1048852.577	-740880.85	-1048875.87	78.141
-684304.861	-1040364.167	-682287.738	-1041472.981	2915.12
-852041.021	-1068690.317	-853968.084	-1068008.173	2169.988
-800201.947	-1016933.534	-799539.621	-1015762.067	1410.288
-676047.76	-1037292.652	-672055.54	-1039487.72	4927.501
-734539.895	-974968.556	-734638.13	-974924.285	115.452
-689913.724	-995393.446	-689914.682	-995409.262	18.572
-756448.614	-1011708.294	-758296.68	-1012253.36	1948.803
-768819.527	-992032.256	-768394.55	-991513.293	678.247
-655317.27	-1022689.81	-655613.228	-1024420.374	1795.946
-647715.52	-1054537.59	-647869.94	-1054301.764	281.939
-751597.63	-1041115.54	-751631.12	-1041022.424	261.959
-684255.005	-1035594.066	-684084.16	-1033852.85	1764.57
-639924.163	-1084460.056	-640100.993	-1084722.279	591.58
-833025.666	-988995.456	-833474.288	-990036.628	1168.159
-686661.272	-1088452.577	-686814.436	-1088817.32	402.385
-683695.36	-992998.26	-683717.457	-992989.128	27.807
-693555.67	-1004756.118	-696411.51	-1007449.07	4033.616
-887834.629	-1020295.463	-887777.614	-1019985.955	324.483
-785807.44	-1051302.42	-785022.91	-1050875.34	935.837
-857921.154	-1023464.163	-855079.592	-1025327.497	5371.301
-748407.4	-1058112.06	-750699.51	-1059660.66	2793.508
-863236.64	-1047067.888	-863264.03	-1049360.0	2679.839
-778689.66	-1029545.02	-778474.39	-1028402.49	1165.757
-737018.66	-1038511.31	-736747.68	-1038593.73	399.374
-655182.379	-1051829.918	-652508.028	-1051659.118	2802.315
-697841.33	-1001068.24	-697608.833	-1001082.178	310.494
-723775.082	-1036716.998	-723891.868	-1036670.09	125.855
-798227.54	-1058686.04	-795516.13	-1059115.1	3068.876
-781214.734	-998287.394	-781654.106	-998471.269	476.347
-710952.04	-1025721.06	-711052.4	-1025670.01	145.363
-765196.794	-974682.32	-764319.04	-977108.64	2645.955
-763370.11	-992818.11	-763369.78	-992839.07	23.105
-732551.961	-1055116.211	-732562.453	-1055095.45	26.039
-831028.103	-1064975.89	-833610.148	-1061574.582	6869.65
-806962.59	-989767.32	-806831.71	-989712.44	141.92
-711242.04	-1034382.06	-710966.346	-1033701.742	759.624
-783657.44	-1061218.98	-787374.96	-1062889.98	4078.827
-731999.944	-1057687.789	-731942.46	-1058578.55	956.039
-807285.49	-1049727.11	-806860.08	-1048701.62	1143.089
-854768.45	-1002319.94	-857217.29	-1002438.67	3220.159
-659267.448	-1021680.819	-660386.03	-1022995.96	1950.802
-709629.64	-1058421.81	-708317.55	-1057431.48	1741.191
-752242.07	-1042958.93	-752283.773	-1042999.425	59.809
-752007.346	-1018911.755	-750581.08	-1018442.97	1659.0
-765950.851	-985926.107	-766786.24	-987720.39	2269.418
-651289.106	-1082357.524	-649175.674	-1083114.173	2390.367
-708413.261	-1084871.572	-708617.79	-1084825.71	220.245
-704510.64	-1009921.67	-708156.75	-1007415.76	5134.543
-698440.11	-1003270.46	-697966.78	-1002610.83	877.819
-738090.59	-1046668.11	-737492.29	-1046651.8	623.313
-645766.812	-1077440.453	-647349.661	-1081907.056	5078.024
-713251.65	-1059800.23	-713219.871	-1058449.529	1360.422
-791097.96	-1010612.87	-790550.11	-1009049.625	1714.945
-780191.92	-994719.11	-779581.63	-996086.33	1532.505
-805510.798	-990388.968	-805095.286	-990190.91	460.386
-763676.79	-1058967.62	-764550.697	-1059651.999	1134.47
-734314.75	-1081506.11	-731944.906	-1081331.224	2948.369
-738774.46	-1048789.538	-738855.642	-1048756.217	183.945
-798712.282	-1022813.845	-800076.476	-1021913.816	1677.593
-687080.844	-1085843.436	-686794.358	-1080842.599	6314.191
-796037.22	-1012218.17	-795237.549	-1012020.629	827.219
-658334.737	-1052094.419	-656883.547	-1052673.686	1570.061
-827416.761	-1067890.621	-827434.463	-1067893.731	20.303
-874589.614	-996794.932	-874066.119	-996690.38	559.388
-858225.57	-999249.575	-857587.613	-999831.837	879.209
-687083.697	-1086022.321	-686509.01	-1087172.16	1325.928
-797061.3	-1028774.628	-795673.01	-1028932.49	1438.177
-817626.397	-1008079.578	-817580.155	-1005027.851	3129.118
-793798.06	-1006808.01	-792357.45	-1006464.49	1524.001
-672153.087	-1080418.844	-672190.329	-1083203.313	2830.168
-757602.31	-1049500.47	-758116.03	-1049951.77	704.103
-764623.63	-1001464.13	-765648.759	-998992.338	2899.079
-681391.128	-1033570.804	-683000.678	-1033361.372	2033.809
-670189.41	-1018692.36	-669911.48	-1020070.35	1495.857
-819391.504	-1042895.331	-818157.27	-1038318.05	5723.809
-716328.6	-1083401.67	-717824.84	-1083021.34	1668.105
-671537.295	-1019001.541	-671542.164	-1018829.612	176.398
-739851.743	-1080964.865	-739860.717	-1080848.642	116.792
-667109.46	-1045866.59	-668163.57	-1049062.769	4179.316
-641446.88	-1034905.08	-641536.53	-1036240.3	1815.832
-840936.563	-1011852.615	-839662.593	-1013159.081	2323.269
-793287.43	-1051912.18	-793187.14	-1052087.32	470.938
-679528.41	-1071500.27	-677552.53	-1071411.69	2065.699
-652582.161	-1064374.38	-651701.208	-1065038.009	1922.404
-720560.46	-1005519.18	-718947.25	-1005997.56	1876.296
-693161.08	-1007415.74	-694938.47	-1007660.42	1916.441
-742481.968	-1045891.873	-742522.57	-1045850.3	60.164
-644855.32	-1030334.57	-644298.13	-1030761.77	778.961
-699767.59	-1058228.5	-699888.738	-1058195.5	125.847
-641802.028	-1037420.401	-642959.958	-1040436.707	3470.786
-651875.036	-1077623.313	-651145.068	-1076608.201	1415.511
-742486.9	-998318.24	-744676.58	-997624.94	2661.285
-736889.42	-1038378.58	-737270.58	-1038760.9	641.139
-770659.27	-1011468.3	-771409.02	-1011313.29	766.418
-827571.154	-989063.969	-825767.75	-989720.75	2011.144
-652519.065	-1021392.956	-653288.69	-1021283.75	871.072
-700201.993	-1053336.492	-700186.357	-1052771.488	581.515
-782765.879	-1049651.404	-782508.45	-1049591.91	265.725
-849524.125	-1064819.0	-849530.54	-1064841.58	24.255
-774412.19	-996205.84	-774451.642	-995780.894	462.527
-677007.72	-1000843.96	-679925.531	-999357.282	3969.317
-797165.7	-1009648.94	-796592.857	-1009438.693	621.703
-688958.37	-1008075.48	-688977.74	-1008137.47	71.945
-654794.2	-1037390.1	-655208.08	-1037168.666	550.164
-656027.63	-1011983.47	-655774.43	-1015985.09	4301.799
-765904.06	-990386.07	-766031.67	-990340.716	136.402
-644951.37	-1049697.6	-644804.59	-1049444.13	293.043
-738387.24	-1034776.1	-737329.67	-1035835.62	1497.972
-651875.036	-1077623.313	-653033.816	-1077141.936	1331.923
-792428.59	-979461.55	-792606.16	-979568.23	218.469
-813726.76	-1056547.92	-814860.03	-1055938.19	1298.107
-720245.62	-1070992.61	-721059.16	-1070117.0	1633.402
-682345.069	-994468.994	-682369.656	-994478.593	42.037
-734896.444	-1079592.009	-734246.2	-1078918.72	1148.033
-832347.8	-993046.63	-833817.48	-990512.85	3544.527
-655262.94	-1011065.55	-656027.63	-1011983.47	1448.203
-744365.01	-1047609.77	-744548.532	-1047866.015	315.203
-855063.7	-1001965.68	-853365.73	-1002828.81	1989.992
-823997.083	-1031074.688	-823892.15	-1031044.76	109.818
-771922.183	-971933.635	-770343.531	-971797.563	1658.662
-646639.676	-1068713.803	-646644.983	-1068689.468	27.4
-648723.39	-1048117.65	-655607.26	-1048587.63	7147.014
-731944.906	-1081331.224	-733554.49	-1083480.28	3197.325
-846047.345	-1066714.436	-847713.155	-1066306.545	1813.794
-645349.0	-1052717.95	-645381.39	-1052938.51	226.748
-744377.89	-1084946.37	-744416.779	-1083885.415	1232.84
-742907.985	-1026755.457	-742335.39	-1026856.18	583.919
-682169.978	-1009800.329	-681926.98	-1010567.27	806.491
-644872.51	-1029746.97	-645544.85	-1029412.69	784.327
-795883.692	-986069.676	-795911.538	-985983.896	93.078
-693459.63	-985440.32	-692067.016	-984640.561	2356.387
-735050.04	-1025264.38	-736617.09	-1024933.33	2108.307
-700694.83	-1067745.19	-700209.914	-1067581.49	515.777
-759120.04	-1068577.14	-759142.75	-1068600.375	34.395
-781165.18	-977555.19	-779398.2	-977284.25	2235.199
-737011.75	-1074812.7	-735898.12	-1075663.65	1499.132
-753073.16	-1037427.14	-753016.49	-1037436.87	60.876
-832380.79	-998170.642	-831111.946	-997765.178	1512.344
-827414.04	-1067905.869	-827416.761	-1067890.621	16.845
-680625.78	-989592.65	-680582.204	-989461.566	138.14
-742239.83	-1065297.46	-743257.888	-1067719.376	3514.013
-822122.758	-1029525.542	-821906.889	-1029730.126	327.168
-646639.676	-1068713.803	-646552.178	-1069047.573	388.903
-704453.1	-1014660.56	-704664.51	-1014712.25	223.053
-788376.49	-989836.61	-788466.315	-990034.547	711.08
-734779.913	-971952.94	-735808.974	-970272.071	2183.548
-762531.944	-1003861.896	-761119.495	-1000997.084	3305.913
-673359.17	-1017298.72	-672753.02	-1016760.62	902.931
-698404.31	-1004453.47	-698530.61	-1004621.99	210.649
-694468.471	-1062559.232	-694183.55	-1060246.47	2407.246
-766608.22	-1042683.18	-766123.13	-1042170.21	732.416
-753766.275	-1041830.108	-753600.19	-1041770.82	191.171
-714820.38	-1007312.86	-713677.27	-1008804.24	2434.958
-765278.0	-1028005.63	-765903.621	-1026097.409	2627.476
-700209.914	-1067581.49	-700387.25	-1066319.45	1379.912
-652004.862	-1078833.61	-652839.2	-1078377.746	1549.77
-648277.846	-1064324.543	-648566.084	-1065178.916	908.361
-663264.53	-1025565.94	-662627.63	-1025776.23	678.454
-658912.297	-1021936.138	-657091.01	-1022208.29	1886.282
-862395.853	-1023811.733	-857921.154	-1023464.163	4653.009
-859427.42	-1012915.85	-857444.77	-1011887.79	2368.839
-857921.154	-1023464.163	-857625.67	-1022950.01	659.219
-734332.849	-1057356.188	-737593.42	-1057813.32	3393.243
-742420.28	-978651.65	-739591.68	-979100.8	3110.15
-739949.769	-1001962.629	-740534.457	-1001860.181	733.246
-732422.28	-1084313.689	-732635.471	-1085666.116	1448.626
-701067.767	-1088268.67	-700473.75	-1088323.41	598.999
-677014.66	-1004511.1	-674923.8	-1005690.43	2458.596
-761033.05	-1042194.675	-761255.95	-1042461.59	379.992
-728506.95	-1073027.45	-727946.954	-1073950.328	1132.453
-775925.31	-978800.85	-776333.91	-979441.43	824.447
-723650.025	-1036501.706	-723646.226	-1036720.831	221.167
-726875.0	-983234.71	-726168.492	-980888.314	2565.53
-820196.29	-1068830.88	-820420.818	-1067717.986	1209.293
-677256.85	-1037622.57	-676431.36	-1035607.69	2286.049
-775333.78	-992378.18	-774202.32	-992661.03	1363.081
-713677.27	-1008804.24	-714147.66	-1008924.75	552.211
-725140.036	-993094.291	-722098.15	-993211.14	3314.412
-748264.337	-988628.245	-747769.641	-989471.419	1056.145
-796706.692	-980718.829	-797063.54	-980056.2	819.272
-670260.27	-1047666.95	-670314.0	-1047546.5	152.514
-773691.55	-1068502.23	-773801.94	-1073410.82	6319.36
-707107.89	-1015925.36	-709860.07	-1013225.01	4058.375
-737492.29	-1046651.8	-736423.45	-1046524.588	1140.66
-765963.41	-1076199.13	-765867.335	-1076221.509	118.34
-821533.491	-996041.098	-821541.517	-996065.46	27.663
-742025.384	-1041551.688	-742589.37	-1041655.95	576.847
-707395.27	-1021372.06	-707477.85	-1021377.78	88.225
-684084.16	-1033852.85	-684077.699	-1033039.805	813.075
-675183.93	-1021306.91	-674962.455	-1021144.372	274.719
-783000.21	-1044291.56	-783095.18	-1043944.62	600.894
-670388.99	-1063714.97	-669366.41	-1063884.53	1430.165
-671606.35	-994148.73	-671529.156	-994215.846	102.615
-702114.812	-1043261.196	-702096.308	-1043248.3	24.992
-776116.121	-1014573.075	-776116.328	-1014689.396	119.19
-775865.26	-1056885.35	-776845.82	-1057733.48	1366.776
-777253.82	-1070743.77	-778814.3	-1071062.64	1793.366
-807985.91	-1047762.37	-807106.486	-1046978.31	1203.707
-724923.796	-1067210.738	-724969.71	-1067325.084	123.274
-670988.44	-994687.59	-671005.31	-994697.86	28.948
-709849.16	-1052104.16	-708863.65	-1054156.14	2512.982
-682593.55	-1057225.8	-681547.55	-1054896.15	2914.993
-788251.41	-989855.27	-787615.208	-989710.969	660.988
-744427.01	-1041940.53	-745476.058	-1042442.099	1235.046
-816868.164	-1069518.245	-816893.762	-1069517.321	45.059
-771878.58	-986682.57	-770401.64	-988243.48	2367.685
-719546.69	-1030627.19	-719664.66	-1030725.65	153.66
-801753.438	-1023673.569	-800168.47	-1023525.4	1702.683
-796967.21	-1053971.04	-797433.88	-1052597.14	1533.712
-751462.148	-1001952.201	-750659.099	-1001857.843	816.355
-651046.35	-1014975.04	-651076.779	-1014495.997	511.381
-779864.28	-983031.63	-779092.241	-981900.865	1418.956
-719843.172	-1044008.229	-719043.9	-1045005.64	1310.051
-834368.509	-984071.789	-834339.5	-984063.875	30.125
-692580.496	-1046095.138	-692418.005	-1046417.51	363.379
-688899.04	-1008101.45	-688958.37	-1008075.48	70.506
-690154.749	-1015646.511	-690276.83	-1015960.33	339.122
-717320.02	-1074418.83	-717406.529	-1074272.847	175.219
-705180.085	-1015148.305	-705245.089	-1015162.207	68.423
-667752.29	-998041.55	-666452.53	-998977.14	1863.218
-782260.598	-979205.504	-782265.162	-979225.253	34.007
-801018.693	-1015691.9	-801385.012	-1015485.742	424.049
-813304.15	-1072027.89	-813205.411	-1072126.728	142.974
-753082.234	-1019438.929	-755209.1	-1019163.62	2240.903
-640426.525	-1091589.246	-639940.852	-1091220.246	886.043
-751335.31	-1060211.99	-751284.64	-1060098.92	124.136
-700174.9	-1071901.69	-699977.91	-1071763.11	242.123
-804080.996	-1060113.942	-803947.883	-1061268.828	1193.504
-787194.84	-1068117.31	-787213.5	-1068343.1	235.405
-650028.63	-1050827.27	-649211.54	-1050423.25	929.389
-720813.672	-1048330.845	-721423.83	-1050459.84	2314.079
-718118.94	-1074538.02	-717820.5	-1074317.38	371.327
-766123.13	-1042170.21	-766136.3	-1040888.08	1306.303
-646259.626	-1063825.184	-646271.32	-1063832.91	15.531
-796743.252	-1021713.892	-795345.471	-1023146.204	2097.586
-718568.57	-1054861.25	-718716.86	-1055269.42	446.647
-665998.12	-1039213.13	-665783.24	-1039185.6	218.117
-653414.983	-1023358.623	-653299.13	-1023139.24	250.888
-702154.39	-1017063.32	-704206.35	-1016297.52	2444.989
-697267.039	-1038802.186	-697239.861	-1038815.407	37.855
-675048.91	-1008405.81	-675803.06	-1008342.46	840.709
-755895.05	-991026.57	-755651.695	-991024.143	243.442
-834771.583	-1060697.914	-836451.432	-1060362.732	1975.272
-764748.101	-1005277.63	-763471.794	-1006320.508	1924.405
-754722.88	-1063440.97	-754963.37	-1063474.75	242.858
-681176.14	-1047284.84	-681294.73	-1047266.2	120.07
-717801.722	-979961.24	-717956.261	-978710.688	1370.385
-771186.36	-1027775.74	-773039.903	-1027849.428	2260.723
-770746.85	-990883.12	-769898.37	-991447.69	1039.641
-829863.983	-1072868.589	-830045.471	-1073007.368	230.138
-737082.62	-1070361.22	-738930.214	-1070969.271	2254.047
-827959.95	-1025194.124	-828173.691	-1024778.486	481.078
-794059.78	-1036805.73	-794299.36	-1036703.83	333.339
-749194.939	-972258.483	-749732.38	-969641.23	2717.695
-683665.563	-1050408.426	-682538.522	-1049193.512	1707.954
-663328.766	-1029262.266	-662364.104	-1027433.998	2209.91
-705696.57	-1072586.84	-705427.33	-1071399.53	1268.905
-762541.454	-992050.625	-762561.091	-992047.749	21.796
-776863.78	-1052388.04	-776403.965	-1052478.333	472.617
-723842.07	-1036401.27	-723878.43	-1036574.34	180.45
-767759.019	-1045524.815	-766295.11	-1043629.66	2530.189
-744795.512	-975428.606	-742811.99	-976078.34	2150.371
-741011.44	-1016680.83	-736790.235	-1014569.195	8275.361
-709087.68	-1088888.29	-708196.223	-1089276.679	2962.083
-741446.68	-1074949.16	-742607.189	-1076199.05	2210.2
-887969.106	-1019586.53	-887903.565	-1019841.518	263.413
-750213.42	-1019915.68	-749390.03	-1020284.95	931.867
-758207.97	-971824.14	-758416.97	-970988.03	1235.507
-740042.682	-1048803.266	-739856.55	-1048772.52	191.795
-824116.77	-1073873.79	-824026.79	-1073771.599	142.054
-653089.969	-1075934.876	-653033.816	-1077141.936	1299.209
-701209.452	-1012443.428	-701281.438	-1012426.375	73.978
-773612.74	-1055153.42	-773026.593	-1055087.224	598.708
-754757.688	-1002042.938	-754755.285	-1001979.444	63.598
-753858.425	-1046002.964	-753562.08	-1045802.37	365.17
-721288.14	-1056579.85	-721454.452	-1056887.26	361.73
-688757.63	-1058642.28	-686757.86	-1059493.77	2237.761
-681654.74	-994560.4	-681402.836	-996373.122	2106.072
-766691.98	-1046504.28	-766544.31	-1045271.07	1342.394
-765006.22	-1033381.77	-764258.19	-1033081.62	857.895
-754214.37	-988832.09	-754919.423	-988119.4	1074.432
-831003.56	-1040615.966	-833692.707	-1042370.341	3424.623
-791804.912	-985582.064	-791823.188	-986770.938	1225.089
-763796.37	-983171.0	-764427.96	-984213.11	1228.412
-700825.306	-1010100.418	-701009.116	-1011040.206	958.355
-806611.073	-1055694.866	-806478.523	-1054687.767	1019.992
-824335.17	-1076643.87	-824229.88	-1076428.91	239.494
-785820.327	-976749.551	-787458.04	-976936.43	1767.63
-643357.52	-1044647.09	-643196.027	-1044701.731	300.345
-693395.58	-1037423.123	-692470.7	-1037425.66	951.697
-868466.953	-1001996.087	-870289.426	-1000815.521	3210.81
-851686.14	-1010595.84	-851816.443	-1010487.409	170.638
-757158.87	-1048627.57	-757549.968	-1049067.836	635.968
-697451.56	-1052233.88	-697797.7	-1053567.25	1402.053
-737558.471	-1050925.687	-737308.984	-1051237.17	409.629
-724926.28	-1048904.58	-725214.99	-1049590.8	934.84
-663755.607	-1051422.114	-664640.67	-1051052.65	998.985
-739350.9	-1040088.34	-740580.83	-1040143.97	1277.698
-701099.716	-1050856.633	-702949.797	-1052173.005	2551.808
-762660.384	-984434.985	-762693.647	-984241.129	197.286
-684859.623	-1032914.193	-684737.81	-1033347.95	455.048
-821516.11	-1014579.04	-821591.64	-1013904.94	788.16
-745782.97	-982628.93	-745795.512	-982630.319	13.619
-655818.302	-1080134.738	-655515.83	-1080038.461	320.215
-823029.34	-1028479.66	-822122.758	-1029525.542	1535.512
-722713.49	-1064471.921	-722614.982	-1066511.47	2436.001
-667348.92	-1060124.02	-668010.81	-1059402.08	1292.03
-785862.88	-1018158.85	-785903.44	-1018138.51	45.423
-784340.233	-1026853.333	-784722.76	-1026987.074	431.002
-754722.88	-1063440.97	-754845.73	-1063381.37	153.633
-686599.315	-1026245.839	-686632.23	-1026029.46	248.415
-747674.5	-1033325.3	-745978.33	-1031442.64	2648.215
-709087.68	-1088888.29	-709286.226	-1089162.38	1797.336
-744322.67	-1025324.1	-743703.125	-1025022.688	707.778
-857554.503	-1066769.628	-857397.986	-1066928.189	222.802
-813735.208	-1071658.557	-813441.667	-1071995.925	447.195
-824257.03	-1076464.14	-824368.01	-1076678.07	241.167
-755561.139	-1048762.837	-756649.728	-1049700.133	1600.296
-718519.86	-1032019.4	-718188.94	-1031888.47	355.984
-669095.228	-1010861.663	-669466.252	-1013763.62	3328.283
-743525.683	-1024934.562	-742974.16	-1024658.35	617.029
-712833.882	-1078862.126	-712664.34	-1078996.14	216.112
-718702.93	-1008044.22	-719804.22	-1007774.48	1213.702
-783740.92	-1062114.7	-789491.698	-1064086.379	6171.57
-669667.176	-1090853.117	-668507.652	-1091797.497	1525.477
-797625.12	-1013152.09	-796037.22	-1012218.17	1922.92
-669667.176	-1090853.117	-669523.053	-1091902.984	1118.685
-770605.67	-1066032.74	-770611.794	-1066935.832	1231.849
-699743.556	-1060255.837	-699819.01	-1059099.45	1386.162
-860818.36	-1003349.69	-861480.547	-1005436.37	3341.731
-641363.693	-1058245.202	-640361.277	-1057046.56	1582.821
-819918.122	-1008593.736	-821932.121	-1008583.691	2749.666
-772404.43	-1081947.67	-772337.871	-1081854.175	125.686
-711225.74	-979518.69	-713295.679	-978166.798	2793.465
-657595.4	-1071887.45	-657637.67	-1071921.73	54.826
-757389.967	-1047968.234	-757066.295	-1047375.812	730.306
-761804.098	-971881.321	-759716.49	-970904.67	2603.515
-664058.97	-1047818.75	-664237.125	-1047754.375	195.083
-758738.418	-1022082.312	-758505.91	-1022715.61	677.316
-722004.478	-1032704.204	-721968.829	-1032704.001	43.909
-753069.25	-1037372.232	-753073.16	-1037427.14	57.641
-743775.84	-1049079.58	-744517.364	-1048937.733	803.418
-817396.62	-988845.84	-816015.01	-992517.408	7669.829
-682430.32	-1018740.76	-682430.78	-1018853.25	115.75
-740567.913	-1014769.19	-740300.24	-1014096.08	777.732
-744593.67	-987634.7	-745958.08	-987636.28	1377.402
-746356.47	-1011843.08	-745777.72	-1012660.43	1012.605
-788487.635	-1013962.555	-788774.22	-1016148.65	2393.787
-661534.9	-1056956.81	-660410.858	-1057065.693	1144.617
-740829.08	-1001958.87	-740880.67	-1001694.33	269.563
-715273.42	-1049983.72	-717185.34	-1049884.48	1956.711
-689710.27	-1038191.64	-687756.53	-1038174.74	1981.573
-865095.447	-1015806.938	-864526.91	-1015039.05	957.188
-663449.618	-1063010.571	-665026.707	-1061746.48	2038.033
-858009.186	-1049152.542	-863264.03	-1049360.0	6709.861
-744416.779	-1083885.415	-745272.24	-1081404.02	3545.695
-704891.302	-1081539.256	-703858.334	-1077728.229	5119.036
-737610.085	-1050865.03	-737562.977	-1050871.662	47.587
-746965.041	-1017374.599	-746965.676	-1017400.74	28.389
-663479.48	-1012953.12	-661617.63	-1011287.41	2558.355
-783557.32	-996606.88	-783259.68	-996320.45	420.833
-641307.625	-1073543.848	-641061.755	-1073648.639	271.463
-767905.56	-1059790.08	-770293.832	-1060662.695	2719.741
-640127.301	-1041929.691	-640234.35	-1041972.144	211.679
-686491.08	-1087690.05	-686661.272	-1088452.577	786.778
-692439.87	-998478.84	-696522.08	-1001091.07	4874.443
-670654.23	-1032880.939	-671256.5	-1032769.5	627.933
-721976.964	-1032677.576	-721999.135	-1032679.218	23.487
-698737.223	-1004659.148	-698500.86	-1004795.83	275.097
-652831.073	-1086445.285	-651869.399	-1086573.583	1004.849
-715827.967	-1053556.402	-717024.659	-1053704.13	1514.936
-752568.73	-1022723.96	-752617.83	-1022577.89	154.101
-644149.596	-1038767.848	-644454.839	-1038353.711	519.416
-644668.77	-1056301.76	-644083.61	-1053792.21	2681.176
-655282.27	-1025459.61	-654802.8	-1024660.04	1052.738
-702591.63	-1070675.77	-701469.49	-1070934.9	1160.789
-736076.53	-1032279.74	-736802.978	-1032360.481	905.393
-842369.133	-1046673.381	-840063.257	-1048225.046	2925.004
-855417.63	-1026729.69	-854683.06	-1026353.42	968.023
-763147.8	-1010545.38	-763426.98	-1010290.16	405.829
-825413.344	-1070246.633	-826432.35	-1070622.92	1090.728
-852989.94	-1010517.63	-853021.11	-1010598.78	109.352
-753519.32	-1044963.06	-753922.75	-1045903.46	1046.061
-853220.061	-1065083.953	-853829.245	-1063917.411	1549.097
-741507.759	-1041996.034	-741446.64	-1042000.11	215.927
-651058.82	-1044615.54	-650858.36	-1043750.1	890.416
-655721.4	-1026706.88	-655315.375	-1026583.681	426.975
-658632.613	-1007570.898	-658327.19	-1007363.39	378.694
-826335.15	-1037293.3	-824701.175	-1040007.949	3940.782
-751632.588	-1007525.016	-749142.75	-1012157.38	5282.898
-756563.61	-990560.26	-756713.033	-990019.522	563.224
-794893.45	-994671.92	-795519.83	-995402.33	1026.435
-641193.869	-1025947.045	-640431.28	-1026551.76	1058.778
-879988.85	-1020805.55	-880074.07	-1020738.92	132.958
-762487.54	-978758.49	-763081.543	-980987.626	2630.486
-763702.81	-992726.37	-765617.17	-990627.35	2849.906
-672077.19	-1011036.43	-672110.66	-1011490.64	458.014
-730106.85	-1043466.23	-730458.67	-1043345.36	373.293
-649715.312	-1070556.795	-649786.847	-1070020.187	544.252
-819740.529	-1058341.735	-818748.281	-1056974.29	1732.592
-868667.144	-1010400.462	-869618.203	-1007584.616	3087.802
-708648.73	-1045259.4	-707509.96	-1045530.05	1176.19
-707184.18	-1032446.4	-707185.87	-1028507.77	4201.037
-789768.38	-1058969.06	-788030.54	-1056044.58	3436.226
-810667.0	-1045722.86	-810740.903	-1045606.441	140.532
-659164.367	-1065042.203	-659255.092	-1065048.695	91.695
-749142.75	-1012157.38	-746947.0	-1017091.25	5526.209
-656246.977	-1031448.069	-654724.454	-1031065.877	1647.087
-758347.022	-1040674.358	-758324.992	-1040666.032	26.083
-795450.938	-985788.52	-795458.379	-985806.939	19.865
-646901.705	-1057807.415	-644980.185	-1057370.44	2462.96
-745741.58	-974318.97	-744795.512	-975428.606	1494.122
-683915.461	-1008181.114	-682385.97	-1008835.85	1756.995
-733956.33	-1056531.734	-734205.563	-1056541.375	249.854
-725699.807	-1069669.236	-725737.899	-1069763.208	101.417
-722976.671	-1047379.047	-723026.18	-1047430.95	72.716
-867850.362	-1017308.357	-867827.291	-1017310.473	25.859
-645953.01	-1021514.61	-644095.23	-1021816.32	1964.839
-672608.33	-995756.58	-672969.55	-994817.47	1027.906
-763005.62	-1036747.49	-763017.75	-1036763.431	23.115
-874888.952	-1032193.255	-872464.669	-1032874.098	2679.638
-677014.127	-1057821.14	-677505.54	-1057711.0	547.893
-763349.65	-992839.56	-762418.26	-993299.638	1066.309
-645559.416	-1042295.828	-644822.508	-1038732.068	3668.891
-831257.801	-1066428.576	-831269.153	-1066433.159	13.916
-705261.63	-1044465.61	-704204.79	-1043184.73	1770.066
-664179.01	-1008798.93	-663169.23	-1009728.83	1397.085
-813336.573	-1055487.559	-812849.834	-1049467.983	9613.026
-765581.53	-1063635.1	-765231.41	-1062235.92	1544.745
-666364.99	-1013740.04	-666052.66	-1013687.66	317.375
-684634.01	-1036494.61	-683949.63	-1036590.98	729.405
-859299.634	-1026141.144	-856631.99	-1026652.92	3509.446
-647719.127	-1045908.413	-648037.819	-1045341.882	657.217
-766241.06	-990103.64	-766982.928	-989208.52	1163.774
-714320.133	-1045224.548	-713174.681	-1044932.987	1233.341
-763648.17	-1073885.23	-756787.96	-1074718.42	7748.693
-757506.533	-1048248.178	-757389.967	-1047968.234	359.653
-677347.68	-1048432.16	-678335.849	-1048911.227	1101.875
-753063.822	-985251.483	-752546.051	-985270.091	556.708
-671005.31	-994697.86	-670991.43	-994702.16	16.261
-709849.16	-1052104.16	-709080.19	-1051104.7	1264.087
-819275.356	-1071762.21	-819172.32	-1071709.66	155.698
-865281.896	-1016221.898	-865095.447	-1015806.938	456.659
-848944.39	-1000411.63	-844989.76	-994076.91	11413.191
-740938.607	-1004291.748	-739995.13	-1005497.33	1548.389
-686041.36	-993242.57	-686002.642	-992607.262	638.854
-876401.821	-1018512.434	-879438.102	-1019193.057	3680.631
-758869.214	-1018432.011	-760254.55	-1018376.922	1393.988
-691323.86	-1061107.66	-691574.13	-1060305.91	873.47
-771810.65	-1055290.41	-772072.604	-1055109.476	1023.236
-707385.36	-1021461.53	-707369.16	-1021588.3	152.226
-707115.32	-1002637.76	-706910.78	-1002589.29	210.211
-772761.907	-1033078.897	-769817.77	-1033493.72	3485.367
-841852.61	-1052408.997	-843555.756	-1052184.368	1814.784
-731318.491	-1081395.334	-729383.407	-1079754.76	3517.217
-681561.263	-1061778.063	-681935.961	-1061186.303	710.341
-664722.059	-1069286.88	-663828.882	-1070724.962	1739.294
-711124.62	-1025831.21	-716581.29	-1028241.72	6035.16
-852389.51	-1010471.46	-852230.78	-1010352.22	198.691
-730210.16	-1057359.89	-730212.23	-1055927.94	1585.927
-694090.198	-1059571.054	-696197.4	-1059702.55	2319.066
-640309.724	-1041728.531	-640259.405	-1041768.162	64.083
-692751.321	-1064739.587	-691966.805	-1064852.333	803.484
-768007.545	-1020866.625	-768028.498	-1020847.565	28.325
-766952.821	-971853.213	-767326.434	-971436.256	577.241
-767284.046	-1030405.057	-767305.477	-1030413.63	35.907
-749809.887	-1025988.112	-750627.619	-1025630.881	1045.778
-701581.79	-1008552.238	-701380.27	-1007243.98	1397.208
-652789.055	-1086686.953	-652831.073	-1086445.285	253.67
-767294.114	-980368.135	-767271.965	-980337.478	37.881
-648995.43	-1058224.13	-648889.325	-1058112.566	154.09
-697482.489	-1026804.253	-699233.42	-1027118.96	1827.815
-669122.277	-1060861.011	-668010.81	-1059402.08	2121.114
-822878.48	-1028293.28	-823029.34	-1028479.66	247.81
-656635.901	-1088944.945	-656997.542	-1087336.797	2051.869
-724926.28	-1048904.58	-725596.87	-1048814.21	693.178
-721620.81	-1084025.82	-721907.69	-1084657.76	913.041
-684500.3	-994629.26	-684449.59	-994630.45	61.788
-848314.87	-1067025.917	-849103.749	-1066025.19	1933.847
-880049.23	-1020712.27	-880074.07	-1020738.92	36.952
-754251.64	-1045761.339	-753975.13	-1045790.96	278.095
-732279.387	-1015521.642	-729452.35	-1015776.13	2972.005
-799239.44	-973963.82	-802084.92	-976761.77	4117.724
-770038.14	-1016369.75	-770028.61	-1016007.78	393.68
-642296.01	-1094976.12	-642573.891	-1096157.944	2328.243
-686002.642	-992607.262	-686358.42	-991295.94	1365.851
-731469.808	-1006230.185	-731404.222	-1008727.388	4035.198
-749200.17	-1044117.16	-749223.77	-1044290.27	175.04
-678543.68	-1015249.99	-679703.97	-1011880.87	4357.778
-848704.334	-1010274.69	-848711.125	-1010338.375	83.716
-698520.044	-1004628.598	-698401.21	-1004629.35	143.953
-744548.532	-1047866.015	-744585.4	-1048128.72	271.395
-653638.25	-1055805.75	-653654.938	-1055796.5	21.54
-751637.21	-1006976.32	-750394.144	-1005574.589	1898.511
-740997.31	-1047888.83	-741146.58	-1047688.682	250.452
-677664.48	-1003816.44	-677223.02	-1004343.34	689.143
-786539.735	-1007070.139	-784995.338	-1007564.853	1636.553
-640022.314	-1082782.538	-639920.122	-1082823.256	371.089
-763081.543	-980987.626	-763108.52	-981028.27	49.05
-829852.064	-1072797.4	-830129.382	-1072797.519	287.402
-736914.79	-1030879.55	-735677.204	-1031198.34	1282.829
-695477.027	-996993.808	-697095.23	-996864.93	2078.451
-754080.85	-1046117.36	-754233.047	-1046633.889	544.673
-698276.948	-1080273.486	-698328.194	-1080327.111	74.469
-729430.54	-1029841.99	-729182.59	-1029441.25	471.33
-760675.221	-1052259.156	-760452.39	-1052233.11	227.142
-698822.003	-1079576.361	-697926.321	-1079394.314	1022.131
-753489.98	-1047986.67	-753648.195	-1047890.983	203.694
-746047.369	-1053841.548	-746350.157	-1053821.114	314.188
-832599.1	-1057956.73	-830754.935	-1059526.568	2428.756
-867147.162	-1013544.136	-867329.599	-1013014.407	565.812
-644280.07	-1047970.75	-644298.17	-1048031.02	62.934
-670260.27	-1047666.95	-670477.6	-1047600.09	227.452
-848599.115	-1010014.034	-848525.237	-1009950.007	100.314
-829784.428	-1060549.815	-829679.437	-1060371.719	213.07
-734791.26	-1043682.03	-734764.112	-1045640.265	2010.042
-746816.113	-1067439.618	-745542.703	-1066143.626	3883.739
-699057.01	-1070584.67	-698663.43	-1070023.37	711.156
-807997.3	-1023995.28	-807658.49	-1025137.54	1194.54
-821862.611	-1070180.329	-821832.261	-1069947.466	244.991
-809066.94	-1005897.9	-807751.057	-1006035.309	1336.087
-806629.323	-1056052.109	-806611.073	-1055694.866	360.208
-749194.939	-972258.483	-751871.27	-970107.79	4852.356
-644773.5	-1037891.361	-644044.43	-1036806.581	1310.769
-874099.09	-1020900.9	-874344.73	-1021068.78	297.532
-853968.084	-1068008.173	-856228.099	-1066366.466	3017.913
-771664.289	-1062200.37	-771377.93	-1061984.36	371.987
-694188.084	-1070765.684	-694627.074	-1072383.932	1708.604
-694960.38	-1087145.06	-693651.636	-1087114.943	1351.225
-772686.635	-979904.72	-773554.847	-978844.404	1476.079
-796933.467	-1026340.879	-799522.46	-1026495.415	2602.781
-808437.59	-1071316.06	-808233.0	-1071418.5	237.245
-850124.003	-1069427.642	-851452.567	-1074254.584	5489.552
-829974.814	-1072884.661	-829876.287	-1072800.346	220.351
-649324.526	-1057870.256	-648988.473	-1058055.204	383.735
-725214.99	-1049590.8	-725089.861	-1049969.272	398.773
-840658.822	-1007395.494	-844032.088	-1007884.776	3656.104
-728130.425	-1054971.429	-728017.161	-1055341.844	402.035
-647429.71	-1088888.66	-644938.05	-1088958.605	2853.085
-773187.92	-1058004.16	-773044.12	-1058324.22	356.518
-740185.497	-1055522.067	-739933.37	-1055698.36	308.442
-775691.78	-1034209.7	-775016.4	-1033843.46	914.687
-734657.963	-1045867.082	-734699.83	-1045946.208	93.998
-681294.73	-1047266.2	-681398.099	-1047146.748	175.36
-751115.129	-1019859.845	-750213.42	-1019915.68	907.787
-698771.08	-1081531.451	-699555.519	-1082197.877	1105.194
-812053.644	-1017077.163	-812059.04	-1017095.62	25.9
-689412.387	-1087492.913	-689284.25	-1086917.92	602.844
-766746.83	-1036733.97	-766800.29	-1037056.05	328.083
-745998.38	-1054124.323	-746021.746	-1054033.324	94.765
-731819.56	-1031524.2	-732473.929	-1029694.138	2031.805
-774521.08	-975012.85	-774501.36	-975014.99	22.333
-765904.06	-990386.07	-765677.7	-990558.27	289.265
-858499.59	-1030226.35	-856579.444	-1030950.584	4444.084
-652839.646	-1042012.519	-652956.99	-1040747.22	1427.202
-808185.557	-1071296.55	-797314.08	-1068968.18	11402.617
-781964.57	-995922.06	-781895.681	-996105.509	223.937
-730718.34	-1083526.82	-732726.814	-1084027.306	2210.186
-824874.679	-1067330.845	-824865.69	-1067372.507	42.75
-689649.844	-1058594.024	-689296.152	-1058690.826	370.186
-776494.34	-975986.92	-776572.98	-975967.95	92.716
-645191.576	-1049993.142	-645063.36	-1049850.29	192.027
-698207.843	-1015617.906	-698830.725	-1012654.719	3806.184
-753577.73	-1045262.14	-753657.17	-1045323.18	107.004
-656533.551	-1015712.533	-658407.59	-1015441.63	1903.725
-775508.24	-1065095.71	-775337.088	-1066406.687	1354.283
-758116.03	-1049951.77	-758621.139	-1050300.073	652.808
-776588.52	-1032456.82	-777744.03	-1031926.26	1275.31
-770913.21	-981534.03	-770823.51	-981441.98	129.746
-649242.897	-1072063.856	-649353.23	-1072219.672	190.971
-642538.07	-1037184.04	-641802.028	-1037420.401	773.848
-769274.75	-984827.67	-770124.39	-983578.44	1722.3
-756883.813	-1065377.25	-756963.7	-1065845.66	475.395
-721765.39	-1072001.18	-721765.468	-1071493.976	550.017
-692629.241	-1046029.703	-692732.56	-1045939.57	138.565
-742907.985	-1026755.457	-742929.375	-1026753.869	25.237
-844176.69	-1005150.86	-844142.491	-1005285.144	142.826
-719950.183	-1075713.04	-718959.571	-1075965.777	1116.14
-679031.6	-1060860.37	-677619.43	-1058850.1	2495.448
-691882.63	-1055588.49	-690789.28	-1055998.43	1169.93
-791568.33	-1044904.05	-791714.09	-1044347.06	580.337
-669296.23	-1014157.35	-668957.03	-1014140.25	345.379
-785031.72	-1007980.71	-784697.145	-1007708.705	431.202
-701654.7	-1012344.5	-701667.279	-1012297.562	50.546
-806535.56	-1061593.257	-806773.384	-1059233.434	2458.952
-655487.301	-1082266.333	-654712.715	-1081639.75	1046.1
-765675.785	-1056725.866	-767762.7	-1055178.08	4111.232
-784289.56	-1025579.42	-783769.365	-1025764.997	586.177
-763426.98	-1010290.16	-762972.68	-1010383.12	474.495
-691545.33	-1060270.24	-691751.348	-1059652.052	652.203
-865301.54	-1016244.292	-867525.36	-1017267.4	2661.335
-761163.65	-1062835.03	-762262.08	-1062353.09	1232.37
-651043.587	-1068475.414	-651464.06	-1069077.527	745.935
-652507.712	-1066027.362	-652620.809	-1066831.943	834.421
-688947.767	-1065936.886	-687258.748	-1064722.219	2104.541
-756844.741	-1065253.931	-754478.53	-1063405.59	3203.3
-763008.46	-1017707.62	-760308.23	-1018604.28	3052.163
-736693.0	-1036903.92	-736820.855	-1036772.279	197.338
-763648.17	-1073885.23	-764530.34	-1074144.75	941.391
-838827.113	-1054159.279	-841852.61	-1052408.997	4023.802
-662711.63	-1062787.7	-663151.45	-1062627.46	469.653
-708617.79	-1084825.71	-712625.01	-1079010.79	7369.587
-702961.865	-1089131.717	-702025.2	-1088151.71	1686.583
-666454.352	-1070173.633	-666540.647	-1070261.263	123.228
-801091.063	-1008102.063	-797165.7	-1009648.94	4446.272
-641702.953	-1058528.436	-641612.66	-1058444.85	123.139
-754073.5	-1045920.14	-754080.85	-1046117.36	202.088
-720089.47	-1048745.48	-719314.324	-1049519.795	1097.22
-792434.79	-1065584.39	-792574.93	-1067375.07	1906.485
-649260.73	-1048288.6	-649095.29	-1047681.46	641.773
-768950.04	-999418.05	-769152.14	-996777.53	3108.356
-797631.422	-986169.56	-796115.625	-986060.813	1527.047
-673108.98	-1036819.32	-673066.87	-1036803.53	44.973
-845192.436	-1044716.941	-845398.449	-1044515.837	925.679
-701009.116	-1011040.206	-701438.597	-1012158.402	1201.673
-674312.265	-1019535.362	-675391.292	-1019425.013	1142.211
-701699.76	-1066467.06	-701283.64	-1067708.34	1559.164
-778513.37	-1067377.03	-778119.65	-1064849.13	3362.208
-724041.077	-1042827.831	-724042.189	-1042852.331	35.433
-700408.53	-1022894.48	-700006.43	-1023097.54	509.458
-754765.41	-1002093.81	-754757.688	-1002042.938	51.455
-698831.482	-1012630.365	-698847.622	-1012640.27	21.042
-804696.757	-1060212.003	-806580.366	-1062053.822	2859.521
-814565.083	-1061261.8	-811384.793	-1060414.363	3463.426
-773698.411	-1055768.005	-773638.34	-1055673.199	122.929
-728770.004	-1058806.072	-728409.01	-1060385.74	2090.741
-770073.586	-995598.948	-770078.492	-995111.435	502.605
-770267.63	-1016474.41	-770038.14	-1016369.75	257.95
-640083.291	-1042985.593	-640185.87	-1043001.059	113.478
-708041.22	-1085387.634	-703485.16	-1089073.21	7003.278
-821079.97	-1071519.75	-821011.9	-1071493.72	113.45
-651976.863	-1078879.35	-651945.4	-1078839.629	51.097
-825354.441	-1028443.432	-825408.704	-1029030.138	626.411
-805000.518	-989097.218	-804979.672	-989061.68	41.205
-801106.335	-1059646.571	-801907.575	-1059706.162	809.674
-760421.48	-1012971.66	-760144.97	-1011847.89	1168.122
-765916.1	-1077914.45	-765949.302	-1076303.012	1709.346
-726393.89	-1073258.642	-724970.52	-1074858.62	2708.177
-745761.813	-1003659.195	-741627.06	-1001710.81	5266.69
-752902.44	-1021343.86	-752755.865	-1019792.05	2224.605
-734779.913	-971952.94	-734677.054	-970731.792	1272.157
-819991.97	-1052880.66	-824863.93	-1052668.59	6728.958
-765293.39	-1061827.9	-765364.78	-1061948.48	140.142
-653372.04	-1089068.18	-653220.938	-1089309.626	287.259
-862138.977	-1025229.767	-862395.853	-1023811.733	1576.167
-699925.36	-1080109.3	-698276.948	-1080273.486	1812.401
-779918.002	-983002.261	-779916.95	-983094.0	97.657
-702017.25	-1023575.44	-702630.225	-1023550.529	651.053
-744500.5	-1048316.55	-744576.17	-1048048.97	279.496
-812388.176	-977737.761	-812850.46	-977718.32	517.041
-765045.05	-1039464.7	-765097.63	-1039469.87	53.149
-643544.115	-1062402.097	-643547.547	-1062379.736	24.808
-870422.68	-1018207.71	-870321.99	-1018228.45	120.716
-779922.456	-980230.417	-779024.37	-981604.83	1707.248
-850128.496	-1074362.749	-850104.504	-1074395.944	46.249
-674110.887	-1028481.137	-673675.724	-1027299.289	1274.08
-742803.47	-1032645.08	-743582.44	-1031752.64	1192.087
-796853.478	-1023502.277	-795345.471	-1023146.204	1659.991
-819971.552	-1074390.409	-819950.948	-1074462.728	76.803
-649296.0	-1022367.68	-650405.97	-1022066.09	1232.041
-696132.37	-994057.13	-695749.54	-993803.93	631.63
-747554.85	-1019566.23	-747562.96	-1019502.35	64.466
-806838.96	-989705.95	-806948.62	-989708.11	109.892
-661403.04	-1040077.11	-660036.46	-1041105.61	1763.045
-641900.29	-1083151.42	-640511.029	-1082738.275	1617.085
-724960.719	-1065516.106	-724881.914	-1065404.299	137.819
-687053.694	-1078761.021	-687095.817	-1078683.199	88.791
-649715.312	-1070556.795	-652006.89	-1070514.59	2998.789
-701335.98	-1078650.64	-701523.533	-1079594.385	975.468
-704786.109	-1015222.899	-704915.13	-1014967.32	302.465
-732591.292	-1053824.167	-732538.079	-1053884.384	87.349
-855315.385	-1062627.136	-850752.894	-1062275.087	5242.466
-835023.352	-1038205.577	-836731.282	-1037842.268	1821.371
-734107.555	-983034.011	-734081.86	-980868.34	2509.361
-719483.589	-1016406.002	-719573.58	-1015047.5	1461.012
-698265.972	-1089942.663	-698272.012	-1090317.348	801.848
-752607.498	-1042685.451	-754540.55	-1042087.55	2068.383
-805026.8	-1019625.807	-807975.59	-1019026.288	3472.378
-756259.96	-1043181.71	-757077.25	-1043105.17	820.92
-737358.08	-1057974.775	-738559.393	-1060558.556	3292.531
-825938.281	-1025490.443	-825922.287	-1025476.985	23.727
-733668.12	-1014744.36	-732279.387	-1015521.642	1667.881
-814420.08	-988131.19	-816858.775	-987381.333	2671.096
-640620.79	-1072163.79	-640324.19	-1071316.33	941.258
-653072.91	-1022891.08	-652984.634	-1022955.491	109.39
-794437.34	-1003918.24	-794596.07	-1003843.11	175.613
-825005.885	-1067224.436	-825065.09	-1067290.473	91.409
-691343.38	-1006843.27	-692971.18	-1005051.9	2432.065
-742929.375	-1026753.869	-743164.59	-1026492.03	352.117
-703306.824	-1009040.946	-702192.06	-1009742.2	1323.94
-694468.471	-1062559.232	-693340.93	-1061831.51	1348.684
-851819.82	-1047523.5	-849869.602	-1048792.886	2477.539
-724640.93	-1075470.51	-723802.254	-1075167.8	909.961
-761330.15	-1006063.11	-759869.32	-1006681.27	1648.576
-650151.641	-1042705.927	-651198.62	-1043181.88	1218.146
-714126.459	-1073423.687	-714296.153	-1074739.477	1342.717
-740040.5	-1048642.14	-740190.65	-1048779.76	205.271
-652605.739	-1064369.9	-652594.109	-1064384.139	20.917
-816784.88	-1003586.38	-817580.155	-1005027.851	1844.891
-798295.367	-999660.841	-798366.93	-999644.1	75.758
-811908.457	-1076375.594	-811163.664	-1075847.797	913.624
-658306.16	-1050447.947	-656820.64	-1049277.7	1947.129
-874344.73	-1021068.78	-875862.03	-1021140.17	1729.732
-842302.555	-1046516.057	-840162.191	-1045025.468	3458.762
-849103.749	-1066025.19	-849144.74	-1065966.23	71.814
-648158.06	-1044058.02	-647185.92	-1043354.23	1200.171
-810296.354	-1022428.423	-812095.043	-1023393.512	2064.049
-641021.02	-1067058.85	-639877.317	-1065484.184	2585.475
-709840.532	-1059128.884	-708977.03	-1059101.7	870.48
-818811.82	-1049475.91	-819991.97	-1052880.66	4673.218
-782640.97	-1043028.23	-783204.779	-1043769.819	1344.886
-840159.538	-1070577.962	-845917.841	-1070278.104	6364.258
-681516.604	-1071396.197	-681718.699	-1074114.982	2790.478
-707326.961	-1002635.298	-707115.32	-1002637.76	227.406
-750101.294	-1010966.75	-750676.86	-1010875.87	585.968
-826985.449	-1046822.132	-826788.684	-1043921.802	3565.312
-775900.9	-1024307.4	-771921.41	-1023846.07	4029.794
-764482.173	-1023805.473	-764679.67	-1023604.65	282.553
-765177.23	-1054586.34	-762679.08	-1053440.43	2935.18
-739504.506	-1073640.959	-737780.89	-1073920.26	1915.256
-838610.5	-1070832.2	-839367.739	-1069407.203	2055.233
-751970.65	-1038533.5	-751975.78	-1038549.02	16.893
-794129.88	-1043579.34	-794092.27	-1044078.55	512.415
-709705.91	-1006779.335	-712046.546	-1006565.202	2671.571
-766241.06	-990103.64	-765921.79	-990097.51	346.35
-652244.35	-1047484.7	-651407.68	-1046722.97	1182.774
-675357.972	-991934.632	-675164.0	-992953.53	1208.642
-804790.97	-1042344.4	-804188.94	-1040938.13	1618.367
-864248.86	-1014682.19	-864454.75	-1014835.04	262.357
-848739.752	-1010044.489	-848703.204	-1010018.227	45.005
-806612.26	-1072467.08	-806683.103	-1070750.001	1742.857
-794692.01	-1067810.067	-792717.683	-1068085.831	2378.135
-653629.213	-1024181.643	-653666.516	-1024174.205	38.541
-823855.72	-1069646.52	-823222.53	-1069474.727	661.098
-800928.821	-1006647.121	-801952.175	-1007904.1	1765.599
-677552.53	-1071411.69	-676765.16	-1071455.83	825.874
-824431.54	-1076778.18	-824661.314	-1077063.959	2622.155
-712045.77	-1042447.66	-712322.69	-1041875.89	760.773
-765156.42	-1039346.91	-766250.89	-1038585.87	1565.899
-687756.53	-1038174.74	-687783.35	-1038479.31	305.749
-689876.75	-1020687.77	-689214.05	-1020423.947	725.938
-804435.713	-996388.927	-805227.15	-994348.1	2469.281
-649189.405	-1060953.176	-649239.558	-1060856.153	110.187
-741544.581	-976482.751	-736957.143	-973227.07	7094.752
-888027.903	-1019766.527	-887777.614	-1019985.955	507.453
-671574.495	-1012976.737	-671563.284	-1012981.47	12.889
-766544.31	-1045271.07	-767491.287	-1045988.307	1236.414
-749022.214	-972993.748	-746116.811	-973842.852	3598.16
-733685.284	-1057740.41	-733323.88	-1057749.755	371.359
-735016.544	-973811.114	-735050.321	-973748.849	70.85
-751592.776	-1038205.716	-751636.58	-1038056.78	161.439
-840162.191	-1045025.468	-840471.692	-1045622.968	672.904
-806475.01	-1072614.425	-806475.528	-1072629.159	16.604
-683038.65	-1012391.7	-681393.7	-1012890.33	1768.053
-770613.32	-1057820.99	-771804.02	-1057487.437	1330.824
-737585.966	-1057622.357	-737648.76	-1057596.41	84.497
-646665.5	-1030270.69	-646572.22	-1029234.58	1111.745
-653033.34	-1013150.34	-652907.021	-1011415.196	1815.901
-689629.06	-1035820.39	-686288.658	-1034859.718	3674.135
-742537.331	-1056854.259	-745923.02	-1055713.05	3954.697
-690506.35	-1056090.2	-690526.88	-1056042.24	293.805
-751636.521	-1041297.117	-752150.8	-1042812.48	1609.919
-643544.115	-1062402.097	-641200.314	-1062662.991	2456.652
-788872.45	-997502.602	-789393.19	-998693.59	1353.88
-792083.93	-1041155.31	-790500.326	-1043405.324	2970.658
-844823.27	-1068111.92	-842414.62	-1068541.16	2488.916
-746262.613	-1053881.415	-746376.671	-1053972.257	148.906
-647869.94	-1054301.764	-649828.14	-1051460.55	4387.123
-776083.207	-1014759.946	-775870.915	-1014731.959	214.233
-753851.93	-993658.93	-754682.0	-993568.33	901.494
-812850.46	-977718.32	-814616.84	-977853.587	1901.613
-645849.286	-1042703.925	-645775.844	-1042677.613	342.816
-751880.584	-1038518.759	-751991.82	-1038509.22	113.804
-755147.31	-1035277.21	-755814.649	-1034625.46	933.998
-699077.33	-1070595.49	-699826.15	-1069367.85	1635.586
-719044.051	-1038420.258	-719061.461	-1038404.118	37.306
-689513.392	-1046443.612	-689525.338	-1046426.507	23.287
-714383.3	-1043075.86	-714290.31	-1043555.4	555.267
-807487.18	-1017041.32	-806336.448	-1016737.023	1232.161
-707915.61	-1021166.69	-707600.53	-1021382.59	393.758
-685270.97	-1085890.8	-685173.71	-1084269.78	1746.642
-799501.05	-1001491.58	-799468.95	-1001575.88	98.807
-870454.8	-1018131.13	-870487.08	-1018234.17	123.162
-777996.791	-971965.323	-777798.65	-971854.93	227.277
-724221.372	-1037346.047	-723416.48	-1036992.96	970.292
-795520.8	-979030.66	-795702.75	-978794.42	301.082
-829983.056	-1072969.188	-829800.781	-1072833.673	230.015
-843630.218	-1072166.861	-843739.265	-1072584.84	459.195
-704597.41	-1073576.2	-705696.57	-1072586.84	1548.817
-679164.725	-1024308.852	-678590.879	-1024845.262	849.99
-764786.263	-1013600.929	-762707.88	-1014316.97	2276.419
-690768.7	-1059262.202	-689649.844	-1058594.024	1329.266
-783391.24	-1061960.53	-783385.36	-1061966.31	8.245
-675625.415	-1077648.716	-676085.508	-1076208.404	2009.247
-736540.74	-982423.3	-736940.38	-981618.48	903.097
-761858.43	-1020987.09	-763141.496	-1021116.148	1360.232
-790941.96	-1034484.23	-790962.445	-1034475.468	29.203
-852274.462	-1010201.283	-852292.36	-1010381.54	201.751
-670726.865	-994716.065	-670490.861	-992638.106	2945.095
-829560.729	-1055503.286	-828948.94	-1056426.107	1136.544
-730832.41	-1045592.97	-730854.657	-1045636.934	49.276
-814806.09	-1013848.04	-815739.139	-1013793.564	960.034
-786921.49	-991263.0	-787054.4	-991129.28	196.543
-681451.6	-1009391.922	-679845.96	-1010291.61	1859.084
-874233.106	-1033511.212	-876735.812	-1034362.82	2791.512
-869520.35	-1043346.23	-869300.93	-1043031.21	480.211
-659300.865	-1008357.932	-659294.372	-1008371.005	17.311
-756749.59	-1049906.669	-757602.31	-1049500.47	1048.585
-725743.309	-1069594.423	-725721.914	-1069587.758	25.957
-791139.94	-1033601.8	-791136.71	-1033573.92	52.143
-819588.885	-1075793.762	-819585.6	-1075741.06	52.804
-684840.14	-993780.57	-684719.07	-993999.7	266.897
-721062.76	-1053407.858	-721408.44	-1053712.59	474.415
-792604.39	-1071830.54	-793349.32	-1072590.22	1064.02
-644872.51	-1029746.97	-644825.53	-1028849.56	919.532
-760266.0	-976457.688	-760105.85	-976644.44	251.183
-666372.05	-1013756.79	-666364.99	-1013740.04	20.707
-805009.831	-989120.872	-804992.853	-989111.787	21.871
-702545.69	-1068237.88	-701874.05	-1068123.94	714.662
-728273.927	-1055690.496	-727990.498	-1055920.737	371.3
-753758.163	-1025794.588	-755522.83	-1026223.0	1906.184
-776634.42	-1027612.8	-777169.55	-1026711.9	1173.357
-762869.6	-1072234.6	-760925.0	-1070532.72	2626.104
-820237.415	-1025735.818	-821373.631	-1025621.218	1164.131
-822522.04	-1017189.31	-822680.54	-1016949.64	349.144
-812432.85	-1013986.31	-812489.38	-1013963.8	65.106
-647155.148	-1047910.482	-646300.86	-1046567.36	1592.917
-705120.16	-1032523.41	-702651.98	-1032100.78	2754.735
-734168.062	-1013936.158	-734193.531	-1013919.492	30.437
-734199.75	-1031885.47	-734657.59	-1033417.9	1599.893
-854601.226	-1025671.39	-854683.06	-1026353.42	756.856
-759694.68	-976470.55	-759662.94	-976494.55	40.483
-682058.232	-1041108.813	-682287.738	-1041472.981	627.116
-887861.358	-1020176.436	-887849.757	-1020296.392	404.895
-669036.133	-1044634.777	-669023.951	-1044630.631	13.699
-671769.276	-1069928.371	-672609.87	-1068687.87	1510.032
-867706.58	-1017480.5	-867684.29	-1017483.61	25.373
-770913.21	-981534.03	-770547.6	-979716.0	2039.697
-808225.379	-1014843.19	-812056.7	-1016862.42	4464.776
-684554.75	-1050209.14	-688190.74	-1048705.98	4269.774
-795284.906	-986212.111	-795210.213	-986265.294	91.742
-742527.18	-1056846.75	-742537.331	-1056854.259	13.543
-683274.436	-1065192.111	-681644.438	-1064569.375	1780.648
-666463.19	-1011202.75	-667586.42	-1009685.03	2102.776
-773613.968	-1016378.266	-773723.726	-1016297.862	136.08
-652966.576	-1073400.519	-653460.785	-1073595.575	567.933
-813680.81	-1027925.43	-815304.577	-1028287.612	1663.678
-826171.662	-1052692.013	-826213.02	-1052725.02	53.094
-649180.66	-1061116.009	-645901.135	-1061451.155	3506.852
-764160.43	-1016431.93	-762990.67	-1017658.57	1741.406
-752326.98	-1042897.041	-752438.325	-1042831.478	133.126
-645237.19	-1071670.51	-645035.518	-1071764.984	226.83
-644785.521	-1082590.738	-645277.476	-1083572.424	1243.435
-667401.048	-1083330.838	-667163.557	-1083642.392	413.05
-859309.08	-1012897.17	-859614.98	-1012914.35	306.386
-729616.5	-1031588.92	-729163.1	-1032025.58	635.241
-733773.249	-1035475.322	-733060.69	-1035355.42	741.778
-653323.78	-1036128.19	-651099.35	-1036057.73	2557.691
-759065.672	-969774.396	-759505.373	-970185.822	1085.975
-680988.235	-993110.658	-680931.996	-991412.351	2574.718
-696961.711	-1087392.507	-696654.25	-1086644.32	958.342
-793329.19	-1072623.79	-790959.514	-1073441.072	3048.852
-794604.85	-1045594.51	-796202.74	-1044445.18	2234.204
-668323.698	-1030236.112	-667902.946	-1031529.89	1387.105
-784577.155	-1007581.555	-784551.99	-1007572.05	31.605
-786298.87	-1042608.88	-786445.15	-1042487.17	190.863
-664502.78	-1047932.44	-664351.125	-1047977.938	162.066
-699617.042	-1004972.588	-696640.96	-1007359.589	4396.292
-664794.345	-1035907.611	-664806.557	-1035882.905	30.254
-759740.36	-976517.51	-759662.94	-976494.55	80.769
-755657.198	-1013741.211	-755784.33	-1013183.04	572.605
-862018.808	-1064807.077	-861624.971	-1062894.808	3017.644
-734739.342	-1062149.316	-733530.165	-1061873.5	1306.456
-814547.798	-1061354.965	-814565.083	-1061261.8	95.017
-696398.86	-986594.61	-694777.4	-985249.65	2797.129
-689116.027	-1058553.622	-688883.932	-1058199.578	424.357
-766564.93	-972272.11	-766458.499	-972340.383	148.358
-753117.8	-1020971.36	-752954.53	-1020913.44	204.546
-769529.73	-980208.64	-769810.89	-980271.37	385.444
-710785.11	-1024084.1	-709790.885	-1022701.685	1800.858
-798447.91	-999886.06	-798534.1	-1000291.87	454.746
-752441.0	-1048737.125	-752530.75	-1048781.25	122.671
-835407.871	-1058766.318	-836841.03	-1059468.24	1637.43
-800928.821	-1006647.121	-802140.854	-1005863.006	1911.931
-776403.965	-1052478.333	-774043.413	-1053278.193	2772.695
-759601.922	-991807.613	-760884.359	-991975.244	1347.212
-736901.18	-1036837.1	-736966.77	-1036950.11	153.889
-667043.204	-1067308.969	-666528.091	-1068783.223	1585.857
-672257.813	-1089760.551	-672211.697	-1089679.49	95.734
-734213.375	-1013919.354	-734193.531	-1013919.492	23.302
-814533.496	-1013896.626	-814413.36	-1013283.79	712.181
-804182.309	-1060068.083	-805145.749	-1058032.169	2415.643
-751462.148	-1001952.201	-752473.763	-999912.154	2335.097
-740409.45	-969865.07	-741557.928	-968351.743	4486.642
-674506.896	-1042179.33	-674339.35	-1042416.56	312.744
-781140.14	-990701.09	-781065.17	-989219.41	1497.231
-694973.382	-1073099.973	-695654.968	-1073649.703	909.874
-810817.74	-991978.05	-811094.85	-992035.86	285.194
-643196.027	-1044701.731	-643232.72	-1044623.98	92.774
-806118.682	-1006432.464	-806442.499	-1004396.774	2870.103
-667109.46	-1045866.59	-665866.61	-1046285.2	1321.316
-688503.019	-1011193.9	-689493.64	-1014122.95	3381.72
-673873.6	-1019844.27	-674312.265	-1019535.362	549.22
-645953.01	-1021514.61	-645490.003	-1023171.5	1781.977
-646201.83	-1070762.882	-643808.34	-1070090.39	2908.295
-757098.83	-1070014.01	-760870.94	-1070667.92	4224.935
-724640.929	-1034155.105	-724399.64	-1034469.65	414.234
-646734.244	-1068620.938	-646648.193	-1068574.051	121.626
-678344.066	-1069057.355	-678268.824	-1069099.803	86.584
-690706.42	-988081.35	-691581.846	-987350.132	1187.249
-770353.66	-1060804.791	-770293.832	-1060662.695	154.28
-658927.592	-1053462.142	-660127.47	-1052094.61	2296.163
-816829.91	-1014519.23	-818898.634	-1017174.524	3634.662
-775829.393	-1014756.219	-775807.257	-1014701.919	65.143
-783095.18	-1043944.62	-784053.28	-1047904.36	5016.82
-658728.705	-1091432.642	-658009.514	-1090999.15	872.098
-808386.509	-1029996.246	-806996.289	-1029753.66	1648.907
-730648.73	-1057654.01	-728454.25	-1060923.44	3981.34
-873220.634	-1009452.022	-872013.713	-1012171.656	3207.98
-648316.398	-1058421.523	-648330.054	-1058407.276	21.813
-854376.18	-1025217.55	-854601.226	-1025671.39	518.682
-848378.564	-1054774.256	-847915.481	-1055110.139	799.288
-838499.018	-1037581.379	-840756.407	-1039033.045	3217.302
-686837.88	-1011094.67	-685969.845	-1012097.505	1451.548
-727322.78	-1001073.29	-727329.243	-1001120.375	47.528
-716780.121	-1028419.632	-716574.81	-1028251.62	265.367
-778945.801	-1029679.128	-778856.69	-1029627.639	126.889
-728612.038	-1078621.824	-728616.024	-1078644.729	29.508
-733688.643	-1053306.73	-733690.027	-1053341.801	38.833
-645544.85	-1029412.69	-646572.22	-1029234.58	1166.75
-680229.76	-988998.78	-680064.507	-988949.624	1510.502
-732287.17	-1040885.55	-731101.12	-1041282.706	1276.92
-791943.37	-991093.07	-791903.53	-991074.62	50.566
-853343.062	-1022535.79	-853459.071	-1022528.693	120.173
-737606.276	-1080142.949	-737734.52	-1079640.82	539.284
-772480.194	-979481.156	-773086.402	-978766.973	972.503
-828137.112	-1042932.596	-828994.479	-1043794.392	1263.379
-738065.85	-1057077.11	-738451.761	-1057492.143	609.867
-858733.91	-1009309.47	-858749.02	-1009317.91	18.365
-693883.566	-1032463.944	-695686.799	-1034349.98	2719.496
-646151.41	-1071145.95	-646157.913	-1071175.528	44.561
-834379.642	-987116.702	-833025.666	-988995.456	2770.193
-785273.716	-1036927.343	-781893.581	-1037032.955	3458.538
-669164.547	-1002715.107	-667480.93	-1001337.08	2327.201
-661631.68	-1028707.03	-662364.104	-1027433.998	1483.932
-861926.052	-1054000.596	-861282.074	-1052870.082	1450.415
-681294.73	-1047266.2	-681594.23	-1047241.68	300.598
-645727.305	-1042665.46	-645678.184	-1042706.549	294.459
-710430.018	-1025668.049	-706905.87	-1028430.1	4574.744
-753862.964	-979708.209	-755611.131	-980195.085	2205.453
-777362.985	-973953.915	-777343.21	-973974.16	30.984
-712227.415	-1015535.067	-711566.197	-1014286.525	1417.821
-684786.33	-1015128.74	-682436.42	-1018093.72	3970.462
-876543.88	-1025650.58	-876486.02	-1026238.44	602.505
-789693.45	-1072501.06	-789351.931	-1071541.125	1083.337
-734930.34	-1043352.34	-734881.98	-1043480.92	137.469
-780897.85	-1009090.58	-780482.395	-1009537.145	658.662
-813780.37	-1071218.9	-812729.78	-1071436.13	1074.203
-695093.911	-1044413.908	-695047.376	-1044391.963	65.017
-746719.1	-1011750.25	-747592.42	-1012728.32	1329.134
-834135.627	-1070052.582	-831260.444	-1066449.913	5550.084
-821865.352	-1022146.499	-818797.56	-1019942.66	3940.133
-757868.27	-1048074.85	-758435.475	-1047850.706	631.481
-826096.839	-1043447.24	-825827.413	-1043044.916	562.118
-646592.33	-1073974.543	-648172.926	-1073424.829	1771.936
-738807.796	-1048949.172	-738606.8	-1049522.898	616.704
-720053.11	-1052878.23	-720364.8	-1053251.55	486.496
-741516.928	-1042621.167	-741577.379	-1042544.644	106.709
-854511.14	-1037818.87	-853375.746	-1035763.744	2486.389
-704510.52	-1016457.09	-704206.35	-1016297.52	358.011
-764433.573	-1024042.286	-764017.237	-1024135.383	431.57
-812433.03	-1013933.23	-812432.85	-1013986.31	53.107
-767241.0	-980439.39	-767230.195	-980431.316	13.488
-776714.575	-1034383.209	-776696.195	-1034352.356	39.546
-787445.176	-1062920.408	-787590.19	-1062308.66	633.399
-748339.95	-979141.65	-751476.087	-976015.903	4564.93
-649621.6	-1029185.54	-649587.99	-1028680.93	523.895
-688782.75	-991454.34	-689202.67	-993214.61	2007.197
-860160.79	-1029930.809	-862971.997	-1029304.174	3449.638
-728311.439	-1037625.802	-728504.4	-1038825.74	1403.023
-716581.29	-1028241.72	-716892.06	-1028325.35	334.174
-700502.25	-1049339.19	-700207.76	-1047783.05	1774.432
-640183.975	-1033551.803	-639797.951	-1033335.784	550.216
-673713.074	-1018966.257	-673359.17	-1017298.72	1708.309
-735030.582	-1072887.45	-734646.646	-1072998.231	422.566
-730606.32	-1042945.66	-730862.52	-1043140.22	424.508
-734049.378	-1073311.299	-734050.012	-1072617.244	775.735
-739851.743	-1080964.865	-739747.415	-1081055.814	143.681
-735035.64	-1031357.32	-735845.84	-1031792.66	944.567
-876959.91	-1015765.98	-876427.652	-1014297.283	1645.441
-648879.304	-1057930.777	-648988.473	-1058055.204	165.829
-730919.125	-1057401.375	-730916.56	-1057495.52	94.181
-780468.825	-1059820.652	-781101.27	-1058535.42	1604.122
-807290.045	-1072485.448	-807309.492	-1072493.849	24.925
-775923.936	-977266.63	-775984.15	-977292.28	65.45
-754847.44	-1070690.26	-754618.42	-1069557.12	1520.4
-766214.59	-972635.192	-766198.249	-972617.169	26.643
-681588.08	-1000094.86	-682106.05	-1000197.06	1558.253
-754059.77	-1046108.69	-753812.483	-1045788.277	404.994
-691937.271	-1072584.723	-690558.02	-1072701.96	1622.016
-753604.798	-1079033.113	-755449.02	-1081193.42	3552.716
-822395.39	-1047256.619	-822379.454	-1047224.059	36.262
-648070.028	-1054469.218	-648151.964	-1054522.278	99.022
-848593.3	-1036248.77	-849341.108	-1036491.181	812.271
-641391.58	-1033562.7	-641023.7	-1032807.93	859.86
-666388.889	-1082179.573	-665620.22	-1081677.52	941.424
-752010.11	-1038510.68	-752035.06	-1038607.09	113.393
-776444.064	-979394.896	-776512.28	-979470.94	114.799
-673303.703	-1043503.367	-673270.08	-1043444.385	67.906
-692591.102	-1080615.148	-692559.898	-1080566.223	59.613
-658900.48	-1012054.78	-657349.62	-1014170.84	2917.37
-744576.17	-1048048.97	-744453.21	-1047760.88	321.731
-817580.155	-1005027.851	-819639.065	-1007333.371	3741.832
-777348.35	-973934.58	-778002.79	-972273.81	1875.509
-685044.6	-1065769.01	-684489.68	-1065834.781	620.137
-757615.04	-1039877.36	-757705.96	-1039765.18	175.55
-679181.045	-1024007.542	-679112.792	-1023693.859	323.554
-690753.69	-988616.63	-688277.3	-989840.08	3754.55
-778166.761	-980439.448	-777963.57	-980328.72	231.577
-787090.31	-989195.54	-787231.58	-989358.37	215.67
-867525.36	-1017267.4	-867757.78	-1017361.44	250.899
-824863.93	-1052668.59	-825495.86	-1053317.43	953.991
-752045.381	-1007747.603	-752028.65	-1007752.13	18.472
-708293.082	-1060819.934	-708579.181	-1062557.106	1898.842
-694222.409	-1002472.161	-696367.74	-1001126.95	2608.53
-698150.83	-1081315.17	-696604.529	-1081439.528	2373.036
-789266.33	-1072521.29	-789047.504	-1072468.509	226.172
-844038.724	-1005104.052	-844159.33	-1005098.186	122.318
-763306.519	-1072853.719	-766045.79	-1076247.01	4678.905
-727349.778	-1048202.287	-726880.78	-1049460.86	1408.765
-809385.58	-994210.66	-809177.84	-994195.19	210.12
-807794.895	-1027397.361	-808049.215	-1027496.454	273.088
-659784.206	-1089373.746	-658326.581	-1088923.328	1569.834
-826510.959	-1068335.296	-826501.441	-1068388.419	69.794
-687297.019	-1004332.947	-687353.344	-1004362.122	63.436
-766909.38	-1037768.3	-766796.12	-1037801.07	137.019
-657244.75	-1069515.51	-657007.24	-1069561.841	242.735
-752262.75	-1022755.45	-752141.916	-1022740.635	121.851
-697370.174	-1000296.322	-695466.04	-999732.44	2011.958
-707369.16	-1021588.3	-702853.68	-1021948.35	4663.329
-751827.94	-1007443.5	-751632.588	-1007525.016	224.622
-743748.95	-1024743.24	-743575.018	-1025210.438	499.229
-685924.29	-989226.49	-684524.22	-989344.01	1495.967
-757442.034	-969642.461	-757820.929	-971443.006	2174.368
-746628.318	-1006476.563	-747385.37	-1004570.34	2228.888
-666331.36	-1007237.53	-666718.32	-1008677.68	1918.278
-741788.86	-1047093.87	-741898.86	-1047009.98	138.394
-645715.132	-1042716.114	-645764.404	-1042735.256	281.091
-690628.39	-1021314.1	-691229.36	-1022081.02	1006.194
-844157.23	-1005396.74	-844061.86	-1004805.8	600.157
-781617.583	-1060871.373	-781716.31	-1060897.64	102.289
-772145.95	-1016289.6	-771925.35	-1015431.21	905.635
-811154.989	-992037.432	-811094.85	-992035.86	60.16
-826755.049	-1070898.934	-826669.354	-1070793.339	244.791
-693563.782	-1034271.513	-695686.799	-1034349.98	2344.1
-689070.19	-1007867.98	-690438.51	-1007547.74	1405.792
-833825.94	-1072470.482	-834017.16	-1072558.02	217.742
-776172.608	-977550.484	-775925.31	-978800.85	1288.672
-768086.74	-985456.66	-767014.699	-983745.344	2933.745
-669471.047	-1013784.39	-669501.06	-1013878.65	98.925
-684010.75	-1063877.72	-683992.398	-1063882.896	20.804
-700205.53	-1049396.229	-698320.9	-1050777.39	2803.41
-656389.608	-1092581.695	-656208.767	-1092763.429	265.79
-720348.829	-1070874.761	-720302.516	-1070959.109	96.226
-719475.96	-1030489.794	-719467.12	-1030538.8	49.803
-732770.34	-993991.07	-730850.22	-996143.5	3155.325
-810535.47	-991855.28	-810553.97	-991733.99	126.083
-765814.94	-1076101.44	-762996.38	-1072366.43	4991.61
-661889.22	-1088148.474	-661588.134	-1088912.91	823.471
-752854.23	-988519.06	-754214.37	-988832.09	1655.405
-692598.754	-1080646.661	-691216.627	-1081881.763	1958.726
-676199.203	-1040644.76	-676144.028	-1040715.174	89.555
-717017.97	-1028526.27	-716853.89	-1028471.05	173.226
-717869.17	-1022169.19	-716438.38	-1022530.7	1501.716
-760445.88	-1067488.56	-760577.26	-1067424.49	149.487
-757514.647	-1024827.762	-757586.218	-1024782.417	84.931
-821332.799	-996435.808	-822013.873	-996448.627	682.321
-845513.182	-1050136.627	-846771.531	-1050208.283	1564.322
-737854.217	-1050792.84	-737608.164	-1050851.346	254.667
-737827.37	-984515.47	-737630.74	-984117.39	452.79
-856042.08	-1020233.6	-855921.459	-1019949.745	562.637
-743079.059	-1073762.088	-743368.463	-1074569.017	1262.468
-792606.16	-979568.23	-792625.32	-979606.04	42.388
-644614.438	-1041881.625	-644600.75	-1041860.375	39.952
-764000.684	-1035018.239	-764091.206	-1035010.138	95.794
-882388.254	-1020937.356	-882376.558	-1020884.772	53.962
-738259.6	-972740.61	-740785.3	-970692.25	4412.274
-647832.09	-1089321.13	-648126.207	-1091893.832	2673.822
-869448.36	-1018125.62	-869348.34	-1019589.98	1743.053
-788208.64	-990498.09	-787980.79	-990434.66	246.068
-641563.12	-1081473.4	-643243.894	-1082911.687	2604.275
-682321.453	-1062691.028	-681561.263	-1061778.063	1245.837
-642805.577	-1092189.703	-642077.521	-1092336.307	810.361
-848817.352	-1010040.504	-848824.784	-1010028.947	13.74
-660268.625	-1087255.908	-661889.22	-1088148.474	1952.833
-852926.407	-1003453.801	-852941.13	-1003389.92	73.336
-691047.04	-995263.18	-691658.28	-995803.58	834.764
-647672.21	-1055476.25	-649964.51	-1055934.75	2574.806
-721298.45	-978901.33	-723059.71	-974092.99	5648.605
-688033.65	-1008448.13	-687619.14	-1008415.69	440.185
-794481.78	-1004012.95	-794381.63	-1004055.99	119.031
-773188.07	-978559.92	-773146.15	-978644.96	94.812
-702984.99	-1052881.869	-701618.13	-1053223.9	1409.031
-721299.06	-1082392.31	-719918.3	-1084615.0	2729.21
-703348.626	-1076577.81	-704967.802	-1075639.307	1940.171
-865343.62	-1006940.56	-865264.7	-1006922.21	81.025
-797114.443	-1028734.905	-797546.47	-1028510.29	488.325
-647826.98	-1019477.46	-646926.16	-1019368.86	911.123
-775574.553	-1033623.234	-775549.611	-1033649.768	42.986
-784308.318	-1006952.804	-784323.73	-1006892.02	71.931
-784579.81	-1007557.27	-784878.66	-1007574.2	300.796
-701209.452	-1012443.428	-700213.91	-1012677.63	1022.838
-770218.87	-1076595.4	-772609.3	-1076770.52	2444.805
-724890.77	-1066904.85	-724834.911	-1066867.274	78.71
-770293.832	-1060662.695	-769974.29	-1058239.67	2745.647
-747562.96	-1019502.35	-747563.18	-1019494.16	8.193
-718190.04	-995343.27	-714821.655	-998230.155	4580.664
-817568.08	-1054542.07	-817678.144	-1054560.091	111.846
-734494.586	-1012639.929	-734378.01	-1013701.963	1289.771
-780468.825	-1059820.652	-781036.09	-1059946.3	581.407
-708095.34	-1046824.52	-707915.843	-1046963.972	240.135
-757841.8	-1039899.77	-757599.75	-1039889.39	242.415
-673873.6	-1019844.27	-673713.074	-1018966.257	896.114
-742239.83	-1065297.46	-741390.356	-1066268.983	1410.221
-711890.35	-1060438.64	-711870.206	-1061974.768	1602.561
-866304.12	-1007000.304	-867441.345	-1002735.791	6677.604
-782254.663	-979211.743	-782260.598	-979205.504	8.831
-866784.561	-1055673.503	-866525.734	-1053699.208	1995.196
-757892.83	-1031276.15	-758900.159	-1029946.098	2002.08
-758250.72	-973553.41	-758065.008	-974809.009	1500.144
-836677.955	-1034938.437	-838129.497	-1034810.452	1512.202
-641454.015	-1075722.184	-641876.179	-1076129.347	588.529
-669458.876	-1013775.064	-669466.252	-1013763.62	14.821
-762979.692	-1050902.147	-762817.16	-1050840.94	173.84
-778327.952	-1058733.938	-778280.43	-1058590.03	154.327
-652074.08	-1024611.04	-653190.51	-1023454.51	1783.074
-841436.05	-1026926.25	-843874.48	-1024036.87	4340.417
-825313.57	-1029088.76	-825408.704	-1029030.138	112.678
-864476.03	-1014847.41	-865033.199	-1014739.988	603.002
-689784.86	-1068968.16	-690414.26	-1069784.24	1149.087
-767429.581	-1048595.732	-766883.809	-1046462.034	2457.431
-787694.63	-1006969.81	-787553.89	-1006945.17	145.292
-752753.485	-1009535.044	-752045.381	-1007747.603	1952.933
-811161.406	-1042049.504	-810520.166	-1044574.254	2763.701
-765568.13	-1020517.37	-765908.844	-1020150.942	521.839
-742599.176	-1046079.724	-742598.169	-1046020.775	208.965
-765788.7	-990262.19	-765904.06	-990386.07	193.059
-685851.715	-1028328.107	-686711.637	-1026428.942	2348.967
-771042.303	-1006967.94	-770289.72	-1006260.186	1197.941
-740512.28	-1057582.49	-740515.12	-1057578.56	4.928
-773187.92	-1058004.16	-771804.02	-1057487.437	1556.465
-859584.221	-1013023.281	-859427.42	-1012915.85	194.043
-747432.46	-1054956.55	-747398.69	-1055015.18	72.065
-727786.246	-1001564.236	-727373.78	-1001091.72	912.66
-735382.36	-1040739.75	-735161.18	-1040923.29	287.456
-655613.228	-1024420.374	-655206.639	-1024478.076	411.113
-744573.76	-1075053.67	-744711.989	-1075303.361	441.121
-720089.69	-1051396.2	-719549.768	-1051776.667	667.79
-643782.714	-1036881.502	-644044.43	-1036806.581	281.952
-770262.821	-1080426.88	-772326.804	-1081816.12	2534.869
-762901.1	-1072249.81	-763160.673	-1072458.821	333.282
-741196.784	-1048787.996	-741810.06	-1048888.99	625.83
-701528.588	-1063540.191	-702421.423	-1064295.483	1291.195
-768444.371	-1016274.293	-767274.47	-1016513.4	1292.764
-873251.51	-1009335.742	-873787.501	-1008866.41	748.387
-882326.031	-1021972.177	-881983.98	-1022063.583	363.874
-824107.511	-1073718.837	-824264.95	-1072040.14	1716.477
-754788.077	-1001786.249	-754814.802	-1001699.415	90.863
-644748.24	-1050053.81	-639846.184	-1052873.303	6035.797
-787221.94	-989369.96	-786887.737	-989073.619	446.672
-721021.3	-979133.49	-721027.22	-979132.25	6.048
-693340.93	-1061831.51	-692009.2	-1062034.14	1824.817
-751396.792	-1060134.969	-751209.618	-1060054.65	203.932
-768529.35	-1040347.1	-771582.07	-1041055.57	3714.194
-741472.762	-1058921.539	-743483.882	-1061707.065	3807.445
-691868.159	-1074084.509	-691695.8	-1073983.308	214.137
-733200.063	-1042131.375	-732836.67	-1042212.23	379.193
-751707.204	-986163.13	-751684.123	-986198.741	42.507
-698314.29	-1047246.79	-697060.79	-1046682.57	1411.747
-643740.101	-1062714.823	-643747.476	-1062699.874	19.427
-835329.698	-1001077.37	-832380.79	-998170.642	4646.697
-718045.351	-1046662.504	-718280.08	-1046521.31	282.981
-734155.582	-1053828.039	-734158.512	-1053815.078	15.57
-741343.85	-1001880.77	-741364.58	-1001918.11	42.899
-659661.553	-1072015.61	-659839.208	-1072077.168	189.937
-750852.576	-1078422.336	-750380.595	-1079381.839	1404.933
-840471.692	-1045622.968	-842302.555	-1046516.057	2151.886
-698080.568	-1031875.656	-698038.13	-1031923.59	64.021
-731456.036	-1032452.02	-731998.558	-1034800.427	2596.335
-836762.77	-1065574.434	-836979.04	-1066144.369	775.338
-752021.69	-1007728.89	-751869.49	-1007496.09	282.935
-758435.475	-1047850.706	-758581.22	-1047649.45	289.231
-798000.79	-986310.91	-797753.763	-986251.175	254.154
-869459.653	-1046669.966	-866147.59	-1048867.78	4159.863
-676047.76	-1037292.652	-673859.18	-1036991.5	2218.597
-725279.685	-978455.469	-725244.182	-978527.548	81.126
-836617.377	-1071326.255	-838610.5	-1070832.2	2089.128
-655843.43	-1016058.73	-656533.551	-1015712.533	795.664
-762955.47	-1033824.97	-763505.9	-1033868.07	555.853
-746939.588	-1017404.603	-746935.196	-1017374.917	33.95
-725952.316	-1059744.272	-725145.027	-1060895.97	1433.722
-681195.203	-1064518.936	-681218.36	-1064419.74	106.605
-874888.952	-1032193.255	-876242.996	-1030422.038	2259.256
-728218.96	-1060617.02	-727179.101	-1060948.226	1176.855
-686911.15	-1008704.37	-686814.05	-1008736.01	102.127
-770134.93	-1065005.61	-769022.858	-1065177.67	1193.384
-840193.184	-1031849.07	-840141.402	-1031858.768	53.3
-845191.49	-1031871.04	-844330.373	-1033732.859	2089.07
-674924.1	-1006230.06	-674651.37	-1006768.64	650.265
-698520.044	-1004628.598	-698382.33	-1004446.27	228.51
-784288.839	-1027120.132	-784722.76	-1026987.074	454.135
-728504.4	-1038825.74	-728805.03	-1039018.55	363.163
-804263.349	-1031449.801	-803588.439	-1034301.199	3098.332
-671049.521	-1063972.753	-668752.667	-1067421.221	4515.941
-764031.53	-1023816.45	-760153.032	-1022707.912	4296.731
-709530.633	-1060363.498	-708293.082	-1060819.934	1345.774
-886250.58	-1006012.601	-884506.74	-1004900.6	2290.16
-790206.27	-1005012.06	-790265.88	-1005024.77	60.951
-667129.442	-1066091.123	-667043.204	-1067308.969	1364.749
-878282.351	-1013601.323	-878158.696	-1013432.341	212.337
-728066.664	-1055965.989	-727990.498	-1055920.737	88.631
-776337.19	-1022113.34	-775831.845	-1021783.448	679.887
-738809.24	-982583.25	-739534.3	-982791.08	839.062
-717159.18	-1080163.72	-715285.172	-1080005.619	1926.526
-644971.38	-1032389.41	-645187.107	-1032010.729	489.689
-807693.375	-990365.75	-807650.58	-990353.79	59.678
-836164.17	-1022988.813	-838341.13	-1022100.99	2351.051
-761907.571	-976770.73	-760837.709	-976497.676	1153.494
-642044.356	-1068029.289	-643462.07	-1067914.49	1582.987
-712680.04	-1051246.1	-714462.42	-1055250.06	4702.445
-786090.39	-1037006.11	-790952.09	-1034494.9	6263.5
-693322.025	-1064570.064	-693430.41	-1064777.02	233.673
-716142.935	-1064705.901	-716040.63	-1064652.88	127.051
-843640.906	-1021731.064	-843040.578	-1020185.817	1859.175
-711768.96	-1048828.93	-710938.84	-1049923.0	1406.046
-783084.22	-993501.92	-783004.341	-993179.619	360.019
-834339.5	-984063.875	-834336.717	-983541.544	613.281
-724223.542	-1037385.671	-723099.912	-1038173.839	1380.269
-718833.728	-1055399.71	-720526.708	-1056117.042	1892.265
-760693.291	-1033875.884	-760541.54	-1033838.85	165.625
-766883.809	-1046462.034	-766691.98	-1046504.28	335.884
-664819.92	-1015788.69	-663693.88	-1014805.29	1664.553
-740121.86	-1003622.47	-740158.762	-1003494.466	133.293
-689840.591	-1046565.689	-689683.664	-1046665.256	193.517
-744236.42	-1009120.34	-741854.22	-1010686.5	2884.153
-751388.652	-1060260.748	-751385.125	-1060360.375	99.821
-722247.869	-1041388.495	-722238.804	-1041749.558	361.842
-857573.863	-1066733.292	-857533.049	-1066623.251	156.749
-695525.99	-1038429.14	-694823.848	-1038077.865	785.397
-649293.63	-1044451.85	-648158.06	-1044058.02	1237.309
-694114.03	-1044357.51	-693704.61	-1044343.74	409.721
-719451.27	-1030484.668	-719475.96	-1030489.794	25.216
-704443.17	-1014666.94	-701712.32	-1012534.577	3530.172
-826501.441	-1068388.419	-826561.251	-1068451.761	87.161
-741854.177	-1043506.321	-741982.434	-1043721.781	252.241
-755730.734	-1053467.832	-756225.859	-1053549.114	504.106
-757267.007	-984599.297	-755368.419	-983684.174	3058.144
-698131.165	-1054356.979	-696930.45	-1054809.26	1716.707
-744555.04	-1048217.91	-744515.11	-1048334.02	122.894
-778474.61	-1058840.4	-778543.215	-1058986.636	170.13
-670644.52	-1018055.48	-670189.41	-1018692.36	840.857
-808223.64	-990949.31	-808485.125	-991109.938	307.222
-774043.413	-1053278.193	-772391.897	-1054695.278	2520.449
-648413.314	-1082896.161	-647752.667	-1082966.945	685.648
-788332.757	-1064664.699	-788343.271	-1064612.307	57.532
-794276.65	-1021389.39	-796743.252	-1021713.892	2681.728
-727980.95	-1063807.84	-725151.135	-1065325.721	3588.167
-846262.964	-1072549.949	-846480.96	-1072910.577	436.81
-799218.218	-1001629.481	-799253.133	-1001546.675	97.349
-655208.774	-1044304.982	-654688.28	-1041606.53	2811.173
-800596.166	-1012756.763	-799844.276	-1011794.855	1315.854
-717856.3	-1014038.06	-717527.23	-1013320.72	842.952
-867797.09	-1017264.35	-867825.597	-1017288.354	37.272
-830057.621	-1024759.739	-830648.017	-1024637.152	602.989
-752288.159	-1043073.247	-752069.84	-1043174.12	247.964
-715890.681	-1088469.826	-714968.885	-1087407.117	1708.991
-697737.923	-1088514.467	-698428.52	-1089773.763	1757.925
-725880.561	-1051661.289	-724863.773	-1053139.85	1814.903
-742474.966	-1070295.532	-741888.77	-1069502.56	1024.047
-765332.98	-974699.53	-765196.794	-974682.32	173.68
-801698.213	-1026307.738	-802794.93	-1024854.449	2482.963
-688841.052	-1024527.626	-687658.851	-1025776.211	1825.105
-760153.032	-1022707.912	-760314.243	-1021962.298	768.856
-690753.69	-988616.63	-690706.42	-988081.35	601.41
-808466.28	-991341.55	-808471.63	-991328.41	14.187
-875862.03	-1021140.17	-875380.78	-1022791.35	1821.747
-701546.07	-1012463.02	-701596.83	-1012405.94	116.442
-776656.257	-975645.026	-776638.812	-975624.141	30.092
-726689.83	-1026631.446	-726488.977	-1026838.942	291.716
-743452.955	-980028.534	-743175.9	-979324.29	768.318
-645067.818	-1071285.796	-645117.992	-1071120.304	188.078
-740534.457	-1001860.181	-740829.08	-1001958.87	325.181
-665904.29	-1038767.04	-665198.39	-1036833.92	2154.949
-767089.88	-999138.78	-765648.759	-998992.338	1570.197
-722614.982	-1066511.47	-721753.897	-1066602.22	1348.266
-764877.03	-1012008.11	-764886.883	-1011569.505	443.588
-750159.616	-1005373.797	-750162.817	-1005349.323	28.599
-813867.769	-1067703.753	-814496.11	-1069885.77	2472.101
-647666.53	-1028933.83	-647779.42	-1029670.83	763.974
-673489.357	-1059464.553	-674304.001	-1060024.199	1085.577
-729412.166	-990629.707	-730645.6	-989247.51	2029.753
-750101.294	-1010966.75	-749354.35	-1010423.3	1004.87
-648126.207	-1091893.832	-649683.878	-1091372.448	1988.309
-810715.06	-991827.23	-810692.36	-991756.35	81.141
-775862.951	-1014698.686	-775870.915	-1014731.959	34.724
-760611.745	-1052040.79	-760675.221	-1052259.156	227.468
-670833.536	-1070603.537	-669241.87	-1070174.56	1686.166
-654990.028	-1070130.784	-654976.495	-1070115.663	22.626
-765373.3	-1031314.94	-763563.12	-1031604.49	1866.29
-752546.196	-1048649.874	-752636.513	-1048619.039	95.484
-678264.47	-1069167.266	-676572.772	-1070747.448	2319.1
-732473.929	-1029694.138	-731834.33	-1029703.1	659.66
-792414.944	-979502.006	-792428.59	-979461.55	49.057
-804263.349	-1031449.801	-799989.731	-1028725.366	6077.914
-643588.187	-1083031.45	-644237.59	-1084047.54	1251.295
-753928.13	-1020771.05	-753117.8	-1020971.36	862.379
-709665.003	-1067962.98	-710311.89	-1067211.04	1006.324
-802844.27	-977135.1	-802773.366	-977149.587	72.694
-760171.191	-983620.658	-760202.75	-983625.94	46.073
-724274.798	-973246.14	-724270.15	-973222.03	24.554
-695648.89	-1038421.25	-695497.4	-1038523.04	182.521
-737651.041	-1050958.164	-737610.085	-1050865.03	131.143
-717956.261	-978710.688	-716968.387	-978496.964	1063.173
-782602.134	-994536.807	-783084.22	-993501.92	1170.619
-847463.732	-1070394.531	-847194.103	-1070434.811	272.622
-780697.882	-1009437.239	-780724.916	-1009557.171	147.273
-648596.872	-1058283.361	-648343.932	-1058416.838	287.01
-727322.78	-1001073.29	-727373.78	-1001091.72	54.241
-711236.63	-1008487.29	-712394.631	-1007056.945	1869.643
-770118.517	-1053941.916	-769866.22	-1053817.49	281.879
-746638.009	-1054351.695	-746465.698	-1054244.406	204.542
-756555.782	-970472.63	-757602.79	-971436.4	1565.315
-641586.119	-1068128.802	-641543.114	-1068176.51	64.257
-763706.99	-983102.71	-763796.37	-983171.0	113.869
-662956.071	-1048677.243	-662783.192	-1048928.588	345.407
-736593.38	-1082815.93	-737473.168	-1082305.607	1083.302
-695521.784	-1081674.409	-693900.894	-1080600.033	2968.748
-719856.982	-1019559.838	-719190.421	-1019607.808	745.051
-791001.246	-987901.667	-791126.51	-987607.11	325.822
-876112.84	-1021128.58	-876123.83	-1021118.45	16.788
-743547.913	-1024927.2	-743555.275	-1024949.43	25.936
-724270.15	-973222.03	-724215.976	-973098.652	1302.612
-672661.78	-1068657.88	-671926.45	-1066273.52	3086.136
-707917.295	-1073589.318	-710201.554	-1072896.705	3435.848
-831489.69	-1057699.8	-832599.1	-1057956.73	1353.765
-663227.05	-1065826.86	-664710.698	-1068052.491	2711.605
-755698.61	-1036277.05	-756029.13	-1036151.93	354.538
-812613.446	-1005240.202	-809066.94	-1005897.9	3616.391
-705583.77	-1044359.47	-711842.72	-1041644.94	6902.706
-672388.42	-1014268.33	-672363.2	-1014434.51	176.314
-696684.966	-1001039.062	-696639.975	-1001044.38	64.556
-791832.5	-1069959.04	-791606.75	-1071129.55	1205.716
-707477.85	-1021377.78	-707600.53	-1021382.59	154.338
-657536.88	-1031376.23	-657115.409	-1031419.73	423.89
-653003.451	-1071333.469	-653444.512	-1071622.173	564.057
-690428.86	-1055963.47	-690427.58	-1056053.09	91.031
-723735.714	-1035565.991	-723713.141	-1035582.541	33.835
-868040.734	-1017497.515	-867814.1	-1017398.97	247.133
-703931.569	-1057508.405	-701896.658	-1058378.527	2287.481
-788680.01	-1023327.75	-787253.25	-1019605.16	4720.123
-806948.62	-989708.11	-807099.2	-989740.06	153.972
-779991.27	-1060768.32	-779096.91	-1060367.77	1083.285
-756917.591	-1032428.333	-756117.029	-1034221.27	1970.995
-789608.58	-989239.3	-789495.07	-989274.28	119.188
-759470.21	-1031669.35	-759057.97	-1031667.64	412.829
-769243.19	-1037394.21	-768767.21	-1035843.27	2292.421
-758207.97	-971824.14	-758232.25	-972614.85	798.323
-812289.554	-1062962.548	-811109.853	-1063053.73	1240.708
-739591.68	-979100.8	-736406.053	-979182.316	3981.143
-775925.31	-978800.85	-776088.61	-978656.5	228.508
-750558.56	-969160.07	-750665.14	-969225.28	134.24
-876123.83	-1021118.45	-876134.38	-1021131.71	19.673
-751262.25	-1060150.06	-751284.64	-1060098.92	57.734
-773400.23	-1067433.99	-773240.26	-1065794.28	1650.786
-742607.189	-1076199.05	-740731.098	-1076827.058	2123.974
-754673.83	-1017453.87	-752741.46	-1017317.94	2013.819
-706674.3	-1047175.28	-705436.794	-1046812.341	1454.933
-769238.54	-993296.93	-769035.413	-993099.911	336.933
-814454.41	-1025832.225	-811830.888	-1027053.033	3070.822
-692961.71	-1082107.65	-692767.08	-1082544.26	542.023
-787676.69	-1068629.84	-791084.48	-1070616.5	4471.428
-851345.22	-995275.32	-845082.797	-994053.104	6901.025
-824983.948	-1067325.925	-824867.795	-1067191.528	177.966
-781032.98	-972376.97	-781131.98	-972624.87	528.194
-669600.52	-1014050.55	-669313.43	-1014057.66	287.616
-769898.37	-991447.69	-771084.724	-991785.444	1247.789
-846083.92	-1033571.49	-844330.373	-1033732.859	1834.837
-726774.909	-1054699.946	-726849.801	-1054952.963	312.642
-766786.24	-987720.39	-767026.934	-988599.297	1076.915
-887976.316	-1019880.503	-888082.494	-1019890.193	400.115
-782602.134	-994536.807	-781996.75	-994762.76	648.586
-794155.71	-978814.24	-795395.58	-979342.28	1419.239
-754985.457	-1001811.321	-754781.524	-1001917.383	229.894
-776091.86	-974206.31	-776731.11	-973928.64	839.06
-869054.945	-1041051.578	-869392.325	-1039644.254	1605.228
-642337.72	-1083758.318	-642120.637	-1083459.658	371.068
-681845.974	-1048307.668	-680469.593	-1048668.601	1445.121
-804256.144	-996697.82	-804456.578	-996470.834	302.82
-753311.776	-1004662.85	-753296.424	-1004671.452	18.773
-853567.4	-1004294.55	-854768.45	-1002319.94	2593.258
-690356.566	-1079498.692	-690164.81	-1079502.753	209.701
-713740.82	-1041561.3	-721975.74	-1041876.18	8308.097
-815739.139	-1013793.564	-815246.72	-1013467.88	602.861
-810863.52	-992009.87	-810780.18	-991970.74	92.162
-758678.932	-1048979.29	-758643.631	-1049289.582	314.391
-711196.12	-1028825.26	-710963.818	-1027337.27	1571.788
-761264.677	-994889.293	-761283.792	-994857.136	37.409
-819055.79	-999123.85	-819969.08	-998246.88	1533.836
-886513.43	-1022598.52	-886531.538	-1022597.097	25.903
-768767.21	-1035843.27	-768875.26	-1035702.9	177.143
-652491.095	-1062328.171	-652486.137	-1062382.974	55.082
-740728.766	-1032572.313	-741692.335	-1033085.037	1095.053
-671542.164	-1018829.612	-671549.868	-1018795.541	35.109
-842812.78	-1001987.65	-842937.02	-1002015.9	127.583
-772865.013	-1031315.823	-772248.35	-1030173.62	1348.262
-839894.429	-1041506.852	-840037.09	-1044765.746	3330.446
-684041.72	-1005087.56	-684528.15	-1005371.2	601.888
-666792.402	-1075750.654	-667325.808	-1078035.471	2471.675
-812059.04	-1017095.62	-812119.815	-1017145.01	79.395
-864476.03	-1014847.41	-864470.66	-1014864.14	17.943
-711973.004	-1040687.026	-711847.499	-1040364.743	351.222
-760260.421	-1021845.213	-758407.752	-1021128.973	1986.379
-738253.96	-1085565.87	-738973.364	-1084211.183	1590.931
-707778.92	-1042034.12	-707018.55	-1039608.68	2554.092
-773639.74	-1042187.29	-774306.54	-1039273.79	3660.849
-726885.05	-1020661.03	-726936.28	-1019982.02	741.234
-748158.512	-1005367.104	-748135.706	-1005360.224	27.904
-749056.74	-1045692.48	-749015.514	-1045769.626	105.86
-773549.494	-1055894.737	-773578.204	-1055794.147	130.53
-643648.62	-1039472.04	-643645.52	-1039548.34	92.218
-783870.85	-988372.22	-784300.96	-988109.78	503.879
-647609.524	-1054245.965	-647715.52	-1054537.59	312.705
-725513.61	-1087363.32	-725483.484	-1087463.909	2408.602
-736148.49	-1007963.14	-735705.76	-1007865.98	457.851
-690475.514	-993524.549	-691937.46	-991755.66	2878.244
-690988.11	-1040220.55	-692331.51	-1039270.14	1668.278
-759487.57	-1004337.58	-758817.28	-1005029.9	1113.121
-704915.13	-1014967.32	-704514.89	-1014722.42	469.713
-772303.679	-1081833.637	-772326.804	-1081816.12	31.944
-829774.868	-1072801.654	-829852.064	-1072797.4	77.796
-758024.031	-1040462.154	-758333.318	-1040644.002	439.009
-743775.84	-1049079.58	-744500.5	-1048316.55	1340.189
-728602.923	-1056061.229	-728591.498	-1056076.54	20.537
-672905.118	-1083829.117	-674914.18	-1089234.17	6192.785
-809740.499	-1004240.265	-809822.205	-1004207.396	88.116
-754549.701	-1063563.589	-753698.5	-1066634.56	3498.689
-766045.79	-1076247.01	-766150.46	-1076233.34	131.517
-746806.121	-1017300.037	-746935.15	-1017088.725	247.639
-697737.923	-1088514.467	-697293.577	-1088936.349	765.756
-841143.11	-1018832.66	-840950.41	-1019092.03	323.128
-731883.003	-1036860.527	-730995.632	-1036426.044	995.088
-793599.0	-1059065.25	-794870.63	-1058854.38	1389.61
-751384.235	-1045613.361	-751513.932	-1045689.238	156.801
-741631.52	-1043058.113	-741695.67	-1043261.92	213.939
-674878.64	-996275.35	-672608.33	-995756.58	2685.679
-855921.459	-1019949.745	-856001.9	-1018600.46	1967.132
-819105.02	-1017258.59	-821380.38	-1015120.25	3555.923
-704681.19	-1057271.49	-704838.284	-1057569.131	434.053
-679769.06	-1010345.8	-679748.9	-1010316.53	35.724
-664237.125	-1047754.375	-664402.25	-1047829.813	218.227
-711251.968	-1079633.447	-707996.479	-1083867.228	7433.376
-833476.732	-1038908.045	-833363.716	-1037852.263	1211.13
-736423.45	-1046524.588	-735825.19	-1046142.27	752.663
-678265.186	-995168.713	-678090.67	-994050.34	1146.937
-761131.05	-994656.63	-761077.286	-994700.252	72.215
-808145.48	-991727.01	-809500.35	-993536.53	2387.585
-646459.174	-1071635.768	-646469.519	-1071658.796	36.078
-742265.16	-1013559.67	-743374.6	-1015246.99	2071.577
-697610.397	-1074461.541	-697918.251	-1075416.571	1029.634
-640247.606	-1080219.461	-640971.591	-1080795.556	976.598
-758723.942	-1005058.214	-758817.28	-1005029.9	112.664
-783025.01	-1000786.78	-782989.44	-1000828.26	54.72
-775193.89	-971812.77	-773231.093	-971897.078	2078.509
-712254.06	-1010026.6	-712793.96	-1009995.02	1105.608
-738451.761	-1057492.143	-740512.28	-1057582.49	2065.022
-772208.43	-1030101.8	-770955.98	-1029438.48	1432.132
-700006.43	-1023097.54	-698678.517	-1022574.473	1690.008
-765177.23	-1054586.34	-765487.184	-1056779.747	3377.752
-747360.061	-1036303.743	-747359.43	-1036333.52	37.601
-774202.32	-992661.03	-773957.78	-995737.93	3247.479
-713500.782	-1003654.163	-715004.37	-1003747.86	1529.125
-656815.057	-1081622.732	-655487.301	-1082266.333	1646.589
-884000.584	-1021660.832	-882326.031	-1021972.177	1714.81
-727322.317	-1058318.754	-726488.524	-1059462.93	1445.072
-882364.974	-1021867.773	-881983.98	-1022063.583	453.428
-782067.999	-1010291.553	-781414.81	-1012256.33	2346.73
-757934.49	-1010342.66	-757914.398	-1010094.6	249.532
-718454.813	-1019105.75	-719178.228	-1019507.295	960.277
-649159.42	-1037960.11	-648867.65	-1037515.07	554.621
-727941.64	-1071846.7	-728124.965	-1071992.392	257.186
-665856.66	-1046300.12	-665737.91	-1047301.884	1037.164
-647230.95	-1071708.757	-647242.168	-1071682.457	36.791
-714250.17	-1026275.32	-713662.754	-1023813.781	3635.743
-685945.277	-993525.079	-685904.886	-993511.359	44.04
-830648.017	-1024637.152	-830311.214	-1027135.661	2880.721
-685044.6	-1065769.01	-686461.341	-1063475.722	2876.784
-672247.067	-1089901.6	-671756.449	-1089521.72	632.862
-842356.181	-1017256.984	-841410.33	-1016492.513	1331.027
-726528.96	-994833.11	-727431.61	-994557.49	1076.256
-793798.06	-1006808.01	-794318.27	-1008076.35	1710.204
-713242.06	-1039074.99	-713263.437	-1040260.418	1229.166
-741865.394	-1082445.309	-741455.886	-1082750.656	584.953
-686681.775	-1073823.663	-687216.404	-1072981.57	1056.349
-865862.262	-1050082.874	-866212.348	-1049465.936	715.871
-731116.63	-981112.06	-731655.538	-981365.218	596.051
-808219.18	-1071172.18	-808102.851	-1071160.684	120.242
-664834.34	-1049612.79	-664640.67	-1051052.65	1613.012
-784622.64	-1025930.58	-785977.28	-1023470.17	3068.198
-729694.704	-1025204.159	-729120.302	-1023911.409	1527.564
-766752.906	-981642.493	-765150.999	-983372.343	2382.941
-665737.91	-1047301.884	-664834.34	-1049612.79	3249.867
-759813.41	-1049340.45	-761459.77	-1049754.57	1784.485
-770554.816	-995687.17	-770073.586	-995598.948	489.568
-747854.476	-1033972.682	-746489.202	-1033127.865	1667.156
-761882.31	-972778.63	-761891.2	-972771.3	12.358
-699617.042	-1004972.588	-699058.165	-1004402.255	801.09
-853201.371	-1010579.777	-852913.01	-1010654.81	358.241
-829876.287	-1072800.346	-829800.781	-1072833.673	82.535
-819205.852	-999912.507	-819069.756	-999150.362	847.533
-698460.38	-1007973.56	-696640.96	-1007359.589	2107.064
-870487.08	-1018234.17	-875917.851	-1021414.166	6425.656
-854800.58	-1025541.49	-854601.226	-1025671.39	246.985
-753947.112	-1033697.12	-751995.4	-1034166.44	2166.985
-643162.475	-1076986.149	-642692.768	-1077259.837	660.631
-806713.478	-1072855.768	-806698.84	-1072860.548	17.086
-805457.62	-1024430.37	-804910.541	-1024792.196	671.12
-779130.4	-989055.72	-779121.43	-989023.46	33.493
-745026.82	-1016248.9	-744777.031	-1016567.584	406.264
-652839.2	-1078377.746	-651875.036	-1077623.313	1539.969
-825767.75	-989720.75	-824650.02	-990103.79	1326.203
-766913.952	-1052125.544	-766810.913	-1052223.818	142.479
-674324.159	-1057175.819	-674341.718	-1057174.539	19.331
-667092.245	-1033928.634	-667319.162	-1033690.175	353.95
-749525.97	-1004500.69	-749350.147	-1004412.107	211.853
-793621.56	-1033086.45	-797014.828	-1029002.774	5492.95
-646842.755	-1034783.755	-646608.894	-1035148.209	433.035
-878282.351	-1013601.323	-880905.313	-1014385.715	2870.53
-723564.93	-1036303.18	-723474.115	-1036356.159	144.005
-776802.536	-1056510.053	-775865.26	-1056885.35	1056.561
-676199.203	-1040644.76	-675814.885	-1041137.364	701.069
-712874.327	-982742.071	-712841.43	-982561.72	186.926
-727866.83	-1040514.95	-727719.25	-1040456.16	158.863
-693471.355	-1086672.673	-691570.7	-1086813.51	2205.816
-691865.31	-1062400.71	-692009.2	-1062034.14	622.279
-656472.334	-1069860.411	-656596.064	-1070185.016	348.988
-666454.352	-1070173.633	-666018.226	-1070164.497	436.224
-730687.99	-1081563.35	-730718.34	-1083526.82	2075.804
-721593.39	-1032506.03	-721719.49	-1032667.78	205.097
-719804.22	-1007774.48	-720456.84	-1007740.75	658.204
-819652.398	-1075671.193	-819585.6	-1075741.06	103.701
-772656.07	-983709.93	-773501.44	-983276.18	1296.845
-664871.25	-1006255.21	-664670.146	-1006510.766	337.057
-795458.379	-985806.939	-795667.788	-985977.504	289.625
-805227.15	-994348.1	-805993.21	-995316.03	1248.849
-854511.14	-1037818.87	-854902.93	-1038237.73	574.596
-823471.08	-1076452.11	-823835.5	-1076396.56	368.825
-687349.345	-1073792.005	-687216.404	-1072981.57	829.411
-725038.0	-1067234.92	-724991.13	-1067014.4	225.575
-864470.66	-1014864.14	-864442.09	-1014849.73	41.003
-846771.531	-1050208.283	-847327.469	-1050227.846	635.81
-734902.885	-1053869.137	-735102.067	-1052910.76	1108.069
-649242.897	-1072063.856	-649715.312	-1070556.795	1656.916
-757592.42	-1040046.747	-757602.58	-1040026.348	26.756
-700834.385	-1010509.411	-700845.442	-1010328.436	181.949
-698663.43	-1070023.37	-698162.83	-1068427.65	1898.974
-727871.94	-1040503.61	-730085.58	-1041031.44	2278.865
-817226.33	-1047661.17	-819030.08	-1043568.33	6816.092
-704166.528	-1008995.424	-704178.924	-1008981.104	20.816
-705427.33	-1071399.53	-704769.23	-1071747.73	745.143
-693781.511	-1079055.923	-693900.894	-1080600.033	1801.45
-869846.944	-1037645.178	-869866.577	-1037657.729	24.586
-767245.15	-1059854.23	-768369.27	-1057962.9	2636.834
-708246.42	-1058914.524	-709276.209	-1059920.284	1454.426
-674215.166	-1055126.978	-673446.92	-1056164.381	1394.117
-848523.626	-1010330.793	-848807.265	-1010205.507	311.884
-684152.15	-1027257.2	-684190.79	-1027277.101	44.303
-854281.48	-992394.52	-849337.108	-991340.404	5240.171
-686358.42	-991295.94	-686155.73	-989128.63	2235.098
-764319.04	-977108.64	-764348.989	-977294.751	188.595
-780793.58	-993776.99	-781140.14	-990701.09	3381.048
-833891.103	-1071345.312	-833863.846	-1070978.163	368.166
-757577.549	-1039736.157	-757564.373	-1039753.091	24.043
-685485.66	-1072865.66	-685086.342	-1072947.949	446.237
-743382.07	-1034744.24	-745200.55	-1034512.93	2138.588
-683938.509	-995086.879	-683918.584	-995065.001	35.509
-881891.08	-1006954.27	-886250.58	-1006012.601	4584.563
-854429.27	-1039690.03	-854549.78	-1038901.8	871.438
-696337.563	-1001026.313	-696319.73	-1000896.59	138.007
-779957.29	-1013277.41	-779946.4	-1012986.89	341.886
-786726.05	-1069976.2	-785628.543	-1070900.617	2076.413
-810715.06	-991827.23	-810760.28	-991750.83	88.81
-859405.76	-1012005.62	-859271.08	-1010969.95	1071.281
-647896.691	-1067703.176	-647889.573	-1067719.845	20.237
-763475.06	-992883.25	-763504.4	-992745.44	164.89
-762615.35	-1026263.42	-762240.73	-1026225.87	377.0
-763108.52	-981028.27	-763578.23	-983007.87	2082.464
-814776.967	-1064361.641	-814433.931	-1063888.09	623.768
-659466.97	-1008885.9	-659467.018	-1008866.672	21.61
-723303.99	-1003392.09	-721527.44	-1003516.38	2159.962
-788342.61	-990271.92	-788280.93	-990324.35	81.21
-669759.314	-1093268.536	-669708.766	-1093312.537	1182.375
-884366.997	-1021690.341	-884579.566	-1021802.378	241.109
-677619.43	-1058850.1	-676102.921	-1060763.556	2599.418
-703668.99	-1062360.73	-702258.08	-1062721.58	1464.271
-814565.083	-1061261.8	-814762.766	-1060740.963	579.938
-661889.22	-1088148.474	-664329.433	-1088720.01	2848.402
-821930.923	-997708.197	-821921.948	-997679.521	30.636
-770831.342	-1010431.064	-770537.784	-1010225.627	361.557
-652600.61	-1037242.8	-651444.72	-1037641.76	1375.037
-696132.37	-994057.13	-695525.86	-994939.15	1095.677
-859584.221	-1013023.281	-859589.953	-1012999.229	26.141
-789064.31	-977443.98	-787928.47	-977004.18	1241.773
-770079.88	-1058149.69	-770168.015	-1057386.5	783.73
-731080.52	-1056883.61	-731485.306	-1056196.984	797.104
-815676.12	-1031636.57	-815722.086	-1031559.484	89.756
-762531.944	-1003861.896	-759487.57	-1004337.58	3312.27
-722106.46	-1087702.35	-722029.689	-1087826.079	5671.977
-735808.974	-970272.071	-738345.836	-968782.306	3374.513
-707454.24	-1021457.44	-707388.19	-1021381.55	100.613
-646191.925	-1074020.369	-646202.866	-1074027.276	14.254
-758964.03	-1039865.74	-762589.597	-1038670.466	3877.298
-800071.814	-1017257.071	-800201.947	-1016933.534	348.989
-706910.78	-1002589.29	-702465.55	-1002891.55	5575.056
-699291.53	-1077338.05	-700889.801	-1078074.226	1929.867
-690289.7	-995274.992	-689576.86	-994911.26	806.244
-755302.51	-1019567.2	-755450.54	-1019550.08	157.396
-762589.597	-1038670.466	-762633.19	-1038581.89	106.22
-801982.816	-1007913.053	-801970.256	-1007936.59	29.683
-775704.41	-982371.16	-775414.03	-983225.06	1008.772
-788196.28	-1055375.31	-787808.86	-1055696.75	504.263
-670189.41	-1018692.36	-671542.164	-1018829.612	1421.035
-729872.994	-1011869.243	-726644.58	-1011861.32	3974.282
-766909.38	-1037768.3	-766842.83	-1037701.77	105.099
-757586.218	-1024782.417	-761127.644	-1026146.311	4060.822
-794479.43	-1042272.98	-794129.88	-1043579.34	1366.845
-681256.73	-1047284.67	-680982.82	-1047338.25	279.192
-725662.193	-1042408.85	-730106.85	-1043466.23	4614.392
-822762.154	-1059353.561	-825412.87	-1058791.226	2785.811
-684409.04	-1065821.75	-684220.492	-1066037.532	347.878
-654046.05	-1050054.39	-653856.95	-1049706.51	395.966
-645066.18	-1061855.84	-643574.344	-1062389.511	1594.784
-762680.47	-1060588.85	-763757.86	-1061027.09	1194.729
-647759.378	-1060941.888	-647820.968	-1061964.638	1024.678
-741719.28	-980863.58	-741819.671	-981309.368	492.789
-757115.472	-1047055.704	-757104.465	-1047060.626	13.018
-706775.892	-1083266.411	-706480.287	-1083116.055	332.549
-680379.32	-1044857.65	-681028.93	-1044054.66	1097.14
-745792.773	-982646.313	-747983.512	-984649.72	3225.848
-875917.851	-1021414.166	-876190.41	-1021455.21	276.436
-734677.054	-970731.792	-735808.974	-970272.071	1251.935
-753284.357	-1004660.27	-753305.819	-1004644.725	32.939
-813798.296	-1067557.869	-813867.769	-1067703.753	163.823
-671291.953	-1086947.758	-672120.642	-1089643.44	2884.428
-662921.774	-1081765.354	-662825.369	-1081498.459	307.597
-690298.86	-1066702.72	-691342.203	-1067706.148	1497.61
-720286.94	-1041210.65	-719830.39	-1043692.55	2602.801
-711981.896	-1040711.458	-711965.234	-1040703.688	20.394
-712141.42	-1048863.26	-712270.797	-1048925.539	143.754
-804806.243	-988967.024	-802655.752	-986806.555	3157.335
-742087.72	-1049062.09	-740955.439	-1048852.577	1192.358
-730701.736	-1024118.019	-730642.02	-1024217.53	118.01
-728993.509	-979673.837	-729880.485	-980588.693	1348.181
-706426.48	-1046260.97	-705436.794	-1046812.341	1192.564
-689716.953	-997008.588	-687699.089	-997235.854	2199.366
-857732.115	-1066589.07	-863408.068	-1062954.783	8412.332
-661758.59	-1047597.21	-661756.959	-1046881.545	735.423
-836114.539	-1065585.291	-837490.184	-1064292.459	2548.328
-711835.19	-1003771.39	-713500.782	-1003654.163	2336.586
-773107.31	-1004082.68	-771821.53	-1003361.86	1606.571
-699263.048	-1087577.665	-699234.121	-1087672.849	99.483
-772208.43	-1030101.8	-772454.415	-1029186.133	1017.173
-751204.95	-1019753.38	-751115.129	-1019859.845	146.627
-646543.902	-1089958.564	-648126.207	-1091893.832	3076.355
-699058.165	-1004402.255	-699040.425	-1004400.43	19.468
-680243.275	-1067444.876	-680107.004	-1067418.19	140.759
-689540.7	-994871.36	-690144.75	-995126.75	657.631
-825983.792	-1025686.738	-825972.997	-1025706.344	25.408
-711586.299	-1058720.341	-709840.532	-1059128.884	1984.74
-884584.089	-1021818.952	-884579.566	-1021802.378	18.014
-735262.793	-1013251.225	-735287.43	-1013267.253	45.882
-732551.005	-1019593.952	-732011.39	-1019535.212	589.869
-761156.009	-1019960.611	-761076.54	-1020198.18	260.858
-796721.698	-1010100.98	-796781.35	-1010291.26	199.48
-808440.439	-1030227.676	-809815.994	-1032117.026	2402.79
-832522.232	-1070640.672	-831956.795	-1074208.004	3771.766
-720978.91	-1047681.804	-720963.674	-1048017.921	338.882
-708202.91	-1085272.06	-708212.788	-1085402.243	144.136
-850853.76	-1050620.43	-852241.709	-1051299.341	1634.938
-665659.82	-1000236.89	-667061.9	-1000843.75	2060.164
-820573.83	-1001637.48	-823078.656	-1002317.929	3070.443
-750808.93	-1059654.04	-750699.51	-1059660.66	110.986
-874233.106	-1033511.212	-874888.952	-1032193.255	1480.217
-646300.86	-1046567.36	-646232.24	-1046458.52	128.667
-859409.09	-1043331.37	-859143.877	-1042936.492	475.692
-805117.21	-995960.29	-805993.21	-995316.03	1087.404
-728360.75	-1071940.41	-728124.965	-1071992.392	241.485
-767274.47	-1016513.4	-764189.86	-1017649.5	3643.061
-749732.38	-969641.23	-750558.56	-969160.07	1021.376
-734262.605	-1065215.685	-734545.897	-1065441.216	367.65
-754814.802	-1001699.415	-755110.84	-1000537.22	1201.486
-796115.625	-986060.813	-795883.692	-986069.676	232.337
-692971.18	-1005051.9	-693161.08	-1007415.74	2412.41
-741289.261	-1026790.821	-740663.06	-1026232.44	943.748
-641200.314	-1062662.991	-640946.109	-1062588.507	311.542
-776672.51	-998311.07	-778693.313	-997118.305	2393.623
-867684.29	-1017483.61	-867704.25	-1017459.2	49.932
-655740.759	-1079064.003	-653997.465	-1078928.095	1762.812
-867839.488	-1006747.598	-867829.675	-1006778.003	36.567
-809115.507	-1021031.276	-810296.354	-1022428.423	1935.027
-665519.497	-1072390.694	-667006.204	-1075075.738	3348.491
-845892.06	-1072257.44	-843739.265	-1072584.84	2564.181
-794217.912	-1010748.602	-795219.54	-1011981.77	1683.297
-731016.52	-1008914.65	-729635.775	-1008318.394	1649.004
-712258.79	-1048727.42	-712141.42	-1048863.26	180.077
-762541.454	-992050.625	-762829.78	-987338.79	5660.876
-735050.321	-973748.849	-736067.29	-972759.2	1513.327
-739286.62	-1033463.37	-739314.48	-1033595.88	140.162
-702216.03	-1056459.18	-701964.71	-1056572.05	276.285
-641125.062	-1075815.382	-639903.72	-1076179.409	1502.489
-643596.482	-1045856.711	-643645.325	-1045832.171	54.926
-742589.37	-1041655.95	-744427.01	-1041940.53	1875.045
-756458.593	-974627.332	-757602.79	-971436.4	4016.901
-782154.75	-986473.19	-781603.936	-986039.87	706.082
-658734.781	-1060337.432	-657068.638	-1061265.033	1921.394
-781999.68	-1007407.95	-781512.0	-1007581.01	529.584
-649434.39	-1031417.11	-647990.36	-1032865.77	2079.929
-653288.426	-1030346.54	-653274.017	-1030254.879	92.948
-648330.054	-1058407.276	-648343.932	-1058416.838	18.034
-682351.386	-994485.127	-681654.74	-994560.4	797.826
-665351.65	-1074709.53	-664145.916	-1075139.42	1604.881
-668640.97	-1092650.74	-669759.314	-1093268.536	1494.998
-674884.57	-1013545.47	-674890.948	-1013709.212	165.581
-788952.78	-1072079.93	-788459.55	-1072267.42	583.016
-689062.61	-1020772.0	-688329.48	-1023091.54	2528.377
-692738.64	-1049095.92	-693177.75	-1048932.25	468.655
-724041.077	-1042827.831	-724435.034	-1041584.202	1316.58
-683820.559	-1032132.705	-681667.189	-1030216.736	2892.658
-776088.61	-978656.5	-776401.408	-979320.987	903.697
-744236.42	-1009120.34	-744900.21	-1011766.54	2919.703
-698405.12	-1004797.91	-693555.67	-1004756.118	5065.505
-773864.194	-1048488.016	-772578.543	-1049495.683	1716.015
-693574.45	-1045192.32	-692732.56	-1045939.57	1125.859
-770510.56	-979664.55	-770029.944	-979827.303	510.014
-861166.839	-999768.473	-858314.518	-999543.567	3143.042
-718948.86	-1088120.98	-719223.977	-1088120.291	2695.24
-770159.84	-988711.64	-769382.87	-990174.37	1747.332
-749702.51	-1051274.86	-749649.335	-1050470.317	806.702
-793511.08	-1041584.97	-794479.43	-1042272.98	1459.031
-774514.85	-974990.51	-773827.82	-974156.23	1467.251
-737308.984	-1051237.17	-737651.041	-1050958.164	441.424
-661149.182	-1010762.684	-659942.94	-1008908.75	2322.09
-867483.791	-1012854.693	-870331.398	-1011239.458	3719.792
-742057.5	-1057042.55	-742070.951	-1057036.488	15.837
-842542.325	-992122.825	-841342.57	-992949.56	1806.787
-776225.12	-1062572.7	-777701.42	-1060876.17	2475.641
-741534.32	-1042066.38	-741532.85	-1042058.86	7.662
-765787.493	-989853.0	-765555.283	-989751.387	321.939
-836677.955	-1034938.437	-836650.58	-1036172.06	1247.376
-669497.98	-1013920.47	-669296.23	-1014157.35	335.025
-755632.973	-991024.533	-751442.58	-989970.89	4404.191
-647851.998	-1059211.296	-647852.61	-1059246.72	35.467
-852041.021	-1068690.317	-857284.065	-1073643.084	9666.812
-800596.166	-1012756.763	-801255.009	-1013122.702	800.68
-828845.054	-1056403.335	-826137.341	-1057679.481	3275.704
-765231.41	-1062235.92	-765269.55	-1061964.842	273.782
-754755.285	-1001979.444	-754829.201	-1002021.875	97.262
-662930.859	-1022904.339	-663061.438	-1022726.344	249.257
-806165.628	-1044338.021	-805127.27	-1043943.27	1598.822
-682430.78	-1018853.25	-683331.887	-1021783.553	3158.618
-699845.446	-1030267.007	-699485.167	-1029400.556	1093.617
-756883.813	-1065377.25	-757043.375	-1065616.625	301.99
-815525.153	-1070903.131	-815342.16	-1071045.65	242.501
-841650.69	-1038035.14	-840796.862	-1039063.86	1338.817
-756178.87	-993320.65	-756162.76	-993334.08	23.281
-868040.734	-1017497.515	-867788.045	-1017518.115	262.49
-728591.498	-1056076.54	-728572.896	-1056069.171	21.6
-694056.52	-1014023.47	-690154.749	-1015646.511	4533.344
-733323.88	-1057749.755	-731942.46	-1058578.55	1727.78
-647832.09	-1089321.13	-650963.85	-1089493.64	4325.567
-823320.067	-1077204.604	-823465.147	-1076379.897	1052.784
-780351.726	-1028866.151	-782560.95	-1028351.4	2392.461
-788497.064	-1013954.972	-789054.08	-1013997.06	619.881
-731373.413	-1012206.889	-731016.52	-1008914.65	3520.654
-806860.08	-1048701.62	-807591.864	-1048105.356	963.952
-659220.915	-1079389.294	-658278.062	-1080883.94	1927.831
-716020.614	-1038184.376	-714915.84	-1038608.6	1245.939
-762528.41	-1038705.278	-762482.866	-1038804.222	119.425
-671049.521	-1063972.753	-670388.99	-1063714.97	928.437
-672915.76	-998637.81	-672750.27	-997377.3	1400.406
-846077.369	-1022040.031	-844388.004	-1021825.916	1707.981
-767940.059	-1080699.253	-767507.91	-1078990.72	1813.848
-751603.929	-1041232.075	-751454.25	-1041126.938	344.763
-748241.04	-1061951.15	-747718.385	-1062503.67	782.474
-726367.226	-1053620.562	-724828.216	-1053726.832	1596.088
-757209.257	-1016685.09	-756188.18	-1019118.53	2798.522
-730643.52	-1042110.79	-730629.17	-1041975.49	136.083
-813711.95	-1072683.86	-812660.89	-1072249.56	1150.172
-757077.25	-1043105.17	-756739.51	-1042458.0	741.632
-781300.55	-995123.38	-780287.5	-995623.64	1148.464
-805021.72	-990150.88	-805009.831	-989120.872	1037.197
-732027.544	-1034837.103	-731998.558	-1034800.427	48.827
-741063.502	-1048724.768	-741196.784	-1048787.996	157.475
-728526.364	-1028355.445	-728238.84	-1027416.73	993.555
-688787.54	-1007956.6	-689070.19	-1007867.98	297.641
-776890.3	-1059359.67	-777136.27	-1059288.63	261.31
-854518.045	-1011572.677	-854461.66	-1011514.51	81.341
-758938.02	-1047552.36	-754251.64	-1045761.339	5155.716
-858749.02	-1009317.91	-858746.6	-1009335.38	18.453
-807383.57	-1006123.78	-806887.597	-1006244.926	510.558
-737854.217	-1050792.84	-738583.816	-1049577.088	1478.961
-866288.3	-1043015.41	-866462.663	-1041892.823	1163.485
-698663.43	-1070023.37	-697944.0	-1070337.97	812.849
-882326.031	-1021972.177	-881863.103	-1021865.019	476.214
-674915.84	-1061397.35	-675139.333	-1061799.364	485.215
-809767.319	-1004181.139	-808777.7	-1000828.95	3505.05
-762182.323	-1026283.08	-762115.67	-1026223.8	96.437
-749649.335	-1050470.317	-749465.23	-1050122.22	405.847
-868041.697	-1002230.454	-867153.465	-1001938.043	1020.211
-722976.671	-1047379.047	-720978.91	-1047681.804	2136.922
-770855.944	-1069628.976	-770694.099	-1069735.531	200.775
-753862.964	-979708.209	-753590.731	-980826.759	1253.581
-671563.613	-1083323.763	-671277.981	-1082418.007	1112.041
-712045.77	-1042447.66	-712035.9	-1041732.29	722.651
-769283.265	-983580.511	-770124.39	-983578.44	1022.039
-737608.164	-1050851.346	-737561.611	-1050860.013	47.354
-770553.82	-979593.09	-770510.56	-979664.55	90.795
-762950.25	-987344.438	-762660.384	-984434.985	2978.678
-758080.6	-977733.33	-758927.861	-978298.285	1136.806
-711730.929	-983702.925	-711225.74	-979518.69	6293.547
-822680.54	-1016949.64	-825471.49	-1016156.886	3231.669
-700473.75	-1088323.41	-700438.95	-1088340.9	58.599
-816784.88	-1003586.38	-817904.49	-1002212.89	1921.701
-742958.3	-969312.55	-743905.723	-968542.522	3117.124
-700115.94	-1071955.9	-697691.297	-1074154.362	3423.689
-694128.44	-1044382.37	-693574.45	-1045192.32	1006.455
-701179.42	-1050315.94	-702914.4	-1049943.85	1946.922
-730970.659	-1017482.306	-730348.884	-1016544.738	1585.504
-669881.57	-1048196.08	-669738.375	-1048283.0	169.64
-711981.554	-1058828.416	-711558.013	-1059050.548	478.259
-861061.81	-1008985.666	-861324.758	-1008825.029	323.017
-698378.936	-995723.523	-698168.294	-995083.306	680.923
-808211.018	-1014754.016	-808225.379	-1014843.19	91.908
-830303.18	-997579.08	-830193.24	-997923.3	369.674
-723474.115	-1036356.159	-723405.57	-1036180.08	194.356
-824213.47	-1074941.09	-824120.46	-1075002.36	139.535
-746310.408	-1054210.684	-746013.188	-1054135.162	321.731
-866869.598	-1018950.646	-867555.44	-1019361.02	1257.076
-765234.64	-991502.28	-766165.82	-991342.19	1028.002
-752225.81	-1036646.64	-751912.67	-1036668.09	329.732
-690363.5	-989936.5	-688899.57	-989589.51	1869.981
-730736.98	-1045388.49	-730877.41	-1045434.47	165.856
-813365.998	-1017598.31	-814347.41	-1017477.37	1011.275
-825205.903	-1022313.492	-827404.39	-1021838.42	2987.812
-763339.8	-1034082.64	-763005.62	-1036747.49	2746.68
-680910.023	-998142.572	-680031.91	-999395.38	1548.293
-771682.606	-1049823.739	-771087.984	-1050192.956	703.688
-835866.39	-1032659.405	-835871.16	-1032618.1	41.58
-739275.09	-1033725.54	-739206.313	-1033719.313	69.359
-694590.564	-1011296.896	-691878.43	-1009643.53	3194.433
-701391.16	-1012222.38	-701426.13	-1012166.332	72.336
-744510.13	-989935.9	-744509.614	-989894.407	41.991
-781032.98	-972376.97	-782566.51	-972839.89	1628.884
-781179.2	-1062387.13	-781022.69	-1062431.11	219.633
-771682.606	-1049823.739	-770616.68	-1049952.96	1096.043
-788537.62	-982462.36	-788330.76	-981826.62	703.835
-671527.25	-1005694.29	-671577.98	-1006391.83	713.62
-704869.377	-1015104.338	-704786.109	-1015222.899	145.694
-749869.5	-1051283.82	-749720.36	-1051443.07	222.88
-781511.97	-1060800.29	-781617.583	-1060871.373	128.012
-687783.35	-1038479.31	-687874.492	-1039550.678	1077.108
-707185.87	-1028507.77	-711196.12	-1028825.26	4063.201
-745989.314	-1053778.021	-746047.369	-1053841.548	86.162
-763066.181	-1017946.531	-763008.46	-1017707.62	246.967
-874192.144	-1018571.621	-874121.601	-1018592.013	77.283
-747385.37	-1004570.34	-746969.765	-1004072.67	739.263
-686489.92	-1021623.05	-685901.05	-1019332.07	2622.345
-771921.115	-1041128.653	-773639.74	-1042187.29	2135.068
-685914.715	-1053772.587	-685892.135	-1053690.929	130.267
-644786.662	-1049401.287	-645200.794	-1049985.649	717.345
-753113.08	-1024805.07	-753803.99	-1024166.82	1073.067
-805145.749	-1058032.169	-806814.361	-1057381.18	2104.049
-672750.27	-997377.3	-670178.28	-996831.58	2817.493
-773879.42	-1006095.68	-772487.21	-1006107.28	1426.831
-734442.59	-1013574.83	-734378.01	-1013701.963	180.74
-779092.241	-981900.865	-779009.3	-981800.15	130.484
-744598.1	-1047894.96	-744834.87	-1048200.68	393.799
-643808.34	-1070090.39	-643742.916	-1069951.408	153.69
-773668.627	-1055483.882	-774496.01	-1055892.09	927.779
-657729.773	-1036434.307	-658390.748	-1035431.995	1226.952
-715869.92	-1040181.649	-716020.614	-1038184.376	2244.388
-800442.53	-998372.8	-802221.716	-997025.126	2286.485
-791734.12	-1047652.83	-792232.22	-1046092.91	1770.478
-778604.682	-1048733.957	-778592.53	-1048743.11	15.618
-887588.336	-1017002.628	-885169.37	-1016810.178	2555.444
-727363.065	-993004.762	-726689.4	-990317.24	2867.003
-886994.779	-1012209.452	-887784.316	-1012581.551	881.295
-778139.229	-981927.018	-777773.68	-981956.07	382.656
-857799.223	-1012554.283	-858880.97	-1012255.26	1422.662
-796891.93	-1033882.09	-797635.514	-1032416.889	1960.871
-816164.41	-1011933.429	-816246.79	-1011621.86	345.557
-719134.73	-1068870.94	-718661.881	-1070686.967	2130.12
-768797.409	-1022728.128	-767792.95	-1022765.24	1012.253
-703810.42	-1030188.63	-704198.73	-1030521.64	515.253
-751747.313	-1007286.838	-751860.75	-1007434.16	250.958
-698458.8	-1004746.19	-698500.86	-1004795.83	65.066
-862990.333	-1037035.084	-860277.03	-1033622.47	4431.5
-697671.988	-1037727.436	-697616.116	-1037824.725	112.258
-733935.061	-1053545.826	-733950.735	-1053559.331	30.145
-792298.458	-1045843.765	-793028.404	-1046518.587	1073.04
-768260.833	-1007314.323	-768249.083	-1007290.14	26.886
-795679.997	-1064193.145	-793087.077	-1064377.439	2704.783
-736423.45	-1046524.588	-737520.29	-1046623.77	1165.619
-875959.361	-1019407.808	-875917.834	-1018665.126	805.547
-840950.41	-1019092.03	-841292.178	-1019966.294	1230.862
-734745.64	-1045801.2	-734657.963	-1045867.082	135.216
-746787.335	-1017309.584	-745026.82	-1016248.9	2087.49
-867483.791	-1012854.693	-866969.154	-1012833.063	538.223
-756162.76	-993334.08	-756148.73	-993317.52	24.064
-806814.361	-1057381.18	-806629.323	-1056052.109	1361.089
-680031.91	-999395.38	-679093.04	-1000965.52	1830.129
-645737.901	-1075911.281	-645093.092	-1076178.564	803.219
-766544.821	-1023277.347	-768007.545	-1020866.625	2982.062
-701969.68	-997871.5	-701015.15	-997671.7	1026.437
-684077.699	-1033039.805	-683820.559	-1032132.705	961.657
-757506.533	-1048248.178	-757868.27	-1048074.85	489.461
-741581.782	-1042671.899	-741516.928	-1042621.167	104.931
-822786.712	-1008871.24	-823782.609	-1010399.294	2261.027
-774162.8	-1021173.806	-774148.97	-1021052.88	122.193
-674999.298	-1006664.392	-675234.35	-1007214.66	600.309
-725314.234	-997871.642	-727274.83	-995905.14	3020.413
-670477.6	-1047600.09	-671159.25	-1047519.8	688.495
-737108.71	-1036116.39	-737490.74	-1035633.23	616.71
-804955.382	-988969.297	-805089.981	-989045.638	155.601
-746116.811	-973842.852	-746623.603	-974081.1	746.422
-653997.465	-1078928.095	-653715.262	-1078892.329	288.308
-707084.08	-1063283.91	-707983.12	-1065331.4	2376.586
-770079.88	-1058149.69	-770613.32	-1057820.99	696.133
-736973.547	-1032504.996	-736877.894	-1032374.731	161.974
-716966.12	-1059997.85	-715277.1	-1058561.07	2438.075
-776401.92	-975501.85	-776509.75	-975546.23	117.102
-846221.073	-1022074.287	-848826.599	-1016534.692	8606.215
-769427.816	-1056808.768	-769893.111	-1056003.317	943.785
-847194.103	-1070434.811	-845909.205	-1070288.711	1308.926
-823930.32	-1076414.79	-823761.0	-1076417.74	169.435
-689493.64	-1014122.95	-689790.54	-1015301.08	1270.112
-884949.578	-1018011.069	-884923.621	-1017017.813	1211.621
-717406.529	-1074272.847	-717476.215	-1074203.095	103.572
-753002.54	-1060673.47	-751396.792	-1060134.969	1727.683
-797183.36	-980928.33	-796562.33	-980874.64	633.664
-652045.78	-1024674.21	-650683.511	-1024504.108	1518.821
-730655.43	-1045534.04	-730532.79	-1045370.4	232.86
-767494.606	-1023226.062	-766628.606	-1023246.233	866.246
-754788.525	-1047527.713	-754771.353	-1047530.553	26.7
-701224.85	-1010374.38	-701176.638	-1010409.645	74.637
-776333.91	-979441.43	-776512.28	-979470.94	181.397
-753336.78	-1029263.22	-753531.82	-1029255.4	233.334
-810737.74	-991815.48	-810664.83	-991921.07	128.385
-746750.122	-981687.967	-747166.779	-980982.656	829.063
-671532.991	-1028463.149	-670559.87	-1029061.34	1143.91
-651010.35	-1053240.12	-649828.14	-1051460.55	2267.14
-680185.978	-1081430.417	-680494.767	-1082143.702	857.179
-764873.57	-1004102.66	-764366.745	-1004081.947	515.751
-688698.887	-1043756.642	-688716.595	-1043740.464	26.648
-682293.429	-1035791.976	-683386.861	-1034885.469	1430.797
-660582.24	-1001564.12	-659867.64	-1000480.32	1391.426
-833692.707	-1042370.341	-833882.948	-1042635.148	352.284
-757880.474	-1066161.822	-759295.33	-1068468.69	3055.242
-754650.992	-1063263.595	-754631.91	-1063279.292	29.342
-748666.48	-1028418.07	-748849.49	-1028560.0	233.687
-766216.779	-972599.195	-766442.505	-972340.414	372.02
-700477.578	-1004743.59	-700310.18	-1005653.43	1003.544
-758621.139	-1050300.073	-759455.821	-1051347.97	1562.095
-646916.449	-1057818.684	-646901.705	-1057807.415	20.011
-775016.4	-1033843.46	-775549.611	-1033649.768	585.564
-799287.83	-1001381.43	-799277.79	-1001414.86	37.353
-717811.44	-1001502.344	-717802.91	-1000992.65	523.451
-752416.495	-974195.927	-755091.9	-973220.77	3397.963
-780523.91	-993848.68	-780793.58	-993776.99	279.1
-672376.184	-1079422.655	-672288.651	-1079657.96	251.455
-838341.13	-1022100.99	-838593.93	-1021984.24	278.99
-678787.092	-991793.835	-678999.557	-991254.104	612.315
-857538.356	-1040343.281	-857552.918	-1040169.703	187.153
-749676.91	-981210.14	-751116.62	-980309.58	1865.167
-788804.87	-979200.83	-791116.66	-978532.24	2516.316
-719175.82	-1016530.84	-719483.589	-1016406.002	339.284
-792357.45	-1006464.49	-791609.69	-1007895.0	1818.994
-697498.543	-1012712.62	-696760.706	-1013421.934	1163.257
-871283.725	-1032561.522	-870696.034	-1028508.817	6340.703
-757206.81	-969692.0	-757150.413	-969618.764	3238.826
-808771.898	-1069374.469	-809201.691	-1069386.297	471.915
-645035.518	-1071764.984	-643963.03	-1072646.66	1391.026
-658843.558	-1036421.033	-659427.17	-1037681.69	1409.03
-645607.656	-1042430.919	-645559.416	-1042295.828	144.576
-729315.731	-1056841.451	-729042.743	-1056568.722	529.913
-753916.336	-1032670.828	-754461.07	-1031778.15	1135.653
-756749.59	-1049906.669	-756649.728	-1049700.133	231.624
-825699.63	-1025635.04	-825805.35	-1025515.51	174.332
-754765.41	-1002093.81	-754717.26	-1002056.5	65.418
-745284.26	-1030042.76	-745157.975	-1029685.995	411.418
-667059.7	-1028552.2	-668447.737	-1026624.005	2903.092
-654058.89	-1033547.74	-653653.858	-1031493.301	2180.377
-673440.367	-1043397.604	-673324.09	-1043429.71	120.636
-730242.39	-1077387.21	-729948.9	-1077657.6	401.269
-710966.346	-1033701.742	-711196.12	-1028825.26	5085.775
-762873.549	-1050943.551	-762817.16	-1050840.94	130.12
-655883.891	-1048425.175	-655855.307	-1048416.028	36.218
-779200.26	-990148.94	-779963.1	-991110.24	1266.11
-679748.9	-1010316.53	-677198.54	-1010537.89	2585.755
-754624.95	-1063256.073	-754650.992	-1063263.595	34.494
-701630.49	-1012426.75	-701719.02	-1012444.79	109.386
-857217.29	-1002438.67	-858289.002	-999646.275	3569.657
-654071.518	-1081504.252	-652959.885	-1081153.486	1315.523
-701312.21	-1063705.53	-699256.34	-1061459.02	3456.488
-750796.39	-1054270.21	-751092.81	-1054280.59	297.154
-719043.9	-1045005.64	-718828.8	-1045805.59	1033.976
-867341.426	-1012987.657	-867355.248	-1013000.322	20.134
-821011.9	-1071493.72	-821061.59	-1071473.86	60.432
-736596.62	-982676.97	-736540.74	-982423.3	305.66
-744067.25	-1049103.77	-742420.7	-1049165.78	1650.697
-706247.82	-1004012.78	-706910.78	-1002589.29	1818.665
-730891.19	-1057518.92	-730916.56	-1057495.52	38.213
-702716.327	-1012097.239	-699861.59	-1016544.73	6266.754
-689352.666	-1030052.024	-689305.54	-1029964.54	108.162
-776845.82	-1057733.48	-776802.536	-1056510.053	1329.701
-669092.05	-1031725.74	-667623.97	-1033602.94	2459.139
-821301.72	-996383.229	-821510.98	-996075.529	372.251
-804256.144	-996697.82	-803234.05	-1000504.67	4087.975
-698369.796	-1034987.46	-699093.76	-1035168.08	807.404
-845567.78	-1007928.33	-844281.09	-1007844.36	1369.999
-765863.36	-1026064.72	-767595.67	-1025910.37	1880.162
-765494.96	-1058755.27	-768369.27	-1057962.9	3298.381
-727026.639	-1054719.235	-726878.932	-1054903.12	236.381
-775831.845	-1021783.448	-775478.8	-1021851.08	411.152
-873639.53	-996190.27	-874060.667	-995595.356	740.394
-715971.72	-1019153.54	-715953.55	-1017612.59	1916.915
-745363.224	-990602.243	-744510.13	-989935.9	1127.109
-724943.03	-1065253.85	-725021.263	-1065471.044	236.403
-832638.577	-1024569.831	-834057.502	-1024380.541	1463.702
-743303.43	-993703.84	-741480.124	-993828.554	2073.15
-646328.303	-1042747.946	-646202.371	-1042722.936	128.98
-693268.136	-1066214.459	-691791.485	-1067486.309	1986.455
-740009.513	-1048529.159	-740113.877	-1048564.374	110.183
-664179.01	-1008798.93	-665200.63	-1008792.28	1171.978
-713680.036	-1033381.515	-712002.982	-1034390.585	2009.212
-865314.314	-1050375.508	-865862.262	-1050082.874	658.546
-773957.78	-995737.93	-773921.32	-996305.2	569.897
-678410.454	-1063641.313	-678499.29	-1063064.14	586.281
-779191.24	-1014972.48	-780629.94	-1015323.93	1640.237
-726344.15	-1051657.65	-726367.226	-1053620.562	2044.374
-823222.53	-1069474.727	-823855.72	-1069646.52	662.443
-682819.282	-1070271.519	-681395.684	-1071134.646	1688.754
-794356.679	-1003853.725	-794127.69	-1003786.15	241.766
-686097.313	-1024010.399	-686489.92	-1021623.05	2538.824
-770401.64	-988243.48	-770085.383	-988416.706	367.825
-762732.99	-1003869.0	-762531.944	-1003861.896	201.246
-776447.02	-975916.66	-776525.65	-975733.18	200.065
-794659.195	-1039549.728	-793511.08	-1041584.97	2726.594
-846907.119	-1029513.505	-847499.198	-1027049.942	2921.263
-705237.46	-1015233.13	-704869.377	-1015104.338	410.212
-761471.89	-996476.41	-761466.601	-996551.08	74.907
-778138.73	-1024703.06	-778671.883	-1022544.298	3753.292
-676545.294	-1071198.007	-676562.503	-1071189.945	22.118
-714572.525	-1006513.706	-714820.38	-1007312.86	879.175
-694429.348	-1089271.621	-694355.705	-1089393.858	147.047
-843765.648	-1071279.334	-843630.218	-1072166.861	960.484
-674656.892	-1092793.668	-674727.057	-1092641.383	644.477
-701170.686	-1050328.027	-701160.682	-1050315.687	18.468
-789545.719	-1063955.989	-789574.11	-1063961.26	47.268
-770218.87	-1076595.4	-770233.58	-1076648.03	54.663
-828839.53	-1072102.6	-828932.054	-1072228.151	156.435
-692330.5	-998364.0	-692398.188	-998321.563	101.256
-874032.452	-1008795.661	-874849.441	-1007985.653	1258.409
-667929.81	-1056163.46	-667768.771	-1055949.579	282.768
-645473.846	-1084218.04	-645624.534	-1084805.598	729.466
-757882.5	-991091.75	-757868.95	-991072.94	25.377
-799554.59	-1047903.381	-799809.037	-1047978.029	274.138
-792028.321	-986617.401	-792103.448	-986597.519	90.518
-773249.142	-978438.85	-773188.07	-978559.92	135.879
-844110.592	-1005120.302	-844176.69	-1005150.86	93.004
-672068.23	-1045290.33	-673303.703	-1043503.367	2450.773
-883775.713	-1027406.873	-883289.645	-1027547.259	4005.513
-738224.31	-1046716.3	-739376.2	-1047664.69	1820.662
-728374.028	-974653.538	-727739.13	-975636.15	1198.762
-739362.188	-1033725.438	-739381.44	-1034615.21	892.156
-653846.459	-1023468.5	-653828.341	-1023515.8	78.17
-759601.922	-991807.613	-760192.584	-991129.884	910.58
-774848.379	-1008981.515	-771527.21	-1009234.35	3513.155
-761466.601	-996551.08	-763584.281	-996371.119	2316.264
-673446.92	-1056164.381	-667929.81	-1056163.46	6008.923
-805089.981	-989045.638	-805540.33	-989168.23	471.339
-713162.22	-977605.93	-713196.037	-977054.958	1866.593
-855476.543	-997761.633	-853804.223	-995401.259	3940.726
-860415.091	-1062241.287	-855315.385	-1062627.136	7092.27
-704178.924	-1008981.104	-704310.07	-1008548.95	453.418
-640123.901	-1043109.222	-639960.604	-1042280.486	890.328
-644700.4	-1050094.82	-644945.99	-1049785.66	398.31
-773048.249	-1059316.095	-774407.999	-1059551.367	1421.004
-699040.425	-1004400.43	-699042.528	-1004380.546	22.618
-694413.003	-1068650.807	-693113.22	-1068851.6	1327.206
-793349.32	-1072590.22	-793360.15	-1072600.56	14.973
-807309.492	-1072493.849	-807299.173	-1072508.732	20.04
-686514.378	-993466.449	-686922.48	-993715.83	481.354
-730667.11	-1042312.4	-730628.22	-1042752.2	441.978
-804002.151	-1079230.313	-807210.486	-1077866.641	4032.872
-653220.938	-1089309.626	-651460.323	-1090112.656	2162.531
-682819.282	-1070271.519	-682349.499	-1071601.107	1563.544
-751424.034	-1004313.261	-753326.41	-1002532.8	2726.63
-764234.519	-975925.19	-763638.895	-976417.956	999.051
-864526.91	-1015039.05	-864222.74	-1014670.3	478.12
-766766.386	-980503.856	-767063.123	-980589.59	324.373
-784669.925	-1007684.127	-784577.155	-1007581.555	138.457
-644717.33	-1027771.45	-643738.9	-1027158.62	1198.2
-821865.352	-1022146.499	-817424.87	-1024213.2	5293.047
-679414.3	-1041652.05	-679258.65	-1041636.42	156.435
-692271.419	-1046317.644	-692452.786	-1046276.343	186.026
-691847.25	-1063408.12	-691781.71	-1063248.08	173.025
-652047.5	-1023327.26	-650955.58	-1022784.5	1679.124
-749577.765	-1073879.55	-748818.637	-1072539.24	1954.485
-790781.372	-1005118.501	-794437.34	-1003918.24	3863.051
-759690.42	-1080853.77	-761211.483	-1080770.238	1658.777
-807727.166	-1053405.654	-807543.937	-1052574.329	1569.191
-649898.54	-1031791.11	-649833.27	-1032576.94	811.956
-749649.335	-1050470.317	-749742.1	-1050014.13	467.18
-798652.692	-1067077.747	-800209.26	-1067457.76	1680.182
-817234.585	-1072653.72	-817251.698	-1072627.624	34.001
-653288.426	-1030346.54	-651631.14	-1029572.69	1903.339
-767218.369	-971343.443	-766393.859	-970369.872	2181.151
-660048.533	-1007516.181	-659300.865	-1008357.932	1216.498
-760606.221	-1034962.461	-760255.56	-1034967.11	388.814
-644892.875	-1038839.148	-645570.393	-1042290.671	3543.202
-772422.27	-1081689.42	-772410.73	-1081798.56	132.618
-664041.83	-1013251.99	-663479.48	-1012953.12	711.822
-751758.933	-1077986.983	-749711.46	-1078290.19	2150.06
-681981.482	-1092025.6	-682236.742	-1091181.041	1811.188
-754895.68	-1063355.495	-754845.73	-1063381.37	59.671
-857552.918	-1040169.703	-857071.95	-1039267.52	1057.902
-673021.41	-1020128.33	-671006.791	-1021002.446	2299.281
-668653.807	-1010130.087	-666463.19	-1011202.75	2598.659
-828147.172	-1034491.817	-831869.923	-1035242.397	4668.912
-771785.16	-1039028.54	-771813.517	-1038836.782	195.046
-761019.6	-1062391.89	-761163.65	-1062835.03	553.496
-731883.95	-1042140.41	-731675.898	-1042251.919	255.061
-688043.64	-1047784.78	-688328.881	-1046580.985	1250.015
-687216.404	-1072981.57	-687258.963	-1071987.155	1056.634
-713550.47	-1017791.14	-712407.94	-1019209.31	2028.891
-736748.94	-1037377.2	-736820.855	-1036772.279	611.032
-812396.788	-1065188.615	-813460.061	-1065957.135	1455.349
-826654.644	-1032180.645	-826513.595	-1029200.402	3429.481
-735445.09	-1030178.68	-735510.1	-1028628.63	1553.717
-712438.272	-983588.937	-712856.0	-983393.06	467.132
-871048.19	-1046030.49	-871076.13	-1046023.98	28.766
-854518.045	-1011572.677	-854546.74	-1011568.45	31.479
-722700.99	-1033242.12	-718577.311	-1036428.431	6515.97
-641261.701	-1065502.962	-639874.645	-1064401.85	1972.94
-840379.37	-1008893.03	-840326.19	-1008863.21	62.028
-645335.65	-1017763.32	-645240.097	-1017019.882	1430.169
-742929.375	-1026753.869	-742912.944	-1026773.713	36.093
-785138.66	-976815.94	-785739.323	-976850.146	615.002
-698530.61	-1004621.99	-700825.306	-1010100.418	6638.362
-681195.203	-1064518.936	-680588.724	-1064347.312	633.442
-782478.45	-972725.89	-781131.98	-972624.87	1654.267
-688749.65	-1008095.61	-688769.71	-1008043.16	77.329
-679112.792	-1023693.859	-678869.3	-1023471.75	338.276
-696876.45	-1050935.08	-697451.56	-1052233.88	1457.944
-753337.248	-1047994.104	-753337.621	-1047834.546	162.609
-763457.945	-1022252.058	-763343.522	-1022249.458	126.512
-735859.82	-1031839.76	-736914.79	-1030879.55	1713.177
-887831.988	-1020327.405	-887834.629	-1020295.463	284.765
-654394.282	-1054653.301	-654382.464	-1054649.897	14.923
-702777.85	-1027874.37	-703587.82	-1025875.13	2277.967
-791858.12	-976182.05	-791785.451	-976203.762	75.843
-789561.15	-1048395.93	-791734.12	-1047652.83	2506.305
-649858.43	-1049355.31	-649260.73	-1048288.6	1253.503
-701519.57	-1012451.9	-701362.057	-1012418.346	164.078
-813476.993	-1065953.547	-813476.289	-1065972.225	21.836
-781250.658	-985708.254	-781263.042	-985714.254	15.28
-646239.872	-1056008.99	-644668.77	-1056301.76	1608.135
-658260.77	-1017886.87	-655878.4	-1018527.01	2666.407
-751080.485	-980975.691	-751116.62	-980309.58	718.128
-645267.57	-1031669.73	-646665.5	-1030270.69	2033.168
-705554.843	-1006843.949	-704645.72	-1007854.94	1432.737
-765963.41	-1076199.13	-765814.94	-1076101.44	177.777
-710182.35	-1049300.4	-708596.11	-1049854.13	1685.728
-754037.11	-1054324.91	-755730.734	-1053467.832	2113.762
-764243.32	-984430.27	-765788.7	-990262.19	6849.861
-665226.62	-1028236.89	-665733.375	-1028673.938	670.278
-821906.889	-1029730.126	-821551.075	-1030096.024	591.48
-755281.611	-1046316.443	-755258.008	-1046325.019	30.911
-654688.28	-1041606.53	-655306.9	-1041293.601	738.513
-743022.731	-1024000.975	-741582.743	-1023354.686	1699.3
-784808.85	-1041929.78	-786445.15	-1042487.17	1864.383
-809789.61	-1048129.71	-809437.625	-1049733.25	1764.258
-669484.44	-1009602.86	-669888.65	-1010483.138	1011.269
-824493.68	-1076358.88	-824685.53	-1076388.79	194.305
-651339.498	-1066525.743	-650571.6	-1066556.63	786.418
-672969.55	-994817.47	-673264.643	-994341.451	1150.449
-697488.35	-1036432.86	-697622.34	-1037173.95	760.942
-720456.84	-1007740.75	-720501.53	-1007824.76	95.157
-659370.678	-1008787.28	-659098.75	-1009155.77	509.871
-663828.882	-1070724.962	-662294.7	-1072165.97	2571.511
-720052.54	-1075565.5	-718531.302	-1074829.682	1838.887
-712046.546	-1006565.202	-711835.19	-1003771.39	3086.963
-860534.036	-1012923.266	-859749.207	-1013110.078	835.304
-700213.91	-1012677.63	-700456.327	-1013842.723	1258.021
-730753.01	-1037058.017	-730720.959	-1037571.582	515.762
-832231.66	-993998.69	-831589.265	-996343.731	4316.667
-743582.44	-1031752.64	-742534.2	-1030094.56	2232.491
-731089.392	-1056745.661	-731187.241	-1056627.94	160.151
-812873.32	-1012034.53	-812244.87	-1012043.72	630.042
-642693.355	-1084116.936	-642337.72	-1083758.318	521.794
-735668.52	-1031215.732	-735648.061	-1031206.468	25.281
-860889.384	-1066222.927	-861430.814	-1066405.71	4212.839
-686056.885	-993614.347	-685944.85	-993645.62	116.356
-776724.47	-975367.25	-776744.647	-975479.767	121.459
-752062.27	-1029376.05	-752280.591	-1029233.34	272.312
-688388.569	-1045386.217	-689435.69	-1044244.64	1601.851
-720364.8	-1053251.55	-721062.76	-1053407.858	760.699
-728655.924	-1060908.631	-728664.809	-1060889.23	22.683
-720417.87	-1047567.4	-720554.445	-1047589.278	138.336
-854777.54	-1011091.37	-854821.13	-1011089.54	55.568
-645345.71	-1071388.114	-645304.913	-1071479.305	105.147
-690524.34	-1056303.93	-689380.5	-1058492.11	2655.643
-751550.16	-1040812.85	-751544.04	-1040573.99	238.947
-666173.04	-1011510.76	-665581.79	-1012129.63	880.847
-746502.643	-1054238.287	-747391.63	-1054904.92	1111.39
-728567.02	-972171.56	-728957.97	-973977.14	2096.433
-794212.96	-1004037.02	-791003.305	-1005121.547	3392.414
-694056.868	-991633.331	-693880.659	-991617.913	177.991
-772764.25	-1031598.74	-767013.48	-1037675.4	8956.914
-844371.505	-1015266.524	-845099.434	-1014584.88	997.264
-706921.2	-1069889.39	-705725.959	-1070298.695	1524.878
-675509.289	-1054207.776	-674205.56	-1052947.414	1813.607
-792127.679	-1002992.899	-790860.627	-1002521.829	1362.064
-780721.85	-1035760.81	-776749.33	-1034354.42	5117.825
-674914.18	-1089234.17	-674162.497	-1089510.348	813.037
-792851.98	-1070549.81	-793371.063	-1072480.937	2064.625
-840067.835	-1070535.742	-840159.538	-1070577.962	123.596
-732856.34	-1029634.35	-732768.863	-1029469.931	187.334
-657654.09	-1066536.93	-657774.214	-1064956.032	1704.52
-793250.807	-1004363.66	-793463.21	-1003661.43	880.611
-829183.22	-1057270.09	-828948.94	-1056426.107	998.725
-799534.342	-1038607.217	-798436.954	-1040654.338	2455.082
-670493.82	-1074876.4	-670499.965	-1076816.189	2072.527
-717956.261	-978710.688	-717937.101	-978584.615	127.581
-765156.42	-1039346.91	-765271.33	-1038248.14	1139.816
-834866.785	-1038392.737	-835231.406	-1039871.309	1581.63
-750593.342	-1076454.824	-749668.16	-1075819.72	1196.144
-864454.75	-1014835.04	-864476.03	-1014847.41	27.069
-681594.23	-1047241.68	-689565.56	-1046565.28	8085.949
-727727.2	-1040446.25	-727871.94	-1040503.61	155.693
-729086.02	-1078563.0	-729076.19	-1078660.54	138.081
-763563.12	-1031604.49	-763808.35	-1031004.17	718.025
-881849.902	-1006983.169	-881872.21	-1006938.51	50.004
-822828.862	-1069529.776	-823222.53	-1069474.727	411.351
-842745.5	-1001935.625	-843135.49	-1000536.953	1574.794
-725770.197	-1069696.402	-725737.899	-1069763.208	78.573
-766752.906	-981642.493	-766953.473	-981111.047	570.762
-668996.86	-1009376.63	-670016.23	-1007047.13	2913.365
-794339.238	-1026365.099	-794811.08	-1026343.35	473.782
-727447.57	-1019795.24	-726936.28	-1019982.02	545.226
-868497.133	-1010424.36	-868667.144	-1010400.462	172.096
-691865.31	-1062400.71	-693322.025	-1064570.064	2906.679
-774165.979	-1032839.506	-773839.37	-1032477.27	488.546
-673597.602	-1036645.257	-673108.98	-1036819.32	545.613
-697498.543	-1012712.62	-696827.82	-1012290.25	794.024
-836341.28	-1052408.963	-834410.647	-1056690.533	4836.196
-738750.231	-1040041.52	-737685.69	-1039179.09	1371.395
-697479.08	-1067461.79	-696768.359	-1065799.89	1838.507
-675081.441	-1076381.104	-675625.415	-1077648.716	1797.735
-642583.084	-1075093.771	-641685.442	-1075561.728	1013.518
-750228.414	-988919.972	-751217.73	-988675.46	1081.045
-770275.01	-1015936.58	-770301.57	-1016164.93	229.934
-751860.75	-1007434.16	-751669.33	-1007020.21	472.665
-855539.19	-1006492.17	-853238.64	-1005290.72	3333.26
-817250.794	-1072663.047	-816650.416	-1075683.859	3350.298
-680379.32	-1044857.65	-679486.459	-1043293.085	2165.262
-824175.43	-1076403.11	-823930.32	-1076414.79	245.402
-646612.72	-1029025.29	-647401.8	-1028096.74	1306.705
-740449.38	-984069.56	-740425.24	-984956.78	896.806
-823782.609	-1010399.294	-824204.341	-1011429.901	1167.047
-665985.665	-1014190.974	-667596.64	-1016697.53	3212.251
-668977.106	-1067594.311	-667413.88	-1070189.63	3194.623
-732406.261	-1057487.646	-731999.944	-1057687.789	471.592
-875290.624	-1010744.429	-874248.415	-1011555.602	1347.967
-653072.91	-1022891.08	-653288.69	-1021283.75	2152.646
-702718.41	-1046996.8	-703193.08	-1047787.47	930.406
-752939.66	-1019805.72	-753404.14	-1020020.39	617.456
-687848.521	-1056929.249	-687848.906	-1056461.199	472.632
-842743.14	-1009995.94	-840674.114	-1009034.216	3210.568
-682349.499	-1071601.107	-681516.604	-1071396.197	927.869
-654422.55	-1033954.05	-654259.08	-1033888.45	179.689
-758946.8	-1047715.38	-758938.02	-1047552.36	168.945
-791126.51	-987607.11	-791773.631	-986774.146	1115.993
-740041.62	-1048597.98	-740040.5	-1048642.14	44.9