-699781.376	-1001286.294	-698666.268	-1001783.179	14.5374
-818157.27	-1038318.05	-817623.148	-1037014.96	17.9434
-738890.244	-1040092.129	-739143.03	-1040124.46	5.1283
-649175.674	-1083114.173	-649508.54	-1081915.849	15.2435
-771691.03	-1056741.32	-770168.015	-1057386.5	20.5991
-698925.234	-1010862.723	-698831.482	-1012630.365	21.0471
-708233.01	-1084992.954	-707996.479	-1083867.228	13.4949
-722967.369	-1006661.187	-725864.598	-1006765.46	40.6501
-671323.556	-1013361.815	-671334.839	-1013380.04	0.564
-740517.56	-1057594.04	-740512.28	-1057582.49	0.277
-676072.97	-1057055.44	-676169.25	-1057074.54	1.9918
-840762.94	-1019368.88	-840670.518	-1019476.288	2.4959
-739456.84	-1047650.3	-739501.61	-1047742.46	2.121
-720554.445	-1047589.278	-720978.91	-1047681.804	9.105
-646860.963	-1084552.205	-647976.31	-1088461.283	46.2094
-641605.123	-1092203.697	-641361.511	-1092462.084	7.2571
-768381.901	-1043327.415	-768948.186	-1044541.868	15.1476
-822538.061	-1068643.955	-822459.54	-1068874.63	4.9082
-746806.121	-1017300.037	-746818.768	-1017317.733	0.2635
-728616.024	-1078644.729	-728602.055	-1078644.568	0.2959
-807534.432	-1051274.618	-807285.49	-1049727.11	18.0312
-765863.967	-983629.744	-766483.586	-982856.956	7.8376
-828416.25	-1029164.0	-828832.036	-1030165.093	13.6425
-722148.55	-1041869.95	-725662.193	-1042408.85	27.7775
-697966.78	-1002610.83	-697594.008	-1001104.644	17.7417
-691133.201	-1066124.921	-691161.547	-1066271.947	1.6637
-803608.21	-1077857.96	-803916.975	-1076948.765	19.3802
-723658.439	-1036741.984	-723901.304	-1036730.429	4.9289
-654577.54	-1028792.8	-655721.4	-1026706.88	29.8949
-789713.931	-1027151.929	-789783.118	-1027080.451	1.2188
-880059.211	-1017014.859	-880905.313	-1014385.715	34.4547
-718298.05	-1057596.86	-717259.4	-1057317.02	21.5328
-752145.81	-1038511.65	-752125.679	-1038679.677	3.5153
-788150.0	-990375.94	-787980.79	-990434.66	3.5908
-773231.14	-998764.04	-773902.9	-997205.3	19.2995
-711170.12	-1025870.9	-711022.23	-1025781.77	3.4535
-649085.77	-1029046.31	-648804.6	-1029120.41	3.2331
-771203.743	-989206.762	-771078.29	-990730.67	20.8516
-773237.107	-978438.398	-770903.04	-979469.9	23.9218
-811825.3	-986832.05	-811963.57	-985598.44	15.0442
-772117.211	-1018247.012	-771592.16	-1018016.29	6.6607
-719573.58	-1015047.5	-719846.08	-1013478.47	19.0906
-806118.682	-1006432.464	-802905.445	-1007319.834	43.3622
-656208.767	-1092763.429	-656812.937	-1093501.15	25.0215
-688328.881	-1046580.985	-688233.175	-1046546.614	2.0612
-852656.05	-1038915.62	-854429.27	-1039690.03	22.9034
-790860.627	-1002521.829	-793542.74	-999883.96	46.9802
-733481.924	-975306.942	-734539.895	-974968.556	13.3185
-699963.086	-1071719.372	-699077.33	-1070595.49	16.3926
-805541.115	-990403.576	-805521.1	-990411.345	0.4627
-721396.0	-1052860.8	-721062.76	-1053407.858	7.7196
-676359.333	-1040833.919	-675978.208	-1041097.886	5.2035
-857071.95	-1039267.52	-854289.81	-1040087.67	35.0918
-663771.536	-1036203.713	-663566.08	-1037782.32	17.8062
-749112.72	-1053953.78	-749962.11	-1054825.44	24.8793
-765682.58	-1040663.16	-765097.63	-1039469.87	16.3641
-778922.16	-1071182.43	-781657.589	-1070927.959	31.6622
-756485.88	-996910.85	-755871.129	-995504.851	20.1809
-694157.94	-1044358.01	-694128.44	-1044382.37	0.8827
-752450.15	-1042833.73	-752455.375	-1043124.0	3.241
-730244.83	-1030971.86	-729616.5	-1031588.92	9.8277
-767628.36	-1046038.68	-767521.688	-1046058.5	2.1728
-738807.89	-1040058.4	-738890.244	-1040092.129	1.7807
-849492.813	-1064832.5	-849524.125	-1064819.0	0.9023
-778922.16	-1071182.43	-778814.3	-1071062.64	3.3225
-641605.123	-1092203.697	-642864.698	-1091196.524	20.2737
-734667.725	-1041598.981	-734904.4	-1041120.39	6.6804
-781482.919	-985956.992	-781603.936	-986039.87	2.9908
-740252.159	-1048828.77	-740042.682	-1048803.266	4.261
-819326.668	-1076797.521	-818948.018	-1077663.065	14.1951
-781065.17	-989219.41	-781064.88	-989176.29	0.4791
-687128.448	-1059812.154	-688066.84	-1062324.49	38.6073
-702051.307	-1042737.632	-700476.8	-1041432.14	23.2614
-831413.73	-984863.759	-834024.087	-983878.067	37.2926
-745098.936	-1048384.833	-744834.87	-1048200.68	6.4699
-690276.83	-1015960.33	-690459.05	-1018887.38	35.1606
-767326.434	-971436.256	-767218.369	-971343.443	3.0629
-721519.313	-1032410.851	-721593.39	-1032506.03	0.9278
-851518.2	-1010751.166	-851816.443	-1010487.409	7.9947
-753684.045	-981066.838	-754958.704	-982106.82	20.1124
-737336.209	-1046745.719	-737336.38	-1046672.94	1.5864
-757816.444	-1031573.963	-757892.83	-1031276.15	6.165
-721832.46	-1081626.08	-721734.23	-1079750.92	23.4727
-770406.95	-1016484.18	-770317.58	-1016319.82	3.7807
-699256.34	-1061459.02	-698639.7	-1060855.31	9.8549
-658260.77	-1017886.87	-658912.297	-1021936.138	70.0547
-649269.117	-1061763.106	-649286.677	-1061749.033	0.4879
-671549.868	-1018795.541	-670644.52	-1018055.48	13.4669
-754958.704	-982106.82	-754170.984	-982983.49	14.0879
-733066.43	-1000888.03	-731996.41	-998262.67	36.1566
-738930.214	-1070969.271	-738946.797	-1071544.05	6.9157
-687083.697	-1086022.321	-688233.261	-1086832.798	15.9185
-774993.72	-1033762.995	-774972.65	-1033732.19	0.8267
-740572.33	-1040310.77	-740517.97	-1040263.89	1.7239
-654990.782	-1070102.447	-655004.554	-1070119.791	0.2815
-697482.489	-1026804.253	-697605.08	-1030139.578	40.9297
-833948.712	-1071199.905	-833895.713	-1071419.942	4.535
-801941.445	-1036474.226	-800263.776	-1036286.025	21.8177
-662783.192	-1048928.588	-663755.607	-1051422.114	32.2759
-865033.199	-1014739.988	-867009.472	-1014018.47	43.5391
-794659.195	-1039549.728	-798142.012	-1040529.697	42.4833
-782050.48	-1009785.59	-782023.23	-1007416.47	27.9675
-728843.855	-1039330.22	-729214.448	-1040266.062	11.6336
-739238.46	-1040119.82	-739082.491	-1040215.115	7.0247
-708461.4	-1069518.07	-707874.94	-1069852.35	7.535
-738120.433	-1086138.778	-738150.745	-1085874.268	34.3448
-762551.91	-1038286.19	-762567.14	-1038342.76	0.6517
-724640.929	-1034155.105	-726557.64	-1030504.07	48.8248
-705427.24	-1044468.27	-705211.72	-1044587.42	1.8946
-748333.149	-980555.381	-748074.278	-981286.736	8.8946
-718601.39	-1025304.16	-720536.65	-1026893.42	28.2774
-781214.734	-998287.394	-782077.75	-996422.43	24.2293
-646321.017	-1065809.304	-643828.134	-1066696.643	30.2892
-741812.93	-1041316.18	-742025.384	-1041551.688	7.0792
-836190.341	-989605.311	-835338.541	-986249.51	40.304
-689537.866	-1046430.53	-689541.189	-1046445.739	0.3286
-771925.35	-1015431.21	-772409.43	-1015257.39	5.8493
-724437.183	-1041554.406	-724451.812	-1041571.23	0.2787
-696275.836	-1045441.325	-696311.254	-1045338.548	1.3996
-765367.06	-1080162.52	-765999.3	-1078549.26	20.0507
-829974.814	-1072884.661	-830129.382	-1072797.519	1.3659
-684709.56	-1008697.17	-684463.163	-1008439.427	7.1319
-824860.766	-1067179.646	-823952.872	-1066561.885	12.8385
-659303.77	-1056898.26	-659290.395	-1054466.073	29.1135
-772417.03	-1059210.58	-772442.814	-1059091.704	2.4399
-700619.652	-1070088.575	-699963.086	-1071719.372	19.7881
-676623.208	-1092587.477	-676956.373	-1091523.562	33.7167
-750178.031	-1005376.112	-750159.616	-1005373.797	0.3965
-865292.98	-1015988.686	-865301.54	-1016244.292	5.3412
-660644.73	-1082561.32	-658278.062	-1080883.94	35.1294
-645895.34	-1082488.863	-644785.521	-1082590.738	12.6815
-641200.314	-1062662.991	-641137.754	-1061523.742	13.0045
-732856.34	-1029634.35	-732473.929	-1029694.138	8.3888
-784542.341	-1004527.927	-783314.78	-1005296.41	16.7261
-741810.06	-1048888.99	-743775.84	-1049079.58	40.6317
-776403.965	-1052478.333	-776091.979	-1050901.754	22.7404
-769389.42	-1033348.2	-769269.16	-1031918.29	16.3108
-778371.176	-1058882.796	-778543.215	-1058986.636	1.5458
-741595.338	-1042667.249	-741631.52	-1043058.113	7.8583
-779024.37	-981604.83	-778879.455	-981677.522	3.2429
-763264.3	-977132.65	-763397.24	-977099.53	2.7411
-726774.909	-1054699.946	-727029.82	-1054875.525	6.1936
-727201.508	-993032.23	-725140.036	-993094.291	28.9073
-753337.248	-1047994.104	-753428.182	-1047855.423	3.3169
-748228.245	-984805.298	-748266.93	-984834.88	0.5413
-756891.0	-1048656.43	-755561.139	-1048762.837	15.0894
-706833.082	-1051923.937	-707080.209	-1050289.257	18.914
-669508.322	-1044456.713	-669043.352	-1044621.083	9.917
-695912.142	-1063048.495	-695861.772	-1062713.259	3.7869
-820611.661	-1069858.811	-821832.261	-1069947.466	24.7613
-671939.704	-1014790.747	-671157.532	-1014752.688	16.1466
-719664.66	-1030725.65	-719755.49	-1030528.03	2.6695
-646889.99	-1040994.64	-646418.13	-1041526.08	14.3949
-788804.87	-979200.83	-789064.31	-977443.98	19.77
-752070.68	-1038599.17	-752161.6	-1038473.45	3.1032
-749343.934	-1045675.019	-751326.36	-1045689.05	39.6496
-664402.25	-1047829.813	-664184.063	-1047903.25	2.5584
-824242.78	-1071919.35	-824346.25	-1071995.96	2.594
-675688.767	-1054501.648	-675849.46	-1054214.26	6.9207
-753071.696	-979898.12	-752431.017	-980746.742	12.9967
-788280.93	-990324.35	-788150.0	-990375.94	2.8245
-662627.63	-1025776.23	-662006.84	-1026065.79	8.3798
-742518.5	-1045924.19	-742522.57	-1045850.3	1.4826
-706247.82	-1004012.78	-706091.96	-1004485.88	5.5552
-789158.18	-1016222.98	-788774.22	-1016148.65	4.5635
-646565.498	-1077448.371	-646962.665	-1079051.72	22.6955
-747453.951	-1024023.395	-747371.97	-1023961.73	2.0881
-763141.96	-992584.68	-762936.56	-992381.36	5.7809
-754233.047	-1046633.889	-753444.92	-1047853.34	30.0925
-753600.19	-1041770.82	-753237.68	-1041867.54	2.8888
-754682.0	-993568.33	-756148.73	-993317.52	35.7804
-650316.67	-1066703.03	-651043.587	-1068475.414	21.5925
-882361.76	-1020912.45	-882376.558	-1020884.772	0.3532
-810692.36	-991756.35	-810760.28	-991750.83	0.8474
-646333.375	-1062376.067	-646349.547	-1062365.682	0.4698
-808214.44	-991501.83	-810681.831	-985609.893	81.2757
-810812.074	-1036876.588	-810276.99	-1036473.986	8.7522
-725654.097	-998847.16	-727322.78	-1001073.29	40.4746
-702593.435	-1089864.197	-702961.865	-1089131.717	22.0755
-742614.85	-1013335.24	-742265.16	-1013559.67	4.628
-648320.15	-1058431.014	-648218.514	-1058462.339	2.1307
-746021.746	-1054033.324	-745964.069	-1053779.076	5.2307
-814348.83	-1031915.438	-815676.12	-1031636.57	17.7495
-725329.222	-978326.922	-724592.087	-974878.778	39.5175
-713680.036	-1033381.515	-714019.39	-1030869.42	30.4263
-746274.66	-993820.43	-745363.224	-990602.243	41.0983
-733709.44	-1030190.23	-732856.34	-1029634.35	23.0089
-778139.229	-981927.018	-778150.952	-981922.887	0.2944
-767753.343	-1064569.401	-768216.533	-1064805.843	5.9362
-737520.29	-1046623.77	-737762.72	-1046569.09	5.0013
-766569.98	-1006757.01	-766470.27	-1008040.88	15.8633
-695047.376	-1044391.963	-694157.94	-1044358.01	9.8973
-730812.91	-1045592.62	-730655.43	-1045534.04	2.1007
-649184.804	-1019796.781	-649081.88	-1019866.94	2.5201
-792277.4	-1036604.21	-791434.04	-1034401.32	27.4042
-828138.18	-988352.21	-829024.303	-985564.954	35.7076
-768394.55	-991513.293	-768913.823	-991587.479	5.8397
-776179.99	-979470.54	-774371.24	-980479.83	28.5228
-680931.996	-991412.351	-681247.84	-991599.76	4.8892
-729424.24	-1055153.083	-728273.927	-1055690.496	14.9008
-741783.23	-1022223.97	-741471.85	-1019735.03	28.0143
-704080.94	-1018633.22	-704031.14	-1018885.86	2.8612
-814270.804	-1042305.748	-814250.59	-1042219.57	0.9841
-770761.02	-979548.54	-773237.107	-978438.398	25.3477
-800928.821	-1006647.121	-798710.683	-1005533.253	30.7546
-738037.11	-1005368.743	-738002.88	-1005326.91	0.6022
-808251.99	-998862.84	-807625.76	-999569.73	10.7361
-729298.04	-1084653.56	-729054.11	-1086088.29	19.7707
-850635.225	-1022379.352	-846221.073	-1022074.287	54.5038
-701062.533	-1010506.052	-700948.227	-1010726.782	5.087
-794481.78	-1004012.95	-794481.072	-1003988.877	0.2998
-712873.074	-983376.143	-712873.971	-983396.929	0.498
-758192.223	-1015753.97	-758638.51	-1013428.37	31.331
-856461.245	-1058546.125	-856838.514	-1058576.18	4.5292
-642862.219	-1071659.45	-640730.83	-1072215.52	24.5842
-714747.487	-1020317.35	-715971.72	-1019153.54	19.1379
-772600.332	-1054949.996	-772662.778	-1054864.906	2.1115
-753305.819	-1004644.725	-753311.776	-1004662.85	0.2337
-802663.404	-1071055.267	-806461.312	-1072615.239	47.0752
-780629.94	-1015323.93	-779957.29	-1013277.41	24.2379
-845263.628	-1031836.868	-845191.49	-1031871.04	1.6898
-800845.07	-1040057.81	-799534.342	-1038607.217	25.4128
-783506.85	-1065494.96	-783554.64	-1066015.71	14.1478
-783766.49	-973858.9	-784099.891	-975185.692	16.6176
-644574.533	-1038412.225	-644501.1	-1038399.972	0.8415
-659255.092	-1065048.695	-659884.474	-1065080.258	12.8
-671157.532	-1014752.688	-671278.02	-1014903.47	2.4373
-657637.67	-1071921.73	-659661.553	-1072015.61	24.8669
-673383.37	-1012036.57	-673303.995	-1012046.221	1.7242
-850259.53	-1002106.96	-849278.494	-1001949.545	11.1943
-692398.456	-1061029.368	-691574.13	-1060305.91	12.3229
-687349.345	-1073792.005	-688002.282	-1075181.562	22.8114
-881432.276	-1028474.542	-881426.324	-1030947.055	29.6599
-848599.115	-1010014.034	-848631.622	-1009970.503	1.4667
-810667.344	-991730.324	-810333.785	-991622.577	4.512
-816360.47	-1040386.63	-814540.66	-1041755.27	28.7661
-887508.86	-1019850.702	-887593.216	-1019848.564	0.9376
-664324.403	-1076602.339	-665871.701	-1077467.464	20.0444
-827877.321	-1041525.222	-827952.099	-1041307.414	4.8078
-669115.19	-1014089.95	-669096.11	-1014095.01	0.3948
-783489.42	-1061938.708	-783301.77	-1061787.31	4.8223
-649218.969	-1061762.193	-649175.166	-1061861.382	2.3039
-827416.761	-1067890.621	-826590.528	-1066929.803	26.2987
-846571.19	-1058231.87	-849027.29	-1064681.514	90.2701
-702096.308	-1043248.3	-699059.06	-1044114.19	35.1983
-647250.053	-1071710.344	-647230.95	-1071708.757	0.4132
-802162.267	-989165.468	-802745.655	-986906.4	25.9943
-677792.44	-1026214.67	-675281.436	-1028735.788	45.6011
-693984.34	-985511.09	-693882.019	-985360.406	3.7781
-759709.546	-1022511.169	-758738.418	-1022082.312	11.8463
-666244.74	-1012055.81	-665581.79	-1012129.63	7.488
-713219.871	-1058449.529	-713318.64	-1057596.11	17.2105
-756787.96	-1074718.42	-756668.73	-1074707.95	2.4104
-806693.978	-1072845.383	-806475.528	-1072629.159	6.2448
-734517.46	-1041013.28	-732453.52	-1040841.31	23.4591
-845456.526	-1038852.984	-846443.724	-1036838.121	29.6232
-835040.953	-1040646.03	-833692.707	-1042370.341	27.0697
-730385.752	-1043397.184	-730143.03	-1043481.59	1.9783
-723303.99	-1003392.09	-723479.16	-1003385.98	2.1202
-826432.35	-1070622.92	-826669.354	-1070793.339	6.2811
-753333.535	-979268.124	-753862.964	-979708.209	16.1472
-861624.971	-1062894.808	-860415.091	-1062241.287	15.9367
-675640.02	-1070644.17	-673976.137	-1069265.756	24.7486
-831240.458	-999151.728	-831193.859	-999203.224	0.7827
-770075.309	-979937.134	-769529.73	-980208.64	6.8996
-756963.7	-1065845.66	-759007.55	-1068529.69	26.6288
-650684.518	-1064923.191	-648646.5	-1065164.625	24.232
-870696.034	-1028508.817	-868550.73	-1025322.24	52.7641
-748331.57	-1058014.71	-748344.33	-1057914.08	1.1681
-807087.86	-996251.48	-807022.055	-996238.78	1.4381
-825530.02	-1076547.61	-824557.59	-1076392.94	7.5886
-874060.667	-995595.356	-873406.78	-991086.604	56.5628
-796572.45	-1009553.07	-794318.27	-1008076.35	35.2352
-784212.8	-1059855.91	-783526.28	-1061170.79	17.6327
-690630.034	-1083921.78	-693617.036	-1085212.682	47.0527
-831365.121	-1070584.323	-832522.232	-1070640.672	13.0353
-674962.455	-1021144.372	-675391.292	-1019425.013	21.2716
-747391.63	-1054904.92	-747508.02	-1054938.99	2.4729
-855476.543	-997761.633	-853365.73	-1002828.81	82.2162
-679531.5	-1068030.357	-679522.468	-1067119.159	18.6815
-752450.15	-1042833.73	-752328.935	-1043033.012	1.8063
-736747.68	-1038593.73	-735568.11	-1040276.17	23.0066
-777963.57	-980328.72	-778018.52	-980258.925	0.987
-765196.17	-991442.12	-765234.64	-991502.28	0.802
-779251.363	-993739.69	-780523.91	-993848.68	16.6398
-831111.946	-997765.178	-830193.24	-997923.3	18.8514
-827404.39	-1021838.42	-827593.495	-1020692.692	13.5838
-779014.383	-981884.226	-779009.3	-981800.15	1.9035
-744509.614	-989894.407	-744693.307	-988746.254	13.289
-767952.16	-1018202.72	-767274.47	-1016513.4	20.8151
-754326.98	-1045709.048	-755007.66	-1046144.38	16.2349
-777324.325	-973961.95	-777348.35	-973934.58	0.8991
-829697.252	-1070349.003	-829918.574	-1070530.916	6.1988
-744427.01	-1041940.53	-742589.37	-1041655.95	37.5046
-743748.95	-1024743.24	-743703.125	-1025022.688	5.6779
-650508.75	-1024626.59	-649971.71	-1026167.52	21.1755
-668960.1	-1074642.45	-667006.204	-1075075.738	22.5391
-789558.28	-989147.0	-789599.47	-989178.13	1.2052
-675234.35	-1007214.66	-675048.91	-1008405.81	14.4849
-662680.682	-1092699.221	-660193.355	-1090932.548	38.7827
-752105.489	-980945.987	-752687.05	-982562.7	29.8309
-770823.51	-981441.98	-770807.14	-981413.88	0.3614
-745060.155	-988699.985	-744763.263	-988713.681	6.4109
-697516.782	-1035928.448	-697541.012	-1035978.822	0.6215
-660888.99	-1076633.9	-661479.04	-1077396.65	10.8314
-742458.968	-1045227.057	-741982.434	-1043721.781	32.9304
-644971.38	-1032389.41	-643499.44	-1034658.75	32.1053
-647877.341	-1062897.559	-646271.32	-1063832.91	21.1834
-720501.53	-1007824.76	-721120.86	-1008565.41	13.7512
-756498.84	-1080484.19	-757206.48	-1080755.63	8.5446
-816403.88	-1076194.94	-815495.249	-1077006.108	25.9878
-777861.4	-994155.78	-776977.4	-994336.9	10.2272
-703994.683	-1051276.113	-702949.797	-1052173.005	16.0268
-755071.627	-972993.598	-756230.625	-971996.438	18.0536
-827959.95	-1025194.124	-828432.897	-1025096.197	5.3664
-809128.779	-1074842.045	-807937.656	-1073945.98	17.5032
-645008.33	-1049648.67	-645067.71	-1049645.3	1.2046
-813718.777	-1072673.812	-818651.724	-1074636.177	41.9127
-862971.997	-1029304.174	-863093.577	-1028678.965	7.5579
-739353.38	-1033785.91	-739362.188	-1033725.438	1.2488
-830319.0	-1023231.16	-831254.004	-1022479.198	14.2427
-867326.503	-1012994.96	-866969.154	-1012833.063	8.3171
-865997.726	-1006888.609	-865417.798	-1006932.159	6.5992
-644390.63	-1074453.586	-644363.469	-1074457.652	0.5496
-677020.49	-1000618.96	-677452.67	-996678.42	46.8155
-826437.994	-1068327.778	-824983.948	-1067325.925	35.8204
-788376.49	-989836.61	-788657.3	-989779.55	3.1884
-819105.02	-1017258.59	-819149.87	-1017315.07	0.802
-815246.656	-1034011.793	-813741.686	-1034385.49	18.7055
-698168.294	-995083.306	-699656.9	-989234.21	70.847
-826730.649	-1070790.848	-826644.106	-1068543.16	26.7508
-857441.077	-1066745.506	-857682.671	-1066757.76	2.6878
-719358.41	-1030469.28	-719467.12	-1030538.8	1.4522
-664760.619	-1005645.69	-664728.44	-1005648.28	0.3593
-645261.5	-1019198.11	-645714.73	-1017890.78	15.5565
-689519.15	-1046326.769	-689587.498	-1046417.111	1.2842
-735378.68	-1040730.19	-735557.76	-1040276.86	9.9173
-764859.74	-983493.05	-764427.96	-984213.11	10.0768
-815143.711	-1070873.278	-815293.012	-1071088.658	5.2415
-778958.856	-1029962.33	-780351.726	-1028866.151	20.938
-863515.102	-1062767.975	-861624.971	-1062894.808	26.156
-865944.702	-1046034.631	-867453.799	-1044174.344	27.0517
-726488.524	-1059462.93	-725952.316	-1059744.272	12.2773
-685206.43	-1070551.72	-684936.41	-1068925.74	18.5536
-684827.173	-1062061.435	-686980.44	-1062408.9	27.9723
-809228.339	-1008664.888	-812426.4	-1007250.22	41.4308
-736690.38	-983714.019	-736667.864	-983719.336	0.5083
-688864.228	-1079452.576	-688754.704	-1080190.043	8.8152
-767615.32	-1045923.917	-767491.287	-1045988.307	3.53
-757249.19	-1054548.64	-758171.547	-1053690.762	14.753
-759844.263	-994650.504	-759169.19	-993327.263	17.4232
-783870.85	-988372.22	-783982.72	-988290.11	1.6467
-807838.519	-1027990.408	-808386.509	-1029996.246	23.7409
-783769.365	-1025764.997	-781142.37	-1024346.29	33.7428
-666052.66	-1013687.66	-664642.66	-1013307.79	16.2259
-848832.896	-1010100.024	-848962.91	-1010196.535	3.2388
-690438.51	-1007547.74	-690227.01	-1008787.15	17.1036
-695848.88	-1063391.09	-694676.06	-1062700.39	15.2698
-711558.013	-1059050.548	-709530.633	-1060363.498	27.4549
-737247.074	-1035840.859	-737250.813	-1035813.563	0.551
-886250.58	-1006012.601	-887135.399	-1006153.178	18.6634
-692470.7	-1037425.66	-692331.51	-1039270.14	20.6581
-715974.36	-1048190.05	-718045.351	-1046662.504	32.5993
-753550.831	-1045351.972	-753521.58	-1045244.16	1.2416
-667732.27	-1052888.66	-666416.596	-1051353.785	28.8421
-788981.45	-1005130.06	-788963.31	-1005173.23	0.943
-751945.629	-984673.444	-751731.718	-984231.884	5.6432
-765293.39	-1061827.9	-765106.286	-1060529.073	20.7855
-737206.749	-1023015.723	-737576.263	-1021220.559	23.8318
-679630.205	-1067940.403	-679959.244	-1068126.389	7.6177
-709975.95	-1078585.03	-707680.002	-1079370.444	30.4826
-786314.85	-1063861.96	-785879.46	-1063937.49	4.9818
-781165.18	-977555.19	-779744.871	-976486.266	19.7641
-677070.88	-1001484.59	-677007.72	-1000843.96	14.8889
-716853.89	-1028471.05	-716792.41	-1028460.31	0.696
-678232.017	-1006361.03	-677815.19	-1005964.39	6.5592
-764550.697	-1059651.999	-765494.96	-1058755.27	17.3263
-834476.86	-1034461.395	-835229.15	-1036761.68	32.6385
-652788.91	-1048069.96	-653801.06	-1046947.06	17.5371
-642027.43	-1036100.23	-641536.53	-1036240.3	10.2199
-691713.46	-1050986.78	-692138.97	-1053501.65	28.9322
-714955.33	-1050127.92	-713785.282	-1051216.456	21.1628
-654291.117	-1037485.592	-652600.61	-1037242.8	20.7456
-719811.36	-993031.51	-726528.96	-994833.11	97.236
-772290.594	-972053.928	-773077.46	-973270.523	16.7256
-740406.404	-1048873.624	-741046.815	-1048810.985	13.0895
-693463.932	-1026383.908	-695271.118	-1026511.729	21.0696
-735825.19	-1046142.27	-734745.64	-1045801.2	22.7158
-717159.18	-1080163.72	-716793.53	-1080685.37	7.485
-738223.133	-1026283.648	-737151.093	-1027403.432	17.4502
-718581.56	-1070656.91	-717029.302	-1073941.21	51.5139
-814934.646	-1044042.706	-814270.804	-1042305.748	25.7184
-805521.1	-990411.345	-807218.882	-991570.862	25.1176
-776977.4	-994336.9	-775685.57	-995993.75	25.5095
-778671.883	-1022544.298	-778800.86	-1022489.66	1.561
-700948.227	-1010726.782	-701009.116	-1011040.206	6.3971
-727819.46	-1073856.16	-727946.954	-1073950.328	3.5076
-797092.49	-1041981.24	-797715.38	-1042168.53	7.3211
-648218.514	-1058462.339	-648176.324	-1058521.286	1.4625
-690459.05	-1018887.38	-691880.813	-1019898.25	21.9669
-740022.484	-1032690.58	-740013.875	-1032677.758	0.1869
-832441.61	-1024564.49	-832638.577	-1024569.831	2.1893
-854740.22	-1011317.25	-854546.74	-1011568.45	6.3579
-781686.39	-976700.47	-781209.79	-976036.71	17.0691
-710188.14	-1048859.05	-710182.35	-1049300.4	8.832
-724372.57	-1065211.67	-721564.055	-1069982.225	44.4863
-777798.65	-971854.93	-775193.89	-971812.77	31.3787
-685944.85	-993645.62	-685788.91	-993690.74	3.2477
-807997.3	-1023995.28	-805933.271	-1023474.187	24.6881
-832911.048	-1027494.357	-834807.219	-1026606.637	23.9297
-749006.06	-998903.22	-749612.02	-998037.06	13.4641
-794276.65	-1021389.39	-794397.695	-1023702.711	30.7193
-730521.401	-1057413.653	-730531.813	-1057439.07	0.3263
-675298.665	-1071534.53	-675198.195	-1071371.947	2.9459
-763002.36	-1036772.169	-762993.042	-1036759.664	0.3367
-644757.665	-1038531.886	-644892.875	-1038839.148	3.7326
-722367.371	-1006034.439	-721659.61	-1005327.96	11.9483
-770807.14	-981413.88	-769283.265	-983580.511	41.1164
-740017.87	-1023680.65	-741582.743	-1023354.686	21.2146
-852196.714	-1010420.746	-852230.78	-1010352.22	2.5828
-794666.078	-986619.372	-795341.173	-986115.417	9.6739
-678205.782	-991822.832	-678506.4	-991606.16	8.7182
-746181.747	-1054149.451	-746077.791	-1054052.872	2.8768
-693104.317	-1069194.366	-694188.084	-1070765.684	21.5288
-652497.992	-1066015.383	-652274.886	-1066104.592	2.6761
-642805.577	-1092189.703	-642864.698	-1091196.524	11.2109
-757897.741	-971877.005	-758207.97	-971824.14	4.0752
-661199.007	-1036333.514	-658843.558	-1036421.033	26.7958
-729778.3	-987713.52	-728916.517	-986860.571	19.5091
-682729.164	-996505.443	-684556.785	-996046.574	32.7826
-778111.46	-1076900.66	-779507.38	-1077682.8	18.6325
-806683.103	-1070750.001	-804883.477	-1069352.662	29.8515
-680184.437	-1024783.66	-684152.15	-1027257.2	55.9741
-705497.782	-1055305.569	-704681.19	-1057271.49	24.4971
-765648.86	-1014631.0	-764160.43	-1016431.93	28.0012
-765437.161	-1051460.769	-767592.88	-1049843.99	41.2332
-741695.67	-1043261.92	-741854.177	-1043506.321	5.8397
-648105.59	-1042943.23	-649026.99	-1042930.417	10.4357
-646328.303	-1042747.946	-648105.59	-1042943.23	20.1026
-678590.879	-1024845.262	-675523.865	-1025031.442	38.1234
-767713.24	-1020395.35	-768007.545	-1020866.625	6.2099
-687297.019	-1004332.947	-684528.15	-1005371.2	55.1159
-736319.77	-987791.74	-740361.66	-987432.43	51.2701
-790815.001	-1005014.454	-790798.577	-1005026.94	0.2523
-777561.69	-1064473.0	-777421.09	-1064471.68	2.8412
-671926.45	-1066273.52	-669692.44	-1068140.09	35.5056
-756447.96	-1021323.23	-756261.917	-1021338.145	2.2633
-741585.11	-1042462.899	-741595.796	-1042546.691	1.7442
-730940.9	-1057524.13	-731354.232	-1057376.602	4.9674
-648175.388	-1058490.263	-648176.324	-1058521.286	0.6207
-762567.14	-1038342.76	-762618.34	-1038545.51	2.332
-768246.13	-1007091.41	-768489.338	-1006064.852	12.3504
-783159.19	-985951.26	-786429.169	-985671.17	37.7711
-724561.98	-1065478.333	-724303.808	-1063006.377	36.5877
-775984.15	-977292.28	-776389.105	-977198.922	8.5579
-667163.557	-1083642.392	-666976.85	-1084987.33	15.5801
-764261.78	-997949.66	-762872.288	-999971.451	27.7182
-866585.404	-1040998.766	-866570.558	-1040967.68	0.452
-747934.61	-980092.39	-748339.95	-979141.65	12.4575
-673860.1	-1011319.61	-673103.375	-1012159.25	14.8749
-853238.64	-1005290.72	-853220.61	-1005292.68	0.2324
-812211.605	-1044382.774	-814216.137	-1042267.043	35.2058
-730629.2	-1084569.55	-730363.36	-1084639.28	5.721
-786504.24	-985626.52	-790570.55	-988005.54	63.8302
-691664.96	-1036227.03	-691007.84	-1035833.65	8.907
-763628.32	-976556.84	-763419.86	-977081.8	12.2798
-695974.948	-1082369.357	-695521.784	-1081674.409	10.8851
-772390.309	-1054712.423	-772391.897	-1054695.278	0.3822
-788881.111	-1025129.916	-791324.55	-1023883.27	30.9248
-658457.852	-1051857.961	-658334.737	-1052094.419	5.7575
-721440.643	-1056896.976	-720485.953	-1057079.4	19.5561
-789625.983	-1027260.753	-789661.866	-1027019.796	2.7074
-745388.884	-996068.068	-744036.04	-995306.13	19.7021
-819756.53	-1076870.55	-818728.15	-1074717.07	18.7859
-851348.499	-1041793.972	-852299.85	-1041099.68	13.5431
-666386.09	-1013742.47	-666372.05	-1013756.79	0.2675
-772072.604	-1055109.476	-772600.332	-1054949.996	17.6022
-697239.861	-1038815.407	-697248.668	-1038787.04	0.7211
-705349.875	-1044497.918	-705261.63	-1044465.61	3.3559
-763360.59	-1072785.59	-763306.519	-1072853.719	1.0331
-721832.46	-1081626.08	-718816.05	-1080246.1	38.2378
-691280.26	-1049337.06	-692738.64	-1049095.92	16.7061
-729655.017	-1001739.13	-727786.246	-1001564.236	22.2911
-719856.982	-1019559.838	-719458.52	-1019522.39	4.5399
-845263.628	-1031836.868	-845245.939	-1031964.905	3.3717
-767792.95	-1022765.24	-768028.498	-1020847.565	23.8367
-724920.28	-1020590.19	-723882.82	-1021668.55	21.432
-825105.07	-1064563.95	-825336.372	-1064370.67	6.0388
-859612.768	-1012994.734	-859622.546	-1013029.012	0.8224
-665351.65	-1074709.53	-664954.73	-1074235.15	7.3082
-726907.287	-1054944.598	-726844.043	-1054963.478	1.364
-738956.875	-1048768.4	-739066.942	-1048837.079	5.0257
-775931.861	-1014770.023	-776056.529	-1014620.924	1.4952
-768948.186	-1044541.868	-771084.12	-1044639.87	25.2032
-750699.369	-993068.138	-755638.975	-991032.899	60.99
-665581.79	-1012129.63	-665051.49	-1012206.8	6.0326
-645050.708	-1074298.705	-645058.102	-1074054.935	4.9421
-741472.762	-1058921.539	-741460.669	-1058925.122	0.278
-739933.37	-1055698.36	-737962.08	-1057878.6	25.1774
-696490.038	-1045413.991	-705349.875	-1044497.918	69.762
-761851.211	-980207.841	-760789.082	-981676.851	25.1
-721122.653	-1013634.872	-720730.33	-1012025.78	19.9324
-763530.548	-1022285.521	-763472.347	-1022342.542	0.9595
-740628.86	-1074654.03	-740565.003	-1075583.468	10.981
-645139.2	-1049789.74	-645200.794	-1049985.649	4.1186
-651504.349	-1069456.071	-651380.482	-1069460.765	1.3862
-774638.4	-1000367.22	-774673.57	-1000296.917	0.8737
-732450.528	-1054772.006	-732562.453	-1055095.45	6.852
-887874.331	-1020027.343	-887861.358	-1020176.436	1.663
-867788.045	-1017518.115	-867706.58	-1017480.5	1.7958
-762838.747	-1028415.402	-762929.756	-1028472.199	2.1635
-713993.34	-1063567.17	-711784.0	-1064749.93	44.3742
-726330.742	-988719.655	-726313.87	-985563.72	48.3019
-844157.23	-1005396.74	-844031.05	-1005115.65	3.4381
-718816.05	-1080246.1	-718252.42	-1081151.425	12.998
-782026.167	-1007397.616	-782023.23	-1007416.47	0.4155
-673976.137	-1069265.756	-672661.78	-1068657.88	16.3961
-824116.77	-1073873.79	-824107.511	-1073718.837	1.4112
-740190.65	-1048779.76	-740406.404	-1048873.624	4.7171
-670436.689	-1076819.673	-669649.147	-1077852.807	14.9497
-718316.58	-1019140.73	-715971.72	-1019153.54	28.9222
-769875.188	-1053806.12	-770183.79	-1053803.3	6.1931
-737215.96	-1035894.82	-737247.074	-1035840.859	1.25
-708863.65	-1054156.14	-708643.64	-1056377.41	26.0249
-780590.831	-987038.492	-781523.51	-986006.68	29.2726
-674109.19	-1055995.069	-674070.204	-1056029.286	0.579
-664512.06	-1020715.93	-664421.81	-1020529.25	2.3275
-749578.5	-1051237.71	-749869.5	-1051283.82	6.2494
-724592.087	-974878.778	-726757.632	-974343.727	27.4001
-820516.732	-995220.081	-818573.03	-999187.48	64.4307
-750377.052	-984570.46	-751132.379	-983338.102	16.557
-823245.745	-1071548.892	-824063.43	-1071420.72	16.5845
-641391.58	-1033562.7	-640566.277	-1033777.102	10.2626
-802843.522	-986670.819	-802871.193	-986653.772	0.7933
-668900.263	-1010304.089	-668848.3	-1010056.22	5.1781
-781620.12	-995649.33	-781397.95	-995265.53	4.9475
-788322.62	-1018466.92	-787841.5	-1017293.11	15.6059
-760003.88	-1013059.59	-758455.89	-1012416.89	19.1888
-707388.19	-1021381.55	-705237.46	-1015233.13	52.2606
-717534.646	-1074139.58	-717503.863	-1074135.453	0.3451
-795766.35	-1003959.98	-795581.52	-1003424.16	6.2978
-660888.99	-1076633.9	-660488.655	-1076972.41	6.0909
-721547.42	-1069979.61	-724861.717	-1064740.481	49.8507
-666018.226	-1070164.497	-665519.497	-1072390.694	28.2376
-662294.7	-1072165.97	-661987.09	-1073794.27	20.2805
-674863.694	-1076462.292	-674637.39	-1078055.65	19.0957
-785178.16	-1051782.72	-785807.44	-1051302.42	17.173
-830110.31	-1073052.819	-831956.795	-1074208.004	24.4949
-784722.5	-1063858.94	-783503.83	-1062042.29	26.0265
-734056.437	-1031412.866	-731819.56	-1031524.2	25.8227
-649081.88	-1019866.94	-648881.23	-1019906.8	4.3509
-868652.32	-1010419.15	-868667.144	-1010400.462	0.2651
-737962.08	-1057878.6	-737315.04	-1057810.47	13.0216
-866375.51	-1007319.368	-866511.434	-1007379.341	1.6558
-690297.65	-1084598.126	-687080.844	-1085843.436	41.3853
-825861.794	-1026578.558	-825354.441	-1028443.432	24.0235
-667985.11	-1018128.56	-667706.318	-1019347.736	14.4861
-757043.375	-1065616.625	-756889.551	-1065640.076	3.1525
-772417.03	-1059210.58	-773048.249	-1059316.095	12.8801
-783019.1	-1007024.65	-783086.29	-1007065.1	1.602
-759863.323	-994662.72	-759847.685	-994666.142	0.1968
-794250.59	-993522.31	-794893.45	-994671.92	14.6427
-668496.15	-1035373.03	-667434.36	-1033768.44	22.1635
-794692.01	-1067810.067	-796121.105	-1068873.145	20.2741
-789754.63	-1061227.5	-788859.04	-1062251.69	15.8588
-696810.82	-1070133.72	-696105.69	-1068556.318	19.9629
-640148.722	-1086130.675	-639926.348	-1085344.946	14.0249
-812883.77	-1012420.54	-813869.017	-1012270.555	11.3456
-734527.133	-1012633.693	-734494.586	-1012639.929	0.7442
-777348.35	-973934.58	-777362.985	-973953.915	0.5193
-798142.012	-1040529.697	-798436.954	-1040654.338	3.5601
-724577.88	-1062535.3	-724167.957	-1062240.114	13.5176
-745777.72	-1012660.43	-743460.973	-1015310.216	41.4887
-822459.54	-1068874.63	-822454.91	-1068924.56	1.0491
-718661.881	-1070686.967	-718581.56	-1070656.91	1.7349
-730428.745	-1057413.053	-730487.222	-1057428.568	0.6722
-749869.5	-1051283.82	-748866.98	-1053876.95	42.2562
-689186.527	-1065944.914	-688947.767	-1065936.886	2.656
-869392.325	-1039644.254	-869430.152	-1039450.715	2.9433
-833476.732	-1038908.045	-831003.56	-1040615.966	37.2102
-752082.5	-1036255.65	-751575.41	-1034443.519	21.5462
-693741.06	-1070969.8	-692414.164	-1070981.013	15.504
-712005.61	-1022127.72	-713537.88	-1023025.75	21.3997
-691791.485	-1067486.309	-693113.22	-1068851.6	21.9806
-805046.157	-988856.915	-805117.082	-988938.519	2.824
-752698.839	-986984.752	-751893.901	-987526.245	11.6505
-649074.482	-1081102.697	-650324.406	-1080224.304	28.3879
-739209.05	-1021968.58	-737885.353	-1020982.033	20.6239
-859419.45	-1012013.5	-859406.3	-1012030.4	0.5145
-670282.17	-1047974.17	-670250.125	-1047850.25	1.4226
-726313.87	-985563.72	-726612.203	-984522.03	13.1033
-699781.376	-1001286.294	-699527.59	-1002090.321	10.1248
-760144.97	-1011847.89	-759803.72	-1011182.22	8.3116
-749132.32	-1035837.82	-751912.67	-1036668.09	35.9996
-858289.002	-999646.275	-858314.518	-999543.567	2.4028
-746935.196	-1017374.917	-746965.041	-1017374.599	0.3746
-822438.85	-1059272.19	-819740.529	-1058341.735	32.872
-659312.896	-1030193.823	-658601.6	-1029590.43	12.0621
-703661.58	-1035118.35	-704897.606	-1033919.207	22.1227
-708489.08	-1041820.11	-708768.29	-1040762.91	13.7868
-693177.75	-1048932.25	-694097.928	-1048485.249	21.289
-816170.84	-1003904.37	-816784.88	-1003586.38	7.7033
-753337.621	-1047834.546	-753428.182	-1047855.423	1.9579
-677073.236	-1057023.454	-676991.84	-1056752.87	11.4053
-779046.215	-1029571.411	-778856.69	-1029627.639	3.9538
-680891.06	-1028406.58	-680669.255	-1026409.046	22.5543
-751603.929	-1041232.075	-751550.16	-1040812.85	8.4704
-687027.526	-1041754.471	-685684.47	-1041534.47	17.1135
-739860.717	-1080848.642	-737606.276	-1080142.949	28.4621
-704678.708	-1014785.048	-704896.61	-1014942.03	3.0042
-677663.12	-1037797.67	-677256.85	-1037622.57	4.9445
-723416.48	-1036992.96	-723333.95	-1036968.41	1.7345
-772385.81	-1018391.77	-772117.211	-1018247.012	3.522
-857538.356	-1040343.281	-856641.138	-1042678.189	29.8705
-737591.776	-1051200.507	-737378.41	-1051200.73	4.439
-662979.82	-1024072.22	-662930.859	-1022904.339	13.1003
-711842.72	-1041644.94	-712106.34	-1041512.35	3.4113
-739381.44	-1034615.21	-739550.275	-1035498.308	18.0352
-804059.935	-1076620.581	-804232.895	-1076280.818	7.7854
-644066.097	-1023903.328	-644077.794	-1022814.719	12.3315
-687329.116	-1078734.987	-687637.99	-1074883.63	47.012
-717259.4	-1057317.02	-716425.506	-1057311.845	16.7604
-776481.04	-975542.86	-776401.92	-975501.85	1.7834
-782973.879	-989205.278	-783570.89	-988845.43	7.8881
-784561.37	-1050591.4	-782765.879	-1049651.404	22.6735
-710977.87	-1025266.24	-711055.301	-1025126.549	3.1964
-752432.92	-1038135.98	-753077.49	-1037346.2	7.8418
-852594.958	-1008631.623	-853220.61	-1005292.68	43.0699
-785977.28	-1023470.17	-785751.46	-1023155.57	4.3216
-759076.96	-1053893.65	-758844.38	-1054442.2	6.8413
-846443.724	-1036838.121	-843184.454	-1035767.624	50.8646
-750659.099	-1001857.843	-750766.055	-999807.791	23.2784
-746031.36	-1052928.029	-748866.98	-1053876.95	37.084
-673341.23	-1017237.57	-673405.59	-1017255.57	0.7701
-683695.85	-1039039.86	-679280.26	-1038094.26	52.131
-804600.045	-988821.064	-804955.382	-988969.297	7.754
-688466.684	-1062197.847	-688433.97	-1062383.78	4.0347
-769382.87	-990174.37	-768913.823	-991587.479	16.8537
-824839.115	-1069927.949	-824094.906	-1069738.914	15.3962
-666052.66	-1013687.66	-666244.74	-1012055.81	18.3824
-775691.78	-1034209.7	-776024.673	-1034689.134	11.8296
-773589.565	-1055806.896	-773578.204	-1055794.147	0.3415
-770613.32	-1057820.99	-770168.015	-1057386.5	7.2116
-688433.97	-1062383.78	-690795.86	-1065043.26	41.1452
-887784.316	-1012581.551	-890271.421	-1011767.347	33.4997
-670614.25	-1045185.875	-671824.35	-1045084.65	14.3828
-687771.26	-1010935.02	-687972.84	-1011065.64	4.9805
-764193.53	-1038106.57	-764589.48	-1036488.88	19.3824
-646232.24	-1046458.52	-645863.64	-1045820.58	8.2224
-813726.76	-1056547.92	-813856.39	-1055683.49	9.9051
-674128.53	-1016623.03	-674699.77	-1016080.99	8.9817
-666244.74	-1012055.81	-666173.04	-1011510.76	6.3284
-650645.871	-1066052.082	-650571.6	-1066556.63	5.6841
-796721.698	-1010100.98	-796544.06	-1010161.76	2.1511
-760610.829	-1033853.973	-760632.449	-1033840.804	0.5531
-669541.76	-1081268.375	-668279.711	-1080673.348	16.6879
-672504.88	-1008570.86	-673551.152	-1008561.937	13.1956
-729688.37	-1011027.81	-729872.994	-1011869.243	9.7962
-695247.565	-1029725.528	-696066.6	-1032776.61	35.8893
-686529.58	-1059643.5	-686493.37	-1059480.66	1.9979
-761869.05	-1044037.25	-761985.8	-1043710.7	7.0201
-749720.36	-1051443.07	-746446.577	-1053783.202	34.3027
-774556.692	-1021132.591	-773661.384	-1019334.181	34.4123
-818778.245	-1027828.678	-820086.51	-1026747.71	19.3591
-767289.523	-1030419.662	-767284.046	-1030405.057	0.3375
-710947.454	-1025580.954	-710977.87	-1025266.24	6.3378
-781101.27	-1058535.42	-783553.147	-1058450.151	34.7157
-692363.09	-998251.16	-692138.17	-998232.95	2.5074
-718555.855	-979436.015	-721021.3	-979133.49	28.6355
-689533.77	-1072698.38	-687258.963	-1071987.155	31.0725
-727882.96	-1055864.88	-727498.09	-1055856.04	8.228
-880074.07	-1020738.92	-880186.05	-1020865.91	1.9759
-787882.07	-1011363.32	-788144.53	-1012423.94	14.96
-839100.888	-993248.941	-838923.649	-993377.246	2.4371
-829800.781	-1072833.673	-829863.983	-1072868.589	0.8223
-819969.08	-998246.88	-821882.09	-997704.088	45.574
-717029.302	-1073941.21	-716930.02	-1074651.97	8.0975
-781539.03	-986001.46	-781523.51	-986006.68	0.3724
-681010.66	-998087.02	-680910.023	-998142.572	1.2813
-739659.583	-1081234.351	-736593.38	-1082815.93	43.3745
-736741.105	-973060.952	-736957.143	-973227.07	3.2113
-687353.344	-1004362.122	-687275.98	-1004384.21	0.9255
-754225.14	-1063340.86	-751360.12	-1060296.04	35.7091
-701751.9	-1074551.6	-701640.85	-1074568.41	1.3007
-789741.53	-1059082.31	-789768.38	-1058969.06	1.2948
-709250.04	-995537.72	-708417.301	-991680.123	48.874
-690250.589	-1030009.771	-692916.61	-1031763.95	37.6542
-744548.532	-1047866.015	-744688.54	-1048201.99	7.3392
-721709.137	-1048028.488	-720963.674	-1048017.921	15.1527
-753727.9	-1045596.83	-753921.36	-1045635.63	4.0596
-790206.27	-1005012.06	-790769.08	-1005236.152	14.1982
-757502.92	-1005108.84	-754998.283	-1004807.696	28.974
-813441.667	-1071995.925	-813422.626	-1072143.35	3.0876
-665226.62	-1028236.89	-664865.23	-1026806.1	19.0081
-737215.96	-1035894.82	-737239.85	-1035895.127	0.5372
-783644.43	-1014052.56	-781927.11	-1013434.22	21.4726
-660948.93	-1001902.42	-660582.24	-1001564.12	6.1303
-752655.72	-1049106.351	-751250.986	-1049054.633	15.9584
-731904.61	-972443.26	-732413.76	-974444.257	26.343
-819612.5	-1075912.98	-819623.13	-1076040.47	2.6378
-702745.877	-1065631.999	-703134.46	-1068229.24	32.3089
-648240.174	-1058494.014	-648197.279	-1058546.488	1.3579
-765367.06	-1080162.52	-765408.29	-1080195.93	0.5913
-721792.87	-1032929.71	-721637.41	-1032819.07	2.2168
-646418.13	-1041526.08	-644618.793	-1041865.152	20.6475
-662439.277	-1040682.025	-662547.35	-1043114.02	28.1892
-723627.515	-1036753.24	-723416.48	-1036992.96	6.4283
-794131.975	-1026382.306	-789573.256	-1027143.939	35.8967
-680661.217	-1062984.287	-679590.78	-1061605.57	19.7913
-737264.099	-1057893.862	-737128.122	-1057813.029	1.7987
-880052.498	-1008271.662	-879432.57	-1007945.394	8.1055
-658326.581	-1088923.328	-658351.659	-1088861.398	1.3369
-791084.48	-1070616.5	-791606.75	-1071129.55	8.6134
-709158.077	-1001193.512	-707326.961	-1002635.298	26.9951
-655730.76	-1022583.71	-655317.27	-1022689.81	4.7432
-748764.256	-989288.169	-748753.9	-989283.07	0.1283
-697845.08	-1024251.81	-697879.42	-1024755.13	5.6285
-763618.94	-1061358.01	-763757.86	-1061027.09	7.7061
-682468.58	-1018683.79	-682430.32	-1018740.76	1.3797
-645863.64	-1045820.58	-645735.79	-1045402.815	4.8569
-686476.08	-990166.38	-686415.83	-991132.39	8.8095
-713251.65	-1059800.23	-711890.35	-1060438.64	18.7566
-755798.93	-1080711.14	-756345.75	-1076171.42	54.5852
-700047.39	-1016971.25	-700346.562	-1017072.948	6.8007
-687848.906	-1056461.199	-687569.81	-1056047.47	10.2889
-678869.3	-1023471.75	-677451.058	-1022228.31	21.0375
-834057.502	-1024380.541	-834359.548	-1024053.119	4.9792
-764426.058	-977139.381	-764454.035	-977118.755	0.7352
-764530.34	-1074144.75	-764235.842	-1073549.113	13.354
-711054.399	-1025067.317	-708891.15	-1022648.12	39.2196
-737358.08	-1057974.775	-737304.085	-1057980.39	1.2125
-690377.59	-997946.71	-690094.53	-998410.86	11.5608
-765050.924	-1023265.386	-764679.67	-1023604.65	10.1341
-729368.5	-1079393.96	-729383.407	-1079754.76	7.2271
-776091.979	-1050901.754	-776384.82	-1050649.1	4.4467
-764189.86	-1017649.5	-763066.181	-1017946.531	23.3434
-680458.8	-1011176.49	-681800.77	-1011449.95	18.7218
-641454.015	-1075722.184	-641125.062	-1075815.382	6.9466
-869866.577	-1037657.729	-869866.398	-1037678.079	0.4242
-806693.978	-1072845.383	-806713.478	-1072855.768	0.6943
-786279.05	-1018486.27	-785969.35	-1018223.45	4.5658
-811727.31	-1017339.867	-811915.977	-1020278.537	33.8478
-783526.28	-1061170.79	-783618.34	-1061207.52	1.9878
-643320.49	-1044829.44	-643529.68	-1045810.428	11.1499
-815742.213	-1031522.353	-815304.577	-1028287.612	41.2113
-804952.408	-989107.347	-804992.853	-989111.787	0.8156
-741640.709	-1042597.162	-741595.338	-1042667.249	1.8254
-701712.32	-1012534.577	-701596.83	-1012405.94	3.4582
-776384.82	-1050649.1	-778372.16	-1049979.06	25.9422
-671676.996	-1053675.005	-670263.038	-1053337.584	18.4388
-799818.73	-998785.97	-800442.53	-998372.8	8.3165
-692059.289	-1043683.795	-689070.72	-1043744.36	33.795
-767013.48	-1037675.4	-766909.38	-1037768.3	2.9918
-698162.83	-1068427.65	-698057.21	-1068369.48	1.3674
-831260.444	-1066449.913	-831249.446	-1066452.545	0.2442
-701380.27	-1007243.98	-700323.46	-1005801.32	20.9638
-692519.521	-1046074.747	-692452.786	-1046276.343	3.2619
-681376.088	-1064537.425	-681287.458	-1064635.702	2.8693
-775744.723	-1082193.433	-774619.24	-1081896.47	20.6889
-748101.88	-1037194.88	-749675.506	-1038543.624	23.5052
-693395.58	-1037423.123	-693520.0	-1034325.96	39.0803
-815246.72	-1013467.88	-816264.968	-1012124.115	20.7045
-646137.32	-1071163.56	-646151.41	-1071145.95	0.5002
-788208.64	-990498.09	-788266.04	-990503.37	1.1539
-694089.33	-1072562.65	-694627.074	-1072383.932	6.3539
-811825.3	-986832.05	-812996.163	-986671.263	14.919
-645244.928	-1060424.71	-645303.703	-1060413.091	1.6281
-734792.939	-1045834.388	-734764.112	-1045640.265	3.9428
-705779.31	-1019720.11	-704510.52	-1016457.09	45.4232
-765681.525	-990725.693	-765164.638	-989534.881	15.1295
-657381.271	-1045152.373	-655357.83	-1045018.11	22.5502
-649828.14	-1051460.55	-650028.63	-1050827.27	13.3041
-656079.632	-1094741.71	-653761.317	-1094060.611	70.124
-745363.224	-990602.243	-746740.18	-989425.29	23.8817
-724863.773	-1053139.85	-724828.216	-1053726.832	6.7525
-642120.637	-1083459.658	-641999.909	-1083270.542	4.4875
-691574.05	-997582.71	-690769.37	-996882.38	11.8535
-728664.809	-1060889.23	-728692.032	-1060906.438	0.4363
-721734.23	-1079750.92	-721746.25	-1079696.64	0.6409
-785761.21	-993341.67	-784256.274	-994402.039	20.7392
-854289.81	-1040087.67	-854429.27	-1039690.03	4.8242
-774153.25	-1059067.97	-774407.999	-1059551.367	9.8632
-770183.79	-1053803.3	-770212.7	-1053784.19	0.7907
-747508.02	-1054938.99	-747480.01	-1054992.19	1.65
-709276.209	-1059920.284	-709530.633	-1060363.498	5.8586
-701079.66	-1070721.51	-700619.652	-1070088.575	8.71
-773827.82	-974156.23	-773121.153	-974553.726	16.297
-736333.4	-1081373.52	-734314.75	-1081506.11	22.5871
-802541.423	-998769.185	-802866.19	-998231.72	7.0802
-760190.23	-1045290.85	-760534.93	-1044665.63	15.1658
-717088.02	-1060102.5	-716966.12	-1059997.85	3.2743
-730839.726	-1045640.553	-730812.91	-1045592.62	0.4225
-680626.31	-1018394.21	-682430.32	-1018740.76	23.7683
-760968.3	-1053414.23	-760651.171	-1053384.15	3.6939
-821222.81	-1072426.52	-820086.52	-1072965.37	32.7982
-678393.98	-1074104.77	-678908.429	-1075980.569	21.6203
-652047.5	-1023327.26	-650683.511	-1024504.108	20.8726
-675527.54	-1031294.86	-673863.231	-1030835.681	19.694
-717017.97	-1028526.27	-716574.81	-1028251.62	4.0136
-654382.464	-1054649.897	-653654.938	-1055796.5	15.1895
-734905.92	-1045834.99	-735825.19	-1046142.27	19.4929
-784339.78	-1064535.65	-784103.78	-1064968.52	16.3603
-820309.994	-1008044.434	-821932.121	-1008583.691	20.004
-752473.763	-999912.154	-752512.984	-999850.382	0.82
-736593.38	-1082815.93	-734888.653	-1083229.687	21.4246
-668553.21	-1004761.86	-669806.72	-1005247.88	19.2295
-763008.46	-1017707.62	-762990.67	-1017658.57	1.0437
-742070.951	-1057036.488	-742076.679	-1057054.113	0.4348
-733956.16	-1028843.1	-732817.12	-1028636.06	13.0277
-734779.021	-1043576.549	-734732.83	-1043650.65	1.9343
-660276.396	-1031534.87	-659358.945	-1030264.62	17.9201
-772310.27	-1081676.44	-772422.27	-1081689.42	1.3322
-712059.61	-1018772.808	-710400.32	-1017303.91	25.121
-867757.78	-1017361.44	-870341.59	-1018137.35	21.2484
-846969.722	-1071458.04	-847132.19	-1070954.17	6.7008
-750834.33	-987847.39	-751198.453	-988540.539	8.8902
-661591.788	-1083559.081	-660644.73	-1082561.32	20.9404
-742493.44	-1046028.29	-741813.07	-1047094.23	25.5679
-783314.78	-1005296.41	-782673.08	-1005657.59	14.9917
-736852.14	-1038334.68	-736747.68	-1038593.73	5.5876
-724827.534	-1065091.835	-724869.48	-1065149.973	1.4338
-844844.13	-1011374.13	-842891.95	-1010664.03	29.9726
-803803.869	-976929.666	-803730.46	-976981.38	0.9978
-642864.698	-1091196.524	-643487.277	-1087685.842	43.2857
-845909.205	-1070288.711	-840551.637	-1070357.758	45.3786
-712106.34	-1041512.35	-712058.94	-1040994.58	6.0566
-728835.734	-1061059.869	-728834.58	-1061079.68	0.2409
-656933.304	-1077510.975	-660054.538	-1076258.042	42.6897
-729538.036	-1058695.777	-728770.004	-1058806.072	9.2244
-750665.14	-969225.28	-752232.22	-969283.74	26.1685
-851345.22	-995275.32	-849337.108	-991340.404	58.7646
-753544.297	-1078888.772	-753604.798	-1079033.113	1.7419
-831489.69	-1057699.8	-830987.48	-1056665.92	25.0049
-810771.91	-991753.27	-810799.14	-991824.71	0.8635
-689403.04	-1016757.95	-685794.23	-1019181.53	55.4766
-684294.67	-1001305.09	-683860.022	-1002954.881	38.6828
-772813.618	-1055319.761	-773495.77	-1055868.64	17.9658
-744036.04	-995306.13	-743303.43	-993703.84	23.1356
-652620.809	-1066831.943	-653039.41	-1067906.69	12.8156
-819306.997	-979429.212	-819611.997	-978717.675	9.2092
-829850.651	-1072995.247	-829698.373	-1073153.348	1.6908
-659721.31	-1032357.81	-660276.396	-1031534.87	11.3317
-642136.07	-1059290.71	-643543.881	-1062297.469	39.8095
-730718.34	-1083526.82	-730674.527	-1083621.898	2.1538
-648988.473	-1058055.204	-648889.325	-1058112.566	2.2913
-758371.92	-1040714.05	-758253.4	-1040701.45	2.5084
-802580.204	-1022609.926	-801753.438	-1023673.569	15.4229
-701176.638	-1010409.645	-701164.592	-1010397.339	0.3492
-814216.137	-1042267.043	-814250.59	-1042219.57	0.6994
-656218.933	-1033673.179	-656246.977	-1031448.069	25.8464
-654718.673	-1037444.872	-654697.149	-1037545.137	2.0547
-781818.55	-1022920.8	-782646.076	-1022846.69	13.9123
-711835.19	-1003771.39	-709908.03	-1003993.08	23.6551
-679925.531	-999357.282	-680031.91	-999395.38	1.2572
-669697.05	-1011811.44	-666244.74	-1012055.81	42.2051
-647370.202	-1070293.104	-647586.316	-1070406.09	4.8913
-806478.523	-1054687.767	-807727.166	-1053405.654	22.5996
-785338.24	-998942.01	-785328.31	-998693.36	2.7727
-819511.67	-1075826.07	-819612.5	-1075912.98	2.6914
-863093.577	-1028678.965	-861522.08	-1027500.9	23.4436
-646345.149	-1062385.989	-646259.626	-1063825.184	16.651
-763676.79	-1058967.62	-762913.58	-1060092.25	22.0651
-735825.19	-1046142.27	-736423.45	-1046524.588	14.7573
-704967.966	-1015039.181	-704869.377	-1015104.338	1.3199
-696422.04	-996113.99	-696275.2	-995059.54	14.6621
-783503.83	-1062042.29	-783385.36	-1061966.31	3.0366
-807210.486	-1077866.641	-807261.441	-1077681.501	2.2701
-684528.15	-1005371.2	-684782.25	-1006729.16	16.3135
-833882.948	-1042635.148	-836045.875	-1043452.688	26.5691
-694916.365	-1073152.797	-694973.382	-1073099.973	0.8769
-685867.365	-996829.746	-684950.74	-996639.44	10.7107
-731211.441	-1056500.669	-731187.241	-1056627.94	3.0488
-729383.407	-1079754.76	-729502.351	-1080841.587	21.948
-667768.771	-1055949.579	-667732.27	-1052888.66	34.3581
-676704.44	-1010463.18	-674994.31	-1013613.33	46.5016
-805145.749	-1058032.169	-802717.786	-1056064.686	44.9135
-870282.98	-1018113.91	-868040.734	-1017497.515	18.3397
-651734.767	-1081204.567	-651549.386	-1081039.563	3.6671
-867329.599	-1013014.407	-867326.503	-1012994.96	0.4273
-811657.056	-1075500.977	-811163.664	-1075847.797	6.8653
-737214.3	-1036110.1	-737221.62	-1036028.747	1.6347
-656820.64	-1049277.7	-656777.827	-1049209.982	0.8954
-759541.615	-970262.409	-759716.49	-970904.67	7.8396
-652123.08	-1024688.68	-652045.78	-1024674.21	0.8821
-780593.21	-1054091.28	-780483.59	-1052968.93	12.8148
-853365.73	-1002828.81	-852941.13	-1003389.92	8.307
-858316.24	-1008677.03	-856995.99	-1007466.21	20.2049
-731942.46	-1058578.55	-731273.19	-1062928.24	53.3376
-728146.12	-1003625.21	-727786.246	-1001564.236	28.0846
-712807.668	-1049340.283	-713218.389	-1049521.645	5.1245
-676572.772	-1070747.448	-676565.734	-1070767.609	0.5282
-817678.144	-1054560.091	-819442.15	-1054038.5	23.0692
-681926.98	-1010567.27	-681240.849	-1010673.343	8.0475
-841342.57	-992949.56	-839100.888	-993248.941	29.0697
-819898.98	-1026230.286	-819878.633	-1026225.081	0.4702
-640016.423	-1042136.147	-639960.604	-1042280.486	3.1206
-693857.22	-1001639.89	-693763.178	-1000271.218	17.8736
-766842.694	-1009923.787	-765581.13	-1009982.57	14.6608
-847499.198	-1027049.942	-845865.288	-1027535.4	19.5514
-676234.284	-1075886.608	-676150.707	-1076182.597	6.6971
-748000.61	-1017992.35	-746965.676	-1017400.74	14.0652
-688245.65	-1062409.67	-687136.67	-1063104.96	14.6888
-730621.63	-1042047.58	-730856.62	-1042063.53	4.7106
-751636.58	-1038056.78	-751637.02	-1038034.94	0.5043
-819851.38	-1075578.98	-819859.81	-1075632.48	1.292
-834486.639	-1073878.542	-833794.117	-1072679.423	15.8659
-840183.754	-1056792.045	-840611.07	-1059465.3	32.5177
-852025.15	-1010321.64	-852251.87	-1010228.49	4.9184
-648218.514	-1058462.339	-648191.705	-1058473.464	0.5819
-693113.22	-1068851.6	-693104.317	-1069194.366	3.8098
-788459.55	-1072267.42	-787744.581	-1072123.789	12.0056
-656883.547	-1052673.686	-655601.323	-1051831.086	17.587
-783209.77	-996298.28	-782808.7	-996219.12	4.5553
-702956.97	-1010907.46	-702528.88	-1011405.28	16.9008
-781603.936	-986039.87	-781539.03	-986001.46	1.5122
-713163.84	-1026838.29	-712770.01	-1027092.35	5.2984
-676562.503	-1071189.945	-676565.855	-1071209.691	0.4703
-745978.33	-1031442.64	-744817.388	-1031217.957	16.8533
-658326.581	-1088923.328	-656635.901	-1088944.945	19.6365
-689876.75	-1020687.77	-690628.39	-1021314.1	11.3226
-696660.57	-1001127.39	-696674.938	-1001265.563	2.909
-704204.79	-1043184.73	-703462.71	-1043125.21	14.8899
-755895.05	-991026.57	-755911.515	-991018.509	0.4025
-781072.968	-1009265.796	-784332.276	-1007703.711	27.9206
-814413.36	-1013283.79	-813869.017	-1012270.555	13.6071
-832347.8	-993046.63	-831921.084	-993054.912	4.9012
-867721.497	-1015612.621	-867749.501	-1015704.146	1.9143
-747769.641	-989471.419	-747432.66	-989582.63	4.0783
-789693.45	-1072501.06	-789266.33	-1072521.29	8.7382
-715734.85	-1028532.58	-716301.255	-1027571.721	13.5815
-741601.38	-1006046.2	-739995.13	-1005497.33	24.3684
-785178.16	-1051782.72	-785022.91	-1050875.34	22.7274
-729058.506	-1057198.088	-729538.036	-1058695.777	21.5489
-689537.866	-1046430.53	-689587.498	-1046417.111	0.595
-698742.74	-999596.75	-698849.58	-996498.17	42.1979
-835329.698	-1001077.37	-832266.026	-999844.423	59.0712
-669940.204	-1047925.459	-669738.375	-1048283.0	4.7897
-721753.897	-1066602.22	-721861.47	-1069843.87	68.0452
-749333.922	-1004411.141	-749265.548	-1004416.854	1.3728
-766813.624	-1037065.826	-768199.24	-1036525.0	32.1328
-704060.581	-1055618.998	-704508.11	-1057325.301	20.8211
-802526.42	-998748.09	-802541.423	-998769.185	0.2876
-840495.22	-1001101.04	-838823.55	-999849.65	39.057
-782265.162	-979225.253	-780328.82	-979904.55	25.0393
-775826.218	-1014683.062	-777297.98	-1013203.73	23.4471
-683890.59	-1036417.26	-684305.309	-1035339.364	13.2361
-698405.12	-1004797.91	-698458.8	-1004746.19	1.0259
-675081.441	-1076381.104	-674943.95	-1076363.873	2.772
-737298.622	-1057931.764	-737264.099	-1057893.862	1.0302
-825922.287	-1025476.985	-825934.937	-1025464.152	0.2182
-762567.14	-1038342.76	-762785.676	-1038246.981	2.6696
-859734.14	-1012932.79	-859612.768	-1012994.734	3.0664
-742517.724	-1056857.1	-742527.18	-1056846.75	0.3085
-800662.705	-1059111.155	-798688.6	-1058929.45	23.3925
-821510.98	-996075.529	-821508.375	-996043.109	0.4163
-830496.913	-1062786.197	-829788.412	-1060553.525	26.6042
-712332.49	-1078923.97	-711251.968	-1079633.447	15.4319
-664802.221	-1069038.226	-664722.059	-1069286.88	2.9105
-777013.99	-1058699.76	-776890.3	-1059359.67	13.6338
-824346.25	-1071995.96	-824371.81	-1072136.82	2.9983
-653654.524	-1024225.887	-653562.49	-1025997.17	20.0803
-738002.88	-1005326.91	-736784.583	-1005122.723	14.0213
-833797.667	-1072485.553	-833778.651	-1072472.294	0.2696
-756683.29	-1068529.86	-757098.83	-1070014.01	20.9684
-801907.575	-1059706.162	-802222.321	-1058100.506	20.6548
-798436.954	-1040654.338	-799382.085	-1042712.566	28.1344
-719644.184	-1021630.445	-717869.17	-1022169.19	21.5734
-778119.65	-1064849.13	-777903.87	-1064534.52	7.8671
-719178.228	-1019507.295	-719190.421	-1019607.808	1.1358
-679673.73	-1071374.91	-679528.41	-1071500.27	2.583
-677503.27	-996654.83	-677687.25	-996269.53	4.8908
-826695.7	-1046988.145	-823431.822	-1046861.01	40.0995
-759269.75	-1006895.26	-758019.15	-1006862.84	14.0244
-727668.723	-1068945.166	-725744.18	-1069572.757	22.8519
-809585.21	-994142.99	-810583.34	-992016.14	27.4111
-789545.719	-1063955.989	-789557.904	-1063972.015	0.2472
-760534.93	-1044665.63	-761419.84	-1044328.57	19.38
-766810.913	-1052223.818	-767065.288	-1052502.18	4.4478
-644522.792	-1078228.107	-644785.521	-1082590.738	54.4852
-671769.276	-1069928.371	-670881.948	-1069497.115	19.8175
-734447.363	-1055467.877	-734490.552	-1055419.647	0.7894
-683582.63	-994793.68	-683504.009	-995029.32	5.9628
-686094.88	-989268.7	-685924.29	-989226.49	1.9556
-645845.051	-1042802.629	-645916.971	-1042711.207	4.9871
-777963.57	-980328.72	-777834.01	-980181.6	2.1796
-742063.155	-1057057.881	-742057.5	-1057042.55	0.3674
-641599.391	-1068082.144	-641377.065	-1067248.964	10.2222
-725939.51	-1087057.78	-725564.36	-1087039.45	4.4909
-758594.475	-1047655.138	-759026.545	-1047924.626	10.2317
-741669.495	-1047218.903	-741384.0	-1047519.75	8.295
-713742.68	-1005140.25	-713500.782	-1003654.163	17.1939
-747432.66	-989582.63	-747671.952	-990070.094	6.954
-853968.084	-1068008.173	-853487.125	-1067733.933	6.6565
-838369.06	-1001460.2	-838823.55	-999849.65	29.0659
-752823.9	-997573.587	-754086.46	-996755.94	16.9304
-819336.57	-1071831.53	-819275.356	-1071762.21	2.1199
-822202.31	-1044290.08	-822499.33	-1044286.84	3.6612
-754779.968	-1047520.095	-754788.525	-1047527.713	0.2499
-746935.196	-1017374.917	-746902.633	-1017351.676	0.4445
-717572.936	-1074309.221	-717389.507	-1074398.742	1.5701
-662913.22	-1009424.38	-663169.23	-1009728.83	4.7769
-691979.36	-989142.98	-691755.48	-989824.26	11.1325
-805127.27	-1043943.27	-804790.97	-1042344.4	24.7757
-684582.25	-1034680.56	-684519.98	-1034864.07	2.1752
-715074.63	-1040766.98	-714955.92	-1041793.94	11.7654
-726261.37	-980626.66	-726241.65	-980397.73	5.3653
-797502.084	-1022274.611	-797839.792	-1021276.945	11.8671
-775845.511	-1014684.31	-776056.529	-1014620.924	2.5052
-869808.32	-1041019.49	-872964.69	-1040529.927	40.4874
-670178.28	-996831.58	-670102.2	-996675.926	1.9284
-700139.11	-1067678.62	-699841.41	-1066810.69	10.3382
-804910.541	-1024792.196	-802794.93	-1024854.449	28.5164
-690250.589	-1030009.771	-692090.239	-1029413.062	22.3312
-788330.76	-981826.62	-789012.52	-981479.23	9.0139
-752225.81	-1036646.64	-752759.25	-1037250.66	9.2338
-826780.701	-1046935.199	-826985.449	-1046822.132	2.6077
-833254.123	-1074912.867	-834373.817	-1075631.925	14.8219
-764482.173	-1023805.473	-764250.32	-1023773.75	5.5277
-787739.253	-1006851.018	-787709.5	-1006785.75	0.7971
-735502.4	-1028336.259	-735402.99	-1027568.28	8.6066
-696253.724	-1034613.635	-697689.67	-1035007.89	16.6979
-840079.293	-1070472.054	-840523.27	-1070522.25	5.1835
-715496.39	-1000040.36	-715127.57	-999209.96	10.1005
-740663.06	-1026232.44	-738223.133	-1026283.648	28.0187
-764637.1	-1030011.46	-765746.49	-1029031.38	19.0198
-769035.413	-993099.911	-768819.527	-992032.256	13.3348
-717503.863	-1074135.453	-717029.302	-1073941.21	5.7946
-774546.59	-1000258.14	-773231.14	-998764.04	23.4315
-653289.56	-1010452.73	-653082.09	-1010352.41	7.547
-884583.855	-1009276.31	-885754.491	-1008784.033	14.2853
-871098.782	-1032753.124	-871283.725	-1032561.522	5.6108
-723713.141	-1035582.541	-723719.58	-1035551.59	0.8796
-865134.846	-1016050.066	-865095.447	-1015806.938	5.1049
-702745.877	-1065631.999	-701583.21	-1066071.1	15.6553
-818615.033	-1025318.297	-819884.348	-1026205.872	21.8993
-827627.983	-1065980.046	-828330.694	-1064699.168	17.1907
-734745.125	-1042155.188	-733200.063	-1042131.375	31.1936
-794481.072	-1003988.877	-794356.679	-1003853.725	2.046
-822661.746	-1066512.685	-822873.489	-1066841.354	7.9168
-888038.029	-1019909.256	-887874.331	-1020027.343	2.3917
-652800.92	-1044778.31	-652756.916	-1044690.62	1.0907
-641003.486	-1073021.745	-640286.278	-1073530.947	11.6367
-747427.15	-1020180.7	-746562.875	-1019655.188	12.059
-722728.545	-1006321.804	-722367.371	-1006034.439	9.5631
-675474.68	-1010843.68	-673857.05	-1011738.34	20.5415
-690031.769	-995179.741	-689913.724	-995393.446	4.8856
-740555.067	-1055377.392	-741262.938	-1055319.906	5.4655
-775646.55	-1032626.12	-776588.52	-1032456.82	10.6515
-646799.388	-1046277.294	-648082.94	-1047685.46	14.7318
-765681.525	-990725.693	-766031.67	-990340.716	6.0426
-696367.74	-1001126.95	-696639.975	-1001044.38	5.7422
-666696.66	-1030678.48	-667425.69	-1031463.45	12.9202
-669312.259	-1016992.142	-670530.658	-1016031.392	17.6326
-822549.266	-1049264.447	-824473.982	-1050432.725	28.057
-869167.643	-1038279.309	-869160.787	-1038295.034	0.3824
-710188.14	-1048859.05	-708564.782	-1048502.058	18.8831
-714955.92	-1041793.94	-714383.3	-1043075.86	15.9835
-667985.11	-1018128.56	-669086.92	-1017098.64	17.4416
-675849.46	-1054214.26	-675383.234	-1049879.299	51.8028
-672120.642	-1089643.44	-672211.697	-1089679.49	1.9588
-887903.565	-1019841.518	-887874.331	-1020027.343	2.092
-771511.08	-1078430.42	-773974.94	-1077094.81	34.2392
-651414.86	-1057894.12	-654418.098	-1056187.692	55.9071
-694627.074	-1072383.932	-694973.382	-1073099.973	8.8445
-644458.174	-1062415.751	-645066.18	-1061855.84	17.2012
-739918.12	-1078945.14	-740215.99	-1079494.81	7.2844
-766858.89	-1037449.749	-766845.368	-1037438.243	0.3883
-652439.7	-1021371.68	-650798.66	-1020546.9	21.5472
-645222.09	-1037326.97	-644773.5	-1037891.361	8.0458
-761471.89	-996476.41	-761946.575	-995064.163	16.5552
-652507.712	-1066027.362	-652497.992	-1066015.383	0.1859
-714135.1	-1040635.74	-713258.3	-1040346.94	10.2641
-724166.816	-1053718.129	-723198.334	-1054619.074	17.0893
-759269.75	-1006895.26	-758826.12	-1005172.76	20.3579
-753489.98	-1047986.67	-753326.703	-1048034.081	3.6093
-751975.78	-1038549.02	-751945.005	-1038538.814	1.0711
-646552.178	-1069047.573	-646797.905	-1070101.819	12.0866
-676431.36	-1035607.69	-673597.602	-1036645.257	43.3719
-681261.812	-1047100.125	-681398.099	-1047146.748	1.7217
-679425.241	-1064083.037	-678410.454	-1063641.313	12.8449
-839061.481	-993065.451	-838864.168	-991542.112	21.8379
-653265.28	-1008248.86	-653680.66	-1007828.78	8.9978
-679725.44	-1007082.48	-678451.24	-1008444.26	25.8907
-765847.928	-1023264.617	-765050.924	-1023265.386	16.0335
-664865.23	-1026806.1	-664329.19	-1026751.51	6.2597
-724303.808	-1063006.377	-724577.88	-1062535.3	11.0381
-718716.86	-1055269.42	-718833.728	-1055399.71	1.9481
-707778.92	-1042034.12	-704204.79	-1043184.73	41.9084
-741446.64	-1042000.11	-741663.03	-1042064.37	4.5164
-840037.09	-1044765.746	-840162.191	-1045025.468	3.2065
-663169.23	-1009728.83	-662928.31	-1011069.52	15.4389
-849094.251	-1010304.331	-848840.874	-1010200.239	5.6697
-772600.85	-983797.65	-772546.91	-983665.96	1.5883
-681177.192	-1064854.617	-681174.132	-1065747.15	10.3588
-664834.165	-1035894.813	-664820.182	-1035921.943	0.6685
-773517.96	-992433.34	-774202.32	-992661.03	9.8892
-829850.651	-1072995.247	-829963.059	-1073058.576	2.3007
-818542.134	-1001330.982	-818913.09	-1002521.17	16.6916
-713218.389	-1049521.645	-712882.343	-1049711.431	4.2883
-751092.81	-1054280.59	-754037.11	-1054324.91	33.0117
-758696.918	-1082084.258	-757338.345	-1083774.219	27.5052
-734262.605	-1065215.685	-735851.303	-1064178.222	23.3037
-689710.27	-1038191.64	-689627.423	-1035843.007	27.4354
-755638.975	-991032.899	-755632.973	-991024.533	0.2226
-746902.633	-1017351.676	-746818.768	-1017317.733	1.0154
-859589.953	-1012999.229	-859427.308	-1012810.473	5.0244
-868041.697	-1002230.454	-868466.953	-1001996.087	5.4053
-729227.91	-1084557.39	-729942.52	-1083605.87	14.2157
-776091.979	-1050901.754	-776071.75	-1050624.5	3.8206
-754998.283	-1004807.696	-753311.776	-1004662.85	19.0542
-751699.887	-986254.972	-751684.123	-986198.741	0.6501
-726612.203	-984522.03	-726626.685	-984499.349	0.6253
-823079.189	-1077229.863	-822622.41	-1076194.66	16.1106
-775046.211	-985303.495	-774616.967	-985471.357	9.4428
-698500.86	-1004795.83	-698405.12	-1004797.91	1.071
-663061.438	-1022726.344	-664512.06	-1020715.93	27.964
-772410.73	-1081798.56	-773393.7	-1082439.965	34.5839
-824557.59	-1076392.94	-823761.0	-1076417.74	6.1378
-644328.519	-1038041.66	-644527.52	-1038188.014	2.747
-736546.792	-1065798.633	-734562.596	-1065442.796	25.7295
-728620.53	-1084460.42	-726703.865	-1086219.003	33.4448
-668279.711	-1080673.348	-668719.83	-1079577.06	13.3968
-767740.81	-1033208.76	-767516.145	-1030473.609	34.8057
-666720.53	-1075244.117	-666647.94	-1075281.28	1.6408
-762845.67	-1041021.22	-762387.53	-1043099.51	24.4008
-723662.348	-987212.162	-723654.054	-987187.532	0.5488
-693587.23	-991321.44	-691533.43	-993770.01	36.9849
-704002.618	-1055416.614	-704060.581	-1055618.998	2.3721
-768205.212	-1023323.605	-768797.409	-1022728.128	17.5074
-777924.71	-976226.2	-776572.98	-975967.95	31.6607
-757117.744	-1032239.539	-757816.444	-1031573.963	19.5426
-680035.488	-1068174.017	-680386.462	-1069039.757	10.9888
-760664.788	-1039529.696	-761299.46	-1039200.33	7.9458
-802627.311	-986851.019	-802503.633	-986813.347	1.4793
-766954.57	-980858.748	-767063.123	-980589.59	3.4399
-762922.81	-1072426.15	-762869.6	-1072234.6	2.2478
-784290.356	-1026763.126	-784706.56	-1026266.96	12.9568
-887978.012	-1019360.905	-887831.657	-1019223.541	2.3689
-683735.771	-994863.405	-683735.34	-994876.812	0.322
-700408.53	-1022894.48	-701889.2	-1023728.32	20.8265
-742420.7	-1049165.78	-742087.72	-1049062.09	7.0606
-641543.114	-1068176.51	-639989.465	-1068443.161	18.5988
-650324.406	-1080224.304	-650579.818	-1078621.567	18.8841
-683207.8	-994620.61	-683211.26	-994632.66	0.2916
-778849.38	-1029617.777	-779038.47	-1029561.661	3.9448
-697610.397	-1074461.541	-696834.484	-1074781.516	9.7032
-875290.624	-1010744.429	-874032.452	-1008795.661	29.791
-646333.375	-1062376.067	-644458.174	-1062415.751	38.2772
-825413.344	-1070246.633	-825371.854	-1070237.647	1.1427
-729539.891	-1057128.264	-730210.16	-1057359.89	7.8803
-718234.8	-998122.27	-718190.04	-995343.27	32.76
-645557.515	-1036699.955	-645222.09	-1037326.97	14.5319
-882768.42	-1022174.046	-884584.089	-1021818.952	20.6269
-690314.82	-995625.48	-689914.682	-995409.262	5.1486
-653706.307	-1024163.142	-653666.516	-1024174.205	0.8384
-755875.499	-1034440.47	-755939.14	-1034460.74	0.9289
-758171.547	-1053690.762	-759076.96	-1053893.65	11.6859
-782478.45	-972725.89	-782579.674	-971685.107	66.4747
-731485.306	-1056196.984	-731600.967	-1056010.854	4.384
-764153.58	-1033532.2	-764258.19	-1033081.62	9.2712
-671859.83	-999802.66	-671488.937	-999315.258	6.8156
-696167.44	-1054213.12	-693818.89	-1055083.13	27.8309
-649055.07	-1019600.4	-649081.88	-1019866.94	5.4737
-808531.881	-1048741.992	-809789.61	-1048129.71	17.3781
-781520.077	-985990.071	-781482.919	-985956.992	1.0003
-823835.5	-1076396.56	-824685.53	-1076388.79	6.5472
-820923.25	-1012044.48	-820396.702	-1012136.434	11.1648
-799245.125	-1001368.678	-799287.83	-1001381.43	0.5723
-833474.288	-990036.628	-828138.18	-988352.21	68.5296
-669911.48	-1020070.35	-667706.318	-1019347.736	28.8884
-863513.534	-1042625.51	-863940.836	-1042221.619	7.4015
-776209.61	-979397.5	-776120.45	-979334.08	1.2173
-741888.77	-1069502.56	-740370.9	-1068792.036	30.947
-659942.94	-1008908.75	-662913.22	-1009424.38	49.8092
-663890.85	-1032957.57	-660761.31	-1032147.72	41.6214
-764026.83	-977054.7	-763759.72	-977173.79	5.9913
-644825.53	-1028849.56	-644717.33	-1027771.45	12.6828
-774495.89	-975005.19	-774514.85	-974990.51	0.5648
-751974.705	-1043105.096	-752136.14	-1042822.68	8.4683
-757599.465	-1034395.045	-758309.37	-1034186.71	8.4352
-726837.119	-1041119.078	-725161.86	-1040315.19	21.3895
-770306.11	-1039368.94	-771813.517	-1038836.782	20.6204
-721284.824	-1039170.312	-719060.561	-1038420.999	27.3061
-661002.806	-1043241.153	-662108.94	-1040513.93	35.2432
-766632.26	-1037720.18	-766820.366	-1037693.14	3.8008
-658948.14	-1028018.85	-657658.211	-1027917.403	16.1096
-788049.75	-1006847.45	-788006.17	-1006913.8	0.9255
-819588.885	-1075793.762	-819612.5	-1075912.98	2.4486
-807117.77	-993057.31	-807134.893	-993003.769	2.1189
-687658.851	-1025776.211	-687615.17	-1025887.1	2.3846
-702017.25	-1023575.44	-701889.2	-1023728.32	2.5752
-665845.857	-1046282.575	-665473.336	-1046184.516	4.2975
-694332.89	-991642.1	-694254.45	-993618.94	25.0426
-685410.226	-990766.144	-684456.68	-990102.34	25.5393
-653397.894	-1094012.823	-652594.696	-1095107.146	32.6407
-690227.01	-1008787.15	-688977.74	-1008137.47	15.6991
-682745.938	-989419.5	-682675.92	-990616.07	18.8333
-687791.452	-994894.186	-686740.46	-994862.24	21.4107
-744462.285	-987548.078	-744525.976	-985518.231	23.4295
-873603.06	-1012639.49	-872013.713	-1012171.656	18.8258
-704597.41	-1073576.2	-706403.78	-1074184.617	21.6018
-763349.65	-992839.56	-763350.3	-992817.46	0.4914
-644812.45	-1025224.76	-644066.097	-1023903.328	17.5788
-662235.315	-1059060.07	-661439.501	-1059459.582	17.8595
-670866.58	-994569.28	-670726.865	-994716.065	4.1628
-855079.592	-1025327.497	-855918.859	-1025054.196	10.7255
-650405.97	-1022066.09	-649566.83	-1020996.73	16.7707
-738576.608	-1060547.021	-741081.32	-1061607.38	33.5873
-837072.881	-1001122.397	-837599.181	-999977.821	17.1766
-759057.97	-1031667.64	-757816.444	-1031573.963	17.5698
-848826.599	-1016534.692	-847022.035	-1013573.709	55.0545
-712035.9	-1041732.29	-712106.34	-1041512.35	2.5661
-843841.55	-1002700.27	-843796.78	-1002800.22	2.8843
-840551.637	-1070357.758	-840403.074	-1070447.272	1.3343
-766953.473	-981111.047	-763108.52	-981028.27	44.9558
-736699.04	-1038234.44	-736889.42	-1038378.58	4.7765
-661756.959	-1046881.545	-665392.81	-1046161.73	43.5661
-643736.76	-1046002.53	-643499.7	-1046185.71	8.7614
-859749.207	-1013110.078	-859622.546	-1013029.012	3.0151
-877306.387	-998763.671	-880386.519	-998153.313	45.4314
-788266.04	-990503.37	-789149.05	-990849.48	10.9514
-648175.16	-1017291.77	-646784.63	-1016584.72	21.73
-778021.16	-971960.759	-779540.85	-972090.25	17.3558
-765353.59	-1080221.63	-765367.06	-1080162.52	0.6897
-784365.893	-1059895.552	-784212.8	-1059855.91	1.7632
-733677.42	-1004492.76	-729655.017	-1001739.13	66.5206
-794154.973	-983095.205	-794145.376	-983149.177	0.6356
-652463.268	-1080231.127	-651974.543	-1078911.704	16.9915
-679748.9	-1010316.53	-679741.72	-1010278.02	0.4354
-832044.399	-1029065.65	-832504.574	-1028511.063	14.6533
-762915.919	-992362.478	-762564.02	-992066.04	9.2046
-792265.291	-984819.119	-791804.912	-985582.064	9.9036
-756880.218	-1065422.555	-756844.741	-1065253.931	3.4484
-656412.571	-1067887.071	-656335.94	-1067661.83	2.6562
-645570.393	-1042290.671	-645989.413	-1043086.399	6.921
-809512.423	-993567.602	-809493.61	-993562.76	0.4071
-646158.268	-1035857.518	-645557.515	-1036699.955	21.7811
-876044.64	-1022819.8	-876199.704	-1023680.075	11.1247
-648137.96	-1066641.29	-648150.16	-1066740.416	1.9975
-711274.29	-1046257.05	-711726.01	-1044957.93	16.3703
-727626.089	-1009490.16	-729688.37	-1011027.81	30.2811
-694182.92	-1040208.12	-694046.537	-1040418.3	2.785
-761804.098	-971881.321	-762003.297	-970013.102	33.0895
-676418.41	-999892.37	-674315.48	-997936.62	38.4628
-672595.3	-1023240.283	-673898.48	-1020353.88	36.418
-797174.951	-1069103.723	-797207.371	-1069075.147	1.0062
-645714.994	-1045400.989	-645722.138	-1045375.351	0.3536
-694188.084	-1070765.684	-693741.06	-1070969.8	5.5803
-734881.98	-1043480.92	-734791.26	-1043682.03	4.4125
-701483.77	-1047075.82	-702013.998	-1046509.264	8.6761
-856113.355	-1049196.757	-858009.186	-1049152.542	22.3024
-788466.315	-990034.547	-788405.81	-990185.11	3.2672
-753073.16	-1037427.14	-753160.456	-1037488.903	2.1393
-649116.853	-1066243.064	-650131.51	-1066509.43	11.8398
-831254.004	-1022479.198	-831771.87	-1022224.438	8.2178
-772734.437	-1055317.123	-772932.614	-1055580.24	6.6649
-824759.717	-1069691.343	-827545.17	-1070090.91	31.4592
-791156.4	-1065068.98	-791191.58	-1065090.32	0.4572
-775704.41	-982371.16	-773862.08	-982143.2	23.2231
-740425.24	-984956.78	-740670.36	-985860.8	10.4572
-829353.772	-1063700.731	-829630.225	-1065454.87	21.5919
-807572.676	-1010446.521	-807886.536	-1010849.681	7.8387
-647365.34	-1018527.4	-645714.73	-1017890.78	20.316
-770267.63	-1016474.41	-770406.95	-1016484.18	2.7942
-700174.9	-1071901.69	-701079.66	-1070721.51	17.2344
-753657.17	-1045323.18	-753741.666	-1045468.962	2.2703
-695043.74	-988893.66	-692473.116	-988864.773	30.3587
-859400.19	-1012778.21	-859406.3	-1012030.4	15.471
-810863.52	-992009.87	-810588.846	-992040.726	3.6737
-696712.51	-1014727.51	-697152.768	-1014815.995	6.1421
-758347.022	-1040674.358	-758371.92	-1040714.05	0.9546
-648172.926	-1073424.829	-647278.364	-1071808.632	22.3931
-789673.57	-1026841.604	-790474.46	-1026767.65	8.9615
-705718.77	-1015755.28	-705245.089	-1015162.207	8.5104
-824204.15	-1071970.83	-824233.11	-1071922.28	1.179
-700135.02	-1068003.88	-700139.11	-1067678.62	3.6512
-739410.736	-1054307.586	-739365.02	-1054324.082	0.5775
-651701.208	-1065038.009	-650684.518	-1064923.191	12.0792
-721027.22	-979132.25	-721225.165	-979155.823	2.5943
-735886.71	-1072198.31	-738946.797	-1071544.05	38.3885
-712841.43	-982561.72	-712893.52	-982436.991	2.7052
-656556.57	-1006339.14	-655219.841	-1011057.936	73.6651
-852011.72	-1033267.21	-852030.17	-1033083.54	2.1254
-721659.61	-1005327.96	-721098.21	-1003558.97	23.2744
-825950.05	-1025569.12	-825967.52	-1025677.531	1.2205
-719412.41	-1030662.08	-719489.08	-1030707.48	1.106
-845245.939	-1031964.905	-846083.92	-1033571.49	20.6139
-759114.077	-993280.853	-759160.487	-993225.74	0.8878
-657424.799	-1057490.718	-654418.098	-1056187.692	36.7515
-763081.543	-980987.626	-762967.238	-980983.02	1.2776
-718947.25	-1005997.56	-719101.15	-1005453.17	6.2911
-669738.375	-1048283.0	-668163.57	-1049062.769	20.0346
-762048.78	-1042973.87	-762387.53	-1043099.51	4.159
-775823.61	-1048782.01	-773864.194	-1048488.016	26.2493
-690795.86	-1065043.26	-690803.052	-1065148.176	2.1054
-736662.005	-983697.37	-734657.725	-982816.189	25.7676
-682046.789	-1075733.534	-682555.384	-1075348.452	7.3898
-701644.05	-1039147.18	-699459.57	-1038695.07	26.2677
-669096.11	-1014095.01	-668957.03	-1014140.25	2.931
-688376.03	-1000484.46	-687763.22	-1003297.52	33.9465
-693299.572	-1004550.262	-693305.03	-1004407.28	2.9257
-791531.01	-1019221.8	-789158.18	-1016222.98	45.8129
-666788.659	-1075535.744	-665871.701	-1077467.464	25.2532
-767180.05	-980595.401	-766487.96	-980291.1	8.5815
-650877.756	-1080320.181	-650324.406	-1080224.304	7.3266
-704514.881	-1058537.38	-705984.986	-1061501.398	37.4934
-797478.12	-994976.98	-798345.32	-994740.24	10.1273
-644353.789	-1074449.201	-644363.469	-1074457.652	0.2907
-680011.47	-1041710.69	-682058.232	-1041108.813	23.7717
-732359.224	-1040961.372	-732287.17	-1040885.55	2.6041
-708469.74	-1085004.36	-708617.79	-1084825.71	1.7853
-673859.18	-1036991.5	-673597.602	-1036645.257	5.8219
-753465.94	-1060133.48	-753002.54	-1060673.47	8.5062
-720554.445	-1047589.278	-719977.53	-1046601.324	12.9721
-725468.37	-1011185.65	-727626.089	-1009490.16	36.8587
-721472.343	-1056910.857	-722062.83	-1058441.364	33.7241
-649928.66	-1031448.47	-649575.23	-1031531.19	4.0333
-662153.77	-1022912.68	-660386.03	-1022995.96	19.8855
-741577.379	-1042544.644	-741585.11	-1042462.899	1.7053
-759201.84	-1068758.21	-761089.62	-1070721.24	20.9592
-791823.188	-986770.938	-791151.273	-987552.659	21.6929
-744415.818	-1025176.428	-744432.002	-1025148.312	0.5647
-814407.02	-1017451.0	-814382.515	-1017417.118	0.4751
-691229.36	-1022081.02	-691771.528	-1023419.177	16.1389
-704847.721	-1008039.339	-704193.873	-1008993.01	23.7547
-675803.06	-1008342.46	-673860.1	-1011319.61	51.1603
-674603.26	-1085170.42	-678047.049	-1087810.462	61.2929
-651976.863	-1078879.35	-652004.862	-1078833.61	0.6022
-772010.09	-974008.95	-770981.026	-975646.851	28.242
-647889.573	-1067719.845	-647873.143	-1067710.293	0.4312
-821506.23	-1071709.92	-821222.81	-1072426.52	15.4123
-766845.45	-1013227.2	-765653.67	-1014483.26	20.9883
-717500.578	-1074329.57	-720073.289	-1071319.818	34.9277
-791003.305	-1005121.547	-790803.19	-1005131.05	1.5428
-681240.77	-993505.54	-680988.235	-993110.658	5.7196
-797706.25	-1070400.74	-799508.079	-1070481.606	21.1585
-788322.62	-1018466.92	-791114.2	-1019386.31	33.5544
-753117.8	-1020971.36	-751204.95	-1019753.38	26.274
-721949.012	-1059070.728	-721373.47	-1060629.82	18.4695
-813245.666	-1017991.657	-813365.998	-1017598.31	4.7461
-761091.924	-995027.082	-754985.457	-1001811.321	74.4309
-692295.411	-1046667.796	-692393.91	-1046471.76	2.4544
-646137.32	-1071163.56	-645667.751	-1071370.708	10.3323
-759048.524	-1047938.092	-759813.41	-1049340.45	22.2683
-763337.111	-1048754.536	-762550.42	-1050258.3	37.1112
-807218.882	-991570.862	-805541.115	-990403.576	29.1823
-863519.187	-1044414.338	-863513.534	-1042625.51	30.2441
-770241.279	-1050249.373	-770616.68	-1049952.96	15.836
-686608.81	-1054660.12	-685914.715	-1053772.587	12.6173
-830754.935	-1059526.568	-831265.27	-1057744.68	22.1429
-739143.03	-1040124.46	-739350.9	-1040088.34	4.2227
-716776.47	-1028470.23	-716780.121	-1028419.632	0.5874
-854902.93	-1038237.73	-855530.25	-1036701.857	19.7219
-747562.96	-1019502.35	-747599.375	-1019617.438	1.3476
-663281.656	-1084264.71	-663442.177	-1084581.588	3.9623
-659098.75	-1009155.77	-657651.71	-1010657.05	23.7022
-753063.822	-985251.483	-752698.839	-986984.752	21.295
-670378.25	-1048213.313	-669881.57	-1048196.08	5.7811
-880204.394	-1017070.064	-880151.53	-1017056.729	0.6234
-819652.398	-1075671.193	-819811.51	-1075616.07	3.371
-665395.172	-1046191.379	-665392.81	-1046161.73	0.3305
-695525.86	-994939.15	-696275.2	-995059.54	8.6595
-867415.576	-1014634.834	-867721.497	-1015612.621	20.493
-773180.24	-982370.02	-772772.16	-981632.61	9.9915
-701933.768	-1018659.443	-700386.34	-1017542.52	22.7473
-690247.146	-995050.618	-690031.769	-995179.741	2.8766
-754214.37	-988832.09	-755956.61	-990921.9	32.051
-671738.538	-1093099.692	-671275.98	-1092124.2	19.503
-650342.247	-1075757.499	-650589.631	-1078457.129	34.5929
-714821.655	-998230.155	-715055.607	-996634.085	19.137
-772370.063	-1054697.184	-772390.309	-1054712.423	0.7166
-724991.13	-1067014.4	-725713.35	-1066651.34	16.4307
-747850.94	-1037441.67	-746296.162	-1037605.399	17.5633
-707194.39	-1067155.22	-707342.596	-1067840.561	9.072
-788459.966	-1013937.498	-788477.217	-1013950.601	0.2435
-696636.6	-994249.17	-695962.77	-992333.25	25.7724
-724221.372	-1037346.047	-724283.282	-1037360.78	1.6622
-694550.39	-1089676.0	-693908.675	-1090508.932	15.5883
-727355.342	-1055096.643	-727498.09	-1055856.04	17.7203
-705436.794	-1046812.341	-705213.552	-1046907.088	2.6968
-776434.877	-977166.515	-776326.15	-977345.98	4.2172
-744113.81	-1028719.22	-744268.68	-1027560.53	13.305
-728506.879	-1060761.621	-728535.537	-1060780.282	0.4656
-741663.03	-1042064.37	-741521.63	-1042009.24	4.1821
-776007.615	-1018697.758	-776123.48	-1018698.4	1.2947
-795520.982	-1003368.997	-796617.37	-1002849.98	13.4781
-772371.88	-1055560.94	-771810.65	-1055290.41	12.7538
-693762.45	-1032418.66	-693883.566	-1032463.944	2.602
-783489.42	-1061938.708	-783391.24	-1061960.53	2.2821
-645095.13	-1025657.86	-645969.2	-1026861.65	18.1389
-867788.045	-1017518.115	-867814.1	-1017398.97	3.7365
-726496.4	-1072033.33	-721765.39	-1072001.18	59.8203
-833504.385	-1072510.084	-834017.16	-1072558.02	3.9617
-705966.084	-1071067.862	-705427.33	-1071399.53	7.0484
-695908.221	-1034530.867	-696209.569	-1034541.427	6.2973
-749015.514	-1045769.626	-749095.62	-1045762.39	1.7852
-838827.113	-1054159.279	-840490.431	-1056312.086	33.9053
-786455.105	-1064322.263	-787208.275	-1066172.509	23.3742
-757705.96	-1039765.18	-757862.35	-1039890.22	2.3881
-644804.59	-1049444.13	-644139.468	-1047621.263	18.9057
-759026.545	-1047924.626	-759044.19	-1047918.202	0.4195
-703668.99	-1062360.73	-703392.676	-1059769.677	31.7032
-671682.411	-1084432.838	-668968.561	-1086290.602	50.1248
-757206.48	-1080755.63	-758696.918	-1082084.258	24.2372
-809663.17	-994174.16	-809177.84	-994195.19	9.8498
-879501.125	-1023282.875	-881678.038	-1022283.404	29.2409
-676991.84	-1056752.87	-676514.22	-1056253.98	14.2191
-681810.686	-1088876.854	-682615.938	-1087826.567	15.697
-776696.195	-1034352.356	-775691.78	-1034209.7	21.0357
-876205.29	-1021469.48	-876129.73	-1021550.52	1.4653
-737638.44	-1057658.8	-737596.76	-1057650.8	0.9
-703758.381	-1079749.097	-703858.334	-1077728.229	23.6064
-641686.67	-1037076.0	-641802.028	-1037420.401	7.6461
-648028.985	-1054558.072	-648850.296	-1057904.804	32.0608
-807312.372	-1038652.671	-806646.111	-1039509.578	12.3434
-673053.29	-1012178.46	-673065.66	-1012180.91	0.2637
-740425.24	-984956.78	-739456.77	-984455.4	13.9579
-710457.607	-1037049.321	-710240.621	-1036353.305	15.2455
-759614.391	-976477.019	-759694.68	-976470.55	1.6183
-823456.88	-1025260.68	-823451.63	-1026158.985	11.8024
-673857.05	-1011738.34	-673383.37	-1012036.57	6.2306
-765408.29	-1080195.93	-766339.96	-1080322.38	10.6321
-750401.242	-1005557.255	-750394.144	-1005574.589	0.4066
-700358.813	-1017067.057	-700549.976	-1016985.471	4.7941
-741735.77	-987581.701	-740411.92	-987030.62	16.2026
-867995.32	-1031386.54	-863459.709	-1029550.184	59.3356
-778917.1	-1060712.15	-777701.42	-1060876.17	17.3121
-723333.95	-1036968.41	-721909.138	-1036103.039	20.782
-687748.17	-1003345.14	-687324.26	-1004263.0	11.3911
-761277.9	-1014712.0	-760604.3	-1013328.54	17.1011
-688190.74	-1048705.98	-688043.64	-1047784.78	12.4881
-746589.08	-1039185.64	-747850.94	-1037441.67	23.9424
-761986.299	-1025253.683	-761666.724	-1024862.228	5.9867
-786598.47	-996189.5	-786800.7	-996166.2	4.073
-749021.91	-1023132.2	-747427.15	-1020180.7	42.6475
-750010.571	-1005717.902	-750027.08	-1005696.608	0.6746
-685775.306	-1008252.372	-686814.05	-1008736.01	13.5039
-708693.97	-1050118.96	-708596.11	-1049854.13	3.1874
-649412.96	-1069332.18	-649397.09	-1068087.73	24.5085
-745782.97	-982628.93	-744769.542	-981619.002	16.2446
-690169.154	-1066692.639	-688661.205	-1067992.973	24.6677
-655812.1	-1048450.58	-655855.307	-1048416.028	1.1111
-752482.88	-1043314.671	-752240.69	-1042987.36	8.1471
-758715.209	-1060308.79	-758984.96	-1060306.05	5.4466
-793545.34	-994549.28	-794893.45	-994671.92	15.3595
-688433.97	-1062383.78	-688245.65	-1062409.67	3.8609
-684489.68	-1065834.781	-684456.271	-1065830.333	1.0984
-690144.75	-995126.75	-690238.75	-995190.78	1.2654
-741289.93	-1026954.677	-741318.219	-1026828.168	2.644
-734657.963	-1045867.082	-734792.939	-1045834.388	3.9206
-853654.412	-1058927.71	-854092.984	-1059209.321	7.5188
-663044.42	-1054468.82	-661534.9	-1056956.81	38.2686
-704769.23	-1071747.73	-703712.723	-1072042.225	12.7066
-779116.42	-1042743.98	-777670.839	-1041084.169	28.4152
-865309.575	-993340.114	-866860.328	-998552.66	66.2863
-757098.83	-1070014.01	-757062.77	-1070140.36	2.6316
-784300.96	-988109.78	-786897.49	-989063.07	35.3914
-730628.22	-1042752.2	-730464.91	-1043698.48	7.3904
-771432.875	-995747.64	-770554.816	-995687.17	9.7804
-711988.708	-1040692.742	-711981.896	-1040711.458	0.2518
-746391.984	-1054066.041	-746278.879	-1054177.747	3.3734
-644298.17	-1048031.02	-643431.223	-1047704.006	11.0702
-643669.343	-1034932.529	-645953.826	-1035165.121	26.6993
-779250.426	-997226.575	-778812.234	-1000738.673	43.5624
-724124.816	-1055002.765	-723198.334	-1054619.074	22.482
-641514.061	-1025133.864	-640620.04	-1024377.18	13.9693
-639797.044	-1032968.288	-644328.519	-1038041.66	54.495
-783838.86	-988399.59	-782726.78	-987641.643	16.3444
-870928.851	-1000954.937	-872303.667	-1001395.343	17.416
-741516.928	-1042621.167	-741506.63	-1042461.87	3.2091
-744730.982	-1001506.622	-744946.808	-1001224.306	4.1025
-753429.609	-1045777.357	-753494.85	-1045784.36	0.5047
-781617.16	-985767.32	-783159.19	-985951.26	23.252
-846221.073	-1022074.287	-846077.369	-1022040.031	1.6496
-672142.31	-1009768.45	-670992.694	-1009940.001	14.368
-778137.77	-1058760.2	-773823.199	-1056068.979	39.7071
-690438.47	-1055956.5	-690566.15	-1055814.5	2.1745
-724028.92	-1008873.53	-722967.369	-1006661.187	27.2959
-795237.549	-1012020.629	-793617.229	-1013482.027	25.7521
-818946.6	-1027758.891	-819733.064	-1026468.279	11.8523
-757944.57	-1018902.47	-758869.214	-1018432.011	11.7004
-645715.132	-1042716.114	-645518.759	-1042729.318	3.9375
-743733.598	-1024751.968	-746657.563	-1017680.468	61.3311
-719914.46	-1077603.56	-717192.428	-1075852.491	49.3673
-660641.29	-1076203.42	-660888.99	-1076633.9	5.5587
-784018.32	-995398.78	-784256.274	-994402.039	11.8792
-815590.857	-1064630.056	-815086.286	-1064891.427	6.9618
-735445.09	-1030178.68	-734772.38	-1029674.17	9.4005
-649316.891	-1061705.052	-649294.156	-1061839.107	2.7226
-770208.09	-1027884.02	-767805.41	-1026068.54	48.3918
-645348.96	-1052271.34	-645364.78	-1052486.63	1.9659
-858444.317	-995101.939	-861412.91	-990472.22	79.56
-697424.697	-1035914.68	-697549.715	-1035832.866	1.6694
-734645.857	-1072632.119	-734636.107	-1072986.567	7.0937
-705068.76	-1047873.8	-704751.508	-1048567.281	9.6867
-725019.592	-1035314.128	-724399.64	-1034469.65	21.1285
-674699.77	-1016080.99	-675017.86	-1015823.96	4.7
-851679.954	-1010650.311	-851507.58	-1010767.77	4.2823
-686881.544	-1058803.954	-686431.54	-1059403.19	8.3419
-765956.108	-970334.302	-766488.889	-972130.108	43.1296
-657019.754	-1063024.574	-658077.11	-1064149.39	20.88
-686738.235	-993832.623	-686073.991	-993614.154	7.8136
-717942.7	-1065613.26	-716142.935	-1064705.901	23.8749
-884583.855	-1009276.31	-885723.47	-1010197.174	16.8211
-843135.49	-1000536.953	-844989.76	-994076.91	90.9226
-680011.47	-1041710.69	-679414.3	-1041652.05	6.6673
-781640.64	-1020253.82	-784784.39	-1023650.31	54.2002
-675528.852	-1031255.575	-674384.818	-1029731.529	22.9286
-774654.557	-988981.697	-772692.12	-989136.26	22.5004
-734824.7	-1052989.06	-737308.984	-1051237.17	33.9677
-762038.22	-973337.892	-761892.92	-972790.19	11.3653
-817473.473	-1049653.171	-812849.834	-1049467.983	65.4591
-659427.17	-1037681.69	-660445.077	-1038492.609	18.8415
-696275.2	-995059.54	-696701.07	-994294.03	10.8332
-696029.607	-1045263.951	-695093.911	-1044413.908	14.068
-772692.12	-989136.26	-771203.743	-989206.762	17.653
-811663.996	-1027269.798	-813680.81	-1027925.43	23.6917
-687593.77	-1028876.38	-687757.878	-1028419.984	5.9182
-810553.97	-991733.99	-810333.785	-991622.577	2.8378
-869613.66	-1040332.96	-866877.057	-1038926.835	37.1285
-645105.96	-1049663.07	-645478.566	-1049546.01	7.8856
-847981.715	-1062723.73	-845372.99	-1063113.76	34.5306
-776737.471	-1034379.852	-776149.73	-1034943.3	10.9
-767704.931	-1012697.57	-767438.13	-1012797.07	5.7495
-849513.93	-1008292.36	-849514.114	-1008336.564	0.8881
-732562.34	-1053986.92	-732450.096	-1054745.659	17.2153
-738573.336	-1060565.649	-738559.393	-1060558.556	0.3497
-737024.99	-1036287.62	-736840.53	-1036757.31	10.1121
-712005.82	-1041598.33	-712035.9	-1041732.29	2.258
-852030.17	-1033083.54	-851674.691	-1031602.659	21.5866
-853839.06	-1024392.81	-850635.225	-1022379.352	47.3834
-726005.712	-1020273.05	-725954.836	-1019955.705	7.113
-737270.58	-1038760.9	-737520.52	-1039020.19	7.209
-723472.047	-1009554.734	-724028.92	-1008873.53	10.1094
-740037.024	-1032679.043	-740022.484	-1032690.58	0.2388
-865417.798	-1006932.159	-865411.578	-1006956.737	0.2817
-709790.885	-1022701.685	-708891.15	-1022648.12	14.5631
-674637.39	-1078055.65	-676292.366	-1082313.565	65.5528
-819612.782	-1008068.581	-820309.994	-1008044.434	13.9611
-742447.92	-1057030.3	-744053.61	-1057667.93	20.458
-696426.87	-1001006.06	-696319.73	-1000896.59	3.0636
-799184.546	-1015725.715	-797625.12	-1013152.09	35.8942
-757160.106	-1052335.222	-757402.828	-1052419.611	2.9
-802515.946	-1014086.344	-803282.683	-1012488.552	20.0871
-645129.9	-1025038.52	-646487.376	-1023965.665	21.4576
-793287.43	-1051912.18	-794753.218	-1049662.615	50.1407
-755449.02	-1081193.42	-754727.143	-1084397.371	78.9213
-844027.15	-1005078.51	-844038.724	-1005104.052	0.3309
-654988.369	-1070998.936	-656933.304	-1077510.975	83.9177
-712891.898	-982747.303	-712877.22	-982763.524	0.5475
-721734.23	-1079750.92	-721694.51	-1079694.03	0.7714
-828650.137	-1025051.101	-830319.0	-1023231.16	32.7407
-682654.13	-1059857.1	-687848.521	-1056929.249	71.8388
-744437.968	-1025170.462	-744415.818	-1025176.428	0.2823
-732430.487	-1054769.329	-732450.096	-1054745.659	0.8614
-743703.125	-1025022.688	-743555.275	-1024949.43	3.301
-664261.049	-1047852.715	-670260.27	-1047666.95	47.0177
-791191.58	-1065090.32	-792335.7	-1064165.62	18.7124
-730856.62	-1042063.53	-730882.08	-1042065.154	0.5102
-725335.37	-1028213.23	-724612.79	-1027039.26	17.1278
-647790.847	-1067393.64	-646819.494	-1068479.874	17.0393
-645356.061	-1042741.654	-645475.79	-1042722.862	2.4276
-656123.371	-1061794.799	-657020.478	-1062950.696	17.0287
-780146.784	-975121.456	-780136.267	-975125.107	0.2376
-724988.93	-1064518.87	-724372.57	-1065211.67	18.9447
-850974.94	-1059171.953	-851755.047	-1055051.776	48.1297
-710938.84	-1049923.0	-710741.03	-1050352.91	5.6488
-866375.51	-1007319.368	-866412.755	-1007295.052	0.5328
-762683.732	-1040426.102	-762669.225	-1039851.164	11.5025
-718531.302	-1074829.682	-718118.94	-1074538.02	5.6972
-831921.084	-993054.912	-829579.044	-992664.87	27.4483
-670828.26	-1074758.31	-670493.82	-1074876.4	7.1427
-778348.44	-1058916.35	-778382.944	-1059000.148	1.0286
-847170.479	-1007441.499	-844933.3	-1005585.62	32.9525
-688899.57	-989589.51	-688277.3	-989840.08	7.87
-843367.441	-992167.464	-842568.76	-992116.35	9.0189
-756325.51	-1036183.84	-757134.9	-1036802.08	12.9194
-732075.87	-1005296.73	-728146.12	-1003625.21	57.5899
-697541.012	-1035978.822	-697488.35	-1036432.86	5.0971
-765080.703	-974789.501	-765059.6	-974782.79	0.2567
-752718.19	-1006076.97	-753296.424	-1004671.452	16.8874
-648320.15	-1058431.014	-648316.398	-1058421.523	0.2086
-754771.353	-1047530.553	-754598.61	-1047553.02	3.4946
-655425.148	-1070143.698	-655004.554	-1070119.791	4.6828
-872985.395	-1040333.041	-876689.855	-1039773.912	84.4292
-757505.78	-1039271.09	-757294.023	-1039645.091	4.9809
-822691.204	-993747.305	-826393.58	-993760.31	57.0778
-791127.809	-987855.845	-790965.977	-987948.854	3.9241
-643225.852	-1071268.715	-643808.34	-1070090.39	16.6119
-750766.055	-999807.791	-753228.46	-994109.99	91.825
-696337.563	-1001026.313	-696367.74	-1001126.95	2.1969
-721194.68	-1082065.94	-721299.06	-1082392.31	4.0735
-869828.387	-1037680.321	-869167.643	-1038279.309	17.8523
-701719.02	-1012444.79	-701719.186	-1012526.163	1.6657
-712420.272	-983594.696	-712438.272	-983588.937	0.4537
-751809.984	-1007105.322	-751923.796	-1006801.927	2.4934
-696640.86	-1013523.41	-696549.32	-1013687.83	3.765
-748963.84	-990711.37	-748753.9	-989283.07	19.4312
-731557.09	-1056137.15	-731562.956	-1056376.26	2.7518
-711342.154	-1053447.008	-710303.846	-1051630.394	23.7812
-698601.44	-1063577.91	-698164.88	-1063584.93	9.0203
-711870.206	-1061974.768	-711857.938	-1061987.625	0.1975
-734799.24	-1043636.72	-734745.125	-1042155.188	32.2184
-794092.27	-1044078.55	-794125.83	-1044350.99	3.05
-671157.532	-1014752.688	-670303.75	-1014305.27	10.7108
-729466.74	-1078252.51	-729193.276	-1078529.174	7.7855
-787963.388	-1061123.454	-787917.19	-1061122.81	0.924
-657651.71	-1010657.05	-655915.64	-1010865.18	21.1264
-684413.066	-994587.854	-684379.891	-994645.138	1.413
-820036.979	-1026366.183	-820017.319	-1026392.266	0.6552
-758651.08	-1013410.21	-758455.89	-1012416.89	11.3214
-850224.24	-1010661.535	-850636.859	-1010801.445	8.8677
-742338.099	-1026848.874	-743670.905	-1024947.276	17.9718
-759007.55	-1068529.69	-759177.11	-1068732.59	2.0363
-646065.072	-1042716.985	-645916.971	-1042711.207	2.9644
-870796.34	-1028019.47	-874344.73	-1021068.78	119.3647
-733554.49	-1083480.28	-732726.814	-1084027.306	13.2502
-846907.119	-1029513.505	-845865.288	-1027535.4	26.3292
-737661.145	-1057623.659	-737638.44	-1057658.8	0.8852
-739577.587	-982765.461	-739534.3	-982791.08	0.5603
-756989.6	-1032397.03	-756917.591	-1032428.333	0.9146
-707395.27	-1021372.06	-707460.34	-1021447.15	1.9874
-728049.438	-1040282.5	-728301.83	-1039146.96	12.9732
-646817.027	-1070110.852	-646804.66	-1070126.4	0.4567
-768713.957	-972170.981	-768734.89	-972166.881	0.2485
-820743.22	-1063814.623	-820585.924	-1063518.216	3.9057
-747409.95	-1034670.67	-749323.33	-1033889.64	24.99
-652756.916	-1044690.62	-651216.495	-1043242.764	24.7159
-756870.588	-1065638.939	-756889.551	-1065640.076	0.4624
-804910.541	-1024792.196	-804735.243	-1026440.667	19.2397
-646380.531	-1071538.825	-646358.425	-1071536.046	0.4979
-704179.784	-1009008.677	-704166.528	-1008995.424	0.4111
-708408.027	-1058931.415	-708246.42	-1058914.524	1.8238
-776457.57	-975926.16	-776494.34	-975986.92	1.4988
-676726.07	-1006264.05	-675086.81	-1006293.2	18.9601
-660761.31	-1032147.72	-660276.396	-1031534.87	9.071
-765030.335	-975184.381	-765080.703	-974789.501	4.4691
-652542.747	-1062334.365	-652486.137	-1062382.974	0.8623
-772600.85	-983797.65	-772656.07	-983709.93	1.178
-886514.471	-1022626.883	-886513.43	-1022598.52	1.1059
-852564.625	-1046612.94	-851819.82	-1047523.5	14.1987
-866212.348	-1049465.936	-868428.83	-1050088.405	25.844
-809384.25	-994087.73	-809398.86	-994191.22	2.0905
-708783.763	-1071503.143	-708118.84	-1072450.287	14.2337
-640148.722	-1086130.675	-642714.099	-1086174.846	31.8035
-681819.424	-1075513.693	-682046.789	-1075733.534	3.5141
-854856.57	-1011412.45	-855036.52	-1011397.23	3.6119
-779046.215	-1029571.411	-778945.801	-1029679.128	3.175
-824424.66	-1076786.93	-824335.17	-1076643.87	1.5346
-675397.7	-1072188.45	-674394.04	-1072998.88	16.6783
-722332.58	-1017137.68	-721515.93	-1016968.04	9.5293
-700853.71	-998518.14	-701015.15	-997671.7	9.8581
-699228.75	-1084220.74	-699220.004	-1086836.49	35.1621
-710474.741	-1013302.23	-711292.841	-1012313.368	14.7373
-671011.67	-1048336.21	-671371.183	-1047810.527	7.8706
-760994.984	-994698.074	-761077.286	-994700.252	0.9602
-645724.47	-1074143.02	-645182.381	-1074268.023	11.1271
-756662.9	-1065875.93	-753877.82	-1066653.36	33.085
-723026.18	-1047430.95	-721709.137	-1048028.488	28.9261
-762779.554	-1043689.805	-762794.21	-1043674.35	0.243
-738613.52	-1001528.51	-738748.919	-1001258.549	3.858
-734657.725	-982816.189	-734107.555	-983034.011	6.6902
-817287.37	-1070532.94	-817356.22	-1070566.11	0.9177
-705984.986	-1061501.398	-704866.76	-1061699.46	12.7539
-767742.987	-973600.962	-767753.068	-973588.546	0.3776
-689380.018	-1029127.238	-689199.57	-1027006.85	28.4945
-821758.61	-987273.78	-821606.079	-987225.304	1.928
-755823.163	-1033649.546	-754578.32	-1033875.92	15.138
-789678.346	-1026737.209	-790130.99	-1026365.77	7.691
-711131.66	-1011675.56	-709859.31	-1013013.28	21.1599
-746302.213	-1054356.205	-746331.456	-1054349.706	0.6288
-728124.965	-1071992.392	-727827.35	-1072053.3	6.0814
-734591.1	-1022240.55	-733414.453	-1025012.115	34.0545
-786298.87	-1042608.88	-785874.31	-1045240.77	42.6558
-721028.2	-1065276.8	-720087.37	-1066519.01	20.6202
-751731.718	-984231.884	-750377.052	-984570.46	16.815
-847264.676	-1070411.162	-847461.853	-1070382.288	1.5329
-731999.944	-1057687.789	-731354.232	-1057376.602	18.1665
-763380.91	-1072715.19	-764235.842	-1073549.113	13.3875
-818728.15	-1074717.07	-813711.95	-1072683.86	42.7532
-812119.815	-1017145.01	-813365.998	-1017598.31	20.0354
-869160.787	-1038295.034	-869144.766	-1038281.722	0.5032
-830033.794	-1031139.986	-831791.806	-1029809.524	27.9158
-687874.492	-1039550.678	-689276.02	-1041251.79	24.8165
-821930.923	-997708.197	-824913.522	-997340.039	39.7865
-681692.29	-1059999.27	-682654.13	-1059857.1	22.6241
-863093.577	-1028678.965	-863828.17	-1026295.33	30.0156
-645287.16	-1060455.277	-645244.928	-1060424.71	1.2391
-694237.635	-1076391.482	-691868.159	-1074084.509	39.1117
-852274.462	-1010201.283	-852595.394	-1008648.411	38.3836
-742338.29	-1026873.82	-739286.62	-1033463.37	57.5653
-698316.327	-1057860.241	-699767.59	-1058228.5	18.8521
-731944.906	-1081331.224	-731318.491	-1081395.334	7.1085
-777244.09	-1022465.751	-776337.19	-1022113.34	11.0926
-694823.848	-1038077.865	-693395.58	-1037423.123	18.2862
-796592.857	-1009438.693	-796978.76	-1006899.82	32.2762
-740580.83	-1040143.97	-740810.27	-1040213.68	6.4974
-659779.64	-1068592.09	-657956.62	-1069270.74	21.6318
-756917.862	-1016333.564	-755096.69	-1017217.62	22.6496
-772204.52	-1063079.85	-771664.289	-1062200.37	11.6539
-753544.297	-1078888.772	-752092.071	-1079276.061	18.0134
-719314.324	-1049519.795	-719227.699	-1050025.693	5.7663
-741757.33	-1047020.69	-741898.86	-1047009.98	2.8546
-655315.375	-1026583.681	-655260.99	-1026577.1	0.6088
-730701.69	-1057315.94	-730868.048	-1057213.587	2.2033
-760925.0	-1070532.72	-760827.86	-1070429.44	2.836
-678925.5	-1039515.25	-676885.72	-1040443.22	25.4272
-725685.08	-1033315.51	-724852.45	-1034098.14	12.782
-647345.533	-1071014.407	-647242.168	-1071682.457	14.7226
-784340.233	-1026853.333	-784289.205	-1026790.087	1.6253
-658900.48	-1012054.78	-658853.576	-1013422.483	20.0362
-756553.69	-1034846.22	-756734.07	-1035038.43	3.3996
-658351.659	-1088861.398	-660162.685	-1086807.051	32.0734
-643487.277	-1087685.842	-642714.099	-1086174.846	20.4276
-859385.752	-1012800.02	-858880.97	-1012255.26	19.9823
-675474.68	-1010843.68	-675655.518	-1009738.39	15.7531
-737315.04	-1057810.47	-737128.122	-1057813.029	1.438
-824369.557	-1069640.862	-823855.72	-1069646.52	11.1022
-745792.773	-982646.313	-745780.31	-982643.215	0.1545
-850128.496	-1074362.749	-850080.397	-1074377.018	0.5594
-649071.447	-1067541.708	-650214.713	-1066673.462	17.4813
-686509.01	-1087172.16	-686491.08	-1087690.05	5.8521
-822653.638	-1059316.149	-822590.536	-1059214.552	2.6261
-751764.57	-1033120.59	-751596.74	-1033037.27	2.1473
-706944.713	-1074501.568	-706403.78	-1074184.617	7.0181
-770233.58	-1076648.03	-771511.08	-1078430.42	24.8992
-680469.593	-1048668.601	-678335.849	-1048911.227	25.6469
-757186.395	-999324.849	-760688.95	-998727.14	42.2626
-681395.684	-1071134.646	-679673.73	-1071374.91	20.6268
-878158.696	-1013432.341	-878446.41	-1011882.071	17.9538
-649291.665	-1060965.126	-649359.526	-1060736.691	5.0055
-808721.81	-991258.59	-808700.584	-991218.76	0.9265
-696412.493	-1063921.756	-694877.07	-1064101.78	17.2094
-820196.29	-1068830.88	-820611.661	-1069858.811	23.1818
-858716.326	-995805.151	-857727.851	-998248.061	34.4567
-859406.3	-1012030.4	-859395.01	-1012018.42	0.3675
-725980.5	-1083703.27	-725860.458	-1083649.246	1.4627
-673898.48	-1020353.88	-673021.41	-1020128.33	11.7749
-867018.375	-1013995.532	-867026.756	-1014027.188	1.1136
-670645.41	-1038343.34	-667304.361	-1041101.153	57.3952
-777421.09	-1064471.68	-775337.088	-1066406.687	49.3424
-647852.61	-1059246.72	-647883.61	-1059352.33	2.2022
-730433.77	-1043884.81	-730320.71	-1043500.64	4.7271
-801002.08	-1032379.022	-799304.901	-1029049.172	43.8276
-811161.406	-1042049.504	-808968.166	-1042596.195	28.7561
-794503.91	-1062120.49	-795756.305	-1061411.799	20.4933
-691025.4	-1007118.65	-691343.38	-1006843.27	4.6739
-697195.262	-1038979.307	-697177.04	-1038976.56	0.3887
-702956.97	-1010907.46	-702516.565	-1010261.375	15.6395
-689070.72	-1043744.36	-688732.773	-1043758.172	3.7581
-714132.725	-1073338.675	-712117.51	-1071221.702	60.0344
-753875.83	-1041685.1	-753766.275	-1041830.108	3.9282
-666097.53	-999186.01	-665659.82	-1000236.89	28.6084
-798366.93	-999644.1	-799818.73	-998785.97	22.5073
-755287.16	-999432.24	-754248.45	-997021.37	30.6079
-708116.272	-1016039.129	-707094.49	-1015993.99	18.1736
-787590.19	-1062308.66	-787483.154	-1061959.579	7.6102
-680301.305	-1006924.26	-679725.44	-1007082.48	6.8272
-869631.174	-1051272.688	-870379.374	-1050787.673	16.202
-778543.215	-1058986.636	-783541.401	-1061964.012	45.8034
-756229.13	-1064141.66	-756770.213	-1065375.482	16.6447
-644318.761	-1038051.714	-639797.078	-1032981.95	54.4253
-749265.548	-1004416.854	-749090.496	-1004330.379	3.9724
-718454.813	-1019105.75	-718316.58	-1019140.73	1.5848
-691343.38	-1006843.27	-691235.735	-1006530.473	3.7381
-734764.112	-1045640.265	-734871.69	-1045752.6	3.2766
-661397.46	-1034322.3	-660539.64	-1034599.61	10.4837
-671671.17	-994217.99	-671541.458	-994226.952	2.6009
-686740.46	-994862.24	-685867.365	-996829.746	25.8881
-749022.214	-972993.748	-749046.648	-968960.265	54.1289
-693574.45	-1045192.32	-694097.928	-1048485.249	38.9788
-831791.806	-1029809.524	-832903.841	-1031528.395	33.0244
-735076.04	-1040992.76	-734667.725	-1041598.981	8.9489
-759906.448	-1010347.176	-759401.46	-1010266.64	11.1056
-700441.78	-1088317.93	-699263.048	-1087577.665	17.7767
-871474.565	-1005104.736	-869618.203	-1007584.616	44.0259
-762528.41	-1038705.278	-762387.286	-1038759.76	1.1637
-700174.9	-1071901.69	-700115.94	-1071955.9	1.6244
-643935.977	-1040626.868	-643930.173	-1040600.159	0.8562
-674713.465	-1047420.203	-675084.65	-1047621.12	4.6897
-876155.562	-1021359.829	-876185.879	-1021345.18	0.3741
-651643.82	-1029548.21	-649621.6	-1029185.54	24.0108
-645735.79	-1045402.815	-645714.994	-1045400.989	0.2522
-773198.18	-978453.94	-773231.21	-978427.34	0.851
-761412.54	-996633.82	-758959.408	-996318.164	31.0281
-639916.051	-1081174.223	-640247.606	-1080219.461	15.3166
-701099.716	-1050856.633	-701170.686	-1050328.027	10.8795
-653082.09	-1010352.41	-651545.63	-1010290.19	21.3435
-743483.882	-1061707.065	-745018.289	-1060369.947	23.2802
-816650.416	-1075683.859	-816403.88	-1076194.94	11.8453
-656027.63	-1011983.47	-658795.39	-1011722.96	34.704
-670464.738	-1071072.651	-671820.9	-1073411.8	31.5037
-656108.2	-1048690.63	-656067.747	-1048723.149	0.5776
-657931.81	-1048289.23	-657381.271	-1045152.373	37.2912
-836603.408	-1051931.422	-836341.28	-1052408.963	6.0931
-725002.733	-1065593.652	-724891.11	-1066813.89	15.3589
-770210.38	-1053816.77	-770190.57	-1053825.54	0.4701
-642292.66	-1093616.92	-641361.511	-1092462.084	17.6325
-745476.058	-1042442.099	-744427.01	-1041940.53	24.5136
-693003.18	-998300.05	-692363.09	-998251.16	7.1329
-885169.37	-1016810.178	-885102.897	-1016857.919	0.9371
-818230.1	-984913.28	-816748.835	-987169.243	30.6547
-725453.136	-998817.093	-725654.097	-998847.16	2.2792
-766858.763	-1037423.041	-766858.89	-1037449.749	0.8298
-882180.889	-1003054.844	-881270.899	-1001368.533	28.5873
-763989.372	-1024143.273	-764003.61	-1024125.807	0.516
-849341.108	-1036491.181	-850620.762	-1036813.505	14.854
-857821.396	-1017685.681	-859557.256	-1016593.499	34.5755
-874066.119	-996690.38	-875262.46	-995503.88	20.5781
-812388.176	-977737.761	-812297.062	-977456.967	3.6232
-728454.25	-1060923.44	-728282.37	-1061023.04	1.5281
-679258.65	-1041636.42	-676250.16	-1042634.43	36.086
-818904.75	-1068921.1	-820196.29	-1068830.88	33.0993
-820573.83	-1001637.48	-820469.461	-1007315.819	120.5708
-766628.606	-1023246.233	-766353.786	-1023253.612	3.0549
-844761.0	-1030903.255	-841116.01	-1031187.07	41.4714
-796121.105	-1068873.145	-797174.951	-1069103.723	21.6132
-712625.01	-1079010.79	-712611.26	-1078889.11	1.653
-689289.117	-1090073.041	-689965.324	-1088969.229	16.0659
-643049.81	-1024267.01	-642347.908	-1024567.607	8.5451
-845062.714	-1031835.4	-845245.939	-1031964.905	4.495
-732450.096	-1054745.659	-732450.528	-1054772.006	0.6259
-770392.356	-1000118.005	-772697.187	-999447.262	28.235
-871707.33	-1019437.94	-869616.016	-1020897.713	40.677
-680697.38	-1050051.66	-680978.05	-1051551.51	17.4177
-819959.831	-1026300.162	-818946.6	-1027758.891	14.0411
-751477.25	-1025474.99	-753232.18	-1024998.24	20.8628
-643828.134	-1066696.643	-643250.92	-1066919.41	6.8839
-708947.022	-1068917.61	-709267.717	-1068318.769	8.0731
-776071.75	-1050624.5	-776384.82	-1050649.1	3.5779
-774246.13	-977816.71	-775923.936	-977266.63	36.9068
-679590.78	-1061605.57	-678499.29	-1063064.14	20.9097
-683981.04	-1045580.36	-683720.859	-1044504.957	12.3447
-865997.726	-1006888.609	-867441.345	-1002735.791	59.5882
-739485.75	-1029242.48	-739299.15	-1029228.09	3.7496
-686575.12	-1039593.79	-687874.492	-1039550.678	14.4618
-665794.8	-1014294.06	-663693.88	-1014805.29	24.673
-841436.05	-1026926.25	-844761.0	-1030903.255	63.8215
-794145.376	-983149.177	-795450.938	-985788.52	33.8666
-752687.05	-982562.7	-753093.273	-983301.577	9.6393
-718948.86	-1088120.98	-718920.88	-1088152.074	14.2818
-849514.114	-1008336.564	-849434.18	-1008755.3	8.8345
-701179.42	-1050315.94	-701170.686	-1050328.027	0.3412
-780713.7	-1068654.21	-779286.05	-1069070.46	17.1537
-707322.4	-1045354.97	-707917.65	-1044556.38	20.1995
-842488.834	-1036834.753	-845456.526	-1038852.984	50.1924
-770537.784	-1010225.627	-769111.6	-1007999.37	30.1958
-731748.04	-1031479.96	-731456.036	-1032452.02	22.601
-717871.38	-1031498.06	-715650.83	-1032190.21	31.1235
-657091.01	-1022208.29	-656919.63	-1022278.57	2.0623
-677792.44	-1026214.67	-678055.237	-1028645.783	37.7377
-640022.314	-1082782.538	-639921.775	-1083492.676	11.9286
-723703.199	-1036211.149	-723677.639	-1036221.999	0.6188
-765746.49	-1029031.38	-765572.3	-1028412.02	13.2786
-669541.76	-1081268.375	-670357.22	-1080322.771	14.2944
-692763.123	-1078645.94	-692559.898	-1080566.223	25.1897
-771281.929	-1061756.367	-771749.039	-1060604.088	17.5236
-746255.238	-1054054.79	-746502.643	-1054238.287	6.1612
-674384.818	-1029731.529	-674361.294	-1029465.061	2.9942
-758171.547	-1053690.762	-758844.38	-1054442.2	11.9125
-680358.135	-1067527.878	-678344.066	-1069057.355	29.7235
-679587.323	-1071764.46	-680612.899	-1073297.698	23.0928
-815086.286	-1064891.427	-814788.862	-1065223.28	5.8482
-643570.536	-1046079.826	-643270.253	-1044720.053	15.4876
-669529.45	-1013894.36	-669517.02	-1013920.4	0.6228
-697608.833	-1001082.178	-697594.008	-1001104.644	0.6381
-770831.342	-1010431.064	-770659.27	-1011468.3	11.6937
-649298.085	-1061754.233	-649297.606	-1061776.981	0.4824
-870390.26	-1017949.34	-870106.383	-1018127.974	3.93
-752253.935	-1043211.332	-752326.98	-1042897.041	8.9782
-695647.36	-1055686.91	-693561.4	-1056600.7	29.3521
-749139.867	-1044020.697	-749191.481	-1044352.66	6.9913
-670431.0	-1047137.14	-670338.535	-1047349.91	2.584
-667325.808	-1078035.471	-667418.895	-1078112.421	1.3494
-765441.28	-1054104.82	-763495.498	-1050934.008	64.8119
-818230.1	-984913.28	-819634.076	-980184.852	57.4061
-761571.97	-1037412.88	-762551.91	-1038286.19	14.9368
-722663.507	-1006396.818	-722728.545	-1006321.804	1.9905
-703583.63	-1089168.3	-703668.845	-1089052.406	1.6771
-727739.13	-975636.15	-725909.568	-977352.281	29.2816
-749716.36	-1051238.55	-749720.36	-1051443.07	4.0964
-690558.02	-1072701.96	-689533.77	-1072698.38	13.084
-850195.5	-1010687.625	-850186.628	-1010641.007	0.9986
-825792.196	-1025475.053	-825818.437	-1025475.499	0.4499
-771592.16	-1018016.29	-770259.89	-1018648.16	17.1233
-769519.22	-1080204.5	-767940.059	-1080699.253	19.0447
-740152.75	-1030507.52	-740237.39	-1030261.3	2.9117
-680276.02	-1067212.39	-679522.468	-1067119.159	15.6924
-828983.675	-985529.775	-826779.953	-984446.308	33.396
-756731.393	-987706.568	-757507.661	-987496.265	9.6835
-741262.938	-1055319.906	-745998.38	-1054124.323	38.1802
-791814.44	-1039505.59	-790450.96	-1040318.98	19.5031
-688329.48	-1023091.54	-688387.54	-1023531.44	5.075
-711842.72	-1041644.94	-712365.36	-1041495.43	4.1889
-654207.76	-1023022.35	-653846.459	-1023468.5	11.6402
-852583.012	-1008637.457	-852594.958	-1008631.623	0.2984
-709224.21	-1087573.41	-709135.278	-1086147.785	16.239
-721225.165	-979155.823	-720783.766	-981450.211	32.6984
-777659.539	-1002051.994	-778812.234	-1000738.673	22.0409
-714250.17	-1026275.32	-713163.84	-1026838.29	15.3396
-695390.003	-1024767.071	-693680.59	-1025234.301	20.1605
-691592.123	-1088514.346	-694355.705	-1089393.858	43.8921
-884612.115	-1021810.074	-885768.713	-1021406.583	14.2379
-712407.94	-1019209.31	-714635.81	-1020389.88	31.1023
-640310.55	-1031771.38	-640378.25	-1031819.25	0.9213
-744980.439	-1059935.492	-745039.596	-1059925.337	1.2008
-681072.46	-1051644.97	-683665.563	-1050408.426	32.2134
-734995.56	-1025187.18	-733414.453	-1025012.115	39.8295
-819577.78	-1056410.112	-819740.529	-1058341.735	21.8644
-847132.19	-1070954.17	-847116.139	-1070917.101	0.4809
-683941.278	-995272.125	-683855.99	-995313.98	2.0098
-812729.78	-1071436.13	-813205.411	-1072126.728	16.92
-774673.57	-1000296.917	-776672.51	-998311.07	31.892
-731701.37	-980759.98	-731127.29	-980749.41	6.5492
-733747.465	-1053566.844	-733935.276	-1053561.424	6.1333
-661219.349	-1077757.684	-660874.392	-1080267.596	30.9792
-645364.78	-1052486.63	-647963.442	-1054468.654	30.7545
-659220.915	-1079389.294	-660116.5	-1080216.09	15.7369
-707460.34	-1021447.15	-710952.04	-1025721.06	42.9003
-740361.66	-987432.43	-741480.124	-993828.554	89.0479
-664839.942	-1030463.206	-663328.766	-1029262.266	22.895
-794390.371	-1020723.153	-794276.65	-1021389.39	7.7457
-823222.53	-1069474.727	-822828.862	-1069529.776	8.0706
-816246.79	-1011621.86	-816751.369	-1010628.466	13.3941
-850202.22	-1042068.29	-851348.499	-1041793.972	13.1956
-756649.728	-1049700.133	-756891.0	-1048656.43	21.7404
-809326.78	-991755.48	-809358.27	-991770.31	0.841
-723349.17	-1049053.61	-724926.28	-1048904.58	19.1069
-693763.178	-1000271.218	-691965.737	-998146.163	33.918
-739416.634	-1054277.135	-740189.09	-1055208.574	14.2039
-843047.942	-1002069.217	-842860.55	-1002091.42	2.2263
-656919.63	-1022278.57	-658083.92	-1023719.36	23.6565
-765353.59	-1080221.63	-765408.29	-1080195.93	0.6746
-824175.43	-1076403.11	-824229.88	-1076428.91	3.3802
-864442.09	-1014849.73	-864454.75	-1014835.04	0.4072
-691664.96	-1036227.03	-693520.0	-1034325.96	31.4716
-781964.57	-995922.06	-781620.12	-995649.33	5.0278
-674070.204	-1056029.286	-673446.92	-1056164.381	7.1358
-661631.68	-1028707.03	-660600.295	-1028136.323	13.5351
-785384.123	-1060572.777	-783657.44	-1061218.98	22.1672
-819849.45	-1074283.26	-819856.95	-1074319.47	0.8929
-772848.964	-1031590.826	-773028.08	-1031503.21	2.3644
-702403.05	-1031934.43	-702366.34	-1031915.94	0.8223
-795520.8	-979030.66	-795628.1	-978832.44	4.5908
-730106.85	-1043466.23	-730452.94	-1043164.54	5.21
-654583.356	-1070049.561	-653444.512	-1071622.173	22.392
-699676.871	-1068145.172	-700135.02	-1068003.88	5.3304
-651460.323	-1090112.656	-651799.729	-1090349.683	4.6151
-839367.739	-1069407.203	-840637.765	-1068920.25	15.1862
-778570.39	-973306.93	-777362.985	-973953.915	27.6369
-701640.85	-1074568.41	-700889.801	-1078074.226	42.9665
-808700.584	-991218.76	-808611.58	-991219.64	1.7804
-729514.372	-1080889.537	-729485.542	-1080870.234	0.7526
-801061.994	-1032382.651	-801941.445	-1036474.226	51.5086
-671823.64	-1060977.68	-672579.95	-1062530.59	20.6326
-760994.984	-994698.074	-759863.323	-994662.72	13.2393
-750676.86	-1010875.87	-751059.36	-1010180.34	16.0769
-720087.37	-1066519.01	-719738.436	-1066678.565	7.8859
-876248.094	-1021616.472	-876044.64	-1022819.8	13.99
-829697.252	-1070349.003	-828884.152	-1069456.919	13.5343
-874312.717	-1007284.93	-875300.892	-1006650.861	15.0094
-761946.575	-995064.163	-761330.631	-994884.53	7.1559
-697590.28	-995685.43	-698378.936	-995723.523	9.1232
-697944.0	-1070337.97	-697851.121	-1070299.491	1.1959
-764320.223	-977229.243	-764298.041	-977045.495	3.7047
-876155.562	-1021359.829	-876190.41	-1021455.21	1.6942
-642959.958	-1040436.707	-641510.31	-1041433.74	36.3003
-789047.504	-1072468.509	-788586.83	-1073144.05	10.154
-754607.34	-1035820.88	-754562.87	-1035818.81	0.9191
-716913.25	-1017328.25	-715953.55	-1017612.59	11.1216
-772248.35	-1030173.62	-772208.43	-1030101.8	1.6434
-720470.927	-1057084.328	-719702.14	-1057265.64	15.7978
-697119.277	-1060869.356	-696535.05	-1060849.84	6.6391
-643270.253	-1044720.053	-643232.72	-1044623.98	1.1462
-833920.868	-1033591.514	-834476.86	-1034461.395	11.6254
-760255.56	-1034967.11	-758289.66	-1037634.71	39.5407
-676765.16	-1071455.83	-678242.44	-1074125.29	35.611
-769366.7	-971553.53	-769294.599	-971517.262	1.6167
-744573.76	-1075053.67	-743664.14	-1076112.04	16.2712
-773126.11	-1059054.9	-773048.249	-1059316.095	5.662
-850620.762	-1036813.505	-852656.05	-1038915.62	36.817
-738004.483	-1046565.439	-738224.31	-1046716.3	5.345
-721714.93	-1045134.66	-722976.671	-1047379.047	31.0126
-781716.31	-1060897.64	-782150.44	-1060844.24	5.1874
-670303.75	-1014305.27	-669600.52	-1014050.55	15.0744
-807975.59	-1019026.288	-808586.509	-1021248.665	28.061
-799077.81	-993548.97	-799213.12	-993419.47	2.1597
-767805.41	-1026068.54	-767595.67	-1025910.37	3.5137
-706177.089	-1067401.754	-704744.62	-1069437.54	29.893
-731529.762	-1067858.408	-729305.28	-1069793.18	34.5157
-701568.13	-1012234.63	-701667.279	-1012297.562	2.3931
-684448.47	-990115.0	-683930.899	-991603.792	17.8253
-867525.36	-1017267.4	-867797.09	-1017264.35	5.7021
-713001.11	-1006409.73	-713742.68	-1005140.25	16.7071
-847289.002	-1070296.975	-847103.331	-1070324.09	2.0961
-676956.373	-1091523.562	-677459.533	-1091180.847	6.833
-694455.13	-1052575.23	-693818.89	-1055083.13	30.8149
-699353.635	-999914.512	-698742.74	-999596.75	16.0473
-715420.0	-1067995.05	-714685.022	-1069750.904	28.8414
-709087.68	-1088888.29	-709224.21	-1087573.41	15.1251
-740529.23	-1057581.17	-741847.992	-1057274.004	15.1975
-670614.25	-1045185.875	-669036.133	-1044634.777	19.0996
-671577.98	-1006391.83	-671549.72	-1006754.72	4.3213
-701523.533	-1079594.385	-701993.354	-1081037.858	20.8328
-745013.89	-1059962.63	-745018.289	-1060369.947	8.4083
-795702.75	-978794.42	-795628.1	-978832.44	1.7494
-753016.49	-1037436.87	-752438.699	-1038144.74	7.0289
-650425.21	-1035064.42	-648387.31	-1036026.6	27.4149
-767615.32	-1045923.917	-767684.069	-1045925.507	1.4763
-681261.812	-1047100.125	-681345.871	-1046738.944	4.2228
-647345.533	-1071014.407	-649242.897	-1072063.856	24.5108
-760192.584	-991129.884	-759622.695	-990240.968	13.3217
-649906.662	-1069949.529	-649412.96	-1069332.18	8.8576
-859271.08	-1010969.95	-859257.63	-1010952.37	0.3709
-753947.112	-1033697.12	-753912.95	-1033138.8	6.277
-758157.58	-1033374.13	-758836.53	-1033845.27	16.5339
-745978.33	-1031442.64	-745130.41	-1030301.18	20.9139
-784697.145	-1007708.705	-784665.876	-1007701.217	0.4358
-824103.65	-1075094.96	-824035.26	-1075024.83	2.1368
-707080.209	-1050289.257	-707704.35	-1049529.74	14.8636
-797204.328	-1069117.112	-797174.951	-1069103.723	0.8736
-710741.03	-1050352.91	-709951.15	-1050590.55	9.209
-746376.671	-1053972.257	-746391.984	-1054066.041	1.9199
-704967.966	-1015039.181	-705027.205	-1015047.464	2.8289
-779251.363	-993739.69	-777861.4	-994155.78	16.8848
-689233.07	-1061404.75	-691781.71	-1063248.08	41.7429
-753427.9	-1049000.73	-753492.002	-1050068.921	21.4458
-762996.38	-1072366.43	-762922.81	-1072426.15	1.4279
-751792.832	-975676.789	-749275.24	-974110.5	35.1931
-770124.39	-983578.44	-770839.14	-983575.63	8.2414
-776899.44	-1052308.473	-776863.78	-1052388.04	1.7641
-811663.996	-1027269.798	-811830.888	-1027053.033	3.4293
-783025.01	-1000786.78	-782981.17	-1000789.0	0.4913
-684373.94	-994673.519	-684379.891	-994645.138	0.8313
-667274.31	-1019346.6	-667559.74	-1021705.03	27.2124
-745060.155	-988699.985	-745958.08	-987636.28	18.1018
-708419.227	-991662.736	-712423.517	-983605.22	100.7077
-734657.224	-1006198.632	-732075.87	-1005296.73	33.4049
-810552.842	-1045120.031	-810740.903	-1045606.441	10.6668
-711052.4	-1025670.01	-710963.47	-1025595.143	2.3781
-676565.855	-1071209.691	-676545.294	-1071198.007	0.632
-755040.592	-975073.73	-754971.456	-975079.693	1.3907
-810575.11	-991741.91	-810632.11	-991820.38	1.0776
-780584.38	-1049899.73	-781677.917	-1049785.142	12.2839
-817540.37	-1031827.03	-815759.271	-1031571.235	22.3762
-778670.37	-996668.12	-778533.64	-996703.6	2.8275
-690514.32	-1056005.92	-690506.35	-1056090.2	0.9406
-734205.563	-1056541.375	-736125.971	-1057023.562	22.3677
-649964.51	-1055934.75	-651010.35	-1053240.12	33.7351
-642228.31	-1028441.14	-640652.89	-1029012.59	19.3604
-667902.946	-1031529.89	-669092.05	-1031725.74	13.7035
-867326.503	-1012994.96	-867341.426	-1012987.657	0.3464
-817411.992	-1063506.723	-816146.27	-1064197.64	16.4077
-763628.32	-976556.84	-763638.895	-976417.956	2.9533
-684379.891	-994645.138	-684393.618	-994662.914	0.5086
-865149.161	-1016075.06	-865130.137	-1016067.314	0.4537
-771377.93	-1061984.36	-771281.929	-1061756.367	2.7766
-748084.48	-1035618.15	-749132.32	-1035837.82	12.9129
-650292.94	-1011460.39	-649881.53	-1011694.043	23.2886
-749090.496	-1004330.379	-748604.8	-1003219.44	24.3868
-745964.59	-1022943.18	-744982.633	-1021418.128	23.3955
-747340.192	-1036328.09	-747339.63	-1036309.707	0.3903
-806729.222	-1027010.489	-807794.895	-1027397.361	12.597
-648237.49	-1048240.12	-645414.186	-1049574.493	24.6746
-876537.832	-1030754.157	-878349.653	-1031651.384	24.6384
-778003.26	-971956.274	-778066.756	-971318.394	166.5759
-767079.448	-980592.736	-767046.6	-980774.5	5.0972
-759044.19	-1047918.202	-759048.524	-1047938.092	0.4596
-705112.095	-1015101.919	-707395.27	-1021372.06	53.6435
-824874.679	-1067330.845	-824867.795	-1067191.528	2.892
-688883.849	-1058534.562	-688742.145	-1058541.222	2.8635
-656153.82	-1021977.87	-656946.47	-1021838.67	9.1467
-829965.826	-1060342.269	-829679.437	-1060371.719	4.1589
-766136.3	-1040888.08	-768381.901	-1043327.415	43.566
-757373.21	-1040388.77	-757420.204	-1040997.825	12.279
-772310.27	-1081676.44	-772410.73	-1081798.56	1.2168
-793254.17	-1060405.44	-790053.6	-1059337.48	40.2633
-852241.709	-1051299.341	-856558.174	-1056633.315	100.1859
-829589.15	-1040948.8	-831003.56	-1040615.966	18.4506
-827417.792	-1075394.971	-824371.81	-1072136.82	55.3721
-669023.951	-1044630.631	-669043.352	-1044621.083	0.7535
-769974.29	-1058239.67	-770079.88	-1058149.69	1.5462
-643687.778	-1034975.692	-642027.43	-1036100.23	23.0096
-715066.692	-1057435.978	-714104.234	-1058377.424	15.3515
-722362.624	-1054556.009	-721408.44	-1053712.59	19.051
-741789.364	-1064502.999	-741769.205	-1064506.716	0.2607
-685945.277	-993525.079	-685944.85	-993645.62	2.4171
-766487.96	-980291.1	-763612.14	-977687.04	56.3016
-758678.932	-1048979.29	-759813.41	-1049340.45	13.9807
-681819.424	-1075513.693	-680185.978	-1081430.417	74.1093
-823355.76	-1063565.55	-821956.529	-1064924.03	23.0773
-752232.22	-969283.74	-754483.0	-969674.4	27.7734
-669241.87	-1070174.56	-669237.85	-1071413.68	13.951
-786856.04	-1001095.15	-784552.08	-1000770.58	29.8814
-821591.64	-1013904.94	-820923.25	-1012044.48	26.5384
-865933.64	-1046371.91	-865931.325	-1046316.317	1.113
-672969.55	-994817.47	-671671.17	-994217.99	22.4568
-678596.625	-1082820.423	-676923.61	-1083106.525	23.086
-717053.22	-1001828.61	-717811.44	-1001502.344	9.9479
-820589.54	-1063489.47	-820758.321	-1063384.583	2.3813
-770823.51	-981441.98	-772075.41	-980658.1	17.7973
-764589.48	-1036488.88	-764673.68	-1036205.79	3.339
-702258.08	-1062721.58	-701455.724	-1063024.755	17.2904
-678065.93	-991301.26	-678419.702	-991168.547	7.6753
-639861.337	-1059011.338	-639862.841	-1059620.588	29.7965
-746257.484	-1053880.571	-746262.613	-1053881.415	0.104
-706622.38	-1065074.64	-705153.44	-1065116.36	17.4008
-749275.24	-974110.5	-749194.939	-972258.483	21.1233
-653190.51	-1023454.51	-652047.5	-1023327.26	23.939
-808585.606	-991258.913	-808611.58	-991219.64	4.1215
-744462.285	-987548.078	-742977.964	-987871.438	16.9384
-822538.061	-1068643.955	-822504.08	-1069162.85	11.0646
-798438.216	-1001761.199	-798528.72	-1002169.83	4.671
-725289.41	-1085667.7	-725564.36	-1087039.45	18.3429
-778814.3	-1071062.64	-779286.05	-1069070.46	24.4859
-680396.95	-1044919.04	-680379.32	-1044857.65	0.7097
-786951.09	-989143.0	-786887.737	-989073.619	1.8791
-684006.087	-995110.848	-683952.742	-995065.316	2.4396
-790012.06	-1060982.27	-787963.388	-1061123.454	23.0582
-644516.187	-1038472.986	-644277.949	-1038606.572	3.1437
-707915.61	-1021166.69	-707740.78	-1020386.26	16.3626
-770067.387	-1057302.856	-769893.111	-1056003.317	15.4416
-653720.94	-1027087.75	-653620.3	-1027061.15	1.2454
-729315.731	-1056841.451	-729058.506	-1057198.088	5.0144
-639863.819	-1060016.777	-639949.802	-1059992.774	2.9416
-774988.678	-1082272.713	-774619.24	-1081896.47	20.9523
-799277.79	-1001414.86	-799240.82	-1001410.07	0.4506
-824159.63	-1072003.69	-824150.164	-1071997.183	0.2297
-740263.048	-1048539.176	-740997.31	-1047888.83	19.6262
-821332.799	-996435.808	-821301.72	-996383.229	0.7179
-844691.731	-1049062.371	-845513.182	-1050136.627	16.7425
-865651.653	-1048439.778	-865933.64	-1046371.91	23.3699
-784323.73	-1006892.02	-784379.863	-1006932.783	0.9325
-819918.122	-1008593.736	-819612.782	-1008068.581	15.8314
-654752.092	-1068261.201	-654133.383	-1067171.189	14.3923
-867453.799	-1044174.344	-868650.468	-1043225.142	17.0205
-739206.313	-1033719.313	-739058.32	-1033585.74	4.115
-775167.6	-1015207.98	-775829.393	-1014756.219	8.95
-663771.536	-1036203.713	-661199.007	-1036333.514	29.3594
-798688.6	-1058929.45	-797697.956	-1059815.806	16.0145
-854800.89	-1011123.46	-854777.54	-1011091.37	0.9467
-776106.906	-1014781.784	-776106.232	-1014749.764	0.4516
-660162.685	-1086807.051	-659106.225	-1086477.216	14.8364
-648196.224	-1067247.528	-647896.691	-1067703.176	11.0359
-759071.21	-1033683.539	-759083.146	-1033695.525	0.3612
-826654.644	-1032180.645	-825640.1	-1032712.65	13.2124
-797014.828	-1029002.774	-797061.3	-1028774.628	4.7951
-740121.86	-1003622.47	-740190.11	-1003507.66	1.4843
-800076.476	-1021913.816	-800087.013	-1021806.933	1.2152
-750975.981	-1073886.309	-751241.934	-1074165.482	4.3962
-755209.1	-1019163.62	-755302.51	-1019567.2	4.6071
-799809.037	-1047978.029	-801758.959	-1048034.473	22.2735
-789495.16	-1019934.7	-791114.2	-1019386.31	25.5044
-783541.401	-1061964.012	-783639.3	-1061919.5	2.7491
-722098.15	-993211.14	-721751.87	-992468.98	9.2716
-885460.917	-1015775.731	-885169.37	-1016810.178	12.9149
-766165.82	-991342.19	-767901.68	-991457.23	20.1475
-761666.724	-1024862.228	-758706.62	-1023700.47	39.3459
-797299.58	-1068850.802	-797380.64	-1068995.27	3.4107
-865417.798	-1006932.159	-865343.62	-1006940.56	0.8316
-748757.994	-1014323.258	-750047.208	-1015408.797	19.7587
-818342.922	-1049312.599	-817473.473	-1049653.171	19.0008
-731404.222	-1008727.388	-731016.52	-1008914.65	4.835
-834135.627	-1070052.582	-836114.539	-1065585.291	66.1617
-714835.37	-1080351.05	-716328.6	-1083401.67	65.5633
-863236.64	-1047067.888	-861498.81	-1046321.03	26.0213
-770190.57	-1053825.54	-770183.79	-1053803.3	0.515
-792961.46	-1003326.84	-792127.679	-1002992.899	10.0405
-759169.19	-993327.263	-759114.077	-993280.853	0.8878
-645183.938	-1042723.0	-645204.688	-1042734.375	0.6131
-748503.37	-1025506.13	-749471.42	-1026367.62	27.5916
-816751.369	-1010628.466	-817626.397	-1008079.578	34.3047
-692536.03	-1046146.19	-692580.496	-1046095.138	0.7643
-799277.79	-1001414.86	-799432.633	-1001702.665	3.6439
-748266.93	-984834.88	-750228.414	-988919.972	56.0493
-640123.901	-1043109.222	-639983.58	-1043150.83	3.0572
-854513.56	-1011452.89	-854461.66	-1011514.51	1.8434
-758024.852	-1015905.63	-757081.252	-1016222.829	20.3181
-800880.408	-1054551.349	-802399.077	-1055590.677	23.1776
-833817.48	-990512.85	-833474.288	-990036.628	11.7727
-821380.38	-1015120.25	-821516.11	-1014579.04	6.4216
-772772.16	-981632.61	-772541.83	-980125.34	17.5672
-694128.44	-1044382.37	-694114.03	-1044357.51	0.6237
-848826.599	-1016534.692	-849819.671	-1016364.861	11.3423
-645261.5	-1019198.11	-644781.85	-1019489.29	6.5643
-786800.7	-996166.2	-785924.5	-993271.36	35.8624
-720011.75	-1071233.346	-720117.76	-1071251.49	1.3134
-734871.69	-1045752.6	-734905.92	-1045834.99	1.8491
-669423.182	-1060972.228	-669366.41	-1063884.53	43.6813
-696029.39	-1045481.76	-692637.564	-1046241.056	26.8168
-674384.818	-1029731.529	-673863.231	-1030835.681	17.7751
-772252.958	-1022494.152	-768797.409	-1022728.128	40.4347
-681261.61	-1045087.45	-682263.2	-1045314.88	11.4156
-669122.277	-1060861.011	-667348.92	-1060124.02	22.3741
-782323.51	-1079136.2	-783339.08	-1078609.8	22.8827
-840326.19	-1008863.21	-840379.37	-1008893.03	1.2311
-791773.631	-986774.146	-792028.321	-986617.401	6.0122
-858716.326	-995805.151	-858444.317	-995101.939	8.9765
-766339.96	-1080322.38	-765999.3	-1078549.26	21.5833
-739353.38	-1033785.91	-739275.09	-1033725.54	2.1288
-642679.84	-1051189.81	-642683.09	-1050436.76	8.4516
-651010.35	-1053240.12	-652508.028	-1051659.118	27.7517
-749465.23	-1050122.22	-749450.96	-1050111.98	0.1952
-759516.3	-1015707.3	-760254.55	-1018376.922	31.283
-739356.313	-1033691.125	-739377.625	-1033703.063	0.5404
-724949.56	-1079714.09	-726218.61	-1080047.54	16.4531
-654041.209	-1081129.494	-654071.518	-1081504.252	4.9293
-700825.306	-1010100.418	-700883.381	-1010387.523	3.2613
-756325.51	-1036183.84	-756734.07	-1035038.43	15.5247
-859257.63	-1010952.37	-859274.95	-1010955.36	0.2199
-805039.949	-987203.021	-806575.888	-983341.554	54.118
-759177.11	-1068732.59	-759201.84	-1068758.21	0.2739
-686629.83	-993525.39	-686041.36	-993242.57	15.7168
-854549.78	-1038901.8	-854753.94	-1038523.71	8.8993
-864330.796	-1043368.391	-864301.648	-1043408.757	0.5704
-733621.226	-1014692.737	-734168.062	-1013936.158	18.7677
-652391.738	-1081209.243	-651734.767	-1081204.567	7.6305
-764548.0	-1023889.301	-764482.173	-1023805.473	2.1335
-756795.41	-1050212.7	-757402.828	-1052419.611	26.8967
-830045.471	-1073007.368	-830010.454	-1073044.303	0.5887
-797346.87	-1064462.71	-798303.21	-1066951.14	33.9392
-789673.57	-1026841.604	-789678.346	-1026737.209	1.1612
-818748.281	-1056974.29	-819577.78	-1056410.112	11.1472
-774407.999	-1059551.367	-775933.69	-1060078.05	18.8569
-799418.873	-1028890.233	-799769.16	-1026441.49	30.3517
-774965.76	-975159.46	-773051.556	-976619.588	30.5152
-856643.815	-1066591.971	-857314.66	-1064862.76	22.1107
-661494.437	-1043198.104	-662547.35	-1043114.02	12.0072
-689214.05	-1020423.947	-689062.61	-1020772.0	4.2214
-656335.94	-1067661.83	-656076.017	-1066182.731	17.2074
-733329.33	-1042060.1	-732836.67	-1042212.23	12.4291
-790265.88	-1005024.77	-790611.107	-1005098.447	2.7225
-769898.313	-1034656.295	-768977.62	-1034588.88	10.7138
-761985.8	-1043710.7	-762414.74	-1043282.56	6.7761
-766277.31	-1038549.28	-768899.02	-1037496.17	32.3037
-656556.57	-1006339.14	-655336.337	-1005434.894	21.1368
-692295.411	-1046667.796	-691205.33	-1048508.98	24.3318
-693587.23	-991321.44	-692939.02	-990204.98	14.6114
-766806.601	-1052210.031	-766913.952	-1052125.544	1.5474
-739129.476	-1048763.162	-739324.81	-1048782.878	3.9283
-686431.54	-1059403.19	-686131.085	-1059873.72	6.2953
-751349.25	-1041115.938	-751454.25	-1041126.938	2.1297
-658504.748	-1051652.558	-658457.852	-1051857.961	4.276
-756211.766	-1042483.919	-756262.518	-1042486.952	1.0177
-711393.28	-1065750.8	-714685.022	-1069750.904	76.3463
-844496.82	-1006056.77	-844933.3	-1005585.62	11.0014
-661588.134	-1088912.91	-660203.256	-1090906.22	27.8945
-661842.827	-1094137.372	-662680.682	-1092699.221	50.6304
-764772.972	-1010050.475	-762595.339	-1007603.092	45.7206
-776326.15	-977345.98	-776297.19	-977282.515	2.0171
-739377.625	-1033703.063	-739362.188	-1033725.438	0.6192
-857533.049	-1066623.251	-857732.115	-1066589.07	2.3039
-824913.522	-997340.039	-825445.484	-995866.382	32.6044
-654259.08	-1033888.45	-654059.57	-1034024.07	3.0104
-747563.18	-1019494.16	-747041.264	-1017634.962	23.1827
-781263.042	-985714.254	-781617.16	-985767.32	9.6019
-676351.61	-1015305.71	-677862.51	-1016048.34	20.196
-656472.334	-1069860.411	-656326.915	-1069967.999	3.6256
-684456.68	-990102.34	-684448.47	-990115.0	0.3309
-686493.37	-1059480.66	-686431.54	-1059403.19	1.1014
-735488.86	-1040504.8	-735557.76	-1040276.86	4.7883
-771751.37	-1060150.6	-772442.814	-1059091.704	24.6978
-809663.17	-994174.16	-809415.74	-994203.69	4.9906
-719914.46	-1077603.56	-719949.29	-1077840.81	2.8107
-781716.31	-1060897.64	-781656.319	-1060949.682	0.8878
-724970.52	-1074858.62	-724640.93	-1075470.51	8.6209
-751092.81	-1054280.59	-751153.908	-1053169.171	22.8092
-771695.42	-1051177.63	-771532.339	-1050366.719	20.8485
-812729.78	-1071436.13	-812493.877	-1070760.819	15.2365
-847164.007	-1052900.35	-848378.564	-1054774.256	30.2803
-781512.0	-1007581.01	-779292.75	-1007094.87	29.9456
-764891.389	-975526.452	-764234.519	-975925.19	15.8264
-881766.324	-1009134.231	-884362.294	-1009602.65	29.7519
-688749.65	-1008095.61	-688651.72	-1008095.12	1.1236
-791003.305	-1005121.547	-790877.898	-1005206.126	1.7761
-697316.589	-1026575.904	-697368.527	-1026667.204	2.1148
-731456.036	-1032452.02	-729830.25	-1033130.7	19.8793
-679280.26	-1038094.26	-679442.077	-1037644.774	11.1443
-852965.23	-1010593.78	-852819.54	-1010571.63	2.9498
-777136.27	-1059288.63	-777013.99	-1058699.76	12.1618
-772248.35	-1030173.62	-774508.13	-1029300.61	28.6991
-778433.87	-1059119.98	-780468.825	-1059820.652	24.0451
-657637.67	-1071921.73	-659857.84	-1075610.74	51.9608
-854768.45	-1002319.94	-855063.7	-1001965.68	5.1364
-692961.71	-1082107.65	-692598.754	-1080646.661	16.8512
-712682.818	-1079173.214	-712411.89	-1079010.44	3.603
-727819.46	-1073856.16	-727784.73	-1073939.35	1.9552
-843796.78	-1002800.22	-844110.592	-1005120.302	32.0491
-649026.99	-1042930.417	-650151.641	-1042705.927	12.8617
-780224.15	-1030413.4	-778955.724	-1029983.97	15.8504
-746350.157	-1053821.114	-746585.71	-1053649.2	3.2435
-641629.526	-1037040.407	-641656.13	-1036998.19	1.0046
-646776.35	-1025601.62	-647874.46	-1024284.84	20.2794
-693781.511	-1079055.923	-694069.206	-1078715.987	5.0269
-660064.183	-1068439.061	-659849.537	-1068544.077	2.7221
-865309.575	-993340.114	-862328.285	-994528.188	38.9649
-764298.041	-977045.495	-765030.335	-975184.381	15.8176
-879860.945	-1024818.193	-879501.125	-1023282.875	17.5498
-761129.02	-1053513.23	-760968.3	-1053414.23	2.1354
-741532.85	-1042058.86	-741521.63	-1042009.24	1.0179
-648133.96	-1022872.9	-649296.0	-1022367.68	14.4746
-776007.615	-1018697.758	-776158.328	-1018772.99	1.9251
-726689.4	-990317.24	-729254.18	-990785.76	40.0242
-750065.549	-1003945.026	-750072.79	-1003929.06	0.4359
-736800.71	-1037745.99	-736854.955	-1037974.562	4.7004
-645849.286	-1042703.925	-645916.971	-1042711.207	1.3644
-754188.564	-1061390.249	-753675.89	-1061412.21	5.9062
-658860.17	-1023337.73	-658823.63	-1023364.03	0.5062
-862395.853	-1023811.733	-864781.377	-1022291.407	37.8128
-736897.47	-1026809.06	-737151.093	-1027403.432	7.5192
-720706.68	-990159.03	-717194.195	-992150.664	82.1012
-730548.07	-1041502.46	-730635.99	-1041909.89	8.3385
-872762.304	-1016603.019	-875221.39	-1015757.36	34.2094
-788159.821	-1052491.734	-785807.44	-1051302.42	30.9846
-828066.378	-1034119.544	-826654.644	-1032180.645	27.7082
-686395.48	-991056.63	-686358.42	-991295.94	2.6919
-721832.46	-1081626.08	-721194.68	-1082065.94	8.8674
-697601.473	-1037827.882	-697616.116	-1037824.725	0.3495
-751637.02	-1038034.94	-751658.12	-1038043.98	0.5433
-724422.035	-1041567.578	-722543.63	-1041395.05	21.3009
-690769.37	-996882.38	-690378.47	-996190.1	8.9067
-659358.945	-1030264.62	-659312.896	-1030193.823	0.9396
-829117.04	-985474.93	-828983.675	-985529.775	1.6027
-698699.67	-1041724.0	-697904.966	-1041996.604	16.8466
-730868.048	-1057213.587	-731080.52	-1056883.61	4.5816
-720706.68	-990159.03	-719505.542	-992802.08	32.5801
-830082.597	-1073037.995	-830045.471	-1073007.368	0.5474
-644237.59	-1084047.54	-642693.355	-1084116.936	20.088
-794952.821	-986527.764	-794590.963	-986617.093	4.3473
-858563.572	-1008640.2	-858578.479	-1008620.268	0.5621
-714274.947	-1062350.567	-711870.206	-1061974.768	27.9407
-804069.414	-1048124.188	-806173.04	-1047531.5	24.6381
-673780.16	-1046991.36	-674014.12	-1047280.44	7.4727
-719458.421	-1019071.828	-718454.813	-1019105.75	11.6579
-819610.11	-1043267.663	-822202.31	-1044290.08	42.9358
-696834.484	-1074781.516	-695916.769	-1074824.692	10.5414
-785376.44	-1042986.07	-783926.749	-1043266.965	19.1481
-683832.71	-1008037.48	-684782.25	-1006729.16	18.1214
-773288.74	-978357.61	-773248.94	-978418.24	1.4615
-719489.08	-1030707.48	-718519.86	-1032019.4	18.7442
-819458.15	-1075912.13	-819353.97	-1075609.13	6.4157
-763636.11	-1023108.7	-763384.83	-1022384.29	8.5365
-796891.93	-1033882.09	-795739.55	-1037356.85	45.6684
-671606.35	-994148.73	-673264.643	-994341.451	21.1918
-681398.099	-1047146.748	-681594.23	-1047241.68	2.5575
-760632.449	-1033840.804	-760647.712	-1033862.222	0.5806
-759955.845	-1045151.847	-757175.64	-1045058.435	31.2446
-773248.94	-978418.24	-773288.74	-978357.61	1.455
-785167.69	-1014849.55	-784543.25	-1015416.38	13.5429
-700513.57	-1049666.632	-700502.25	-1049339.19	6.5667
-773638.34	-1055673.199	-773495.77	-1055868.64	4.8466
-845415.85	-1007787.98	-844157.23	-1005396.74	31.9708
-818268.597	-1063461.526	-817712.43	-1060613.02	36.983
-662271.655	-1077069.689	-661479.04	-1077396.65	10.1503
-722543.63	-1041395.05	-722809.95	-1042514.67	23.9269
-746818.768	-1017317.733	-746794.85	-1017330.327	0.3532
-726844.043	-1054963.478	-724027.895	-1056719.96	37.183
-656997.542	-1087336.797	-659042.13	-1085714.88	42.2678
-685968.83	-1077885.118	-687095.817	-1078683.199	15.8948
-752487.759	-983603.229	-751731.718	-984231.884	11.0012
-781036.09	-1059946.3	-782150.44	-1060844.24	16.4698
-679029.09	-1001068.15	-678335.291	-1002373.392	16.6691
-792658.885	-1061574.541	-792636.539	-1061564.639	0.68
-742515.947	-998100.753	-738570.48	-999570.7	56.1112
-693911.362	-1072521.499	-691937.271	-1072584.723	34.585
-696549.32	-1013687.83	-696712.51	-1014727.51	11.9948
-732768.863	-1029469.931	-732817.12	-1028636.06	17.1958
-845241.937	-1014450.711	-845119.71	-1014533.287	1.6712
-804085.47	-991997.42	-805133.389	-994169.159	27.7944
-645624.534	-1084805.598	-645606.194	-1085453.445	8.3572
-866304.12	-1007000.304	-865997.726	-1006888.609	3.6435
-784613.308	-1027026.831	-784908.833	-1026959.149	6.065
-806336.448	-1016737.023	-804239.62	-1015362.907	30.4706
-843918.16	-1002773.37	-846637.22	-1002556.99	33.2882
-775083.88	-1043492.9	-775439.69	-1043294.95	4.5263
-790611.107	-1005098.447	-790712.739	-1005042.198	1.3376
-798373.29	-1067537.04	-798345.777	-1067597.387	0.7431
-668422.09	-1005060.78	-668553.21	-1004761.86	3.8662
-717595.02	-1042830.33	-717562.46	-1042859.42	0.874
-711022.23	-1025781.77	-707454.24	-1021457.44	43.6033
-652196.12	-1011646.89	-651705.75	-1012646.17	13.486
-640025.74	-1055326.843	-639851.872	-1055177.299	4.5018
-804456.578	-996470.834	-804435.713	-996388.927	0.9391
-757158.11	-978683.6	-756011.86	-980087.45	21.8018
-819049.11	-999147.84	-819055.79	-999123.85	0.5762
-669109.184	-1010833.617	-669124.001	-1010876.083	1.4131
-741627.06	-1001710.81	-741398.951	-1001930.92	4.0353
-742533.36	-1045896.58	-742493.44	-1046028.29	2.7751
-802728.095	-1001775.969	-803623.961	-1001321.414	11.7346
-751008.14	-1030205.85	-750830.51	-1029174.17	20.9773
-668632.14	-1015097.96	-669458.876	-1013775.064	37.7166
-880263.144	-1007673.309	-881684.648	-1007478.419	17.8702
-805993.21	-995316.03	-806496.7	-994995.52	6.8753
-652196.12	-1011646.89	-650292.94	-1011460.39	25.5913
-770734.458	-1066240.568	-771884.49	-1066599.35	13.542
-760154.756	-1048719.943	-762856.494	-1050845.201	26.8456
-764858.67	-1011509.36	-763147.8	-1010545.38	22.3936
-692473.116	-988864.773	-691979.36	-989142.98	6.4443
-749132.46	-1012149.8	-751809.984	-1007105.322	44.1204
-838593.93	-1021984.24	-839393.945	-1025218.83	39.4809
-671986.186	-1050016.153	-671463.28	-1049185.36	11.0927
-758643.631	-1049289.582	-758621.139	-1050300.073	22.2268
-754851.754	-1001837.015	-755025.976	-1001778.306	2.0435
-693900.894	-1080600.033	-692591.102	-1080615.148	20.1279
-640898.56	-1041492.96	-641425.24	-1041454.88	10.6686
-791835.05	-1033938.63	-791139.94	-1033601.8	20.058
-758505.91	-1022715.61	-759251.08	-1022895.286	8.6375
-764348.989	-977294.751	-766311.67	-980211.76	29.4944
-665556.808	-1056922.381	-664659.973	-1053339.834	43.8814
-642692.768	-1077259.837	-641686.481	-1076916.245	13.0405
-672190.329	-1083203.313	-671677.361	-1084068.87	11.399
-741982.434	-1043721.781	-742458.968	-1045227.057	33.8147
-656862.505	-1068150.743	-656847.03	-1067663.14	5.4638
-735724.709	-1027667.382	-736492.71	-1028281.71	20.4346
-783766.49	-973858.9	-784334.458	-974540.551	11.3578
-712394.631	-1007056.945	-712745.62	-1008418.9	16.2615
-850583.541	-1050505.684	-849869.602	-1048792.886	21.2706
-819336.57	-1071831.53	-821011.9	-1071493.72	41.8336
-773077.46	-973270.523	-773231.093	-971897.078	15.83
-845202.589	-1031843.781	-845191.49	-1031871.04	0.5886
-750415.883	-992224.643	-749120.289	-990973.438	20.74
-664103.73	-1045863.71	-664935.923	-1043309.049	40.751
-756713.033	-990019.522	-757518.776	-989583.235	20.064
-694777.4	-985249.65	-696761.853	-982955.052	43.6879
-722762.63	-1039605.41	-721284.824	-1039170.312	20.2393
-647469.48	-1028188.01	-647666.53	-1028933.83	8.9486
-826788.684	-1043921.802	-827032.435	-1043279.083	8.8118
-777561.69	-1064473.0	-776364.77	-1062821.26	23.1057
-649046.44	-1058285.21	-648846.44	-1057921.15	8.3077
-753082.234	-1019438.929	-753144.283	-1019290.304	3.2212
-730283.513	-1063285.34	-729478.027	-1066173.335	41.3309
-776988.913	-1082022.756	-777149.598	-1082046.115	24.2333
-649306.272	-1061680.99	-649372.966	-1061144.702	10.856
-764187.59	-993195.93	-763837.45	-993504.81	9.3458
-644938.05	-1088958.605	-643487.277	-1087685.842	22.9003
-828059.577	-997223.52	-828019.303	-997044.751	2.2741
-759142.75	-1068600.375	-759177.11	-1068732.59	1.5756
-722191.33	-1041984.3	-722261.6	-1041876.62	5.2575
-696226.59	-1045571.556	-696029.39	-1045481.76	2.5417
-876206.304	-1021352.709	-876185.879	-1021345.18	0.2654
-829250.68	-1058476.11	-831265.27	-1057744.68	24.5301
-783587.85	-1031452.41	-781180.42	-1031701.87	27.6828
-759754.722	-1044467.336	-759767.89	-1042817.03	18.4993
-722062.83	-1058441.364	-721927.56	-1056816.23	40.6959
-811922.17	-1065456.546	-811942.127	-1065484.031	0.3876
-799240.82	-1001410.07	-799245.125	-1001368.678	0.5216
-815242.161	-1070957.669	-813735.208	-1071658.557	15.6365
-688066.84	-1062324.49	-688245.65	-1062409.67	4.0139
-716837.48	-1002128.513	-715951.33	-1001441.12	12.533
-827417.792	-1075394.971	-828657.82	-1075487.98	13.9198
-761348.047	-1083662.227	-761507.216	-1083686.401	9.8345
-703433.588	-1089277.166	-703292.859	-1089790.854	71.0063
-696561.63	-996196.47	-696422.04	-996113.99	1.8166
-739867.417	-1048497.285	-740009.513	-1048529.159	2.9128
-800458.83	-1005123.939	-800928.821	-1006647.121	18.046
-847327.469	-1050227.846	-847821.052	-1049826.281	7.1533
-767065.288	-1052502.18	-769875.188	-1053806.12	24.2242
-734904.4	-1041120.39	-734517.46	-1041013.28	5.208
-644951.37	-1049697.6	-645008.33	-1049648.67	1.5359
-651216.495	-1043242.764	-651198.62	-1043181.88	1.2691
-649397.09	-1068087.73	-650254.698	-1066684.671	18.6534
-682436.42	-1018093.72	-682468.58	-1018683.79	11.8822
-741146.58	-1047688.682	-741375.46	-1047504.02	5.9167
-808233.0	-1071418.5	-808157.36	-1071439.843	0.8758
-760586.316	-1021465.402	-761830.68	-1021728.81	15.3231
-658504.748	-1051652.558	-658306.16	-1050447.947	13.9172
-761907.571	-976770.73	-762685.372	-977846.601	21.6195
-819353.97	-1075609.13	-819264.862	-1075594.778	2.2042
-747508.02	-1054938.99	-747568.087	-1055029.002	2.3585
-649291.665	-1060965.126	-649189.405	-1060953.176	2.996
-696674.938	-1001265.563	-698404.31	-1004453.47	28.0304
-696760.706	-1013421.934	-696640.86	-1013523.41	3.1627
-727274.83	-995905.14	-727431.61	-994557.49	16.2969
-754010.53	-1061799.67	-753675.89	-1061412.21	5.7503
-764319.04	-977108.64	-764436.4	-977167.332	3.2966
-725145.027	-1060895.97	-725056.337	-1061722.984	9.5689
-671174.85	-1047493.04	-670431.0	-1047137.14	9.9056
-748278.41	-1074278.36	-747148.196	-1074203.698	17.1864
-701518.7	-1053203.9	-700715.959	-1052395.539	13.6667
-691658.28	-995803.58	-692465.41	-996307.79	10.9844
-681168.472	-1029384.679	-680891.06	-1028406.58	11.2965
-718188.94	-1031888.47	-717871.38	-1031498.06	6.177
-679172.1	-1053437.78	-680978.05	-1051551.51	32.4413
-649828.14	-1051460.55	-649211.54	-1050423.25	25.389
-789713.931	-1027151.929	-789851.337	-1027166.723	1.0631
-649211.54	-1050423.25	-647155.148	-1047910.482	36.6212
-640310.55	-1031771.38	-640233.33	-1030204.81	18.2028
-816170.84	-1003904.37	-814235.79	-1004758.79	23.5477
-744982.633	-1021418.128	-743918.15	-1021441.07	12.2151
-818981.927	-1075199.379	-818876.91	-1074880.42	3.7909
-867418.721	-1014610.622	-867415.576	-1014634.834	0.5782
-676292.366	-1082313.565	-674434.13	-1083718.49	29.0954
-768713.957	-972170.981	-768302.28	-971936.54	5.2718
-850345.49	-1010731.944	-850303.189	-1010734.798	0.8502
-766845.45	-1013227.2	-764786.263	-1013600.929	23.4506
-738971.93	-1033494.27	-737554.58	-1032825.0	17.4731
-782050.48	-1009785.59	-780297.889	-1009729.113	19.5488
-684556.785	-996046.574	-684950.74	-996639.44	14.4223
-744913.19	-983035.98	-745780.31	-982643.215	11.0066
-849048.33	-1002298.4	-849278.494	-1001949.545	8.4344
-689446.59	-994859.59	-689540.7	-994871.36	1.9036
-805046.157	-988856.915	-805036.492	-988692.512	3.3305
-649026.99	-1042930.417	-650269.41	-1043896.52	19.3032
-791412.01	-1026696.42	-790678.909	-1026980.514	8.8782
-753093.273	-983301.577	-753061.938	-983354.114	0.6798
-683977.01	-995256.53	-683974.6	-995282.95	0.8261
-783920.11	-1019150.09	-785751.46	-1023155.57	53.7595
-762915.919	-992362.478	-762941.79	-992367.91	0.6462
-806683.103	-1070750.001	-806738.412	-1068728.082	23.6592
-653060.158	-1093797.093	-653447.178	-1093042.842	11.2589
-756917.862	-1016333.564	-757209.257	-1016685.09	10.3862
-755698.61	-1036277.05	-755650.89	-1035456.56	17.6065
-727793.899	-1040572.963	-727929.937	-1040777.035	2.7755
-698699.67	-1041724.0	-698793.625	-1041595.938	3.2068
-729545.024	-1037363.321	-728311.439	-1037625.802	27.1953
-727207.25	-1013923.12	-723694.18	-1014270.44	45.7382
-734636.107	-1072986.567	-734646.646	-1072998.231	0.3647
-719573.58	-1015047.5	-720785.16	-1016735.96	25.9845
-763417.35	-1022304.798	-763457.945	-1022252.058	0.8423
-733937.241	-972137.04	-731904.61	-972443.26	24.5745
-685682.71	-1014792.46	-685366.11	-1014977.7	4.1001
-675277.496	-1046282.022	-675125.514	-1045981.28	3.808
-673324.09	-1043429.71	-673303.703	-1043503.367	1.531
-870696.034	-1028508.817	-870796.34	-1028019.47	5.639
-756000.029	-1034391.458	-755153.65	-1035285.29	9.5035
-722459.94	-1083683.62	-721740.02	-1083953.92	8.7256
-734188.66	-994647.45	-732770.34	-993991.07	17.7619
-673314.3	-1012103.57	-673235.616	-1012182.841	2.2354
-729227.91	-1084557.39	-728620.53	-1084460.42	7.1755
-737490.74	-1035633.23	-738384.6	-1034761.48	13.8755
-809789.61	-1048129.71	-812708.61	-1047177.08	36.2861
-759866.87	-972977.63	-759850.619	-972865.737	2.2642
-770301.57	-1016164.93	-770317.58	-1016319.82	3.1163
-732174.09	-1040922.07	-734767.74	-1040996.46	29.5213
-752698.839	-986984.752	-752854.23	-988519.06	18.5425
-651145.588	-1045325.774	-650448.885	-1045428.71	14.2148
-795222.501	-986638.994	-795263.688	-986737.04	1.3783
-750010.571	-1005717.902	-748158.512	-1005367.104	23.9407
-793199.2	-983181.61	-793175.91	-983188.02	0.3108
-791769.11	-986292.988	-791804.912	-985582.064	8.2083
-864526.91	-1015039.05	-864273.56	-1014862.79	6.4353
-673583.4	-1084431.66	-674603.26	-1085170.42	14.2325
-773437.1	-1067513.94	-773310.21	-1067510.22	2.5655
-835866.39	-1032659.405	-835429.046	-1033696.089	14.182
-719056.33	-1041002.22	-715825.398	-1040270.046	37.1504
-783920.11	-1019150.09	-783612.356	-1019313.592	4.2712
-761830.68	-1021728.81	-763636.11	-1023108.7	26.411
-645714.73	-1017890.78	-645335.65	-1017763.32	4.4491
-759318.06	-1015367.68	-758874.248	-1013426.521	25.7998
-792103.448	-986597.519	-792028.132	-986651.745	3.7782
-771139.03	-1003724.68	-770316.988	-1004126.594	10.1796
-760647.712	-1033862.222	-760610.829	-1033853.973	1.2254
-794590.963	-986617.093	-792103.448	-986597.519	30.1125
-824668.188	-1060950.97	-825439.162	-1058892.314	25.5038
-749257.29	-1010057.03	-749354.35	-1010423.3	4.2651
-740793.95	-1040702.31	-740918.56	-1040961.15	5.7958
-706403.78	-1074184.617	-705696.57	-1072586.84	22.61
-647759.378	-1060941.888	-647806.841	-1060485.976	9.1945
-651099.35	-1036057.73	-650425.21	-1035064.42	13.7459
-680366.89	-1001046.11	-681588.08	-1000094.86	18.4855
-767762.7	-1055178.08	-769518.938	-1054142.75	27.6607
-824128.174	-1073878.554	-824131.87	-1074814.98	8.5196
-690523.891	-995554.392	-690289.7	-995274.992	2.8131
-857587.613	-999831.837	-855476.543	-997761.633	48.8004
-715691.24	-1003004.78	-716065.78	-1003270.5	5.2328
-740529.23	-1057581.17	-740517.56	-1057594.04	0.4327
-745795.512	-982630.319	-745792.773	-982646.313	0.2096
-716792.41	-1028460.31	-716776.47	-1028470.23	0.2086
-662006.84	-1026065.79	-661877.34	-1025173.71	10.1019
-847981.715	-1062723.73	-849027.29	-1064681.514	30.9503
-724834.911	-1066867.274	-724891.11	-1066813.89	1.6277
-664728.44	-1005648.28	-663440.572	-1005056.297	22.7789
-720963.674	-1048017.921	-720813.672	-1048330.845	6.9618
-826470.563	-1036756.862	-827757.15	-1034938.74	25.692
-775670.719	-1064925.753	-775736.2	-1064261.9	7.4306
-666018.226	-1070164.497	-664722.059	-1069286.88	33.2269
-643738.9	-1027158.62	-642228.31	-1028441.14	25.4983
-690094.53	-998410.86	-689375.05	-998992.22	10.4534
-876123.83	-1021118.45	-875959.361	-1019407.808	20.483
-673060.629	-1016547.86	-672753.02	-1016760.62	4.1965
-715820.768	-1040249.342	-715825.398	-1040270.046	0.4591
-641797.64	-1041826.898	-641514.71	-1041514.6	8.7004
-789466.13	-1020968.258	-789495.16	-1019934.7	14.3752
-652273.806	-1026372.473	-652055.19	-1026467.11	2.6931
-776369.209	-975951.979	-776310.924	-975940.009	1.19
-746148.845	-1007124.227	-743588.968	-1006059.4	31.3636
-777378.72	-1032412.01	-777744.03	-1031926.26	13.3948
-817922.03	-1036911.7	-821529.279	-1038631.439	49.784
-845547.732	-1039891.091	-845507.48	-1038886.21	11.987
-810799.14	-991824.71	-810801.26	-991902.66	0.8907
-756880.203	-1065655.615	-756870.588	-1065638.939	0.4726
-671532.991	-1028463.149	-672221.29	-1031168.84	33.2528
-674265.513	-1018960.391	-674312.265	-1019535.362	8.2901
-829239.63	-1074397.57	-825530.02	-1076547.61	40.7947
-740035.91	-1048705.8	-739856.55	-1048772.52	3.8331
-751804.13	-1004450.95	-751424.034	-1004313.261	9.1604
-776027.577	-1014675.413	-773723.726	-1016297.862	22.1723
-774246.13	-977816.71	-774137.11	-977853.18	3.1519
-649162.702	-1072381.248	-649242.897	-1072063.856	3.6735
-828832.036	-1030165.093	-830033.794	-1031139.986	20.837
-667425.69	-1031463.45	-667050.43	-1033212.56	20.2209
-711973.004	-1040687.026	-711988.708	-1040692.742	0.2014
-754811.591	-1063320.883	-754650.992	-1063263.595	3.4223
-706827.6	-1069583.45	-706921.2	-1069889.39	3.5815
-662108.94	-1040513.93	-661403.04	-1040077.11	9.6259
-640511.029	-1082738.275	-640022.314	-1082782.538	5.9187
-787445.176	-1062920.408	-787970.43	-1063151.69	11.4785
-826590.528	-1066929.803	-823222.53	-1069474.727	48.757
-725401.005	-978434.604	-725462.663	-978511.852	2.0
-792388.063	-978534.122	-792391.06	-978518.12	0.4722
-645277.476	-1083572.424	-645473.846	-1084218.04	7.9029
-767920.89	-991141.11	-766982.928	-989208.52	24.1413
-721527.44	-1003516.38	-722041.05	-1002970.84	11.1166
-779250.426	-997226.575	-780799.07	-998071.35	19.628
-683482.151	-1066506.534	-680658.134	-1067462.859	33.2323
-822661.746	-1066512.685	-821804.609	-1066679.277	17.5538
-767781.46	-1012709.8	-769011.59	-1014363.67	24.6551
-705237.46	-1015233.13	-705027.205	-1015047.464	2.1596
-664530.55	-1069222.12	-662153.973	-1068753.801	27.1897
-740567.913	-1014769.19	-736790.235	-1014569.195	42.7736
-728399.76	-1022448.7	-731367.55	-1022331.55	35.4717
-738491.09	-1020682.01	-737885.353	-1020982.033	7.7798
-683695.36	-992998.26	-682733.8	-992511.93	21.7745
-876242.996	-1030422.038	-876543.88	-1025650.58	68.3982
-795330.43	-1055353.6	-793970.96	-1055671.44	23.2456
-884949.578	-1018011.069	-883700.873	-1019663.734	27.1198
-747683.923	-1064691.835	-742145.86	-1064673.33	75.2636
-648867.65	-1037515.07	-648387.31	-1036026.6	18.7926
-646485.39	-1037826.33	-645846.83	-1036798.13	14.5633
-692480.86	-1046486.89	-692393.91	-1046471.76	1.0321
-645727.305	-1042665.46	-645607.656	-1042430.919	2.9255
-655096.03	-1054199.71	-654392.692	-1054642.076	9.3291
-659564.47	-1054034.521	-660053.491	-1053848.304	6.2846
-789489.75	-989260.36	-789599.47	-989178.13	2.7423
-741854.22	-1010686.5	-740137.48	-1011440.94	21.0575
-703340.707	-1054249.386	-704002.618	-1055416.614	15.1444
-757934.49	-1010342.66	-757747.598	-1010433.883	2.3138
-735521.07	-1040511.36	-735382.36	-1040739.75	5.5183
-785924.5	-993271.36	-785761.21	-993341.67	2.1152
-754607.573	-1035644.477	-754578.32	-1033875.92	22.069
-697605.08	-1030139.578	-698038.13	-1031923.59	21.1948
-646478.203	-1068568.501	-646545.473	-1068527.193	0.988
-721714.93	-1045134.66	-719843.172	-1044008.229	27.4361
-730564.38	-1057446.88	-730891.19	-1057518.92	3.7212
-740880.67	-1001694.33	-742486.9	-998318.24	44.5846
-860278.73	-1006748.49	-858578.479	-1008620.268	29.5839
-744763.263	-988713.681	-744693.307	-988746.254	1.566
-765579.51	-1074243.31	-770218.87	-1076595.4	60.7565
-721102.6	-1072331.29	-722226.76	-1072826.32	14.0296
-689233.07	-1061404.75	-688466.684	-1062197.847	13.3922
-764075.567	-977066.577	-764298.041	-977045.495	5.2973
-649205.63	-1061116.033	-649372.966	-1061144.702	3.6465
-734494.586	-1012639.929	-734520.128	-1012602.924	1.3806
-765788.7	-990262.19	-765677.7	-990558.27	2.4334
-678451.24	-1008444.26	-677198.54	-1010537.89	32.4798
-765408.141	-1051604.16	-766913.952	-1052125.544	18.0629
-747983.512	-984649.72	-748055.993	-984815.748	2.0359
-750665.14	-969225.28	-751871.27	-970107.79	41.7135
-723474.115	-1036356.159	-723650.025	-1036501.706	4.7391
-726383.719	-1070435.076	-726485.929	-1070435.268	2.2023
-749654.164	-1078700.159	-747676.693	-1079372.08	28.1482
-803803.869	-976929.666	-803797.57	-976894.27	0.4001
-745963.09	-1022964.21	-745964.59	-1022943.18	0.4988
-727179.101	-1060948.226	-726793.67	-1060789.397	9.1143
-681654.74	-994560.4	-681215.231	-994266.449	6.0444
-668782.662	-1036107.387	-668496.15	-1035373.03	8.7659
-753124.51	-1010953.81	-750676.86	-1010875.87	27.6319
-669692.44	-1068140.09	-668977.106	-1067594.311	10.1758
-712882.343	-1049711.431	-710741.03	-1050352.91	24.969
-769427.816	-1056808.768	-767762.7	-1055178.08	27.7759
-640898.56	-1041492.96	-641629.526	-1037040.407	64.2221
-670436.689	-1076819.673	-670499.965	-1076816.189	0.7072
-668306.47	-1025376.41	-668898.705	-1022840.572	30.0962
-820396.702	-1012136.434	-818993.518	-1012754.21	17.6082
-750627.619	-1025630.881	-751335.55	-1025384.98	8.5264
-804444.718	-1038920.636	-802460.343	-1038687.359	26.7093
-777773.68	-981956.07	-775414.03	-983225.06	35.5522
-811384.793	-1060414.363	-811367.092	-1060331.764	0.9893
-679293.063	-990851.478	-679733.92	-991544.95	11.8515
-773823.199	-1056068.979	-773631.891	-1055891.607	5.2404
-778917.1	-1060712.15	-780578.77	-1062574.61	30.9905
-842302.555	-1046516.057	-842349.978	-1046613.751	1.2287
-819623.13	-1076040.47	-819612.78	-1076589.87	6.2744
-773047.06	-1031228.34	-772865.013	-1031315.823	4.1989
-723662.348	-987212.162	-720706.68	-990159.03	47.0675
-870162.02	-1044906.49	-869520.35	-1043346.23	19.8552
-880246.238	-1019134.669	-880106.128	-1017037.521	24.8451
-812056.7	-1016862.42	-812432.85	-1013986.31	32.2526
-752685.024	-1049177.554	-752734.577	-1049409.519	4.7737
-737606.276	-1080142.949	-736689.21	-1080041.06	10.2705
-736155.31	-987946.37	-736319.77	-987791.74	2.5109
-644809.314	-1073394.96	-644819.178	-1073393.316	0.2092
-776142.829	-979416.983	-776179.99	-979470.54	0.8092
-744957.53	-1008093.73	-743839.09	-1008631.76	13.8983
-818797.56	-1019942.66	-817241.266	-1019931.56	17.6884
-746446.577	-1053783.202	-746376.671	-1053972.257	2.3594
-809358.27	-991770.31	-809318.62	-991774.95	1.1623
-779916.95	-983094.0	-780519.769	-983807.611	10.4192
-692580.496	-1046095.138	-692519.521	-1046074.747	0.7189
-789999.22	-1029582.85	-788623.02	-1030555.81	19.3849
-766382.69	-1052099.3	-767065.288	-1052502.18	6.1112
-783758.47	-1044267.37	-785376.44	-1042986.07	32.1644
-697604.62	-999528.62	-697095.23	-996864.93	31.6968
-719334.593	-1002927.581	-717846.36	-1002316.8	27.5509
-740190.11	-1003507.66	-740829.08	-1001958.87	19.4277
-826472.441	-1068470.372	-826615.211	-1068384.514	3.332
-687569.81	-1056047.47	-687421.8	-1056195.02	5.343
-679781.5	-1010354.11	-680458.8	-1011176.49	12.5578
-742207.66	-971373.38	-742811.99	-976078.34	64.0736
-794508.83	-998061.18	-795519.83	-995402.33	38.2075
-770201.52	-1018458.77	-769888.27	-1017591.99	10.7009
-766869.724	-1009908.032	-766866.215	-1009933.771	0.2894
-649260.73	-1048288.6	-649315.16	-1048398.31	1.5972
-735568.11	-1040276.17	-735382.36	-1040739.75	10.1658
-726033.672	-972446.074	-726757.632	-974343.727	32.028
-768875.26	-1035702.9	-768977.62	-1034588.88	22.5951
-651058.82	-1044615.54	-649293.63	-1044451.85	19.6975
-702591.63	-1070675.77	-703712.723	-1072042.225	20.5743
-777284.456	-996509.71	-777257.61	-996054.453	5.105
-714762.413	-1027902.794	-714641.39	-1027861.81	2.5559
-784332.276	-1007703.711	-784551.99	-1007572.05	2.8506
-825495.86	-1053317.43	-826213.02	-1052725.02	10.5356
-730929.889	-1057204.495	-730830.32	-1057375.1	2.1949
-752161.6	-1038473.45	-752432.92	-1038135.98	4.8114
-701719.186	-1012526.163	-704453.1	-1014660.56	27.1757
-670314.0	-1047546.5	-670477.6	-1047600.09	1.9888
-755235.77	-1036429.56	-754590.79	-1035902.17	18.183
-786559.102	-1061340.464	-785384.123	-1060572.777	16.2859
-694308.4	-991617.43	-694332.89	-991642.1	0.3877
-762595.339	-1007603.092	-759869.32	-1006681.27	33.9692
-777842.114	-985595.75	-779449.713	-985374.92	25.4933
-850636.859	-1010801.445	-851518.2	-1010751.166	17.7224
-754631.91	-1063279.292	-754624.95	-1063256.073	0.5699
-741925.422	-1082482.181	-741950.155	-1085737.187	59.0497
-762800.39	-973592.59	-762921.827	-973598.762	2.5417
-742599.176	-1046079.724	-742493.44	-1046028.29	2.6999
-819149.87	-1017315.07	-822522.04	-1017189.31	39.8126
-766982.928	-989208.52	-767102.18	-989078.35	3.5339
-751349.25	-1041115.938	-751459.03	-1041048.354	2.599
-671006.791	-1021002.446	-671537.295	-1019001.541	25.5845
-743594.29	-1020628.84	-744619.948	-1021117.129	12.6553
-790784.875	-1005217.062	-790798.607	-1005234.247	0.273
-750715.12	-1043202.08	-751974.705	-1043105.096	27.2081
-679425.241	-1064083.037	-679665.464	-1065415.499	31.8233
-675814.885	-1041137.364	-674506.896	-1042179.33	18.8311
-780793.557	-989314.909	-779130.4	-989055.72	20.0532
-771078.29	-990730.67	-771084.724	-991785.444	12.5318
-643811.132	-1022184.146	-641679.37	-1023333.67	37.9036
-849281.083	-1065563.125	-850163.81	-1066617.882	16.8043
-790941.96	-1034484.23	-788893.92	-1033754.56	27.1474
-675167.148	-1074093.622	-674943.95	-1076363.873	26.3357
-646384.95	-1016840.67	-645752.15	-1016432.323	12.0568
-882091.044	-1017735.02	-882213.977	-1017116.94	8.1992
-712776.782	-1079029.394	-712682.818	-1079173.214	1.9914
-768369.27	-1057962.9	-769365.932	-1057150.421	15.7535
-728209.958	-1022949.572	-728399.76	-1022448.7	13.0829
-719497.051	-992828.454	-718190.04	-995343.27	32.0392
-820796.02	-1063693.532	-820743.22	-1063814.623	1.5403
-675579.44	-1033002.51	-675527.54	-1031294.86	19.207
-710766.209	-1070158.688	-708783.763	-1071503.143	31.8528
-756713.033	-990019.522	-756731.393	-987706.568	28.5364
-807650.58	-990353.79	-807784.97	-990455.03	4.799
-686841.974	-1066086.179	-685181.368	-1066206.294	33.9189
-699748.77	-997757.04	-699774.69	-995359.47	32.1631
-853227.3	-1005277.26	-853567.4	-1004294.55	12.1405
-781865.15	-1048439.48	-782508.45	-1049591.91	14.902
-684434.33	-990100.31	-682745.938	-989419.5	28.6724
-734902.885	-1053869.137	-734169.2	-1053825.2	15.5353
-739344.58	-1033713.78	-739275.09	-1033725.54	1.4098
-793175.91	-983188.02	-793153.111	-983230.444	0.5365
-820436.579	-1026745.197	-823451.63	-1026158.985	35.2875
-843131.733	-1057411.835	-843921.816	-1058030.155	23.4776
-656633.86	-1070308.88	-656675.335	-1070374.031	1.5508
-763989.372	-1024143.273	-763664.655	-1024288.954	7.1516
-708118.84	-1072450.287	-705966.084	-1071067.862	32.1621
-775984.15	-977292.28	-776326.15	-977345.98	7.4005
-676250.16	-1042634.43	-674666.237	-1043065.477	18.2393
-653323.78	-1036128.19	-654059.57	-1034024.07	25.1086
-692193.646	-1029463.697	-692916.61	-1031763.95	29.5944
-730850.22	-996143.5	-728304.675	-994065.09	44.1356
-746816.113	-1067439.618	-745864.683	-1068619.617	19.2567
-742522.57	-1045850.3	-742458.968	-1045227.057	12.5975
-704454.2	-1014723.62	-704678.708	-1014785.048	3.5139
-725243.045	-1058432.144	-724027.895	-1056719.96	24.729
-825240.835	-1064319.423	-825336.372	-1064370.67	2.1822
-766883.809	-1046462.034	-767521.688	-1046058.5	8.6412
-733914.475	-1053317.791	-734005.02	-1053336.7	2.0075
-732051.83	-1040986.84	-732103.646	-1040876.88	2.5174
-755938.32	-1031830.57	-755751.391	-1032452.898	7.6459
-646572.22	-1029234.58	-646612.72	-1029025.29	2.369
-711052.4	-1025670.01	-711124.62	-1025831.21	3.773
-680409.556	-989585.247	-679466.541	-989570.958	16.1689
-765648.86	-1014631.0	-769011.59	-1014363.67	38.3539
-716119.768	-1048477.837	-714659.241	-1048748.234	16.5294
-705231.099	-1015094.761	-704967.966	-1015039.181	3.4342
-707342.596	-1067840.561	-706827.6	-1069583.45	20.5706
-852025.15	-1010321.64	-852292.36	-1010381.54	5.7391
-727322.317	-1058318.754	-725243.045	-1058432.144	25.5455
-857239.13	-1033987.9	-859334.96	-1031935.4	33.5603
-756117.029	-1034221.27	-756000.029	-1034391.458	1.5887
-661491.52	-1046295.0	-660964.185	-1046088.619	6.3646
-823465.147	-1076379.897	-824303.713	-1075020.57	20.8328
-676788.304	-991716.144	-675357.972	-991934.632	21.7063
-659164.367	-1065042.203	-658988.262	-1065359.861	9.1896
-793087.077	-1064377.439	-792335.7	-1064165.62	8.7754
-728620.53	-1084460.42	-727815.05	-1083942.25	12.2302
-671719.93	-1041676.199	-673546.85	-1042976.667	28.2573
-699234.121	-1087672.849	-697181.498	-1087404.295	26.2833
-872464.669	-1032874.098	-872614.328	-1033223.347	5.3094
-639960.604	-1042280.486	-640016.423	-1042136.147	3.1863
-702216.03	-1056459.18	-703931.569	-1057508.405	23.8899
-727734.171	-1074184.599	-726393.89	-1073258.642	21.3934
-746965.676	-1017400.74	-746939.588	-1017404.603	0.3201
-657007.24	-1069561.841	-656472.334	-1069860.411	12.3542
-759516.3	-1015707.3	-758239.87	-1016193.82	15.2761
-759400.55	-1009589.78	-759269.75	-1006895.26	33.7151
-819595.188	-1075679.25	-819652.398	-1075671.193	1.1577
-739242.345	-1001705.951	-738748.919	-1001258.549	7.4649
-760864.513	-1000583.034	-760688.95	-998727.14	21.0429
-811899.928	-1065506.872	-811922.17	-1065456.546	0.612
-751633.55	-1062340.88	-754453.681	-1063515.296	48.1751
-819264.862	-1075594.778	-819302.55	-1075496.64	2.2191
-647716.73	-1054208.63	-647609.524	-1054245.965	1.8576
-816893.762	-1069517.321	-816882.103	-1069528.576	0.3498
-759345.19	-1056031.723	-759355.124	-1056085.696	1.0995
-848378.564	-1054774.256	-849253.783	-1056172.622	20.7507
-729942.52	-1083605.87	-730674.527	-1083621.898	14.7611
-821921.948	-997679.521	-822013.873	-996448.627	16.5295
-726152.344	-1051205.196	-726094.73	-1051630.11	8.6161
-785879.46	-1063937.49	-784722.5	-1063858.94	14.9792
-674324.159	-1057175.819	-667943.849	-1059113.16	75.3141
-718906.5	-1016922.99	-719175.82	-1016530.84	10.8985
-755258.008	-1046325.019	-755258.858	-1046303.702	0.4748
-843640.906	-1021731.064	-839314.316	-1021318.603	51.5579
-780546.517	-1009551.238	-776116.121	-1014573.075	52.2543
-840796.862	-1039063.86	-839894.429	-1041506.852	29.3954
-706905.87	-1028430.1	-707185.87	-1028507.77	3.2529
-674909.751	-1073907.919	-673775.041	-1076370.682	30.1517
-768780.443	-1061241.466	-770353.66	-1060804.791	19.2768
-741384.0	-1047519.75	-740035.91	-1048705.8	36.0103
-757549.968	-1049067.836	-757602.31	-1049500.47	8.8226
-653423.62	-1030555.827	-653288.426	-1030346.54	2.8224
-730655.43	-1045534.04	-730719.8	-1045394.6	1.9205
-819300.52	-1075731.24	-819271.979	-1075735.204	0.8568
-731273.19	-1062928.24	-731090.94	-1063326.74	4.8691
-678306.819	-1002377.18	-677070.88	-1001484.59	20.1445
-843965.27	-1003002.31	-843761.02	-1002936.1	4.5208
-662956.071	-1048677.243	-662315.995	-1049032.62	8.6827
-887560.516	-1019868.019	-884358.116	-1021483.795	30.9772
-684496.2	-1065703.32	-684486.446	-1065823.749	2.4291
-652577.566	-1044757.953	-651145.588	-1045325.774	17.4094
-674394.04	-1072998.88	-674909.751	-1073907.919	12.4291
-643669.343	-1034932.529	-643499.44	-1034658.75	3.7327
-822634.434	-1069568.19	-823245.745	-1071548.892	41.7165
-858884.703	-1014431.02	-859749.207	-1013110.078	19.2108
-766632.26	-1037720.18	-766747.32	-1037626.07	3.1669
-654207.76	-1023022.35	-653299.13	-1023139.24	18.9468
-770124.39	-983578.44	-770374.86	-983338.06	3.9211
-849463.51	-1002474.76	-849431.22	-1002496.71	1.1523
-747940.297	-1017099.553	-747318.87	-1017001.64	9.1237
-738444.54	-998239.718	-732506.853	-996720.549	83.9811
-741766.996	-1064489.266	-741789.364	-1064502.999	0.4417
-741826.92	-1043491.34	-741667.69	-1043280.41	5.305
-763141.96	-992584.68	-763545.25	-992093.52	12.883
-817446.39	-1070558.94	-815525.153	-1070903.131	17.7454
-673060.629	-1016547.86	-672706.22	-1015107.8	16.5721
-812053.644	-1017077.163	-812056.7	-1016862.42	4.4837
-809384.25	-994087.73	-809585.21	-994142.99	4.1696
-644939.06	-1049741.53	-645298.82	-1050454.711	11.192
-770553.82	-979593.09	-770635.2	-979600.35	1.0653
-780483.59	-1052968.93	-780209.19	-1052580.14	5.3267
-686922.48	-993715.83	-689446.59	-994859.59	21.4652
-742145.86	-1064673.33	-741789.364	-1064502.999	4.5458
-645118.9	-1045890.91	-644849.066	-1047152.556	14.3701
-723901.304	-1036730.429	-724283.282	-1037360.78	17.6139
-816445.5	-1069377.05	-816868.164	-1069518.245	10.0104
-763531.11	-993047.25	-763369.78	-992839.07	5.2688
-718463.59	-1008380.55	-718544.501	-1008651.76	3.3683
-809766.998	-1029119.163	-811663.996	-1027269.798	34.1258
-660237.998	-1086828.299	-661179.667	-1084527.399	29.3122
-755025.976	-1001778.306	-761179.81	-994753.86	76.1715
-683295.221	-1065172.013	-683992.398	-1063882.896	30.7435
-736148.49	-1007963.14	-737866.679	-1005571.421	33.4643
-811830.888	-1027053.033	-811609.18	-1024678.44	30.4846
-760078.83	-976652.25	-760105.85	-976644.44	0.6472
-697060.79	-1046682.57	-697002.42	-1046880.98	2.3674
-649906.662	-1069949.529	-649786.847	-1070020.187	1.5456
-688957.83	-1056736.91	-692291.01	-1058643.01	46.4619
-749325.603	-1044341.555	-749242.33	-1044511.21	3.8573
-823761.0	-1076417.74	-823470.46	-1076465.18	2.2656
-655762.18	-1018584.24	-655878.4	-1018527.01	1.4917
-770694.099	-1069735.531	-770502.676	-1069954.578	3.2347
-694947.241	-1029166.982	-695247.565	-1029725.528	7.8087
-649372.966	-1061144.702	-649291.665	-1060965.126	3.9447
-655919.27	-1048562.33	-656769.01	-1048573.79	6.5414
-667596.64	-1016697.53	-668161.61	-1016709.32	6.5445
-752374.83	-1043146.66	-752548.071	-1043362.204	5.5326
-815590.582	-1043950.418	-817696.777	-1044028.456	25.5537
-805450.508	-1012456.415	-804404.726	-1013302.48	15.2294
-738570.48	-999570.7	-736715.438	-999326.162	21.8737
-773325.19	-978306.71	-773348.35	-978281.86	0.6794
-663643.54	-1047828.42	-656769.01	-1048586.36	56.0444
-689629.06	-1035820.39	-689627.423	-1035843.007	0.252
-734904.4	-1041120.39	-735050.9	-1041000.8	2.1013
-744778.424	-1048376.349	-744348.287	-1047616.458	17.5074
-703485.16	-1089073.21	-703583.63	-1089168.3	1.7005
-680588.724	-1064347.312	-679425.241	-1064083.037	24.001
-859456.5	-996748.5	-858716.326	-995805.151	14.6678
-828544.984	-1071974.834	-828932.054	-1072228.151	5.1417
-859589.953	-1012999.229	-859612.768	-1012994.734	0.4878
-674434.13	-1083718.49	-674053.53	-1083790.15	4.7549
-713550.47	-1017791.14	-717403.83	-1013182.66	82.9442
-726002.57	-988861.01	-726330.742	-988719.655	4.3239
-672661.78	-1068657.88	-674573.09	-1067736.05	23.7372
-875959.361	-1019407.808	-875219.812	-1019175.928	21.1826
-759130.368	-1047663.758	-759204.415	-1047672.559	1.5441
-648229.71	-1048214.72	-648235.47	-1048205.59	0.1199
-816264.968	-1012124.115	-816164.41	-1011933.429	2.7261
-642296.01	-1094976.12	-642099.11	-1095058.989	2.4035
-703733.09	-1077097.09	-703348.626	-1076577.81	7.3581
-692330.5	-998364.0	-692439.87	-998478.84	1.2207
-729058.506	-1057198.088	-728066.664	-1055965.989	19.5907
-865272.948	-1015986.292	-865278.305	-1015964.147	0.5227
-700441.78	-1088317.93	-700473.75	-1088323.41	0.4191
-751631.12	-1041022.424	-751636.521	-1041297.117	6.87
-715420.0	-1067995.05	-714992.26	-1064696.34	38.9554
-740663.06	-1026232.44	-740325.08	-1025842.42	5.8229
-748571.79	-989246.96	-747769.641	-989471.419	9.6171
-756840.57	-1038169.12	-757294.023	-1039645.091	19.1849
-783516.82	-1058617.82	-784212.8	-1059855.91	17.8088
-644993.93	-1049839.45	-644945.99	-1049785.66	1.4715
-689380.5	-1058492.11	-689296.152	-1058690.826	2.607
-678242.44	-1074125.29	-676234.284	-1075886.608	30.1899
-734667.725	-1041598.981	-733574.37	-1041925.75	22.8832
-744444.64	-1041362.66	-744438.125	-1041269.582	2.899
-730242.39	-1077387.21	-731774.599	-1077428.656	18.08
-722790.83	-979017.63	-723261.699	-979691.061	13.3717
-782067.999	-1010291.553	-782050.48	-1009785.59	10.3092
-727741.81	-1073818.99	-727784.73	-1073939.35	2.5557
-756164.6	-993304.1	-756227.79	-991806.51	17.094
-693883.566	-1032463.944	-696066.6	-1032776.61	25.6304
-706759.61	-1036013.73	-705605.06	-1036556.55	14.3683
-820209.74	-989166.5	-817440.385	-987824.75	40.3298
-721102.6	-1072331.29	-720323.832	-1071070.678	19.0322
-720459.31	-1084859.54	-719699.97	-1085550.72	11.9264
-708317.55	-1057431.48	-707832.949	-1057289.458	5.6471
-717538.757	-1074174.434	-717615.03	-1074166.97	0.8726
-769875.188	-1053806.12	-770494.286	-1053928.15	12.6218
-832911.048	-1027494.357	-833504.056	-1025748.803	23.0121
-734041.0	-1068720.0	-734125.148	-1068801.398	1.3035
-837072.881	-1001122.397	-835329.698	-1001077.37	26.5861
-755911.515	-991018.509	-755956.61	-990921.9	2.1572
-701493.122	-1012267.925	-701426.13	-1012166.332	2.4339
-699987.12	-1040664.48	-700881.593	-1039815.799	14.1681
-876242.996	-1030422.038	-876537.832	-1030754.157	10.561
-720302.516	-1070959.109	-717572.936	-1074309.221	37.7063
-688947.767	-1065936.886	-686841.974	-1066086.179	23.8549
-865944.702	-1046034.631	-864972.286	-1044654.765	21.0902
-654990.028	-1070130.784	-654988.369	-1070998.936	9.7882
-684543.09	-994078.52	-684524.76	-993875.02	4.2099
-819300.52	-1075731.24	-819567.0	-1075685.25	5.4465
-696535.05	-1060849.84	-696197.4	-1059702.55	13.9541
-715849.855	-1067543.626	-715420.0	-1067995.05	12.8029
-720560.46	-1005519.18	-719771.92	-1004374.9	32.5409
-650858.36	-1043750.1	-651216.495	-1043242.764	13.2587
-859240.91	-1037850.75	-862990.333	-1037035.084	44.444
-822074.13	-1016009.95	-821380.38	-1015120.25	12.6402
-800596.166	-1012756.763	-801108.0	-1008116.063	53.0964
-765351.032	-1023102.423	-765239.733	-1023113.709	2.8192
-788497.064	-1013954.972	-788487.635	-1013962.555	0.1442
-749450.96	-1050111.98	-745098.936	-1048384.833	57.32
-817696.777	-1044028.456	-817578.366	-1042462.891	18.8877
-639846.141	-1052855.648	-644700.4	-1050094.82	45.8421
-723654.054	-987187.532	-723686.422	-987174.238	0.7934
-760798.366	-976523.528	-760815.72	-976474.535	1.4678
-684456.271	-1065830.333	-684486.446	-1065823.749	0.778
-681321.048	-1064389.756	-681287.93	-1064461.518	1.5808
-667050.43	-1033212.56	-667319.162	-1033690.175	6.4553
-763350.3	-992817.46	-763370.11	-992818.11	0.4163
-649967.98	-1030992.87	-649928.66	-1031448.47	5.0862
-662235.315	-1059060.07	-661501.52	-1058410.07	11.6098
-792398.72	-978527.25	-792388.063	-978534.122	0.2884
-761986.299	-1025253.683	-761924.936	-1026064.781	9.3078
-754336.728	-1045687.211	-755092.033	-1045687.374	15.1906
-764793.8	-994787.52	-763837.45	-993504.81	17.9169
-773630.64	-1042294.64	-771416.56	-1042704.81	28.8003
-861128.379	-1005824.81	-860278.73	-1006748.49	14.3253
-765487.184	-1056779.747	-765592.541	-1056706.326	1.5109
-744585.4	-1048128.72	-744555.04	-1048217.91	1.8846
-864604.604	-1060866.453	-864909.972	-1059365.861	24.3068
-789012.52	-981479.23	-788537.62	-982462.36	13.6263
-759662.94	-976494.55	-759614.391	-976477.019	1.0328
-703994.683	-1051276.113	-702914.4	-1049943.85	20.1018
-761145.62	-1070568.14	-763227.89	-1072531.86	34.4681
-715802.644	-1040275.867	-715513.44	-1040586.49	8.7388
-724693.77	-1051072.26	-725880.561	-1051661.289	15.1105
-736155.31	-987946.37	-736631.28	-985374.91	29.9774
-783618.34	-1061207.52	-783532.06	-1061868.28	13.6279
-708643.64	-1056377.41	-708317.55	-1057431.48	13.8468
-670965.53	-1008802.41	-672424.206	-1008814.981	18.9916
-782981.17	-1000789.0	-782989.44	-1000828.26	0.4473
-674579.81	-1020864.91	-673898.48	-1020353.88	9.4751
-757599.75	-1039889.39	-753875.83	-1041685.1	32.6946
-814533.496	-1013896.626	-814806.09	-1013848.04	3.5202
-761207.79	-1034014.75	-760634.42	-1034959.18	14.0549
-762487.54	-978758.49	-761851.211	-980207.841	21.4005
-762856.494	-1050845.201	-762975.367	-1050789.735	3.3389
-791408.81	-1045872.74	-791568.33	-1044904.05	11.3772
-698314.12	-1008460.98	-698925.234	-1010862.723	30.8209
-796544.06	-1010161.76	-796572.45	-1009553.07	6.9516
-660386.03	-1022995.96	-658860.17	-1023337.73	19.527
-808157.36	-1071439.843	-808102.851	-1071160.684	3.1612
-692271.419	-1046317.644	-692500.234	-1046056.225	4.056
-720921.3	-1011698.64	-723472.047	-1009554.734	37.9804
-756840.57	-1038169.12	-756885.578	-1037955.246	4.4626
-665051.49	-1012206.8	-664203.72	-1013240.89	17.4239
-763545.25	-992093.52	-764117.881	-991884.65	6.8458
-843367.441	-992167.464	-846960.039	-990774.059	46.6681
-808211.018	-1014754.016	-810418.986	-1013689.3	28.9375
-843965.27	-1003002.31	-843706.44	-1002673.06	8.4396
-716828.42	-1028430.58	-716792.41	-1028460.31	0.5194
-734520.128	-1012602.924	-736148.49	-1007963.14	55.7055
-687480.32	-1004428.3	-688121.91	-1005129.46	11.1888
-691950.61	-1065160.608	-693268.136	-1066214.459	20.9392
-749716.36	-1051238.55	-749869.5	-1051283.82	4.4086
-801255.009	-1013122.702	-801278.029	-1013124.806	0.2573
-878319.919	-1027277.494	-877381.09	-1026048.84	17.5743
-768572.23	-1063516.11	-771377.93	-1061984.36	38.4498
-720501.53	-1007824.76	-718544.501	-1008651.76	30.6948
-797337.54	-979437.12	-800495.161	-978110.673	62.806
-645748.625	-1090647.177	-642805.577	-1092189.703	38.8597
-762972.68	-1010383.12	-759400.55	-1009589.78	42.9794
-762082.323	-1026352.017	-762422.17	-1027892.26	19.5973
-761681.41	-1037105.19	-761571.97	-1037412.88	3.7282
-765949.302	-1076303.012	-766069.463	-1076129.668	2.3464
-658305.54	-1007290.38	-656556.57	-1006339.14	23.2272
-758232.25	-972614.85	-758270.57	-972697.23	1.0101
-692393.91	-1046471.76	-692358.68	-1046574.8	1.217
-679158.914	-1030025.357	-681168.472	-1029384.679	24.4662
-730145.688	-993169.063	-729412.166	-990629.707	43.2965
-870597.7	-1010531.22	-871153.91	-1010993.66	8.9532
-788856.01	-1038690.79	-788582.825	-1037890.899	14.2162
-701202.59	-1012387.6	-701281.438	-1012426.375	1.0311
-812658.25	-1072236.5	-813328.04	-1072109.909	14.6924
-730838.57	-1043194.93	-730675.04	-1043358.39	2.5896
-802617.775	-1021022.365	-804793.658	-1019770.362	30.6782
-807650.58	-990353.79	-807685.43	-990267.62	1.8752
-778812.234	-1000738.673	-781273.163	-1004046.684	48.5172
-690289.7	-995274.992	-690190.7	-995235.01	1.1893
-787860.82	-978850.27	-786665.077	-979099.031	14.365
-878764.562	-1022419.216	-879501.125	-1023282.875	14.0307
-790860.627	-1002521.829	-789545.41	-1002070.51	15.4501
-717053.22	-1001828.61	-717396.5	-1002059.24	9.9942
-818876.91	-1074880.42	-818728.15	-1074717.07	4.4212
-649293.63	-1044451.85	-650269.41	-1043896.52	13.0613
-680582.204	-989461.566	-680229.76	-988998.78	6.543
-857617.02	-1008873.03	-856691.375	-1008970.875	10.9347
-671293.0	-1070489.27	-671769.276	-1069928.371	14.7709
-734987.438	-1043489.69	-734791.26	-1043682.03	5.6871
-721245.934	-1060993.837	-720968.998	-1063674.369	30.8416
-654976.495	-1070115.663	-654583.356	-1070049.561	4.4329
-774496.01	-1055892.09	-775865.26	-1056885.35	19.1628
-868428.83	-1050088.405	-871563.861	-1048720.373	47.4834
-655315.375	-1026583.681	-655282.27	-1025459.61	12.9036
-653562.49	-1025997.17	-653620.3	-1027061.15	11.9533
-680218.73	-1016899.15	-681443.886	-1016580.791	15.5919
-663914.11	-1003293.55	-662603.44	-1002134.49	21.2192
-739191.32	-1033635.28	-739117.25	-1033551.44	2.8485
-752530.639	-1077247.698	-755146.95	-1077081.38	31.8575
-648762.2	-1029133.73	-648861.608	-1028973.579	2.0947
-809437.625	-1049733.25	-812925.859	-1049067.757	43.1242
-674999.298	-1006664.392	-673551.152	-1008561.937	29.7606
-796386.26	-1042773.31	-796202.74	-1044445.18	23.6326
-730645.6	-989247.51	-729778.3	-987713.52	22.0212
-783259.68	-996320.45	-783209.77	-996298.28	0.607
-740572.33	-1040310.77	-740437.62	-1040354.147	2.8449
-820921.03	-1077379.74	-823471.08	-1076452.11	21.2455
-743555.275	-1024949.43	-743525.683	-1024934.562	1.0378
-693857.22	-1001639.89	-692380.59	-1000266.21	27.1656
-816403.88	-1076194.94	-816418.066	-1076253.124	1.2353
-711566.197	-1014286.525	-710474.741	-1013302.23	16.4287
-735851.303	-1064178.222	-733977.418	-1063555.082	22.8803
-683504.009	-995029.32	-683530.17	-995952.62	21.703
-666528.091	-1068783.223	-666018.226	-1070164.497	17.1188
-868712.059	-1021790.194	-869616.016	-1020897.713	18.8249
-708800.374	-1075110.976	-709493.898	-1076664.669	35.8414
-698496.31	-1035648.844	-698369.796	-1034987.46	7.4895
-797242.374	-1068992.553	-797225.383	-1069033.488	0.8864
-658344.16	-1029084.93	-657658.211	-1027917.403	15.4139
-684506.17	-994253.69	-684465.51	-994535.698	5.6988
-772391.897	-1054695.278	-772370.063	-1054697.184	0.5255
-783867.67	-994628.48	-783084.22	-993501.92	15.6671
-806948.62	-989708.11	-806965.18	-989759.4	1.3338
-645303.703	-1060413.091	-645287.16	-1060455.277	1.0149
-778671.883	-1022544.298	-777244.09	-1022465.751	17.0042
-746969.765	-1004072.67	-746954.522	-1004054.132	0.6203
-807092.05	-996176.3	-807087.86	-996251.48	1.5626
-752930.2	-1037432.22	-753160.456	-1037488.903	5.0583
-694114.03	-1044357.51	-694141.41	-1044339.51	0.7441
-767418.563	-980775.831	-767138.17	-980622.421	3.6339
-658239.03	-1005930.52	-658305.54	-1007290.38	15.6958
-777218.53	-1048643.03	-775823.61	-1048782.01	15.6906
-666696.66	-1030678.48	-665628.1	-1030560.71	11.9947
-644077.794	-1022814.719	-643811.132	-1022184.146	8.7554
-863279.16	-998718.49	-861166.839	-999768.473	29.1834
-769011.59	-1014363.67	-769874.09	-1015908.58	24.7402
-665109.738	-1030269.571	-664839.942	-1030463.206	6.6484
-688716.595	-1043740.464	-688732.773	-1043758.172	0.2958
-824369.557	-1069640.862	-826472.441	-1068470.372	28.3736
-664502.78	-1047932.44	-664327.03	-1047880.92	1.4089
-784270.171	-1026762.041	-783769.365	-1025764.997	23.3227
-698225.61	-1063063.57	-699256.34	-1061459.02	21.7285
-697601.473	-1037827.882	-695648.89	-1038421.25	27.2441
-649316.891	-1061705.052	-649298.085	-1061754.233	1.054
-817594.573	-1036995.655	-815246.656	-1034011.793	50.1007
-830984.252	-1065332.792	-829630.225	-1065454.87	16.0727
-748255.783	-1030596.93	-748374.24	-1028407.63	25.1833
-708417.301	-991680.123	-708419.227	-991662.736	0.3915
-824026.79	-1073771.599	-824107.511	-1073718.837	1.376
-883757.002	-1021715.412	-883936.157	-1021566.292	2.6538
-820673.12	-989381.2	-820209.74	-989166.5	5.7259
-733891.89	-1053407.48	-733914.475	-1053317.791	2.1039
-719755.49	-1030528.03	-719642.0	-1030529.89	1.2879
-742445.595	-1057045.698	-743735.74	-1058144.17	19.7297
-762794.21	-1043674.35	-764413.7	-1043941.75	24.2156
-679528.41	-1071500.27	-679587.323	-1071764.46	3.0327
-726496.4	-1072033.33	-725957.19	-1071372.88	17.2625
-729502.351	-1080841.587	-729514.372	-1080889.537	1.5463
-774371.24	-980479.83	-773862.08	-982143.2	24.096
-660600.295	-1028136.323	-660125.873	-1028254.54	5.468
-647923.93	-1094532.48	-648561.92	-1095210.25	10.3822
-802057.3	-999091.98	-802541.423	-998769.185	6.4935
-703635.862	-1037189.932	-703661.58	-1035118.35	28.0659
-780793.58	-993776.99	-781206.691	-993468.119	6.1847
-773146.172	-1031233.812	-776241.19	-1030072.87	25.8627
-835547.209	-989951.865	-834020.95	-990593.56	19.0254
-688201.86	-1053356.66	-688505.13	-1051236.35	24.481
-771582.07	-1041055.57	-770186.892	-1039543.124	25.7866
-744438.125	-1041269.582	-744488.19	-1041311.68	1.4476
-686268.84	-993149.63	-686065.342	-993601.918	14.0426
-729539.891	-1057128.264	-729315.731	-1056841.451	4.4608
-712438.272	-983588.937	-712423.517	-983605.22	0.6938
-728834.58	-1061079.68	-729975.212	-1063167.207	27.7967
-672222.536	-1078964.284	-670968.886	-1078706.518	20.7157
-870492.524	-1035159.228	-871874.345	-1034118.846	19.4436
-716937.42	-1007933.48	-714147.66	-1008924.75	34.4674
-697797.7	-1053567.25	-700186.357	-1052771.488	28.6903
-832441.61	-1024564.49	-832703.871	-1023951.265	9.1734
-652788.52	-1024989.77	-652273.806	-1026372.473	18.042
-876124.29	-1021139.59	-876194.256	-1021323.626	2.1945
-672388.42	-1014268.33	-672326.153	-1014439.536	3.6439
-744897.887	-1026833.986	-743875.53	-1025696.44	18.4634
-662315.995	-1049032.62	-661758.59	-1047597.21	17.8847
-871874.345	-1034118.846	-871098.782	-1032753.124	19.3208
-677256.85	-1037622.57	-676047.76	-1037292.652	14.0079
-848763.027	-1010048.128	-848817.352	-1010040.504	1.1751
-851033.045	-1018723.146	-851078.489	-1018209.76	6.6467
-659288.519	-1008355.189	-658632.613	-1007570.898	21.094
-802745.655	-986906.4	-802627.311	-986851.019	1.5161
-687569.81	-1056047.47	-687445.825	-1055917.373	3.6117
-749312.721	-1044251.85	-749325.603	-1044341.555	1.8158
-724274.98	-1081959.74	-721832.46	-1081626.08	30.4834
-790712.739	-1005042.198	-790781.372	-1005118.501	1.3216
-701719.961	-1012286.117	-702528.88	-1011405.28	26.5332
-643241.65	-1044616.06	-643357.52	-1044647.09	1.5765
-739058.32	-1033585.74	-738971.93	-1033494.27	2.5471
-658804.05	-1025491.79	-657159.238	-1024531.255	21.488
-745864.683	-1068619.617	-743813.524	-1069243.996	26.3065
-658791.001	-1060312.349	-658734.781	-1060337.432	0.684
-840756.407	-1039033.045	-840796.862	-1039063.86	0.5652
-713001.11	-1006409.73	-714572.525	-1006513.706	18.5984
-760447.14	-1059615.138	-760898.023	-1060233.296	17.8328
-648889.325	-1058112.566	-648638.888	-1058260.078	5.8263
-872985.395	-1040333.041	-869866.398	-1037678.079	63.4084
-686512.37	-990518.63	-686426.19	-990506.72	0.9668
-694550.39	-1089676.0	-694772.607	-1090684.302	27.3383
-746721.41	-1011678.92	-746719.1	-1011750.25	0.7999
-771416.56	-1042704.81	-771921.115	-1041128.653	20.4737
-797224.579	-1068798.163	-798345.777	-1067597.387	19.7605
-791147.957	-1033581.961	-795102.787	-1028956.598	73.2409
-703392.676	-1059769.677	-702768.8	-1059534.95	10.0877
-869834.437	-1000438.862	-867678.05	-998459.66	35.5479
-760634.42	-1034959.18	-760606.221	-1034962.461	0.5762
-708800.374	-1075110.976	-708187.83	-1075244.96	14.7948
-867825.597	-1017288.354	-867847.716	-1017285.814	0.4919
-767346.246	-1040086.767	-768529.35	-1040347.1	24.9916
-797220.522	-1023550.419	-796853.478	-1023502.277	4.18
-847713.155	-1066306.545	-848587.265	-1066239.624	11.2277
-720052.54	-1075565.5	-719950.183	-1075713.04	2.0248
-665628.1	-1030560.71	-665898.745	-1032132.011	18.4979
-649066.35	-1023932.14	-650508.75	-1024626.59	22.5126
-729466.74	-1078252.51	-730136.57	-1079066.52	13.0968
-802860.579	-986687.947	-802843.522	-986670.819	0.5206
-817533.88	-1070541.42	-817507.47	-1070601.77	0.8068
-655774.43	-1015985.09	-655843.43	-1016058.73	2.0277
-759244.033	-1068497.749	-759295.33	-1068468.69	0.6551
-756958.69	-1044056.74	-757077.25	-1043105.17	20.6928
-651145.068	-1076608.201	-650342.247	-1075757.499	13.3509
-738973.364	-1084211.183	-739928.36	-1082451.5	25.533
-823054.383	-1047606.95	-821554.948	-1048307.873	19.2023
-733803.798	-985254.066	-733690.172	-986474.415	27.839
-660268.625	-1087255.908	-661202.16	-1086315.52	14.9744
-733937.241	-972137.04	-734066.75	-972086.58	1.5463
-699841.41	-1066810.69	-700387.25	-1066319.45	8.4595
-737520.52	-1039020.19	-738807.89	-1040058.4	33.1338
-699709.298	-995267.078	-700211.37	-994675.68	11.087
-816146.27	-1064197.64	-815971.38	-1064373.54	5.0531
-747427.15	-1020180.7	-747540.75	-1019621.563	6.3801
-776578.17	-975595.74	-776481.04	-975542.86	2.2119
-755041.005	-1016854.325	-755657.198	-1013741.211	36.6692
-654938.746	-1068629.13	-654752.092	-1068261.201	4.6846
-741483.047	-984171.128	-740449.38	-984069.56	12.205
-641830.694	-1058978.996	-641712.611	-1058542.261	9.1368
-775016.4	-1033843.46	-774993.72	-1033762.995	1.7805
-784706.56	-1026266.96	-789673.57	-1026841.604	57.5913
-719048.93	-1050490.37	-719549.768	-1051776.667	15.5946
-812095.043	-1023393.512	-813902.061	-1024065.431	23.6307
-703668.845	-1089052.406	-703330.28	-1089018.46	3.7995
-761137.06	-1053405.7	-761129.02	-1053513.23	1.2421
-664058.97	-1047818.75	-664261.049	-1047852.715	1.5767
-723686.422	-987174.238	-723695.477	-987199.538	0.5752
-869520.35	-1043346.23	-870985.48	-1042716.7	18.6482
-697002.42	-1046880.98	-697501.77	-1048576.23	20.2342
-825810.194	-1048982.067	-826325.4	-1047991.61	12.923
-753595.4	-994051.75	-753851.93	-993658.93	6.1809
-765863.485	-983721.005	-765150.999	-983372.343	9.008
-762849.939	-1040391.14	-763334.63	-1040409.66	9.7164
-780868.79	-1023109.06	-781818.55	-1022920.8	11.1219
-736802.978	-1032360.481	-736994.459	-1032378.053	5.4238
-645810.0	-1027252.38	-645969.2	-1026861.65	4.7168
-721916.777	-1032975.383	-721792.87	-1032929.71	2.7541
-770770.45	-1066037.26	-771035.44	-1064934.89	12.6479
-754768.421	-1001856.78	-754788.077	-1001786.249	0.8136
-849304.122	-1028940.798	-849249.794	-1028945.888	0.6065
-759071.725	-1047704.779	-758946.8	-1047715.38	3.4266
-685485.66	-1072865.66	-686681.775	-1073823.663	18.4095
-650877.756	-1080320.181	-651974.543	-1078911.704	23.59
-807518.2	-1026112.45	-807794.895	-1027397.361	15.994
-691280.26	-1049337.06	-691713.46	-1050986.78	19.5023
-695101.87	-1011495.99	-694590.564	-1011296.896	6.1517
-696066.6	-1032776.61	-697822.59	-1034061.34	26.5907
-789491.698	-1064086.379	-789555.135	-1064020.58	1.0995
-741865.394	-1082445.309	-741925.422	-1082482.181	0.7893
-793193.621	-1026561.355	-793865.509	-1026433.866	7.7369
-724027.637	-1042840.928	-724041.077	-1042827.831	0.4245
-877455.749	-1028168.893	-878239.65	-1027464.47	12.3333
-747762.892	-981878.26	-749690.597	-982185.135	24.4244
-738577.444	-1069075.136	-737068.94	-1070351.39	28.1777
-746312.16	-1007135.22	-746721.41	-1011678.92	51.3639
-826671.121	-1062964.062	-825240.835	-1064319.423	22.0677
-873603.06	-1012639.49	-873364.742	-1015038.539	29.8652
-671277.981	-1082418.007	-669541.76	-1081268.375	29.2421
-811732.45	-1017293.0	-812045.072	-1017091.715	7.8398
-773400.23	-1067433.99	-773437.1	-1067513.94	1.7741
-641294.357	-1074313.305	-639899.834	-1074605.061	18.0814
-797323.691	-1021577.978	-796743.252	-1021713.892	6.6309
-770124.43	-1011939.43	-767781.46	-1012709.8	28.043
-647871.59	-1018667.93	-647365.34	-1018527.4	5.8383
-686522.06	-1059508.8	-686757.86	-1059493.77	2.7166
-779155.01	-1043480.64	-779236.607	-1043685.413	2.4673
-721831.82	-1032837.54	-721508.26	-1032421.66	4.0545
-756211.766	-1042483.919	-756454.44	-1042130.3	10.1777
-762929.756	-1028472.199	-763753.88	-1030032.14	20.4108
-640017.94	-1042964.66	-640061.58	-1043028.02	1.5397
-681171.13	-1047426.99	-681292.92	-1047433.68	1.4607
-802905.445	-1007319.834	-801982.816	-1007913.053	13.8192
-846905.631	-1029704.542	-846882.735	-1029706.228	0.2551
-690663.34	-1082367.123	-688998.787	-1083121.351	25.1308
-746465.698	-1054244.406	-746181.747	-1054149.451	6.2862
-667480.93	-1001337.08	-667991.59	-1000674.222	9.5399
-713528.78	-1021332.54	-714635.81	-1020389.88	16.2915
-799508.079	-1070481.606	-801452.53	-1076304.46	81.5498
-672142.31	-1009768.45	-672077.19	-1011036.43	14.1215
-776731.11	-973928.64	-777324.325	-973961.95	11.9135
-731600.967	-1056010.854	-732317.52	-1055113.43	22.988
-798373.29	-1067537.04	-798400.967	-1067562.3	0.4197
-672926.39	-1060561.43	-671795.61	-1060828.448	13.2696
-686096.57	-1010712.31	-686837.88	-1011094.67	10.3948
-660174.35	-1015075.14	-660469.16	-1014999.53	4.238
-747554.85	-1019566.23	-747513.38	-1019535.13	0.6667
-778354.93	-982840.37	-775046.211	-985303.495	53.8821
-833749.287	-1072545.879	-833658.629	-1072656.762	1.9817
-752280.591	-1029233.34	-753336.78	-1029263.22	16.9456
-867153.465	-1001938.043	-866261.592	-1002064.318	10.3757
-744510.13	-989935.9	-743303.43	-993703.84	45.7158
-674573.09	-1067736.05	-675690.37	-1067570.25	24.2462
-767494.606	-1023226.062	-767792.95	-1022765.24	11.2083
-665783.24	-1039185.6	-665458.76	-1039205.67	3.7036
-702366.34	-1031915.94	-698080.568	-1031875.656	48.197
-734275.116	-1013785.963	-734280.716	-1013780.281	0.1596
-766470.27	-1008040.88	-766886.432	-1009875.954	21.127
-770293.832	-1060662.695	-771749.039	-1060604.088	17.8866
-746224.654	-1054171.412	-746181.747	-1054149.451	0.964
-764153.58	-1033532.2	-766746.83	-1036733.97	49.6602
-734772.38	-1029674.17	-734559.509	-1029374.867	4.1358
-789516.43	-1027199.534	-789625.983	-1027260.753	1.5303
-821079.97	-1071519.75	-821506.23	-1071709.92	9.3358
-820001.306	-1026390.182	-820017.319	-1026392.266	0.3422
-799809.037	-1047978.029	-800328.892	-1048892.208	21.6362
-881872.21	-1006938.51	-881891.08	-1006954.27	0.2818
-840523.27	-1070522.25	-842572.97	-1071217.11	24.4236
-758407.752	-1021128.973	-755466.457	-1021017.746	33.5085
-665512.361	-1062368.242	-666069.34	-1063029.08	9.9456
-779963.1	-991110.24	-779251.363	-993739.69	31.9979
-690092.367	-1088967.61	-690535.648	-1088628.29	6.4804
-680697.38	-1050051.66	-682538.522	-1049193.512	22.7864
-708282.759	-1048488.32	-707704.35	-1049529.74	13.7839
-842860.55	-1002091.42	-842745.5	-1001935.625	2.4083
-770981.026	-975646.851	-770178.782	-977825.038	28.6345
-772662.778	-1054864.906	-773026.593	-1055087.224	8.5315
-767305.477	-1030413.63	-767289.523	-1030419.662	0.3811
-799253.133	-1001546.675	-799331.67	-1001568.91	0.9706
-699212.275	-1065647.246	-699360.43	-1065723.06	1.8633
-647990.36	-1032865.77	-647475.185	-1033811.312	11.9714
-797546.47	-1028510.29	-797650.14	-1028584.26	2.5543
-807132.5	-1007093.48	-808428.86	-1008377.375	21.0477
-724272.84	-1037388.347	-724223.542	-1037385.671	1.1094
-688858.81	-1024493.81	-688841.052	-1024527.626	0.4244
-788030.54	-1056044.58	-787825.85	-1055724.62	4.2207
-726336.23	-981775.91	-726227.69	-981373.9	8.4303
-655867.9	-1004824.949	-658239.03	-1005930.52	49.9662
-684220.492	-1066037.532	-683505.878	-1066498.52	23.9136
-770212.7	-1053784.19	-770317.013	-1053596.458	4.3829
-750852.576	-1078422.336	-749654.164	-1078700.159	13.7933
-804182.309	-1060068.083	-804696.757	-1060212.003	10.7648
-823918.42	-1076379.17	-824140.66	-1076361.08	2.4794
-668682.99	-1092390.839	-669523.053	-1091902.984	11.503
-744236.42	-1009120.34	-743839.09	-1008631.76	12.6029
-869392.325	-1039644.254	-869760.72	-1037812.227	22.3692
-751637.21	-1006976.32	-751695.64	-1006990.75	0.7319
-662781.884	-1058976.87	-662235.315	-1059060.07	11.2708
-652542.747	-1062334.365	-652491.095	-1062328.171	0.578
-673359.17	-1017298.72	-673405.59	-1017255.57	0.7042
-870341.59	-1018137.35	-870487.08	-1018234.17	1.3444
-765168.47	-1037772.7	-765159.83	-1037765.08	0.239
-712344.92	-1015969.21	-712116.305	-1015732.558	7.27
-756190.559	-993844.372	-756162.76	-993334.08	10.5056
-688732.547	-1058555.025	-688414.053	-1061323.311	33.7468
-719977.53	-1046601.324	-718828.8	-1045805.59	17.5078
-804600.045	-988821.064	-805089.981	-989045.638	10.9082
-788332.757	-1064664.699	-788186.2	-1063310.5	16.206
-865198.738	-1049418.508	-865314.314	-1050375.508	19.7455
-797859.59	-1000584.11	-797658.008	-1000446.292	2.7485
-715004.37	-1003747.86	-718256.376	-1004401.106	53.0459
-774109.779	-1027302.216	-773101.66	-1027226.3	11.3405
-750260.813	-981836.621	-750585.66	-982197.15	5.6779
-801970.256	-1007936.59	-801945.574	-1007922.918	0.646
-824111.37	-1071479.55	-824063.43	-1071420.72	1.6036
-794129.88	-1043579.34	-793187.171	-1043613.294	11.2528
-760624.075	-1040803.862	-762324.87	-1040520.03	19.2504
-646485.39	-1037826.33	-645656.76	-1038237.91	10.33
-763420.63	-977212.93	-763277.081	-977146.599	3.1902
-764512.253	-997703.884	-764261.78	-997949.66	4.5025
-722809.95	-1042514.67	-721714.93	-1045134.66	33.4427
-849524.125	-1064819.0	-850752.894	-1062275.087	33.9179
-795439.262	-985877.066	-795476.89	-985874.3	0.4599
-842860.55	-1002091.42	-842868.84	-1002004.93	2.03
-650342.247	-1075757.499	-649422.742	-1074287.048	23.8144
-721288.14	-1056579.85	-722362.624	-1054556.009	26.7424
-844556.43	-1061431.761	-842337.405	-1060444.901	28.4995
-766800.29	-1037056.05	-766813.624	-1037065.826	0.3974
-824863.93	-1052668.59	-826171.662	-1052692.013	15.2508
-872614.328	-1033223.347	-872116.886	-1034067.855	11.752
-673757.12	-1065065.67	-674393.059	-1065501.458	16.9758
-730570.9	-1042956.27	-730643.52	-1042110.79	17.0261
-706560.61	-1015673.42	-705718.77	-1015755.28	9.9953
-653883.8	-1046418.99	-653951.972	-1045922.459	5.5689
-792414.944	-979502.006	-792360.12	-979425.55	1.8845
-765648.759	-998992.338	-764261.78	-997949.66	24.0259
-814407.02	-1017451.0	-814761.761	-1017377.469	4.0294
-707043.145	-1047369.448	-706674.3	-1047175.28	4.7114
-748135.706	-1005360.224	-748140.66	-1005344.116	0.3592
-850960.186	-1014908.947	-851461.777	-1014494.652	13.3648
-755146.95	-1077081.38	-756345.75	-1076171.42	17.6752
-770275.01	-1015936.58	-771925.35	-1015431.21	20.1264
-759694.68	-976470.55	-759740.36	-976517.51	1.3494
-805133.389	-994169.159	-805178.36	-994250.13	1.8555
-739388.676	-1054246.035	-739416.634	-1054277.135	0.4878
-762618.34	-1038545.51	-762593.868	-1038824.962	4.1656
-696398.86	-986594.61	-699394.9	-986624.89	45.2596
-811681.231	-1065758.167	-811899.928	-1065506.872	3.7668
-645724.47	-1074143.02	-644825.501	-1073404.509	13.3773
-771751.37	-1060150.6	-772417.03	-1059210.58	13.1419
-757841.8	-1039899.77	-757684.89	-1039998.96	4.0891
-674994.31	-1013613.33	-674890.948	-1013709.212	1.6619
-692398.188	-998321.563	-692363.09	-998251.16	0.8835
-808233.0	-1071418.5	-808185.557	-1071296.55	2.0033
-736067.29	-972759.2	-736741.105	-973060.952	10.4779
-790474.46	-1026767.65	-790130.99	-1026365.77	5.9877
-682496.19	-991621.711	-680625.78	-989592.65	31.6775
-670645.41	-1038343.34	-669365.819	-1036227.712	29.0384
-779096.91	-1060367.77	-778433.87	-1059119.98	16.5283
-776083.207	-1014759.946	-776106.906	-1014781.784	0.4562
-775807.257	-1014701.919	-775826.218	-1014683.062	0.3075
-718388.11	-1038712.794	-718121.73	-1038100.5	13.7334
-783225.21	-1030316.79	-782560.95	-1028351.4	23.1314
-753698.5	-1066634.56	-751633.55	-1062340.88	83.8324
-736230.98	-988464.838	-736155.31	-987946.37	5.8824
-790798.577	-1005026.94	-790785.313	-1005010.651	0.2586
-853489.03	-1040574.85	-853619.73	-1041936.38	16.5204
-751326.36	-1045689.05	-751384.235	-1045613.361	2.3386
-845737.637	-1059391.351	-844556.43	-1061431.761	27.3934
-802447.37	-998738.56	-799501.05	-1001491.58	31.1751
-740215.99	-1079494.81	-740102.41	-1080931.31	16.6513
-693003.18	-998300.05	-695477.027	-996993.808	44.7886
-822454.91	-1068924.56	-822399.257	-1068941.538	1.2487
-707517.7	-1004096.04	-706091.96	-1004485.88	19.2767
-693680.59	-1025234.301	-695735.76	-1026015.665	25.3744
-691422.51	-993829.52	-690475.514	-993524.549	11.2238
-737180.56	-1036101.54	-737024.99	-1036287.62	4.8512
-724863.773	-1053139.85	-724540.752	-1053298.081	4.0816
-758253.4	-1040701.45	-758324.992	-1040666.032	1.5978
-737963.03	-1057864.42	-739946.066	-1055665.419	25.3258
-740605.199	-1064951.861	-736546.792	-1065798.633	57.0646
-710981.52	-1050935.5	-710741.03	-1050352.91	7.509
-870422.68	-1018207.71	-870282.98	-1018113.91	1.2946
-804404.726	-1013302.48	-804204.364	-1015322.504	23.4191
-726099.658	-1050785.485	-726152.344	-1051205.196	8.5397
-787615.208	-989710.969	-787221.94	-989369.96	10.413
-729430.54	-1029841.99	-729616.5	-1031588.92	21.5122
-744514.179	-981522.01	-742481.38	-983608.42	38.9266
-690542.42	-1081541.74	-690676.192	-1082340.194	9.1666
-641137.754	-1061523.742	-639949.802	-1059992.774	22.7657
-753959.685	-1045613.356	-754302.163	-1045692.465	7.0418
-692204.04	-1051154.63	-692738.64	-1049095.92	26.6933
-681345.871	-1046738.944	-680779.96	-1046931.63	6.738
-641377.065	-1067248.964	-641021.02	-1067058.85	4.5372
-723084.786	-984234.215	-723654.054	-987187.532	47.6011
-808223.64	-990949.31	-808515.85	-991162.91	7.255
-808859.77	-1004533.06	-809740.499	-1004240.265	10.6653
-773231.093	-971897.078	-773213.54	-971852.23	1.0534
-807739.25	-990341.35	-807705.007	-990364.568	1.031
-719803.459	-1057595.514	-719702.14	-1057265.64	7.0096
-707018.55	-1039608.68	-702051.307	-1042737.632	81.1891
-781064.88	-989176.29	-780793.557	-989314.909	3.5342
-698194.99	-1034920.52	-698369.796	-1034987.46	3.7472
-876486.02	-1026238.44	-877381.09	-1026048.84	13.1758
-843694.07	-1002627.92	-843841.55	-1002700.27	3.4721
-647990.36	-1032865.77	-649833.27	-1032576.94	24.3289
-766866.215	-1009933.771	-766842.694	-1009923.787	0.2839
-808471.63	-991328.41	-808494.3	-991275.362	1.1546
-750378.786	-1005549.152	-750401.242	-1005557.255	0.5544
-708282.759	-1048488.32	-707915.843	-1046963.972	19.3142
-829963.059	-1073058.576	-830045.471	-1073007.368	1.0782
-645518.759	-1042729.318	-645356.061	-1042741.654	3.2699
-755855.912	-995499.119	-755872.151	-995485.295	0.5616
-641514.71	-1041514.6	-641469.563	-1041469.75	1.2783
-733405.4	-1042025.81	-733626.52	-1042062.24	4.6467
-757493.817	-987386.907	-757267.007	-984599.297	35.1266
-754624.95	-1063256.073	-754010.53	-1061799.67	22.9224
-788881.111	-1025129.916	-788680.01	-1023327.75	33.2553
-888069.918	-1019912.142	-888038.029	-1019909.256	4.7146
-748555.73	-1024956.416	-750627.619	-1025630.881	26.3421
-828518.24	-1067452.957	-829335.9	-1067212.49	17.1956
-781276.156	-1065205.766	-778119.65	-1064849.13	35.5894
-775021.41	-1039047.45	-774306.54	-1039273.79	8.4479
-661247.788	-1060001.457	-659255.092	-1065048.695	69.9734
-672318.158	-1012604.435	-672330.296	-1012608.536	0.2789
-767457.178	-980747.749	-767418.563	-980775.831	0.5357
-719918.3	-1084615.0	-719857.435	-1084645.331	0.7607
-702807.89	-1029484.95	-703810.42	-1030188.63	16.0346
-799321.21	-1056571.07	-800013.98	-1055415.21	15.2756
-753144.283	-1019290.304	-754673.83	-1017453.87	27.3732
-647719.127	-1045908.413	-649047.638	-1047670.39	25.611
-845567.78	-1007928.33	-845415.85	-1007787.98	2.3116
-768950.04	-999418.05	-769027.74	-999452.77	0.9457
-733675.105	-1015316.557	-733668.12	-1014744.36	15.1928
-687244.819	-1009882.046	-685241.56	-1009201.33	24.3634
-718581.56	-1070656.91	-718061.147	-1070291.681	12.867
-640758.72	-1069107.283	-640988.613	-1069351.753	3.7691
-846072.799	-1007934.831	-845567.78	-1007928.33	6.3644
-752416.495	-974195.927	-752690.62	-972236.13	27.6113
-746954.522	-1004054.132	-745761.813	-1003659.195	25.251
-657094.999	-1080603.56	-656815.057	-1081622.732	15.9505
-765408.141	-1051604.16	-765437.161	-1051460.769	2.9265
-763794.948	-1040182.246	-765045.05	-1039464.7	16.4182
-768302.28	-971936.54	-767326.434	-971436.256	12.2178
-745720.029	-1042594.344	-745476.058	-1042442.099	6.5488
-691533.43	-993770.01	-691937.46	-991755.66	23.3839
-707094.49	-1015993.99	-707107.89	-1015925.36	1.4469
-759803.72	-1011182.22	-759906.448	-1010347.176	10.3626
-701528.588	-1063540.191	-701312.21	-1063705.53	5.5321
-824204.8	-1076334.16	-824257.03	-1076464.14	1.2738
-642683.09	-1050436.76	-642841.85	-1047796.88	29.6595
-825313.57	-1029088.76	-823997.083	-1031074.688	30.7496
-711914.43	-1022050.9	-712005.61	-1022127.72	1.3322
-755650.89	-1035456.56	-755763.53	-1034878.28	6.5532
-730674.527	-1083621.898	-730629.2	-1084569.55	20.2224
-749772.962	-1049969.585	-749858.88	-1050156.31	2.3389
-653274.017	-1030254.879	-653901.604	-1029503.98	10.9223
-737772.44	-1057837.93	-737963.03	-1057864.42	3.8485
-674924.1	-1006230.06	-675086.81	-1006293.2	3.4909
-738992.52	-1040311.04	-739038.42	-1040337.81	1.0627
-779744.871	-976486.266	-779575.13	-976375.19	4.0573
-694069.151	-1040314.036	-694645.17	-1041725.22	17.1116
-780724.916	-1009557.171	-780880.66	-1009150.77	5.6116
-758706.62	-1023700.47	-759251.08	-1022895.286	11.1059
-685654.688	-993552.75	-685728.1	-993575.39	1.6784
-716425.506	-1057311.845	-716319.893	-1056857.227	9.5264
-815590.857	-1064630.056	-814776.967	-1064361.641	9.6489
-718118.94	-1074538.02	-718929.37	-1073660.14	18.3275
-739945.128	-1048406.216	-740040.5	-1048642.14	5.1113
-700915.204	-1010513.621	-700927.887	-1010529.799	0.4114
-700390.17	-1053493.403	-697656.66	-1053658.25	30.5123
-754721.465	-1001870.286	-754768.421	-1001856.78	0.5618
-737520.469	-1051085.235	-737591.776	-1051200.507	3.6062
-760607.55	-1040804.24	-760624.075	-1040803.862	0.1837
-644784.776	-1077825.179	-644522.792	-1078228.107	6.1202
-696640.96	-1007359.589	-696411.51	-1007449.07	2.7817
-752007.346	-1018911.755	-752215.179	-1018553.828	4.7923
-714968.885	-1087407.117	-714682.82	-1088480.807	12.6806
-699196.5	-1055916.06	-696891.54	-1055061.82	30.4147
-659981.157	-1076134.679	-660136.76	-1076192.93	3.3509
-827341.07	-1052243.08	-826325.4	-1047991.61	60.4028
-841357.154	-1010942.499	-840936.563	-1011852.615	15.1926
-762408.894	-993314.666	-761946.575	-995064.163	20.2838
-804924.075	-989096.845	-804806.243	-988967.024	3.5383
-807312.372	-1038652.671	-804444.718	-1038920.636	34.5563
-830311.214	-1027135.661	-832044.399	-1029065.65	39.3163
-715285.172	-1080005.619	-715157.975	-1080069.009	2.8559
-865198.738	-1049418.508	-863328.538	-1047075.128	36.9216
-735782.65	-994290.7	-734725.92	-994457.21	12.5099
-836817.298	-1056915.859	-836444.241	-1056307.197	9.237
-670530.658	-1016031.392	-670644.52	-1018055.48	27.0922
-719699.97	-1085550.72	-718775.66	-1088012.98	31.8637
-854712.44	-992471.85	-856245.965	-987780.178	62.6588
-770301.57	-1016164.93	-772145.95	-1016289.6	20.8035
-740011.94	-1011514.41	-737256.925	-1010320.687	34.7302
-770954.56	-1034522.777	-772761.907	-1033078.897	27.187
-647774.02	-1059233.54	-647851.998	-1059211.296	1.7383
-694960.38	-1087145.06	-695328.154	-1088322.168	14.0415
-717390.824	-1021655.853	-716438.38	-1022530.7	15.5376
-795395.58	-979342.28	-795520.8	-979030.66	6.7363
-705112.095	-1015101.919	-705180.085	-1015148.305	0.9145
-755611.131	-980195.085	-755006.918	-980759.374	10.7762
-773690.064	-977974.951	-774246.13	-977816.71	12.0766
-851348.499	-1041793.972	-851183.098	-1042206.542	5.4279
-654583.356	-1070049.561	-651504.349	-1069456.071	34.8424
-794813.759	-986676.163	-794590.963	-986617.093	2.5654
-725161.86	-1040315.19	-725158.78	-1040229.56	1.7263
-720440.86	-1041212.08	-720286.94	-1041210.65	3.0787
-760061.61	-1045933.24	-757484.4	-1046437.29	30.713
-880059.211	-1017014.859	-878647.59	-1016413.42	17.4485
-762907.221	-1050623.978	-763495.498	-1050934.008	13.5961
-876719.98	-1013377.32	-875933.168	-1013508.261	9.1259
-671463.28	-1049185.36	-671453.484	-1048988.167	2.1938
-714635.81	-1020389.88	-714747.487	-1020317.35	1.4841
-767713.24	-1020395.35	-765908.844	-1020150.942	20.645
-711375.94	-1044822.95	-708648.73	-1045259.4	31.4647
-732106.87	-1056824.41	-730981.14	-1056186.48	10.3712
-823835.5	-1076396.56	-823918.42	-1076379.17	0.9417
-786817.24	-1009852.06	-786585.72	-1009820.43	2.6043
-688505.13	-1051236.35	-688190.74	-1048705.98	30.5194
-667580.854	-1071084.734	-668606.725	-1072789.606	24.6241
-748363.74	-1010950.49	-749552.75	-1012219.86	19.6029
-748262.44	-1027946.56	-747395.28	-1027586.476	11.541
-767241.0	-980439.39	-768069.06	-979492.87	17.0591
-671463.28	-1049185.36	-671544.788	-1049045.428	1.7996
-754919.423	-988119.4	-755467.3	-987470.71	11.2826
-716837.48	-1002128.513	-717053.22	-1001828.61	4.3452
-827341.07	-1052243.08	-829758.922	-1053034.519	31.8453
-649679.88	-1041503.66	-646889.99	-1040994.64	33.9561
-738576.608	-1060547.021	-738573.336	-1060565.649	0.459
-791121.12	-978514.74	-789064.31	-977443.98	31.259
-757126.745	-1032268.154	-757108.177	-1032272.941	0.4061
-780697.882	-1009437.239	-780546.517	-1009551.238	1.4601
-777013.99	-1058699.76	-776622.26	-1058346.08	11.3237
-727533.57	-983771.26	-726875.0	-983234.71	22.7761
-737315.04	-1057810.47	-737264.099	-1057893.862	2.2511
-646526.173	-1066046.309	-646743.322	-1067779.455	19.4314
-659261.68	-1070362.596	-661168.88	-1070300.5	24.1172
-696891.54	-1055061.82	-695647.36	-1055686.91	15.9016
-728484.79	-1032303.11	-727095.671	-1031375.294	18.6907
-652396.83	-1062308.24	-652477.023	-1062427.322	1.6301
-643595.338	-1039542.467	-642959.958	-1040436.707	21.943
-763389.81	-992953.24	-763174.39	-993076.53	4.9641
-702465.55	-1002891.55	-701337.4	-1003724.2	15.9092
-788537.62	-982462.36	-787525.92	-984347.2	27.7097
-887892.627	-1019817.324	-887947.324	-1019600.704	2.4826
-832231.66	-993998.69	-830707.165	-996960.852	80.4372
-819489.537	-1076342.97	-819458.15	-1075912.13	8.6759
-670651.509	-1021130.62	-670413.35	-1020801.35	4.5389
-704198.73	-1030521.64	-702403.05	-1031934.43	26.2641
-665871.701	-1077467.464	-667325.808	-1078035.471	21.8679
-698265.972	-1089942.663	-697556.4	-1090392.389	23.5711
-723603.11	-1082662.2	-722190.11	-1085142.7	43.8881
-712883.468	-982937.197	-712877.22	-982763.524	3.4908
-794692.01	-1067810.067	-795679.997	-1064193.145	43.9741
-743582.44	-1031752.64	-743887.93	-1031128.06	8.6095
-817440.385	-987824.75	-816858.775	-987381.333	8.4176
-807705.007	-990364.568	-808223.64	-990949.31	16.1926
-690634.73	-1072849.38	-691293.59	-1075642.909	36.0224
-707342.596	-1067840.561	-708461.4	-1069518.07	23.7377
-867798.626	-1006764.106	-866511.434	-1007379.341	16.5823
-751454.25	-1041126.938	-751459.03	-1041048.354	1.6396
-784290.356	-1026763.126	-784289.205	-1026790.087	0.6237
-647873.143	-1067710.293	-646743.322	-1067779.455	13.1497
-693636.81	-1041161.74	-693060.92	-1042497.66	17.3129
-763759.72	-977173.79	-763420.63	-977212.93	6.8376
-697634.39	-994570.19	-697255.32	-994348.55	5.142
-733168.314	-1025388.183	-731077.477	-1028160.791	38.9379
-688866.45	-1008086.58	-688749.65	-1008095.61	1.3126
-819127.044	-1000624.817	-819205.852	-999912.507	8.7997
-685505.55	-990812.11	-685410.226	-990766.144	1.1796
-731035.755	-971957.39	-728957.97	-973977.14	34.9824
-767089.88	-999138.78	-766744.49	-996216.03	35.7878
-665793.867	-1091448.356	-668507.652	-1091797.497	36.1797
-773957.78	-995737.93	-774568.946	-994547.847	16.4135
-750481.898	-1003083.552	-750659.099	-1001857.843	13.9621
-682690.358	-1063043.568	-682321.453	-1062691.028	10.2998
-772590.59	-1057139.05	-773187.92	-1058004.16	15.5719
-864222.74	-1014670.3	-859734.14	-1012932.79	37.7495
-759866.87	-972977.63	-759913.851	-973080.106	2.2652
-783028.45	-1041392.85	-786090.39	-1037006.11	68.5167
-787483.154	-1061959.579	-786559.102	-1061340.464	24.5887
-717931.68	-1074774.45	-716930.02	-1074651.97	11.8111
-693340.93	-1061831.51	-692398.456	-1061029.368	14.1546
-789678.346	-1026737.209	-788881.111	-1025129.916	20.8295
-849530.54	-1064841.58	-853220.061	-1065083.953	41.9079
-664329.433	-1088720.01	-664519.478	-1089063.209	4.6881
-869631.174	-1051272.688	-869901.092	-1051622.426	43.4544
-772546.91	-983665.96	-771549.54	-982560.38	18.3867
-858391.79	-1013161.04	-858884.703	-1014431.02	22.7864
-760736.63	-1031935.29	-759479.25	-1029428.5	36.5997
-760308.23	-1018604.28	-760277.5	-1018634.36	0.4913
-820516.732	-995220.081	-819199.368	-993790.579	21.6278
-653706.307	-1024163.142	-653679.07	-1024120.953	1.062
-810780.18	-991970.74	-810621.584	-991824.357	2.418
-644022.3	-1053280.01	-642679.84	-1051189.81	28.6395
-723603.11	-1082662.2	-722459.94	-1083683.62	17.1555
-791734.12	-1047652.83	-792423.16	-1048951.2	31.9023
-760604.3	-1013328.54	-760421.48	-1012971.66	4.4554
-709548.831	-1013318.313	-708340.625	-1014167.897	17.5859
-735366.12	-1027297.32	-734608.004	-1027176.601	16.8618
-643250.92	-1066919.41	-643462.07	-1067914.49	21.1217
-751346.75	-1034441.65	-750079.66	-1033913.28	16.0833
-774310.46	-1006853.04	-774148.28	-1006863.95	1.8122
-757615.04	-1039877.36	-757862.35	-1039890.22	4.9559
-751460.039	-1074464.813	-752764.758	-1074806.328	15.3353
-814420.08	-988131.19	-810771.91	-991753.27	58.0588
-723930.764	-1047299.497	-724926.28	-1048904.58	23.1128
-885754.491	-1008784.033	-887146.313	-1006165.878	36.4208
-794620.463	-986556.358	-794666.078	-986619.372	1.0649
-783554.64	-1066015.71	-783093.52	-1067530.6	18.5067
-723349.17	-1049053.61	-721590.121	-1050351.776	26.3787
-778531.494	-981681.515	-778659.197	-981267.035	9.3647
-782726.78	-987641.643	-782154.75	-986473.19	14.6161
-774403.2	-1006979.17	-774310.46	-1006853.04	1.7396
-806619.044	-1074946.343	-806521.31	-1073962.9	11.2373
-806521.31	-1073962.9	-806698.84	-1072860.548	23.4581
-671906.859	-1077655.554	-672222.536	-1078964.284	16.2524
-783000.21	-1044291.56	-782634.352	-1044538.258	15.1833
-654133.383	-1067171.189	-652521.772	-1066017.858	25.1438
-822661.746	-1066512.685	-823878.304	-1066514.863	24.8909
-767291.194	-1078266.456	-770233.58	-1076648.03	38.3547
-783050.58	-1007080.54	-782979.14	-1007118.42	1.6199
-732538.079	-1053884.384	-731145.825	-1053372.089	16.7015
-824002.89	-1011428.37	-823868.38	-1013022.22	18.622
-772390.309	-1054712.423	-772662.778	-1054864.906	6.3431
-643604.91	-1039469.98	-643648.62	-1039472.04	0.924
-648232.39	-1047796.96	-648522.29	-1048170.92	8.4675
-806734.91	-996474.84	-806746.5	-996395.04	0.9457
-724028.92	-1008873.53	-726485.95	-1007041.3	43.1005
-792197.43	-1041123.19	-792083.93	-1041155.31	1.317
-766981.251	-980976.408	-766953.473	-981111.047	1.528
-819205.852	-999912.507	-825231.354	-998609.884	74.9241
-753260.19	-1071639.32	-755344.83	-1071368.742	25.6759
-822782.768	-1008835.327	-823018.611	-1008315.888	7.3754
-771941.93	-1037507.11	-769243.19	-1037394.21	31.0575
-858444.317	-995101.939	-854712.44	-992471.85	70.7118
-672598.24	-1032674.43	-673352.86	-1032759.32	8.5001
-806963.57	-996427.91	-808251.99	-998862.84	32.8396
-766858.763	-1037423.041	-766803.76	-1037074.27	7.0651
-646608.894	-1035148.209	-648327.05	-1036020.26	22.6181
-655124.918	-1068254.416	-654938.746	-1068629.13	5.4972
-754682.0	-993568.33	-754101.289	-992495.668	15.5498
-655099.038	-1068726.923	-654997.148	-1068694.178	1.1938
-702984.99	-1052881.869	-703340.707	-1054249.386	15.9651
-813460.061	-1065957.135	-813476.993	-1065953.547	0.3865
-740173.965	-1056481.452	-740515.12	-1057578.56	12.8439
-765364.78	-1061948.48	-765269.55	-1061964.842	1.0964
-674361.294	-1029465.061	-674110.887	-1028481.137	11.395
-708112.032	-1070038.448	-707728.379	-1069934.999	4.4531
-730879.83	-1042076.474	-730667.11	-1042312.4	6.8512
-709135.278	-1086147.785	-708393.03	-1085245.969	13.4421
-675043.064	-1056723.951	-674365.546	-1057198.808	9.6588
-825955.727	-1025691.804	-825528.77	-1025668.121	4.7562
-870636.715	-999067.61	-869834.437	-1000438.862	19.3885
-753077.49	-1037346.2	-753162.621	-1037241.517	2.6986
-747419.441	-1023887.103	-747426.456	-1023928.438	0.8632
-848435.252	-1010297.065	-848437.289	-1010286.293	0.2203
-752764.758	-1074806.328	-754115.375	-1075575.309	17.696
-745978.025	-1022943.676	-745963.09	-1022964.21	0.8113
-779063.45	-981850.24	-779860.566	-982997.266	16.0698
-748399.66	-995948.99	-749612.02	-998037.06	28.6955
-683505.878	-1066498.52	-683503.31	-1066511.71	0.31
-714240.58	-1040116.44	-713263.437	-1040260.418	10.9745
-695749.54	-993803.93	-695962.77	-992333.25	19.4903
-725140.036	-993094.291	-726689.4	-990317.24	48.4588
-691342.203	-1067706.148	-693104.317	-1069194.366	27.0745
-751934.718	-1029089.783	-752280.591	-1029233.34	4.1892
-775933.69	-1060078.05	-776890.3	-1059359.67	26.3172
-699888.738	-1058195.5	-699514.43	-1057402.52	9.7842
-644812.162	-1073412.044	-644809.314	-1073394.96	0.4183
-728099.7	-1079534.74	-727468.18	-1079410.892	18.9966
-880052.498	-1008271.662	-880263.144	-1007673.309	7.221
-767759.585	-973602.723	-767742.987	-973600.962	0.4142
-669326.41	-1035475.04	-668496.15	-1035373.03	9.2966
-744416.779	-1083885.415	-745486.072	-1084388.131	16.0383
-721753.897	-1066602.22	-720087.37	-1066519.01	20.6042
-648868.92	-1019486.9	-647826.98	-1019477.46	12.234
-701750.961	-1012322.66	-701746.877	-1012354.194	0.6451
-776672.51	-998311.07	-775370.39	-996060.31	30.4063
-769951.24	-995580.14	-768014.7	-995202.91	22.1395
-711845.47	-1040741.69	-709967.89	-1041512.11	22.606
-803529.555	-1076977.362	-802769.264	-1075821.103	32.1054
-813911.591	-1008172.417	-814810.843	-1006381.65	22.7697
-758629.38	-1022029.92	-758407.752	-1021128.973	10.5756
-830984.252	-1065332.792	-830942.768	-1065061.502	5.7
-879867.594	-1020787.255	-879599.56	-1020720.76	2.1243
-663771.536	-1036203.713	-661397.46	-1034322.3	33.9222
-852299.85	-1041099.68	-847974.88	-1040961.91	51.8562
-672915.76	-998637.81	-673848.98	-1000552.98	29.0861
-813911.591	-1008172.417	-812426.4	-1007250.22	21.4877
-684442.55	-1035071.69	-683386.861	-1034885.469	12.1927
-649468.97	-1031387.77	-649434.39	-1031417.11	0.5039
-819639.065	-1007333.371	-819612.782	-1008068.581	14.8815
-734206.583	-1013901.0	-734213.375	-1013919.354	0.4565
-751923.796	-1006801.927	-754478.268	-1002091.131	42.1491
-819782.143	-1026288.38	-819904.908	-1026322.442	3.403
-717562.46	-1042859.42	-715924.94	-1042997.93	19.2557
-867829.675	-1006778.003	-867876.413	-1006927.398	1.7436
-660445.077	-1038492.609	-661988.42	-1039509.63	20.7424
-651549.386	-1081039.563	-650877.756	-1080320.181	16.4989
-680325.31	-1045859.18	-680396.95	-1044919.04	11.1135
-752546.051	-985270.091	-751707.204	-986163.13	15.2688
-761089.62	-1070721.24	-761145.62	-1070568.14	3.5321
-811576.772	-1017603.739	-811727.31	-1017339.867	6.1895
-671006.791	-1021002.446	-670651.509	-1021130.62	4.2133
-679630.205	-1067940.403	-679531.5	-1068030.357	2.6709
-707402.253	-1032529.49	-707184.18	-1032446.4	4.8296
-793199.2	-983181.61	-794092.3	-983129.35	10.3829
-760426.849	-976146.255	-760266.0	-976457.688	7.138
-758309.8	-973475.47	-759866.87	-972977.63	19.3669
-818993.518	-1012754.21	-818528.084	-1013301.356	8.1178
-842414.01	-1074804.08	-842432.549	-1074785.903	0.289
-867652.35	-1012406.82	-868652.32	-1010419.15	25.9818
-861324.758	-1008825.029	-867167.828	-1010925.707	75.4896
-753604.798	-1079033.113	-755146.95	-1077081.38	30.7327
-807147.564	-993035.497	-807117.77	-993057.31	0.8
-687445.825	-1055917.373	-687404.89	-1055806.78	2.3631
-693799.008	-985409.631	-693459.63	-985440.32	6.9233
-695525.86	-994939.15	-694805.3	-995371.38	11.7363
-760541.54	-1033838.85	-760610.829	-1033853.973	1.4184
-822593.74	-1069482.0	-822489.045	-1069168.568	6.6096
-715924.94	-1042997.93	-714383.3	-1043075.86	17.2653
-781214.734	-998287.394	-782549.33	-1000589.99	50.8147
-754572.88	-1035795.06	-754537.15	-1035708.28	2.1066
-881703.433	-1022270.161	-881929.226	-1022103.728	3.1217
-865651.653	-1048439.778	-865707.45	-1048533.08	2.1941
-865278.305	-1015964.147	-865295.346	-1015968.513	0.3782
-723899.63	-1050903.75	-724693.77	-1051072.26	10.1082
-764017.237	-1024135.383	-763989.372	-1024143.273	0.951
-801952.175	-1007904.1	-801982.816	-1007913.053	0.7567
-807965.166	-1072493.025	-810563.815	-1071887.514	29.9775
-754614.23	-1035771.28	-754607.34	-1035820.88	1.0413
-870390.26	-1017949.34	-870454.8	-1018131.13	2.7772
-759758.79	-1022562.13	-759709.546	-1022511.169	0.8105
-647586.316	-1070406.09	-647612.939	-1070404.522	0.6628
-731827.37	-1056765.91	-731447.732	-1056741.118	4.2395
-839036.637	-1018937.763	-838839.6	-1019081.98	4.8859
-666683.85	-1040351.24	-666295.02	-1041249.02	20.3752
-843305.65	-1042644.378	-839894.429	-1041506.852	45.8319
-724859.589	-1065156.77	-724831.883	-1065115.588	0.9927
-749858.88	-1050156.31	-749465.23	-1050122.22	5.9181
-857428.93	-1011866.86	-859309.08	-1012897.17	17.446
-726355.674	-1029645.28	-725335.37	-1028213.23	22.3213
-749538.31	-1004515.68	-749522.02	-1004515.02	0.3761
-676391.91	-1057186.82	-677014.127	-1057821.14	18.2074
-850186.628	-1010641.007	-849094.251	-1010304.331	24.9786
-743760.77	-1021515.3	-743918.15	-1021441.07	1.9354
-662680.682	-1092699.221	-663666.31	-1091817.99	15.7665
-672211.697	-1089679.49	-672313.35	-1089677.56	2.0428
-859427.814	-1012787.461	-859427.308	-1012810.473	0.48
-752546.051	-985270.091	-751945.629	-984673.444	10.4892
-736540.74	-982423.3	-736358.388	-982340.157	4.6324
-653562.49	-1025997.17	-652893.41	-1026318.93	9.5204
-709558.1	-1002063.35	-709955.586	-1000746.529	33.517
-694237.635	-1076391.482	-693271.926	-1078184.103	23.7857
-819966.14	-1074245.14	-819889.406	-1074361.676	2.7918
-852947.58	-1019297.82	-851033.045	-1018723.146	23.5353
-645139.2	-1049789.74	-645063.36	-1049850.29	2.0192
-736792.043	-1038448.971	-736870.83	-1038210.02	5.0374
-824035.26	-1075024.83	-823997.81	-1075021.58	0.752
-644849.066	-1047152.556	-645067.71	-1049645.3	30.7728
-733891.89	-1053407.48	-734005.02	-1053336.7	2.6692
-681671.06	-1048041.65	-684041.7	-1045666.54	42.7892
-724027.637	-1042840.928	-722809.95	-1042514.67	14.9583
-806575.888	-983341.554	-809200.05	-983720.888	32.5697
-739314.48	-1033595.88	-739327.79	-1033613.66	0.4442
-806580.366	-1062053.822	-810378.063	-1063157.418	57.351
-757183.1	-1024611.37	-757514.647	-1024827.762	8.0288
-770825.356	-973347.704	-771811.108	-972164.845	19.2898
-643357.52	-1044647.09	-643320.49	-1044829.44	2.1055
-687631.02	-997626.25	-687699.089	-997235.854	4.5763
-702741.319	-1085493.193	-703172.385	-1086097.618	8.3976
-764786.263	-1013600.929	-765653.67	-1014483.26	13.9856
-790450.96	-1040318.98	-786380.289	-1040540.419	58.9213
-808214.44	-991501.83	-808259.75	-991522.18	1.1769
-705211.72	-1044587.42	-696258.275	-1045456.41	70.345
-720963.674	-1048017.921	-720519.25	-1047917.17	9.1141
-757066.295	-1047375.812	-754788.525	-1047527.713	25.7925
-754526.906	-1063536.551	-754553.75	-1063526.759	0.639
-814637.5	-1069897.604	-816445.5	-1069377.05	21.1458
-699360.43	-1065723.06	-700778.29	-1064917.129	18.7149
-824368.015	-1061111.425	-822648.96	-1061866.51	23.6172
-826510.959	-1068335.296	-826615.211	-1068384.514	2.6595
-651643.82	-1029548.21	-651631.14	-1029572.69	0.3063
-737670.268	-1057743.61	-737638.44	-1057658.8	1.8119
-737082.62	-1070361.22	-737072.78	-1070373.015	0.3399
-647779.42	-1029670.83	-648741.2	-1030486.44	14.1526
-797165.7	-1009648.94	-796721.698	-1010100.98	7.4595
-800071.814	-1017257.071	-798438.051	-1017768.105	21.3798
-700927.887	-1010529.799	-700934.131	-1010553.257	0.4882
-827434.463	-1067893.731	-827430.283	-1067909.972	0.3731
-736864.95	-1038384.1	-736753.35	-1038293.37	2.8767
-692009.2	-1062034.14	-691323.86	-1061107.66	13.3219
-672280.13	-1014291.26	-672363.2	-1014434.51	3.403
-765364.78	-1061948.48	-768031.975	-1063196.66	35.389
-790420.8	-1064175.72	-789753.24	-1064120.66	5.1525
-793545.34	-994549.28	-792713.08	-994913.79	10.4468
-680494.767	-1082143.702	-680353.748	-1082497.976	4.2484
-856113.355	-1049196.757	-855628.204	-1046629.092	39.358
-754869.91	-1046408.2	-754294.301	-1046395.686	11.5989
-728526.364	-1028355.445	-728934.364	-1028196.229	9.0212
-678268.824	-1069099.803	-678155.87	-1069138.538	1.3274
-671318.326	-1013380.851	-671323.556	-1013361.815	0.4798
-782077.75	-996422.43	-781895.681	-996105.509	4.0619
-671566.691	-1083348.848	-671554.314	-1083339.587	0.3311
-802745.655	-986906.4	-802860.579	-986687.947	2.8572
-699709.298	-995267.078	-700163.24	-992871.868	31.0792
-815742.213	-1031522.353	-815759.271	-1031571.235	0.5754
-747166.779	-980982.656	-747271.72	-979891.65	12.799
-826561.251	-1068451.761	-826644.106	-1068543.16	2.4673
-719510.87	-1030611.7	-719412.41	-1030662.08	1.5384
-859299.634	-1026141.144	-858523.894	-1030182.818	66.832
-750072.79	-1003929.06	-750481.898	-1003083.552	19.0935
-864262.65	-1014830.74	-864222.74	-1014670.3	1.9561
-765949.302	-1076303.012	-767291.194	-1078266.456	27.0557
-751727.92	-1056190.59	-753610.332	-1055794.016	24.4244
-701640.85	-1074568.41	-700570.04	-1072108.74	31.8744
-721975.74	-1041876.18	-722238.804	-1041749.558	6.3922
-739501.61	-1047742.46	-739945.128	-1048406.216	17.5597
-825354.441	-1028443.432	-824144.735	-1027704.958	16.5214
-801061.994	-1032382.651	-801002.08	-1032379.022	0.6835
-788872.45	-997502.602	-786800.7	-996166.2	28.9733
-759622.695	-990240.968	-760349.589	-988703.119	23.3385
-770316.988	-1004126.594	-769163.84	-1004787.03	15.0739
-790053.6	-1059337.48	-789741.53	-1059082.31	4.829
-647429.71	-1088888.66	-646543.902	-1089958.564	15.6151
-747308.843	-1023989.877	-747325.9	-1023919.35	1.4672
-850522.97	-1010785.18	-850636.859	-1010801.445	2.3058
-648191.705	-1058473.464	-648187.866	-1058462.408	0.2387
-817356.22	-1070566.11	-820611.661	-1069858.811	37.0687
-768977.65	-1052734.135	-769039.66	-1051459.32	25.8177
-867402.458	-1014608.839	-867418.721	-1014610.622	0.3469
-753232.18	-1024998.24	-753113.08	-1024805.07	4.8664
-715869.92	-1040181.649	-715820.768	-1040249.342	1.6731
-700932.587	-1010576.171	-700850.258	-1010619.439	2.0868
-808198.273	-1023759.267	-810296.354	-1022428.423	29.2823
-654712.715	-1081639.75	-655884.993	-1080168.593	26.0232
-728376.395	-1025974.213	-726689.83	-1026631.446	20.3588
-684449.59	-994630.45	-684413.066	-994587.854	1.2045
-643529.68	-1045810.428	-643596.482	-1045856.711	1.9416
-658823.63	-1023364.03	-658083.92	-1023719.36	9.2591
-681422.653	-988462.031	-681372.749	-988479.947	43.7059
-692416.863	-1004296.387	-687763.22	-1003297.52	77.5788
-788144.83	-990291.65	-788208.64	-990498.09	6.194
-795911.538	-985983.896	-796123.47	-986051.64	2.4722
-714650.501	-1080175.546	-714682.82	-1088480.807	139.8532
-816882.103	-1069528.576	-816868.164	-1069518.245	0.3798
-753494.85	-1045784.36	-753877.31	-1045785.8	2.9465
-858726.45	-1014810.57	-858884.703	-1014431.02	15.7999
-743735.74	-1058144.17	-744980.439	-1059935.492	45.6824
-692473.116	-988864.773	-693459.63	-985440.32	61.8697
-733414.453	-1025012.115	-733168.314	-1025388.183	9.0582
-749809.887	-1025988.112	-749595.87	-1025442.64	12.3799
-759193.81	-1068765.22	-759070.16	-1068771.63	1.4275
-656284.52	-1048566.54	-656033.2	-1048570.81	1.9336
-724988.93	-1064518.87	-724827.534	-1065091.835	12.2975
-798303.21	-1066951.14	-798652.692	-1067077.747	4.1399
-876455.253	-1021280.48	-877286.626	-1021488.591	12.5153
-646565.498	-1077448.371	-650579.818	-1078621.567	54.1569
-821804.609	-1066679.277	-822804.131	-1068212.539	36.8572
-641716.414	-1058532.561	-644980.185	-1057370.44	41.7597
-645916.971	-1042711.207	-645715.132	-1042716.114	4.039
-750617.781	-1076624.699	-750680.81	-1076644.15	0.7552
-770572.788	-1067179.634	-770780.87	-1067266.864	2.5171
-748818.637	-1072539.24	-745947.38	-1072309.386	43.9739
-772848.17	-1031515.65	-772848.964	-1031590.826	0.9123
-813415.85	-1046633.6	-814934.646	-1044042.706	41.7523
-725737.899	-1069763.208	-726383.719	-1070435.076	10.5103
-696275.836	-1045441.325	-696490.038	-1045413.991	1.6611
-791820.142	-1069886.402	-791846.26	-1069890.07	0.293
-721027.22	-979132.25	-722790.83	-979017.63	19.6568
-744913.19	-983035.98	-744769.542	-981619.002	17.3427
-783380.611	-977760.113	-783751.065	-977170.142	7.8831
-744763.263	-988713.681	-744593.67	-987634.7	23.2455
-863328.538	-1047075.128	-863236.64	-1047067.888	1.0253
-791785.451	-976203.762	-792547.07	-975695.2	21.5886
-697177.04	-1038976.56	-694645.17	-1041725.22	43.9519
-719964.66	-1084640.61	-719857.435	-1084645.331	1.1938
-707604.21	-1003401.36	-706247.82	-1004012.78	31.0171
-690215.99	-997210.744	-689716.953	-997008.588	10.9375
-778371.176	-1058882.796	-778474.61	-1058840.4	1.4734
-756668.73	-1074707.95	-756448.302	-1074838.025	6.0392
-803797.57	-976894.27	-803730.46	-976981.38	1.2279
-763413.28	-977112.81	-763420.63	-977212.93	2.0162
-887135.399	-1006153.178	-887150.256	-1006146.517	0.3743
-674205.56	-1052947.414	-672648.861	-1053832.57	22.9417
-647716.73	-1054208.63	-647483.293	-1054008.443	2.7978
-723448.35	-1020482.63	-721976.127	-1020248.353	18.226
-737780.89	-1073920.26	-735886.71	-1072198.31	31.1948
-734124.18	-979885.81	-734081.86	-980868.34	13.7057
-660469.16	-1014999.53	-662744.92	-1014180.03	27.8405
-757974.56	-1037895.78	-757211.063	-1037791.513	15.7592
-644825.53	-1028849.56	-645341.34	-1028549.0	7.4952
-854983.08	-1011413.61	-854513.56	-1011452.89	9.4232
-810563.815	-1071887.514	-812729.78	-1071436.13	24.6266
-648184.802	-1063849.961	-648216.898	-1064150.17	6.0557
-811899.928	-1065506.872	-811942.127	-1065484.031	0.5472
-749223.77	-1044290.27	-749242.33	-1044511.21	4.4344
-830129.382	-1072797.519	-833504.385	-1072510.084	26.424
-776749.33	-1034354.42	-776737.471	-1034379.852	0.5922
-704786.109	-1015222.899	-704510.52	-1016457.09	14.0558
-674920.11	-1092527.843	-676956.373	-1091523.562	26.5079
-793250.807	-1004363.66	-794127.69	-1003786.15	12.5842
-661634.62	-1045289.7	-661522.78	-1043425.9	23.6278
-644784.776	-1077825.179	-645766.812	-1077440.453	12.314
-730687.99	-1081563.35	-729869.164	-1082071.118	10.8162
-813422.626	-1072143.35	-813337.29	-1072126.97	2.3893
-765437.161	-1051460.769	-765461.77	-1051464.79	0.4993
-741631.52	-1043058.113	-741854.177	-1043506.321	10.1926
-763664.655	-1024288.954	-762082.323	-1026352.017	45.7913
-749711.46	-1078290.19	-749654.164	-1078700.159	5.4598
-662439.277	-1040682.025	-662108.94	-1040513.93	4.1344
-659849.537	-1068544.077	-659779.64	-1068592.09	0.9511
-653646.188	-1055821.75	-653638.25	-1055805.75	0.3882
-649297.606	-1061776.981	-649281.836	-1061781.562	0.3433
-739048.14	-1033896.2	-738971.93	-1033494.27	8.6422
-673775.041	-1076370.682	-670828.26	-1074758.31	38.9554
-678264.47	-1069167.266	-678155.87	-1069138.538	1.6532
-681028.93	-1044054.66	-681943.75	-1042758.76	18.0324
-702192.06	-1009742.2	-702190.758	-1009785.457	0.9523
-810659.26	-991757.7	-810632.11	-991820.38	0.8607
-720526.708	-1056117.042	-721288.14	-1056579.85	17.9842
-789608.58	-989239.3	-789725.259	-989204.734	2.4586
-780485.3	-1040977.06	-781893.581	-1037032.955	50.9183
-671939.704	-1014790.747	-672062.917	-1014726.53	2.7811
-706198.54	-1077282.85	-703733.09	-1077097.09	27.924
-656675.335	-1070374.031	-659661.553	-1072015.61	40.37
-795911.538	-985983.896	-796422.959	-985391.49	9.0917
-683930.899	-991603.792	-683717.457	-992989.128	15.6831
-796209.77	-1049662.93	-799554.59	-1047903.381	54.9355
-801941.445	-1036474.226	-799508.992	-1038479.43	40.0641
-735262.793	-1013251.225	-734527.133	-1012633.693	19.2863
-765632.14	-1074898.32	-760301.72	-1080143.79	91.7696
-779572.42	-972133.54	-778935.19	-972928.14	15.7421
-675017.86	-1015823.96	-676105.99	-1015473.53	12.8795
-806887.597	-1006244.926	-806442.499	-1004396.774	22.2401
-683869.808	-1062039.393	-683574.671	-1062240.606	7.1641
-807466.389	-988021.288	-810032.78	-985827.55	42.0315
-805178.36	-994250.13	-805259.48	-994166.93	2.3915
-661168.88	-1070300.5	-663828.882	-1070724.962	32.0209
-814347.41	-1017477.37	-814382.515	-1017417.118	0.7749
-831841.063	-1024543.551	-832703.871	-1023951.265	13.6318
-736800.71	-1037745.99	-736852.14	-1038334.68	7.455
-671291.953	-1086947.758	-669926.958	-1088201.107	21.0976
-790915.02	-987974.67	-791001.246	-987901.667	2.2652
-789012.52	-981479.23	-791844.85	-976260.45	74.1596
-651869.399	-1086573.583	-650914.341	-1085126.981	21.6176
-645584.93	-1076519.18	-645504.97	-1076863.933	3.9855
-643930.173	-1040600.159	-643645.52	-1039548.34	12.1968
-799316.887	-1001589.365	-794405.95	-1003945.91	41.9057
-786897.49	-989063.07	-787090.31	-989195.54	4.6802
-816772.625	-1014524.25	-816829.91	-1014519.23	0.6416
-799507.399	-1038462.251	-798662.382	-1037329.219	17.7743
-726878.932	-1054903.12	-726849.801	-1054952.963	1.1547
-857589.02	-1066880.62	-857397.986	-1066928.189	2.2489
-849253.783	-1056172.622	-850974.94	-1059171.953	40.2093
-797880.15	-1001128.93	-797518.83	-1000895.41	4.8421
-797771.687	-1028655.188	-799304.901	-1029049.172	18.4283
-728996.04	-1005550.439	-728146.12	-1003625.21	32.8711
-681171.13	-1047426.99	-680982.82	-1047338.25	2.4845
-653736.225	-1007576.657	-653479.75	-1007565.245	18.9905
-684797.95	-1052891.12	-683702.25	-1051214.375	22.5265
-702651.98	-1032100.78	-702403.05	-1031934.43	5.9983
-671933.94	-1047172.02	-672345.041	-1046919.799	5.4104
-752512.984	-999850.382	-752823.9	-997573.587	27.3802
-792961.46	-1003326.84	-792631.3	-1002145.56	13.6643
-796895.697	-1025195.084	-797220.522	-1023550.419	20.2444
-827985.641	-1076715.365	-826752.787	-1076844.644	41.3136
-825699.63	-1025635.04	-825930.867	-1025606.763	1.792
-731057.466	-1050887.188	-732459.994	-1052408.904	25.1263
-649833.48	-1037909.58	-650261.77	-1038595.22	9.1017
-876205.29	-1021469.48	-876018.18	-1021451.31	1.4464
-711170.12	-1025870.9	-711034.162	-1025892.359	2.8579
-731552.55	-1042108.1	-733198.76	-1042119.31	33.3161
-802539.96	-998661.72	-802447.37	-998738.56	0.9256
-848704.334	-1010274.69	-848599.913	-1010322.541	2.3023
-806619.044	-1074946.343	-804289.254	-1076350.861	30.5228
-725971.83	-1049155.86	-726099.658	-1050785.485	18.4048
-842937.02	-1002015.9	-843694.07	-1002627.92	11.0584
-677552.53	-1071411.69	-678978.25	-1073020.88	24.1468
-731655.538	-981365.218	-731701.37	-980759.98	7.197
-778007.904	-971981.198	-777996.791	-971965.323	0.4336
-727941.64	-1071846.7	-727909.11	-1071900.0	1.403
-725670.665	-1042432.966	-722478.95	-1041861.96	25.2982
-764235.842	-1073549.113	-763648.17	-1073885.23	13.8063
-700476.8	-1041432.14	-698699.67	-1041724.0	20.7655
-702741.319	-1085493.193	-704097.718	-1083231.961	44.185
-751554.189	-1045703.322	-751400.001	-1045798.738	3.7333
-666097.53	-999186.01	-662771.157	-997468.035	51.8754
-768841.781	-1052658.302	-768792.382	-1052767.449	2.4291
-680358.135	-1067527.878	-680256.859	-1067463.219	2.5
-805933.271	-1023474.187	-805457.62	-1024430.37	13.0225
-718430.87	-1007597.36	-718889.95	-1006082.01	18.3149
-799554.59	-1047903.381	-800110.031	-1046514.29	17.1935
-844371.505	-1015266.524	-844514.39	-1014430.18	12.1768
-640071.145	-1093682.786	-639953.72	-1096432.7	64.9756
-786222.78	-992025.7	-785761.21	-993341.67	15.8191
-690803.052	-1065148.176	-689186.527	-1065944.914	20.2985
-675849.46	-1054214.26	-675509.289	-1054207.776	6.8569
-809621.157	-1053842.133	-807534.432	-1051274.618	57.975
-848307.95	-1035856.97	-852011.72	-1033267.21	56.1931
-814347.41	-1017477.37	-814407.02	-1017451.0	0.7314
-771084.724	-991785.444	-773776.733	-991481.284	35.4323
-750081.461	-1003938.849	-750065.549	-1003945.026	0.4325
-731693.313	-1055903.791	-731146.852	-1056802.67	8.0947
-795034.18	-1026868.87	-793785.09	-1027214.36	15.5762
-791606.75	-1071129.55	-789693.45	-1072501.06	28.6909
-698162.83	-1068427.65	-699676.871	-1068145.172	17.6117
-683952.742	-995065.316	-683938.509	-995086.879	0.5762
-642899.386	-1019705.743	-643393.56	-1020051.71	28.0465
-792653.91	-1061556.1	-792658.885	-1061574.541	0.4307
-644574.533	-1038186.069	-644626.078	-1038208.679	0.6307
-785328.31	-998693.36	-783557.32	-996606.88	37.9737
-820420.533	-1067697.474	-820444.415	-1067699.879	0.3115
-758378.72	-1020350.72	-760586.316	-1021465.402	28.0981
-681215.231	-994266.449	-680919.45	-994669.96	6.7262
-652463.463	-1051558.487	-650579.291	-1050632.471	25.4688
-739416.634	-1054277.135	-739410.736	-1054307.586	0.3523
-736889.42	-1038378.58	-736852.14	-1038334.68	4.697
-747426.456	-1023928.438	-747453.951	-1024023.395	2.0251
-869846.944	-1037645.178	-869916.774	-1037512.068	3.2688
-661588.134	-1088912.91	-659784.206	-1089373.746	21.6581
-758192.223	-1015753.97	-758024.852	-1015905.63	2.5116
-814421.534	-1067757.618	-816445.5	-1069377.05	30.2815
-760870.94	-1070667.92	-761145.62	-1070568.14	6.0938
-814570.55	-1070242.4	-815143.711	-1070873.278	17.8754
-740810.27	-1040213.68	-740689.13	-1040290.43	6.7042
-663474.28	-1004383.935	-663440.572	-1005056.297	7.5902
-733371.256	-1053884.618	-734123.51	-1053289.092	19.3059
-791116.66	-978532.24	-791121.12	-978514.74	0.3774
-835429.046	-1033696.089	-835436.002	-1033713.723	0.2127
-691216.627	-1081881.763	-690542.42	-1081541.74	8.6293
-696105.69	-1068556.318	-694413.003	-1068650.807	19.3952
-771738.96	-1017773.69	-771829.2	-1017624.27	2.1339
-655855.307	-1048416.028	-655865.063	-1048396.514	0.4696
-701201.77	-1010349.33	-701224.85	-1010374.38	0.7155
-730830.32	-1057375.1	-730648.73	-1057654.01	3.7134
-653423.62	-1030555.827	-651050.31	-1030179.44	29.3788
-746092.389	-1053933.229	-746257.484	-1053880.571	3.6577
-807380.946	-992320.317	-807283.22	-992058.13	5.6766
-723405.57	-1036180.08	-721916.777	-1032975.383	30.8416
-644185.343	-1059721.922	-644165.523	-1059726.601	0.4509
-710947.59	-1066487.36	-711393.28	-1065750.8	9.8743
-700435.97	-1061059.08	-699743.556	-1060255.837	11.8133
-710966.346	-1033701.742	-707402.253	-1032529.49	50.1057
-809398.86	-994191.22	-809415.74	-994203.69	0.4588
-699225.47	-1045795.5	-699220.65	-1048191.68	28.2656
-644160.599	-1059706.294	-642136.07	-1059290.71	23.5158
-755911.515	-991018.509	-755901.06	-991045.05	0.9431
-753928.13	-1020771.05	-753404.14	-1020020.39	11.4414
-803996.26	-1040348.68	-804444.718	-1038920.636	17.3417
-669092.05	-1031725.74	-670654.23	-1032880.939	25.5231
-866784.561	-1055673.503	-867510.561	-1055794.65	31.0429
-785820.327	-976749.551	-785739.323	-976850.146	2.59
-672153.087	-1080418.844	-674252.069	-1080977.408	25.7788
-741819.671	-981309.368	-741428.63	-982599.37	16.1589
-652790.576	-1028728.644	-652693.444	-1028466.555	3.1095
-656255.699	-1070045.007	-655425.148	-1070143.698	17.1989
-745063.567	-1074560.029	-745927.28	-1073305.393	19.9767
-673859.18	-1036991.5	-673108.98	-1036819.32	8.566
-725803.749	-1022124.234	-724158.64	-1023620.51	25.5515
-648082.94	-1047685.46	-648232.39	-1047796.96	1.4344
-824063.43	-1071420.72	-824204.87	-1071403.23	4.4768
-672313.263	-1012618.788	-672318.158	-1012604.435	0.3443
-796544.06	-1010161.76	-794217.912	-1010748.602	27.1124
-657020.478	-1062950.696	-657019.754	-1063024.574	0.8381
-666647.94	-1075281.28	-665351.65	-1074709.53	17.3561
-655042.068	-1068759.884	-654997.148	-1068694.178	0.887
-764193.53	-1038106.57	-765159.83	-1037765.08	20.5585
-640620.79	-1072163.79	-639894.453	-1072425.339	10.9263
-671554.314	-1083339.587	-671563.613	-1083323.763	0.4078
-852965.23	-1010593.78	-852913.01	-1010654.81	2.0429
-857071.95	-1039267.52	-859240.91	-1037850.75	29.9576
-737221.62	-1036028.747	-737239.85	-1035895.127	2.6973
-822202.31	-1044290.08	-823928.655	-1044099.604	19.9772
-752384.46	-1048708.75	-749772.962	-1049969.585	23.348
-696426.87	-1001006.06	-696337.563	-1001026.313	1.9681
-779548.5	-1080217.57	-779507.38	-1077682.8	34.015
-661756.959	-1046881.545	-661491.52	-1046295.0	9.9425
-682385.97	-1008835.85	-681451.6	-1009391.922	12.0923
-692470.7	-1037425.66	-691664.96	-1036227.03	17.3172
-775370.39	-996060.31	-774774.294	-996211.913	7.1014
-749015.514	-1045769.626	-749050.16	-1045813.65	1.1267
-753645.24	-1045631.4	-753550.831	-1045351.972	3.2819
-716328.6	-1083401.67	-714968.885	-1087407.117	56.7472
-646418.13	-1041526.08	-646202.371	-1042722.936	13.7863
-824671.62	-1061033.041	-824368.015	-1061111.425	7.0726
-670190.15	-1047706.29	-670142.063	-1047849.688	1.9229
-783625.48	-1009898.28	-782050.48	-1009785.59	17.5947
-671159.25	-1047519.8	-681176.14	-1047284.84	79.9553
-682351.386	-994485.127	-682345.069	-994468.994	0.3703
-721999.135	-1032679.218	-723872.477	-1031530.568	26.121
-645191.576	-1049993.142	-644804.59	-1049444.13	13.4561
-835338.541	-986249.51	-834368.509	-984071.789	27.9574
-794952.821	-986527.764	-794920.703	-986688.056	1.9671
-763419.86	-977081.8	-763429.67	-977100.61	0.4565
-733530.165	-1061873.5	-731273.19	-1062928.24	28.7378
-755013.192	-1017324.232	-755209.1	-1019163.62	20.9943
-765065.607	-974746.125	-766131.31	-972965.24	23.8283
-845167.583	-1031769.793	-845238.05	-1031751.382	1.6464
-812576.94	-1013960.82	-814418.061	-1013904.695	20.7298
-713219.871	-1058449.529	-712627.804	-1058483.095	11.8723
-699855.57	-1001220.21	-699781.376	-1001286.294	1.1043
-798710.683	-1005533.253	-796978.76	-1006899.82	31.4447
-652045.78	-1024674.21	-652074.08	-1024611.04	0.7724
-647880.34	-1067696.773	-647896.691	-1067703.176	0.3889
-814382.515	-1017417.118	-814418.061	-1013904.695	40.8108
-755281.611	-1046316.443	-757098.591	-1047047.502	21.9023
-818651.724	-1074636.177	-818899.688	-1074846.176	6.5184
-813911.591	-1008172.417	-817626.397	-1008079.578	42.9836
-684456.271	-1065830.333	-684409.04	-1065821.75	0.9601
-814762.766	-1060740.963	-816333.79	-1059270.97	26.648
-746787.335	-1017309.584	-746806.121	-1017300.037	0.2533
-759314.01	-984887.872	-757493.817	-987386.907	35.4526
-753465.94	-1060133.48	-753931.96	-1059191.81	24.7477
-719549.768	-1051776.667	-717724.11	-1053686.03	38.2079
-642344.92	-1030653.09	-644298.13	-1030761.77	22.2832
-794437.34	-1003918.24	-794445.41	-1003817.64	1.3056
-853122.407	-1044067.769	-852564.625	-1046612.94	29.9521
-810563.815	-1071887.514	-809201.691	-1069386.297	43.421
-771084.724	-991785.444	-769238.54	-993296.93	28.9366
-744453.21	-1047760.88	-744348.287	-1047616.458	3.5705
-690242.41	-995107.0	-690238.75	-995190.78	0.9438
-684470.02	-993800.9	-684737.03	-993826.28	6.051
-662912.41	-1058845.404	-662884.858	-1058858.485	0.9417
-826335.15	-1037293.3	-826470.563	-1036756.862	6.7757
-791814.44	-1039505.59	-792197.43	-1041123.19	18.6843
-758239.87	-1016193.82	-758024.852	-1015905.63	7.3275
-652523.86	-1048050.08	-652296.28	-1047526.95	6.6279
-650579.291	-1050632.471	-650028.63	-1050827.27	12.973
-752258.777	-1068963.017	-753260.19	-1071639.32	43.7826
-802784.597	-977214.719	-802773.366	-977149.587	0.7351
-751284.64	-1060098.92	-748421.62	-1058141.72	39.0727
-799384.86	-1001553.15	-799316.887	-1001589.365	0.5925
-648387.31	-1036026.6	-648327.05	-1036020.26	0.6847
-700310.18	-1005653.43	-699617.042	-1004972.588	11.1061
-782808.7	-996219.12	-781964.57	-995922.06	10.0516
-763664.0	-1062929.15	-763618.94	-1061358.01	18.1435
-702528.88	-1011405.28	-702956.97	-1010907.46	16.4656
-753447.75	-1041691.59	-753637.4	-1041749.46	4.2368
-740126.039	-1055086.99	-739410.736	-1054307.586	12.3247
-821882.09	-997704.088	-821921.948	-997679.521	0.5213
-679414.3	-1041652.05	-678925.5	-1039515.25	24.7999
-876236.391	-1021602.8	-876254.449	-1021586.131	0.3155
-850345.49	-1010731.944	-850186.628	-1010641.007	3.704
-726774.909	-1054699.946	-727026.639	-1054719.235	5.7704
-878042.415	-1004389.221	-878105.048	-1004383.171	0.6993
-703392.676	-1059769.677	-704514.881	-1058537.38	20.4867
-645504.97	-1076863.933	-644784.776	-1077825.179	14.4528
-756570.584	-990579.448	-756970.51	-990925.64	12.3994
-761156.009	-1019960.611	-763026.768	-1018099.673	30.2828
-806831.71	-989712.44	-805580.55	-989185.89	15.0936
-733914.475	-1053317.791	-733688.643	-1053306.73	4.6643
-849249.794	-1028945.888	-846905.631	-1029704.542	27.4418
-725420.66	-1041660.07	-724451.812	-1041571.23	10.8102
-730877.41	-1045434.47	-730832.41	-1045592.97	2.0654
-797022.73	-1056600.4	-796390.94	-1055155.03	19.8334
-734314.75	-1081506.11	-734896.444	-1079592.009	26.8848
-825515.288	-1016140.978	-825532.634	-1016158.117	0.2834
-867847.716	-1017285.814	-867749.501	-1015704.146	18.7072
-665519.497	-1072390.694	-664678.424	-1072311.945	11.9484
-656862.505	-1068150.743	-656412.571	-1067887.071	5.9025
-753931.96	-1059191.81	-752290.473	-1058671.187	19.3276
-795628.1	-978832.44	-798811.12	-974392.15	105.4324
-855628.204	-1046629.092	-855694.41	-1046247.65	4.4327
-826497.19	-1025484.38	-826769.633	-1025440.266	3.0796
-730247.242	-979495.286	-731127.29	-980749.41	19.5472
-867902.159	-1006942.079	-867908.926	-1006939.719	0.0796
-748422.511	-1078422.559	-743757.419	-1079304.479	60.2134
-792375.04	-979389.02	-792606.16	-979568.23	6.4763
-772761.907	-1033078.897	-774158.39	-1032853.55	15.728
-691323.86	-1061107.66	-689296.152	-1058690.826	39.4985
-773101.66	-1027226.3	-772978.669	-1026497.713	8.2424
-686986.884	-1071591.448	-686826.375	-1070694.396	10.2602
-846960.039	-990774.059	-849690.309	-985269.413	98.27
-776509.75	-975546.23	-776578.17	-975595.74	1.6905
-870289.426	-1000815.521	-869834.437	-1000438.862	12.0002
-723719.755	-987123.519	-723759.896	-987216.172	2.3378
-789574.11	-1063961.26	-789839.955	-1064168.588	3.8596
-825972.997	-1025706.344	-825955.727	-1025691.804	0.2858
-659839.208	-1072077.168	-660121.15	-1072061.71	3.3154
-762038.22	-973337.892	-760915.44	-974214.23	32.8882
-703278.325	-1089792.378	-703487.682	-1089002.434	75.7984
-757868.95	-991072.94	-757900.28	-991078.62	0.5543
-754540.55	-1042087.55	-754787.94	-1042029.07	5.1811
-662771.157	-997468.035	-661758.513	-998065.731	20.4885
-644022.3	-1053280.01	-640730.16	-1053153.74	39.2334
-740559.251	-1001796.456	-740534.457	-1001860.181	1.3799
-844330.373	-1033732.859	-843184.454	-1035767.624	26.7312
-737154.375	-1038631.313	-737018.66	-1038511.31	3.624
-825401.77	-1070215.119	-825413.344	-1070246.633	0.7563
-740600.709	-1070713.525	-740603.949	-1073225.593	28.3029
-762975.367	-1050789.735	-763105.738	-1050918.699	4.0959
-719227.699	-1050025.693	-719291.016	-1050167.408	1.9905
-643351.07	-1073096.02	-641294.357	-1074313.305	26.983
-885893.23	-1020667.615	-885684.34	-1018888.909	23.4349
-829117.04	-985474.93	-831413.73	-984863.759	28.5864
-819274.598	-1065190.258	-819253.223	-1065170.414	0.6807
-643758.357	-1062705.563	-644458.174	-1062415.751	15.2016
-645062.731	-1074192.643	-645162.571	-1074255.841	2.7996
-753637.4	-1041749.46	-757615.04	-1039877.36	34.741
-754755.285	-1001979.444	-754768.421	-1001856.78	1.373
-655042.068	-1068759.884	-655099.038	-1068726.923	0.7373
-712394.631	-1007056.945	-712530.7	-1007131.23	3.1146
-778003.26	-971956.274	-778021.16	-971960.759	0.4061
-755595.06	-1042268.62	-755725.81	-1041750.45	10.7265
-668968.561	-1086290.602	-668357.916	-1086641.879	8.1203
-779292.75	-1007094.87	-779194.03	-1007236.81	3.5225
-698849.58	-996498.17	-699774.69	-995359.47	20.4984
-673117.27	-1077805.29	-673109.289	-1077823.336	0.2192
-657091.01	-1022208.29	-656946.47	-1021838.67	4.5586
-675198.195	-1071371.947	-673983.56	-1071086.53	13.8642
-880049.23	-1020712.27	-879869.627	-1020640.931	2.1584
-658601.6	-1029590.43	-657604.594	-1030395.592	14.5238
-795673.01	-1028932.49	-795638.545	-1029350.775	8.4164
-653828.341	-1023515.8	-653679.07	-1024120.953	12.4699
-646458.253	-1071655.82	-646459.174	-1071635.768	0.4568
-831776.45	-1054223.17	-831474.384	-1053645.196	7.3911
-751747.313	-1007286.838	-751632.588	-1007525.016	2.0337
-724755.096	-1067022.753	-722614.982	-1066511.47	37.8981
-782498.15	-999336.2	-782476.56	-998778.02	6.2066
-677862.51	-1016048.34	-678543.68	-1015249.99	12.0274
-737329.67	-1035835.62	-737221.62	-1036028.747	5.584
-861498.81	-1046321.03	-855694.41	-1046247.65	77.4759
-691919.46	-1026567.0	-692578.833	-1024496.341	24.4731
-738733.01	-994172.457	-735782.65	-994290.7	36.2658
-668357.916	-1086641.879	-668395.94	-1085313.12	15.7447
-736287.503	-989378.611	-735782.65	-994290.7	67.9517
-782979.14	-1007118.42	-783019.1	-1007024.65	2.0495
-867355.248	-1013000.322	-867349.757	-1013015.043	0.3295
-823930.49	-1009103.738	-823782.609	-1010399.294	17.8158
-643645.52	-1039548.34	-643595.338	-1039542.467	1.0651
-749578.5	-1051237.71	-749702.51	-1051274.86	4.4453
-662317.088	-1075570.752	-662744.93	-1075958.2	6.59
-659942.94	-1008908.75	-659487.472	-1008874.069	9.1464
-642692.768	-1077259.837	-643295.63	-1079918.169	37.2006
-736820.855	-1036772.279	-737031.576	-1036244.314	11.3977
-819856.95	-1074319.47	-819933.52	-1074461.742	3.2656
-761383.292	-1015001.54	-759516.3	-1015707.3	23.3178
-653460.785	-1073595.575	-653089.969	-1075934.876	38.6696
-690706.42	-988081.35	-689373.182	-985607.684	42.4647
-819442.15	-1054038.5	-819577.78	-1056410.112	26.8106
-753832.63	-1045767.94	-753922.75	-1045903.46	3.3833
-723930.764	-1047299.497	-723253.94	-1047378.28	7.6041
-647353.082	-1070283.365	-647367.445	-1070278.033	0.3486
-674666.237	-1043065.477	-673440.367	-1043397.604	14.112
-677554.527	-1088695.803	-674914.18	-1089234.17	30.8855
-718833.728	-1055399.71	-718357.44	-1057583.87	28.1882
-646743.322	-1067779.455	-646545.473	-1068527.193	8.6891
-761255.95	-1042461.59	-761950.31	-1041800.06	19.6798
-639945.564	-1087544.052	-640148.722	-1086130.675	16.1437
-868587.902	-1053914.352	-866525.734	-1053699.208	71.0126
-669510.703	-1044432.663	-669535.23	-1044445.601	0.6742
-700358.813	-1017067.057	-700355.51	-1017085.84	0.5454
-871707.33	-1019437.94	-874099.09	-1020900.9	31.2286
-683525.776	-1008619.715	-682385.97	-1008835.85	12.9768
-787825.85	-1055724.62	-785062.0	-1058418.22	46.0877
-740272.67	-1068698.72	-738577.444	-1069075.136	24.9827
-705432.1	-995854.64	-708400.425	-991677.132	59.7927
-707832.949	-1057289.458	-704838.284	-1057569.131	35.0276
-813869.017	-1012270.555	-814806.03	-1011991.35	11.5771
-823928.655	-1044099.604	-826096.839	-1043447.24	25.174
-844031.05	-1005115.65	-844011.49	-1005076.04	0.9116
-783019.1	-1007024.65	-783050.58	-1007080.54	1.285
-649246.15	-1014449.91	-648800.13	-1013239.62	15.7603
-792298.458	-1045843.765	-794125.83	-1044350.99	28.109
-798425.685	-999791.675	-798447.91	-999886.06	1.0774
-727842.643	-1040415.929	-728049.438	-1040282.5	2.9564
-741842.018	-1047250.734	-741669.495	-1047218.903	3.7823
-819623.13	-1076040.47	-819395.745	-1076687.44	7.7624
-681797.21	-993912.17	-681240.77	-993505.54	7.9858
-676222.02	-1057028.57	-676072.97	-1057055.44	3.0559
-664642.66	-1013307.79	-665051.49	-1012206.8	13.0946
-768419.55	-1028090.41	-770208.09	-1027884.02	20.589
-751080.485	-980975.691	-752105.489	-980945.987	11.9887
-742129.808	-1080899.379	-740470.232	-1080930.537	20.2392
-734767.74	-1040996.46	-735076.04	-1040992.76	5.3932
-739242.345	-1001705.951	-738613.52	-1001528.51	9.1348
-683482.151	-1066506.534	-683485.717	-1066495.028	0.2739
-641425.24	-1041454.88	-641510.31	-1041433.74	1.754
-764454.035	-977118.755	-764436.4	-977167.332	2.2008
-730458.67	-1043345.36	-730862.52	-1043140.22	3.5181
-818778.245	-1027828.678	-818946.6	-1027758.891	1.414
-819612.78	-1076589.87	-820921.03	-1077379.74	12.4452
-877286.626	-1021488.591	-878764.562	-1022419.216	19.9441
-740580.83	-1040143.97	-740689.13	-1040290.43	3.6869
-665998.12	-1039213.13	-665904.29	-1038767.04	5.0652
-689899.342	-995399.552	-689913.724	-995393.446	0.3636
-644149.596	-1038767.848	-643648.62	-1039472.04	9.6024
-725056.337	-1061722.984	-724577.88	-1062535.3	19.3772
-658083.92	-1023719.36	-657159.238	-1024531.255	14.3841
-645901.135	-1061451.155	-645287.16	-1060455.277	23.7285
-783618.34	-1061207.52	-783657.44	-1061218.98	0.8152
-668553.21	-1004761.86	-668845.316	-1003441.49	17.4956
-710920.88	-999919.92	-709558.1	-1002063.35	29.199
-673551.152	-1008561.937	-675048.91	-1008405.81	16.9925
-737018.66	-1038511.31	-736864.95	-1038384.1	3.9908
-733491.88	-1064878.34	-731561.16	-1067617.97	44.2792
-647349.661	-1081907.056	-645895.34	-1082488.863	18.9307
-808259.75	-991522.18	-808466.28	-991341.55	5.7761
-752734.577	-1049409.519	-751826.45	-1050796.91	21.2191
-750830.51	-1029174.17	-750968.809	-1028819.444	7.7104
-768841.781	-1052658.302	-768977.65	-1052734.135	3.112
-745063.567	-1074560.029	-744573.76	-1075053.67	7.9192
-746918.125	-1017516.563	-746360.857	-1017754.732	11.2409
-697391.442	-1072062.306	-697851.121	-1070299.491	22.1735
-679845.96	-1010291.61	-679769.06	-1010345.8	1.1389
-671554.241	-1012972.103	-669697.05	-1011811.44	24.5243
-705779.31	-1019720.11	-704497.25	-1019010.64	17.4113
-676525.57	-1061343.46	-676102.921	-1060763.556	8.0488
-675298.665	-1071534.53	-675397.7	-1072188.45	13.2562
-728602.055	-1078644.568	-727549.081	-1078700.955	23.4617
-819055.79	-999123.85	-819069.756	-999150.362	0.8616
-808551.193	-1032080.837	-805972.709	-1033625.098	38.7955
-784551.99	-1007572.05	-784559.29	-1007554.27	0.2276
-656997.542	-1087336.797	-654684.264	-1087340.92	35.4498
-779286.05	-1069070.46	-778513.37	-1067377.03	22.8664
-760202.75	-983625.94	-760179.45	-983638.92	0.3569
-799539.621	-1015762.067	-800457.397	-1013147.446	32.7192
-693912.33	-983978.069	-693882.019	-985360.406	26.6657
-744676.58	-997624.94	-745202.35	-996460.85	15.0225
-687058.38	-1025912.7	-686632.23	-1026029.46	8.8672
-743022.731	-1024000.975	-743760.77	-1021515.3	29.6404
-802530.611	-1003046.286	-803763.404	-1004035.892	20.2221
-687783.35	-1038479.31	-686575.12	-1039593.79	22.3113
-756683.29	-1068529.86	-756527.4	-1068275.05	3.334
-854418.07	-1042733.21	-854300.61	-1040188.13	30.4252
-685968.83	-1077885.118	-686681.775	-1073823.663	50.0017
-686872.828	-993897.459	-686738.235	-993832.623	2.988
-788287.5	-1065353.53	-788332.757	-1064664.699	13.9761
-872614.328	-1033223.347	-873308.551	-1034078.501	13.2842
-867507.198	-1013624.953	-867349.757	-1013015.043	12.6484
-723677.639	-1036221.999	-723680.889	-1036185.247	0.9763
-734336.53	-1066592.6	-734041.0	-1068720.0	27.8497
-735402.99	-1027568.28	-735724.709	-1027667.382	3.836
-699220.65	-1048191.68	-698314.29	-1047246.79	14.6307
-657094.999	-1080603.56	-655884.993	-1080168.593	15.15
-686794.358	-1080842.599	-686501.686	-1080843.891	3.4018
-661888.06	-1024949.01	-662153.77	-1022912.68	23.0845
-766220.87	-1042900.42	-766123.13	-1042170.21	8.4082
-699758.44	-1004067.71	-699059.832	-1004382.054	15.5918
-769214.1	-993589.54	-769238.54	-993296.93	3.3928
-702768.8	-1059534.95	-701896.658	-1058378.527	17.0106
-721976.127	-1020248.353	-721748.38	-1020079.11	3.1985
-768716.02	-972195.887	-767751.402	-973554.333	18.8349
-805095.286	-990190.91	-805024.92	-990252.48	1.9424
-809500.35	-993536.53	-809522.65	-993549.24	0.5877
-790877.898	-1005206.126	-790798.607	-1005234.247	1.0234
-833176.461	-1061835.712	-832849.323	-1060328.067	17.7896
-805352.02	-1065256.11	-805526.666	-1063574.646	20.1222
-667561.482	-1025467.317	-668306.47	-1025376.41	15.3421
-687271.32	-1031795.99	-685424.56	-1032839.43	25.6545
-716892.06	-1028325.35	-716840.05	-1028417.8	1.1878
-647441.596	-1082008.575	-649074.482	-1081102.697	30.4297
-683974.6	-995282.95	-684556.785	-996046.574	20.5099
-723695.477	-987199.538	-723662.348	-987212.162	0.8003
-690223.07	-997143.8	-690769.37	-996882.38	13.0747
-774589.68	-1037732.32	-775021.41	-1039047.45	16.4258
-736358.388	-982340.157	-735923.36	-981412.58	11.866
-750072.79	-1003929.06	-750081.461	-1003938.849	0.2882
-734764.112	-1045640.265	-734820.63	-1045921.73	5.7687
-886994.779	-1012209.452	-885481.877	-1015697.164	45.4184
-701143.14	-1055185.74	-701964.71	-1056572.05	17.9291
-780483.59	-1052968.93	-780447.34	-1052568.44	4.4949
-820086.51	-1026747.71	-820436.579	-1026745.197	7.0445
-647889.573	-1067719.845	-647367.445	-1070278.033	30.3477
-809740.499	-1004240.265	-809767.319	-1004181.139	0.7547
-695848.88	-1063391.09	-695912.142	-1063048.495	3.9459
-748399.66	-995948.99	-748375.322	-995418.19	10.7812
-720875.398	-1063968.73	-716349.222	-1061215.837	71.0494
-659370.678	-1008787.28	-659294.372	-1008371.005	8.7519
-829758.922	-1053034.519	-831965.824	-1053225.374	28.5022
-721245.934	-1060993.837	-717088.02	-1060102.5	63.6292
-647768.254	-1088915.886	-647832.09	-1089321.13	8.4563
-799331.67	-1001568.91	-802886.96	-998364.25	37.0251
-683977.01	-995256.53	-683938.509	-995086.879	3.5192
-765231.41	-1062235.92	-764224.07	-1060908.12	24.0683
-754483.0	-969674.4	-755562.866	-970576.235	20.0902
-870928.851	-1000954.937	-870289.426	-1000815.521	9.1249
-833948.712	-1071199.905	-836617.377	-1071326.255	55.8269
-824229.88	-1076428.91	-824185.68	-1076313.69	1.122
-708156.75	-1007415.76	-709705.91	-1006779.335	19.0128
-718906.5	-1016922.99	-718378.04	-1017929.97	12.8863
-675527.54	-1031294.86	-675528.852	-1031255.575	0.4369
-743813.524	-1069243.996	-742474.966	-1070295.532	20.8383
-718906.5	-1016922.99	-716913.25	-1017328.25	23.4612
-697656.66	-1053658.25	-696417.162	-1054119.286	14.6941
-747513.38	-1019535.13	-747563.18	-1019494.16	0.7312
-830082.597	-1073037.995	-830010.454	-1073044.303	0.8141
-815293.012	-1071088.658	-817251.698	-1072627.624	28.6501
-685424.56	-1032839.43	-685014.38	-1032689.79	10.8032
-707342.596	-1067840.561	-706177.089	-1067401.754	15.6114
-675423.065	-1056776.702	-675285.676	-1056729.511	2.1873
-770306.11	-1039368.94	-769188.45	-1037631.87	25.3422
-657068.638	-1061265.033	-657020.478	-1062950.696	21.3308
-828343.065	-992114.223	-827571.154	-989063.969	36.4087
-830496.913	-1062786.197	-829353.772	-1063700.731	18.082
-769039.66	-1051459.32	-767592.88	-1049843.99	31.4135
-645969.2	-1026861.65	-646638.17	-1025843.13	13.7435
-843454.051	-1049428.271	-844691.731	-1049062.371	14.9182
-728356.483	-971612.153	-728567.02	-972171.56	54.0503
-701583.21	-1066071.1	-701699.76	-1066467.06	4.5998
-686711.637	-1026428.942	-686599.315	-1026245.839	4.3389
-779744.871	-976486.266	-781209.79	-976036.71	19.5349
-672286.57	-1013430.14	-674884.57	-1013545.47	35.2158
-664687.413	-1089591.815	-663666.31	-1091817.99	29.5495
-803595.72	-1041012.29	-801122.233	-1042749.785	36.6386
-688797.379	-1076150.545	-689510.76	-1076054.019	8.6177
-770178.782	-977825.038	-770553.82	-979593.09	22.5912
-702366.34	-1031915.94	-702557.72	-1030313.19	19.7786
-783095.18	-1043944.62	-783204.779	-1043769.819	4.1273
-726010.753	-980867.59	-724475.38	-981578.5	20.1772
-688651.72	-1008095.12	-688033.65	-1008448.13	8.1878
-655884.993	-1080168.593	-655818.302	-1080134.738	0.8428
-753334.92	-1025594.51	-753758.163	-1025794.588	9.4288
-738599.863	-1049584.498	-737520.469	-1051085.235	38.5911
-771582.07	-1041055.57	-771921.115	-1041128.653	6.9962
-846262.964	-1072549.949	-846969.722	-1071458.04	15.1002
-737256.925	-1010320.687	-738019.43	-1009028.93	17.419
-712530.7	-1007131.23	-713001.11	-1006409.73	17.8643
-645478.566	-1049546.01	-648229.71	-1048214.72	24.1941
-661815.94	-1019747.04	-660725.035	-1020574.153	15.2114
-645298.82	-1050454.711	-646943.532	-1050569.499	38.9767
-834024.087	-983878.067	-834339.5	-984063.875	9.0735
-692291.01	-1058643.01	-692539.763	-1058560.784	3.1577
-799448.64	-1054475.6	-796967.21	-1053971.04	29.1722
-696411.51	-1007449.07	-696714.09	-1009872.17	30.4808
-731146.852	-1056802.67	-730648.73	-1057654.01	7.5877
-784256.274	-994402.039	-783867.67	-994628.48	5.9675
-682911.605	-1089391.638	-683984.02	-1089600.62	13.3113
-744778.424	-1048376.349	-744555.04	-1048217.91	7.2693
-727946.954	-1073950.328	-727734.171	-1074184.599	6.4253
-778975.07	-1043223.18	-779155.01	-1043480.64	4.8109
-747339.63	-1036309.707	-747360.061	-1036303.743	0.4633
-770201.52	-1018458.77	-771829.2	-1017624.27	20.6033
-760607.55	-1040804.24	-761033.05	-1042194.675	18.5416
-779009.3	-981800.15	-778166.761	-980439.448	17.8945
-683000.678	-1033361.372	-684077.699	-1033039.805	12.7644
-712058.94	-1040994.58	-711981.896	-1040711.458	3.2811
-802900.18	-998268.5	-802994.8	-998275.28	1.1298
-696654.25	-1086644.32	-697297.346	-1085480.985	24.5484
-764716.53	-1060653.17	-764591.72	-1060064.19	12.2432
-697606.343	-1037839.97	-697601.473	-1037827.882	0.2872
-738774.46	-1048789.538	-738807.796	-1048949.172	3.2688
-754195.55	-1037453.92	-756840.57	-1038169.12	30.7742
-764679.67	-1023604.65	-764620.16	-1023928.55	6.5895
-869854.923	-1037688.21	-869828.387	-1037680.321	0.5931
-775023.929	-1033730.424	-774993.72	-1033762.995	1.0589
-717660.877	-1080102.827	-717159.18	-1080163.72	5.6746
-673775.041	-1076370.682	-673117.27	-1077805.29	17.536
-727741.81	-1073818.99	-727819.46	-1073856.16	1.8411
-685596.24	-993630.49	-685654.688	-993552.75	2.1246
-704310.07	-1008548.95	-704063.808	-1007039.172	18.2074
-789489.75	-989260.36	-789558.28	-989147.0	2.6603
-654684.264	-1087340.92	-652789.055	-1086686.953	24.3369
-812219.241	-1036962.531	-811581.538	-1037657.666	12.5774
-749711.46	-1078290.19	-748422.511	-1078422.559	16.2913
-832522.232	-1070640.672	-833863.846	-1070978.163	34.9308
-760052.26	-1029217.17	-759861.728	-1027256.302	33.1385
-666416.596	-1051353.785	-665321.897	-1052204.756	15.8884
-821252.392	-996441.12	-821301.72	-996383.229	0.5851
-774514.85	-974990.51	-774521.08	-975012.85	0.5377
-776241.19	-1030072.87	-778849.38	-1029617.777	20.4055
-693921.379	-1074516.569	-691868.159	-1074084.509	24.2904
-770537.784	-1010225.627	-770863.616	-1010070.631	8.4131
-787023.28	-1009846.62	-786817.24	-1009852.06	2.2978
-674884.57	-1013545.47	-674994.31	-1013613.33	1.6345
-654418.098	-1056187.692	-653664.313	-1055811.375	17.0699
-652789.055	-1086686.953	-653372.04	-1089068.18	34.2315
-760925.0	-1070532.72	-760844.771	-1070553.569	1.8479
-778533.64	-996703.6	-778234.747	-996274.26	11.9932
-744322.67	-1025324.1	-744415.818	-1025176.428	1.9436
-784543.25	-1015416.38	-783644.43	-1014052.56	19.392
-861412.91	-990472.22	-861806.468	-988750.475	21.655
-654802.8	-1024660.04	-653765.968	-1024185.397	16.0115
-749703.59	-1051448.73	-749578.5	-1051237.71	5.2453
-723465.22	-1024603.52	-721544.88	-1026313.21	29.3785
-843760.259	-1002914.312	-843918.16	-1002773.37	4.2366
-761076.54	-1020198.18	-761858.43	-1020987.09	13.3948
-688948.95	-1058632.77	-688757.63	-1058642.28	3.8349
-697605.124	-1088095.737	-697737.923	-1088514.467	4.9789
-774616.967	-985471.357	-773499.14	-985346.785	24.4517
-729082.113	-1079284.231	-728099.7	-1079534.74	35.0803
-736854.955	-1037974.562	-737128.25	-1038566.78	7.2718
-861480.547	-1005436.37	-861213.19	-1005760.69	7.4617
-641872.24	-1042982.81	-641152.528	-1043280.12	15.781
-766810.913	-1052223.818	-766498.187	-1052166.499	5.7377
-729921.66	-1041002.68	-727866.83	-1040514.95	16.2704
-724347.08	-1030566.65	-724991.46	-1029994.681	11.3741
-653039.41	-1067906.69	-653047.62	-1067925.5	0.228
-664103.73	-1045863.71	-661634.62	-1045289.7	28.1663
-754248.45	-997021.37	-754086.46	-996755.94	3.4552
-770547.6	-979716.0	-770075.309	-979937.134	5.8485
-757294.023	-1039645.091	-757353.535	-1039853.287	2.7399
-794381.63	-1004055.99	-794212.96	-1004037.02	1.9834
-683994.92	-1063855.331	-684010.75	-1063877.72	0.711
-691007.84	-1035833.65	-689629.06	-1035820.39	15.5607
-766569.98	-1006757.01	-764748.101	-1005277.63	29.8316
-783550.27	-991778.68	-785574.3	-991845.89	23.1838
-685654.688	-993552.75	-685788.91	-993690.74	5.8754
-735557.76	-1040276.86	-736756.4	-1038537.2	23.6759
-818899.688	-1074846.176	-819154.25	-1074883.36	5.4988
-728535.537	-1060780.282	-728664.809	-1060889.23	1.9042
-816015.01	-992517.408	-814269.074	-992244.015	20.9994
-788124.72	-1067166.53	-790737.291	-1066899.122	32.7714
-645475.79	-1042722.862	-645607.656	-1042430.919	4.0047
-794920.703	-986688.056	-794813.759	-986676.163	1.2139
-684217.86	-1042855.28	-682240.68	-1042260.61	22.9408
-736684.254	-983690.416	-736690.38	-983714.019	0.5445
-766553.95	-1001801.89	-767089.88	-999138.78	30.9753
-740354.81	-1066732.65	-740286.062	-1067041.588	5.2291
-733936.866	-1056558.047	-733915.431	-1056541.625	0.5888
-654422.55	-1033954.05	-655924.49	-1033728.83	19.2811
-640408.725	-1071317.926	-640324.19	-1071316.33	0.9398
-766078.87	-995475.49	-764793.8	-994787.52	16.339
-799447.07	-1001740.2	-799530.056	-1001960.022	2.6126
-777731.902	-1012696.134	-777064.67	-1012698.41	9.3199
-797650.14	-1028584.26	-797771.687	-1028655.188	2.9
-748140.66	-1005344.116	-747385.37	-1004570.34	26.7034
-743664.14	-1076112.04	-742607.189	-1076199.05	13.7728
-723802.254	-1075167.8	-720052.54	-1075565.5	48.1493
-759115.936	-1047712.004	-759089.587	-1047792.853	1.7014
-873737.772	-1034144.285	-874233.106	-1033511.212	9.2774
-763504.4	-992745.44	-763370.11	-992818.11	3.4216
-826669.354	-1070793.339	-826730.649	-1070790.848	1.2744
-658804.05	-1025491.79	-658823.63	-1023364.03	30.7271
-681159.99	-1013190.94	-678543.68	-1015249.99	44.9245
-693984.34	-985511.09	-694777.4	-985249.65	17.1811
-710578.734	-1048053.536	-710188.14	-1048859.05	19.2774
-770118.517	-1053941.916	-770190.57	-1053825.54	2.7774
-701732.53	-1010033.69	-701716.99	-1010012.84	0.5419
-683909.275	-995204.688	-683855.99	-995313.98	2.4438
-646172.571	-1074039.462	-645724.47	-1074143.02	9.2006
-709530.633	-1060363.498	-711857.938	-1061987.625	32.84
-688716.595	-1043740.464	-687027.526	-1041754.471	30.1183
-836533.603	-997062.735	-832380.79	-998170.642	85.4808
-786665.077	-979099.031	-785318.801	-978173.796	18.5412
-717572.936	-1074309.221	-717563.66	-1074422.293	1.4958
-812042.47	-1038338.51	-811161.406	-1042049.504	49.1168
-640839.104	-1070655.431	-640408.725	-1071317.926	9.4843
-723723.65	-1036423.04	-723842.07	-1036401.27	3.2991
-783751.065	-977170.142	-783934.565	-977004.164	4.9494
-680669.255	-1026409.046	-680184.437	-1024783.66	19.1953
-675043.064	-1056723.951	-675030.3	-1056712.274	0.2107
-818899.688	-1074846.176	-819202.2	-1075234.67	5.9667
-778803.67	-1029766.5	-778689.66	-1029545.02	4.9875
-776434.28	-976007.81	-776447.02	-975916.66	1.8411
-649422.742	-1074287.048	-653089.969	-1075934.876	48.1554
-789516.43	-1027199.534	-789466.776	-1027126.16	1.0226
-649833.48	-1037909.58	-649159.42	-1037960.11	7.882
-784732.25	-1013582.64	-783269.69	-1012154.03	24.7238
-710892.404	-1025908.72	-710944.524	-1025605.087	6.3259
-867547.61	-1013539.782	-869335.04	-1015775.02	34.6234
-856691.375	-1008970.875	-857414.55	-1009933.56	16.784
-695916.769	-1074824.692	-695452.509	-1075684.577	11.0603
-736715.438	-999326.162	-736400.99	-999479.99	4.1832
-693271.926	-1078184.103	-693781.511	-1079055.923	11.5975
-848587.265	-1066239.624	-849103.749	-1066025.19	6.6957
-675397.7	-1072188.45	-674909.751	-1073907.919	20.9502
-651407.68	-1046722.97	-649302.42	-1047660.25	27.7273
-804979.672	-989061.68	-804955.382	-988969.297	1.9474
-856480.36	-1038822.1	-857071.95	-1039267.52	8.3021
-667413.88	-1070189.63	-666617.09	-1070176.59	8.8544
-707115.32	-1002637.76	-707604.21	-1003401.36	12.8639
-676765.16	-1071455.83	-676565.855	-1071209.691	6.5048
-782673.08	-1005657.59	-781273.163	-1004046.684	25.2968
-717527.23	-1013320.72	-717403.83	-1013182.66	2.0934
-839314.316	-1021318.603	-840670.518	-1019476.288	25.4418
-758232.25	-972614.85	-757897.741	-971877.005	15.0979
-748439.313	-1025122.257	-747453.951	-1024023.395	29.8524
-646901.705	-1057807.415	-646911.078	-1057791.934	0.3936
-758222.11	-1020120.63	-758378.72	-1020350.72	3.4226
-691878.43	-1009643.53	-690227.01	-1008787.15	20.9418
-687404.89	-1055806.78	-687513.392	-1055979.94	4.7719
-851363.483	-1068832.609	-852041.021	-1068690.317	13.8774
-755725.81	-1041750.45	-756273.1	-1041563.77	11.6561
-653653.858	-1031493.301	-654724.454	-1031065.877	13.2955
-749323.33	-1033889.64	-747917.66	-1033945.33	16.0335
-699475.68	-1000254.35	-699566.74	-1000140.02	2.9343
-737128.25	-1038566.78	-737270.58	-1038760.9	4.8193
-851821.906	-1010497.279	-851507.58	-1010767.77	8.3423
-729163.1	-1032025.58	-729830.25	-1033130.7	14.601
-679368.474	-1080256.883	-678596.625	-1082820.423	31.2186
-824275.24	-1072041.62	-824118.398	-1073716.33	15.5664
-756634.32	-999950.65	-755485.379	-999853.998	25.9139
-718234.8	-998122.27	-722222.22	-997971.0	50.2746
-780287.5	-995623.64	-779581.63	-996086.33	9.3848
-785031.72	-1007980.71	-784988.15	-1008249.07	3.108
-758817.28	-1005029.9	-758826.12	-1005172.76	2.9225
-730473.09	-1057922.22	-730766.56	-1057386.58	6.8016
-697822.59	-1034061.34	-697689.67	-1035007.89	19.1168
-684146.999	-1080120.62	-683369.132	-1076733.495	41.5661
-869154.819	-1038271.982	-869167.643	-1038279.309	0.3186
-766786.24	-987720.39	-767108.651	-986832.001	11.8839
-774148.97	-1021052.88	-773661.384	-1019334.181	24.0427
-702499.68	-1071902.7	-703864.699	-1073200.65	29.039
-869459.653	-1046669.966	-871048.19	-1046030.49	19.4809
-830987.48	-1056665.92	-829183.22	-1057270.09	21.69
-721748.38	-1020079.11	-719644.184	-1021630.445	31.5272
-690630.034	-1083921.78	-690297.65	-1084598.126	8.59
-744777.031	-1016567.584	-743387.82	-1016957.55	19.6864
-755449.02	-1081193.42	-755798.93	-1080711.14	6.7385
-657956.62	-1069270.74	-657244.75	-1069515.51	8.4013
-661149.182	-1010762.684	-658882.42	-1011419.01	37.2427
-669517.02	-1013920.4	-669600.52	-1014050.55	3.6212
-721298.45	-978901.33	-721225.165	-979155.823	2.9609
-825818.437	-1025475.499	-825805.007	-1025488.474	0.2314
-862328.285	-994528.188	-859456.5	-996748.5	43.5485
-728849.261	-1077896.152	-728821.246	-1077875.478	0.743
-797771.687	-1028655.188	-798692.94	-1034078.43	66.7052
-770343.531	-971797.563	-769789.58	-971663.42	11.4505
-768913.823	-991587.479	-768819.527	-992032.256	5.0994
-753326.703	-1048034.081	-752473.827	-1048687.075	22.0598
-649833.27	-1032576.94	-650959.93	-1034803.46	27.9599
-737281.67	-1054172.1	-736125.971	-1057023.562	35.0845
-740125.388	-1048803.266	-740095.437	-1048765.803	1.0268
-745013.89	-1059962.63	-745039.596	-1059925.337	0.9157
-640247.606	-1080219.461	-639911.679	-1079403.206	13.259
-788487.635	-1013962.555	-788477.217	-1013950.601	0.2028
-671554.314	-1083339.587	-667750.276	-1083553.552	44.7362
-699042.528	-1004380.546	-699059.832	-1004382.054	0.3768
-790558.92	-1052852.39	-788159.821	-1052491.734	32.7183
-670866.58	-994569.28	-672317.297	-992832.107	59.7749
-885723.47	-1010197.174	-886994.779	-1012209.452	28.3328
-740007.973	-1073765.578	-739504.506	-1073640.959	10.849
-776509.75	-975546.23	-776678.43	-975431.97	4.8816
-689352.666	-1030052.024	-690250.589	-1030009.771	18.08
-741582.743	-1023354.686	-741783.23	-1022223.97	13.0195
-722967.369	-1006661.187	-722728.545	-1006321.804	9.7488
-653646.188	-1055821.75	-651397.732	-1057855.359	35.3833
-810333.785	-991622.577	-809358.27	-991770.31	10.9907
-780897.85	-1009090.58	-780888.98	-1009117.11	0.3109
-646065.072	-1042716.985	-645952.536	-1042994.418	6.8716
-830045.471	-1073007.368	-830110.31	-1073052.819	0.9093
-731557.09	-1056137.15	-731373.968	-1056614.342	9.5514
-719458.52	-1019522.39	-719178.228	-1019507.295	3.1199
-689186.527	-1065944.914	-690169.154	-1066692.639	15.7292
-756947.78	-1032105.09	-756802.63	-1032153.56	2.0012
-755007.66	-1046144.38	-755258.858	-1046303.702	5.9577
-682696.544	-988004.687	-682745.938	-989419.5	19.0294
-777018.73	-1057926.76	-778924.59	-1057746.33	22.3489
-671635.205	-1028230.794	-671532.991	-1028463.149	2.929
-748262.44	-1027946.56	-749380.89	-1026628.41	24.0337
-776120.45	-979334.08	-776022.78	-978391.97	11.3147
-787090.31	-989195.54	-787060.19	-989261.78	1.4633
-763361.35	-993086.1	-763531.11	-993047.25	3.9305
-805039.949	-987203.021	-804943.762	-982645.624	60.1937
-848826.603	-1006137.521	-849513.93	-1008292.36	27.576
-652839.646	-1042012.519	-654688.28	-1041606.53	21.4372
-742486.9	-998318.24	-742515.947	-998100.753	4.3909
-807658.49	-1025137.54	-807518.2	-1026112.45	11.0305
-655282.27	-1025459.61	-655326.012	-1024814.439	14.5817
-686826.375	-1070694.396	-686455.58	-1070686.79	4.1863
-673713.074	-1018966.257	-674265.513	-1018960.391	6.7245
-684634.01	-1036494.61	-684255.005	-1035594.066	10.8814
-735510.1	-1028628.63	-734559.509	-1029374.867	15.1432
-701667.279	-1012297.562	-701719.961	-1012286.117	1.1417
-744064.938	-1015927.5	-742545.072	-1015029.101	20.0493
-772978.669	-1026497.713	-771899.49	-1025011.53	30.0437
-838823.55	-999849.65	-838203.824	-999193.543	11.5687
-690514.32	-1056005.92	-690438.47	-1055956.5	1.1092
-787293.151	-984422.672	-786504.24	-985626.52	19.4896
-875221.39	-1015757.36	-873364.742	-1015038.539	22.901
-840909.551	-1048925.369	-839969.91	-1049659.37	13.6871
-662921.774	-1081765.354	-663281.656	-1084264.71	29.1743
-865707.45	-1048533.08	-865651.653	-1048439.778	2.8652
-797092.49	-1041981.24	-798142.012	-1040529.697	24.0167
-782433.38	-997528.55	-782537.63	-996970.15	6.4308
-773827.82	-974156.23	-773077.46	-973270.523	12.999
-772932.614	-1055580.24	-772371.88	-1055560.94	12.8409
-718912.187	-1047953.389	-719314.324	-1049519.795	18.2105
-765494.96	-1058755.27	-763821.57	-1058512.8	19.3464
-692271.29	-998306.92	-690523.891	-995554.392	25.3639
-819740.529	-1058341.735	-820208.116	-1060539.986	25.3063
-714372.074	-1044361.9	-714409.72	-1045048.01	7.6839
-799716.584	-1069154.146	-800209.26	-1067457.76	24.9812
-739475.42	-1053953.642	-739388.676	-1054246.035	3.389
-826513.595	-1029200.402	-826717.326	-1029086.403	4.6813
-740102.41	-1080931.31	-739851.743	-1080964.865	5.1633
-879867.594	-1020787.255	-879650.97	-1020835.38	2.6127
-664802.221	-1069038.226	-665404.435	-1068522.362	9.1891
-739365.02	-1054324.082	-739388.676	-1054246.035	1.423
-715594.97	-1078158.25	-716799.875	-1077548.769	15.6409
-742927.19	-985833.76	-744414.405	-984314.431	24.3877
-685150.668	-994403.704	-685097.516	-994424.041	1.1418
-809522.65	-993549.24	-809512.423	-993567.602	0.4531
-872090.564	-991735.472	-873406.78	-991086.604	30.7468
-734574.82	-1045751.64	-730839.726	-1045640.553	44.4369
-760844.771	-1070553.569	-760827.86	-1070429.44	2.6071
-828956.99	-1072259.026	-828618.95	-1072041.44	4.4676
-693704.61	-1044343.74	-692637.99	-1043495.14	27.4638
-751611.11	-1061840.96	-751353.632	-1060553.196	15.6036
-735568.11	-1040276.17	-735521.07	-1040511.36	4.7986
-737661.145	-1057623.659	-738451.761	-1057492.143	16.0774
-649134.45	-1027880.01	-650153.63	-1026925.2	15.8621
-671453.484	-1048988.167	-671544.788	-1049045.428	1.2129
-688782.75	-991454.34	-689366.67	-991940.8	9.2863
-724167.957	-1062240.114	-721373.47	-1060629.82	40.9552
-692138.17	-998232.95	-691965.737	-998146.163	2.1839
-777018.73	-1057926.76	-778280.43	-1058590.03	16.4124
-764589.48	-1036488.88	-763017.75	-1036763.431	18.4411
-701739.26	-1008956.69	-701581.79	-1008552.238	8.9034
-653654.938	-1055796.5	-653664.313	-1055811.375	0.3858
-764117.881	-991884.65	-764974.33	-991600.96	10.5513
-727611.89	-994246.69	-727687.15	-993888.87	7.4894
-819199.368	-993790.579	-819843.77	-995463.84	25.2438
-765239.733	-1023113.709	-765568.13	-1020517.37	34.9178
-768792.382	-1052767.449	-765441.28	-1054104.82	63.9168
-683515.102	-993524.902	-683516.88	-993541.99	0.3436
-679093.04	-1000965.52	-680366.89	-1001046.11	18.2381
-759318.06	-1015367.68	-758192.223	-1015753.97	13.3933
-679531.5	-1068030.357	-679175.209	-1068353.526	5.3448
-720011.75	-1071233.346	-718661.881	-1070686.967	28.1129
-889151.068	-1018025.197	-888899.449	-1018028.237	47.1541
-742025.384	-1041551.688	-741812.93	-1041316.18	9.666
-732317.52	-1055113.43	-732492.83	-1054910.4	5.3651
-848343.12	-1036112.63	-846443.724	-1036838.121	24.4089
-722261.6	-1041876.62	-713707.54	-1041568.84	66.3688
-826558.4	-1025562.106	-827959.95	-1025194.124	16.2
-848391.013	-1010363.56	-848442.37	-1010351.507	1.0558
-676704.44	-1010463.18	-675474.68	-1010843.68	14.7873
-683516.07	-993478.96	-683515.102	-993524.902	0.9192
-750213.42	-1019915.68	-750581.08	-1018442.97	18.1347
-744514.179	-981522.01	-743452.955	-980028.534	20.8355
-867400.339	-1034047.122	-867995.32	-1031386.54	42.4426
-845099.434	-1014584.88	-845119.71	-1014533.287	0.6367
-709197.168	-1039121.45	-707875.92	-1039742.88	16.6366
-753921.36	-1045635.63	-754159.21	-1045757.76	5.5817
-778955.724	-1029983.97	-778936.284	-1029982.018	0.4163
-644735.557	-1037979.395	-644626.078	-1038208.679	2.9325
-789687.46	-1064102.65	-790421.73	-1064163.29	5.6675
-734562.596	-1065442.796	-734556.24	-1065456.473	0.3438
-729452.35	-1015776.13	-727447.57	-1019795.24	74.7079
-681943.75	-1042758.76	-682176.13	-1042240.81	6.3234
-731071.433	-1056596.404	-731953.91	-1056749.85	13.695
-696578.34	-1035525.04	-697488.35	-1036432.86	16.9433
-802761.633	-986688.835	-802665.56	-986793.53	3.7614
-734608.004	-1027176.601	-733168.314	-1025388.183	26.2987
-867704.25	-1017459.2	-867706.58	-1017480.5	0.4696
-742529.131	-1056866.745	-742517.724	-1056857.1	0.3368
-738239.28	-1046740.78	-738090.59	-1046668.11	3.31
-761510.266	-993283.083	-759215.6	-993272.15	28.189
-725039.921	-1035332.008	-725020.866	-1035329.149	0.4242
-776364.77	-1062821.26	-776225.12	-1062572.7	3.2377
-753675.89	-1061412.21	-753465.94	-1060133.48	19.6746
-724411.356	-1029278.365	-724612.79	-1027039.26	30.0025
-647609.524	-1054245.965	-647483.293	-1054008.443	3.0679
-686814.05	-1008736.01	-684709.56	-1008697.17	23.6269
-795545.325	-986086.86	-795284.906	-986212.111	3.2346
-810740.903	-1045606.441	-812211.605	-1044382.774	22.8564
-880151.53	-1017056.729	-880204.394	-1017070.064	0.6117
-723680.889	-1036185.247	-723703.199	-1036211.149	0.8376
-693463.932	-1026383.908	-691919.46	-1026567.0	17.736
-689477.71	-993270.639	-689202.67	-993214.61	3.1464
-696673.394	-1049950.353	-696740.64	-1050853.74	23.6752
-752039.98	-1007724.212	-752718.19	-1006076.97	19.7933
-806104.28	-1026783.59	-806729.222	-1027010.489	7.3874
-644077.794	-1022814.719	-645490.003	-1023171.5	18.3534
-671549.868	-1018795.541	-672037.58	-1018752.99	5.6189
-651504.349	-1069456.071	-652006.89	-1070514.59	14.0013
-700927.887	-1010529.799	-701061.351	-1010492.143	2.8975
-779946.39	-983146.06	-779864.28	-983031.63	1.5688
-728001.33	-1072269.86	-727741.81	-1073818.99	18.0352
-711896.42	-1021996.28	-708535.462	-1020863.121	43.7703
-644167.988	-1071592.408	-642893.841	-1071604.898	15.3637
-733621.226	-1014692.737	-731373.413	-1012206.889	38.4197
-857533.049	-1066623.251	-857441.077	-1066745.506	1.8538
-784995.338	-1007564.853	-784700.689	-1007690.017	3.5592
-737304.085	-1057980.39	-737298.622	-1057931.764	1.0824
-819274.598	-1065190.258	-819266.67	-1065155.974	1.1088
-700477.578	-1004743.59	-699758.44	-1004067.71	19.9704
-757158.11	-978683.6	-756035.714	-978645.227	13.7013
-657761.727	-1064862.846	-658077.11	-1064149.39	9.1194
-747318.87	-1017001.64	-748757.994	-1014323.258	34.5257
-833174.947	-1023365.051	-834359.548	-1024053.119	19.1431
-660162.685	-1086807.051	-660237.998	-1086828.299	0.9064
-712627.804	-1058483.095	-711981.554	-1058828.416	8.1973
-840950.41	-1019092.03	-840673.835	-1019472.426	6.2223
-724828.216	-1053726.832	-724124.816	-1055002.765	17.8153
-848593.3	-1036248.77	-847683.183	-1038675.318	32.2813
-881210.251	-1001344.506	-877306.387	-998763.671	64.7713
-802140.854	-1005863.006	-802530.611	-1003046.286	31.8959
-744598.1	-1047894.96	-744688.54	-1048201.99	6.4252
-665277.647	-1035791.801	-667092.245	-1033928.634	29.5523
-749097.12	-1045584.78	-749140.911	-1045567.351	0.9426
-685718.127	-1019089.813	-684319.74	-1018289.441	18.2148
-730169.158	-1030836.067	-729430.54	-1029841.99	13.8301
-676583.8	-1056954.83	-676222.02	-1057028.57	7.7874
-752455.375	-1043124.0	-752240.69	-1042987.36	8.3735
-833610.148	-1061574.582	-834771.583	-1060697.914	16.6455
-737596.76	-1057650.8	-737351.19	-1057924.427	7.3544
-652486.137	-1062382.974	-652477.023	-1062427.322	0.5031
-699234.121	-1087672.849	-699280.89	-1087922.68	5.4278
-747432.46	-1054956.55	-746638.009	-1054351.695	19.982
-746013.188	-1054135.162	-741267.695	-1055336.117	38.2787
-734045.773	-1053350.17	-733502.956	-1053766.078	13.7214
-764748.101	-1005277.63	-764877.662	-1004163.078	27.8291
-649055.257	-1058143.084	-649055.45	-1058279.95	2.7811
-864660.78	-1015185.63	-865107.322	-1015804.24	15.2892
-678499.29	-1063064.14	-676525.57	-1061343.46	29.9931
-738647.803	-1048576.402	-739161.336	-1047787.293	19.7566
-677452.67	-996678.42	-677503.27	-996654.83	0.6204
-645187.107	-1032010.729	-647120.25	-1032718.03	24.8309
-824368.01	-1076678.07	-824431.54	-1076778.18	1.078
-876292.761	-1024704.267	-876543.88	-1025650.58	11.2543
-845917.841	-1070278.104	-847264.676	-1070411.162	10.5489
-737593.42	-1057813.32	-737670.268	-1057743.61	2.3844
-799499.894	-1069937.277	-799508.079	-1070481.606	18.0445
-819127.044	-1000624.817	-820573.83	-1001637.48	24.407
-798662.382	-1037329.219	-796303.62	-1037484.85	26.7384
-756414.14	-974699.551	-756458.593	-974627.332	1.7047
-700853.71	-998518.14	-701969.68	-997871.5	14.3323
-766981.251	-980976.408	-766954.57	-980858.748	1.3773
-673757.12	-1065065.67	-672392.3	-1065459.41	16.1495
-717444.989	-1021625.032	-717869.17	-1022169.19	7.8799
-779061.296	-981747.373	-779063.45	-981850.24	2.1576
-641808.58	-1076501.209	-641876.179	-1076129.347	7.7516
-663914.11	-1003293.55	-663474.28	-1004383.935	20.874
-676169.25	-1057074.54	-676391.91	-1057186.82	4.988
-790678.909	-1026980.514	-790474.46	-1026767.65	3.3074
-676554.965	-1070748.307	-675640.02	-1070644.17	14.8623
-693882.019	-985360.406	-693799.008	-985409.631	1.9307
-869854.923	-1037688.21	-869760.72	-1037812.227	3.1235
-778693.313	-997118.305	-778670.37	-996668.12	9.176
-800209.26	-1067457.76	-800608.9	-1067009.36	6.6767
-754247.98	-1045748.46	-759136.529	-1047758.6	41.969
-733668.12	-1014744.36	-733621.226	-1014692.737	1.3948
-867678.05	-998459.66	-866860.328	-998552.66	10.0012
-779575.13	-976375.19	-777924.71	-976226.2	18.8936
-648995.43	-1058224.13	-648841.5	-1058041.29	5.8702
-789897.46	-1010678.27	-787882.07	-1011363.32	27.7807
-831193.859	-999203.224	-831033.022	-1000532.441	28.7891
-672392.3	-1065459.41	-671885.08	-1064660.9	11.7808
-744834.87	-1048200.68	-744453.21	-1047760.88	11.8761
-808440.439	-1030227.676	-809766.998	-1029119.163	19.7091
-750377.052	-984570.46	-750218.82	-984501.81	1.9304
-858563.572	-1008640.2	-858316.24	-1008677.03	5.0209
-750394.144	-1005574.589	-750373.074	-1005566.807	0.5081
-734638.13	-974924.285	-736414.985	-973035.118	31.3776
-733803.798	-985254.066	-729566.13	-985317.67	51.678
-741769.205	-1064506.716	-741766.996	-1064489.266	0.2138
-677862.51	-1016048.34	-678058.22	-1016224.03	2.9914
-675391.292	-1019425.013	-678058.22	-1016224.03	48.2353
-658394.989	-1065056.914	-658988.262	-1065359.861	13.5454
-701175.92	-1004128.59	-701332.32	-1004961.69	17.0739
-842868.84	-1002004.93	-842812.78	-1001987.65	0.6543
-715734.85	-1028532.58	-714807.73	-1027916.89	24.0347
-866212.348	-1049465.936	-866147.59	-1048867.78	12.9667
-732571.382	-1055125.922	-732551.961	-1055116.211	0.4747
-793153.111	-983230.444	-793170.24	-983172.03	0.6925
-707680.002	-1079370.444	-709080.1	-1080880.17	26.9496
-650579.818	-1078621.567	-650589.631	-1078457.129	1.8376
-695043.74	-988893.66	-695019.57	-988728.24	1.8575
-731697.787	-1086019.632	-732635.471	-1085666.116	12.2918
-804849.234	-1045543.833	-800393.896	-1046174.13	53.1222
-645764.404	-1042735.256	-645727.305	-1042665.46	1.5814
-724881.914	-1065404.299	-724561.98	-1065478.333	6.822
-822762.154	-1059353.561	-822653.638	-1059316.149	2.3362
-690566.15	-1055814.5	-690737.62	-1056009.16	3.5505
-648861.608	-1028973.579	-649004.93	-1028340.18	7.3337
-697686.311	-1037723.137	-697671.988	-1037727.436	0.3272
-705346.77	-1052287.05	-705269.645	-1054728.144	27.6183
-719505.542	-992802.08	-717194.195	-992150.664	32.3796
-773681.35	-1068461.09	-773691.55	-1068502.23	0.8514
-808225.379	-1014843.19	-807487.18	-1017041.32	28.5514
-685718.127	-1019089.813	-682430.78	-1018853.25	39.8936
-763227.89	-1072531.86	-763380.91	-1072715.19	2.6822
-760634.42	-1034959.18	-761681.41	-1037105.19	27.8517
-753875.83	-1041685.1	-753600.19	-1041770.82	5.7786
-784053.28	-1047904.36	-782765.879	-1049651.404	33.8955
-786897.49	-989063.07	-787231.58	-989358.37	8.9184
-823928.655	-1044099.604	-823858.552	-1043573.371	7.2552
-796209.77	-1049662.93	-796744.169	-1050356.163	16.3681
-740565.003	-1075583.468	-741446.68	-1074949.16	15.8666
-718121.73	-1038100.5	-715869.92	-1040181.649	34.6045
-649159.42	-1037960.11	-648369.812	-1038391.511	10.1165
-674926.25	-991125.09	-675357.972	-991934.632	10.6236
-641446.88	-1034905.08	-640566.277	-1033777.102	16.0087
-818342.922	-1049312.599	-818811.82	-1049475.91	10.3078
-640511.029	-1082738.275	-641558.455	-1081663.353	18.1767
-814250.59	-1042219.57	-814540.66	-1041755.27	6.8137
-678565.68	-1054345.3	-679172.1	-1053437.78	12.6086
-701312.21	-1063705.53	-701195.68	-1063753.9	2.5234
-672077.19	-1011036.43	-671179.76	-1011333.27	12.2784
-646358.425	-1071536.046	-644819.178	-1073393.316	27.6138
-687528.37	-1043792.04	-685123.6	-1043129.11	27.8465
-825515.288	-1016140.978	-826193.15	-1016001.408	7.8322
-763350.3	-992817.46	-763141.96	-992584.68	6.25
-738559.393	-1060558.556	-738576.608	-1060547.021	0.5515
-670055.86	-1000818.7	-669597.07	-1002026.89	15.0774
-689525.338	-1046426.507	-689537.866	-1046430.53	0.2731
-684077.699	-1033039.805	-684859.623	-1032914.193	15.8964
-739283.4	-1047695.67	-738742.718	-1048731.333	26.1727
-746794.85	-1017330.327	-746787.335	-1017309.584	0.2678
-799534.342	-1038607.217	-799508.992	-1038479.43	1.4499
-667623.97	-1033602.94	-669456.93	-1033427.32	20.9629
-783270.84	-1064572.46	-783351.96	-1064711.49	3.2195
-772609.3	-1076770.52	-773306.16	-1076127.14	11.8305
-692939.02	-990204.98	-693256.551	-989791.023	6.0828
-645775.844	-1042677.613	-645845.051	-1042802.629	2.8584
-676222.02	-1057028.57	-676169.25	-1057074.54	1.4444
-668782.662	-1036107.387	-665277.647	-1035791.801	40.1977
-639945.564	-1087544.052	-641716.574	-1086901.577	26.1407
-781509.07	-1047399.61	-781791.85	-1046868.86	6.6852
-808198.273	-1023759.267	-807997.3	-1023995.28	3.5365
-770855.944	-1069628.976	-770572.788	-1067179.634	30.1751
-712625.01	-1079010.79	-712801.03	-1078872.18	1.7234
-791121.12	-978514.74	-791151.33	-978540.3	1.2281
-738384.6	-1034761.48	-739048.14	-1033896.2	21.8626
-700205.53	-1049396.229	-700502.25	-1049339.19	6.3633
-767432.3	-983270.12	-769283.265	-983580.511	25.7171
-741769.205	-1064506.716	-741552.15	-1064581.77	2.6213
-772530.856	-975898.01	-772331.46	-975915.98	2.2245
-810652.14	-991913.8	-810715.06	-991827.23	0.9742
-688958.37	-1008075.48	-688787.54	-1007956.6	2.617
-660125.873	-1028254.54	-659312.896	-1030193.823	24.5373
-644574.533	-1038186.069	-644718.554	-1037970.142	2.9328
-654794.2	-1037390.1	-654719.39	-1037412.38	1.5611
-679029.09	-1001068.15	-680164.18	-1003734.49	45.7003
-813902.061	-1024065.431	-814942.43	-1022106.92	25.1204
-797594.76	-986146.4	-798085.15	-986328.76	5.8149
-656815.057	-1081622.732	-657232.552	-1083432.596	31.6832
-831124.176	-1037368.061	-829963.595	-1038299.624	17.2144
-840507.259	-1070476.393	-840403.074	-1070447.272	1.4029
-824063.43	-1071420.72	-823245.745	-1071548.892	16.6026
-764873.57	-1004102.66	-766553.95	-1001801.89	33.0503
-640041.2	-1044758.34	-640439.987	-1043269.29	30.9843
-726626.685	-984499.349	-726600.6	-984492.426	0.6279
-735710.187	-1060683.266	-734422.781	-1059485.825	21.1222
-767438.13	-1012797.07	-764947.994	-1011560.44	33.0283
-822648.96	-1061866.51	-822653.638	-1059316.149	31.0392
-655219.841	-1011057.936	-653645.72	-1010375.37	20.8362
-644704.413	-1038555.288	-644574.533	-1038412.225	2.1644
-719771.92	-1004374.9	-719334.593	-1002927.581	21.3969
-687171.65	-1008606.97	-686911.15	-1008704.37	3.0902
-783570.89	-988845.43	-784998.81	-991020.33	32.4995
-841143.11	-1018832.66	-840433.73	-1018874.53	7.9663
-757101.05	-1067770.45	-756683.29	-1068529.86	11.2007
-648037.819	-1045341.882	-649293.63	-1044451.85	18.0618
-708768.29	-1040762.91	-709197.168	-1039121.45	19.5273
-782818.71	-1003395.77	-782611.28	-1001090.23	25.7504
-732430.487	-1054769.329	-732492.83	-1054910.4	5.5737
-739299.15	-1029228.09	-738145.34	-1030593.02	23.9191
-881863.103	-1021865.019	-879867.594	-1020787.255	17.5451
-696827.82	-1012290.25	-695101.87	-1011495.99	21.2464
-743391.442	-995400.328	-744036.04	-995306.13	10.9636
-772337.871	-1081854.175	-772312.553	-1081854.452	0.2976
-741898.86	-1047009.98	-742518.5	-1045924.19	25.1643
-674863.694	-1076462.292	-673775.041	-1076370.682	22.0127
-671256.5	-1032769.5	-671823.776	-1036449.887	41.9347
-749256.54	-1044624.59	-749097.12	-1045584.78	23.4705
-660469.16	-1014999.53	-660377.39	-1017385.64	32.2855
-814806.09	-1013848.04	-815246.72	-1013467.88	7.6208
-726644.58	-1011861.32	-725468.37	-1011185.65	15.5282
-816418.066	-1076253.124	-816447.694	-1077925.253	27.9291
-842369.133	-1046673.381	-844691.731	-1049062.371	39.7364
-806200.929	-1062531.738	-810719.239	-1064866.097	71.9445
-647949.802	-1063977.55	-648119.937	-1065264.0	26.2176
-663442.177	-1084581.588	-662462.515	-1084827.304	13.1038
-751059.36	-1010180.34	-752028.65	-1007752.13	29.0784
-844844.13	-1011374.13	-842791.18	-1011168.97	25.6753
-687422.664	-993904.781	-686872.828	-993897.459	15.2372
-746750.122	-981687.967	-747762.892	-981878.26	12.1322
-697606.343	-1037839.97	-697248.668	-1038787.04	21.0735
-746965.041	-1017374.599	-746991.912	-1017329.52	0.5932
-787917.19	-1061122.81	-787483.154	-1061959.579	18.8733
-726045.008	-980908.376	-726010.753	-980867.59	1.0653
-775931.861	-1014770.023	-775862.951	-1014698.686	1.7661
-677697.483	-990880.701	-676788.304	-991716.144	20.0516
-757110.445	-1047042.846	-757115.472	-1047055.704	0.3093
-788356.44	-1008594.32	-787694.63	-1006969.81	19.9706
-855694.41	-1046247.65	-855018.39	-1044644.42	21.8784
-792692.6	-1061893.44	-794503.91	-1062120.49	20.8499
-719949.29	-1077840.81	-720890.49	-1078565.08	14.2659
-707013.649	-1066206.357	-707194.39	-1067155.22	12.3583
-715081.37	-1007332.61	-716937.42	-1007933.48	27.0276
-663755.607	-1051422.114	-664626.215	-1052690.262	17.8445
-749858.88	-1050156.31	-749702.71	-1050186.84	2.2179
-785739.323	-976850.146	-787773.57	-978746.44	31.9557
-692418.005	-1046417.51	-692393.91	-1046471.76	0.6681
-729830.25	-1033130.7	-727749.77	-1033945.99	27.2833
-873364.742	-1015038.539	-869783.194	-1015873.868	47.6619
-773571.182	-1068163.625	-772186.4	-1069039.25	19.3468
-725721.914	-1069587.758	-725744.18	-1069572.757	0.4035
-730954.25	-1028290.05	-729081.3	-1029275.1	23.7953
-728399.76	-1022448.7	-726885.05	-1020661.03	29.9111
-788446.462	-990047.331	-788657.3	-989779.55	5.0522
-684373.94	-994673.519	-683735.771	-994863.405	14.5593
-684190.79	-1027277.101	-686599.315	-1026245.839	29.482
-746148.845	-1007124.227	-744957.53	-1008093.73	17.196
-781893.581	-1037032.955	-780721.85	-1035760.81	20.5931
-691828.6	-1064899.158	-691950.61	-1065160.608	5.793
-790550.11	-1009049.625	-790045.962	-1008333.498	9.8377
-737221.62	-1036028.747	-737180.56	-1036101.54	1.6734
-742428.69	-1057042.01	-742437.62	-1057025.58	0.4378
-761907.571	-976770.73	-763264.3	-977132.65	28.2652
-642715.14	-1025985.37	-643738.9	-1027158.62	18.5845
-750036.931	-1005704.222	-750021.242	-1005725.692	0.6581
-688722.566	-1058549.16	-687691.147	-1057613.069	30.8306
-686757.86	-1059493.77	-686627.96	-1059580.54	1.7357
-790800.756	-991445.291	-790807.11	-991409.08	0.8387
-729237.237	-1080921.973	-727648.121	-1080709.565	18.7651
-664203.72	-1013240.89	-664041.83	-1013251.99	1.8031
-776487.38	-1076782.21	-778111.46	-1076900.66	22.0129
-790962.445	-1034475.468	-790952.09	-1034494.9	0.5711
-654059.57	-1034024.07	-650959.93	-1034803.46	37.1261
-740981.82	-1040767.63	-741812.93	-1041316.18	21.7761
-750415.883	-992224.643	-750239.63	-989819.6	28.9248
-656769.01	-1048573.79	-663645.33	-1047815.73	56.057
-739949.769	-1001962.629	-739242.345	-1001705.951	15.847
-642077.521	-1092336.307	-647466.17	-1093699.84	73.3436
-704178.924	-1008981.104	-704193.873	-1008993.01	0.419
-677007.72	-1000843.96	-677020.49	-1000618.96	6.0107
-782154.75	-986473.19	-782736.302	-987635.37	14.6197
-875917.851	-1021414.166	-876155.562	-1021359.829	2.7763
-779600.3	-972100.91	-779572.42	-972133.54	0.4795
-791304.19	-1038656.42	-788856.01	-1038690.79	27.8471
-840182.398	-1056753.095	-840168.712	-1056740.328	0.4283
-777834.01	-980181.6	-776209.61	-979397.5	20.6911
-853021.11	-1010598.78	-854856.57	-1011412.45	21.0515
-731430.45	-1042100.23	-731552.55	-1042108.1	2.4471
-714659.241	-1048748.234	-715273.42	-1049983.72	15.5103
-824507.7	-1076400.89	-824311.496	-1076401.374	2.1803
-791114.2	-1019386.31	-791531.01	-1019221.8	5.0714
-792636.539	-1061564.639	-792653.91	-1061556.1	0.4421
-644855.32	-1030334.57	-644872.51	-1029746.97	6.6143
-782921.24	-1054037.589	-780593.21	-1054091.28	26.9783
-864362.282	-1016657.851	-862394.689	-1017883.41	33.5428
-682236.742	-1091181.041	-682600.335	-1089721.639	18.5244
-789556.34	-1003330.81	-788981.45	-1005130.06	22.5396
-800662.705	-1059111.155	-801106.335	-1059646.571	7.9745
-641361.511	-1092462.084	-640426.525	-1091589.246	25.5836
-715004.37	-1003747.86	-715691.24	-1003004.78	11.6201
-696740.64	-1050853.74	-694827.08	-1052421.2	28.0072
-795667.788	-985977.504	-796123.47	-986051.64	5.1334
-826730.649	-1070790.848	-826755.049	-1070898.934	2.596
-708212.788	-1085402.243	-708041.22	-1085387.634	1.9916
-756996.81	-993384.67	-756178.87	-993320.65	9.1161
-784673.308	-1054472.311	-783553.147	-1058450.151	48.4026
-669517.02	-1013920.4	-669497.98	-1013920.47	0.3862
-807569.633	-1014178.413	-808211.018	-1014754.016	9.5923
-759056.26	-1033704.719	-759059.365	-1033686.955	0.3892
-685014.38	-1032689.79	-684859.623	-1032914.193	5.9687
-680658.134	-1067462.859	-680266.044	-1067450.627	7.8707
-650153.63	-1026925.2	-650216.23	-1026314.9	7.1348
-714650.501	-1080175.546	-713092.63	-1079204.57	22.5545
-646416.591	-1068698.913	-646478.203	-1068568.501	1.6818
-751699.887	-986254.972	-750834.33	-987847.39	21.8075
-807685.43	-990267.62	-806962.59	-989767.32	18.5349
-770168.015	-1057386.5	-770067.387	-1057302.856	1.4568
-756934.11	-1065837.4	-756662.9	-1065875.93	5.6822
-776744.647	-975479.767	-776666.55	-975479.07	1.8392
-734667.55	-1006388.29	-731469.808	-1006230.185	36.9868
-669365.819	-1036227.712	-669326.41	-1035475.04	8.9911
-728172.83	-1036863.76	-726701.24	-1036094.995	18.5806
-792674.46	-979701.73	-793186.073	-983160.595	40.5188
-839100.888	-993248.941	-839061.481	-993065.451	2.0854
-820159.666	-1026203.015	-820036.979	-1026366.183	4.3309
-755651.695	-991024.143	-755638.975	-991032.899	0.3698
-776696.195	-1034352.356	-776711.619	-1034332.795	0.5182
-841410.33	-1016492.513	-841341.273	-1016406.646	1.2249
-751658.12	-1038043.98	-751636.58	-1038056.78	0.6322
-674128.53	-1016623.03	-674729.5	-1016966.41	8.7847
-657159.238	-1024531.255	-655613.228	-1024420.374	17.4395
-643758.357	-1062705.563	-643740.101	-1062714.823	0.6307
-752334.938	-1043068.75	-752374.83	-1043146.66	1.7564
-831494.033	-1036682.579	-831124.176	-1037368.061	8.7542
-842356.181	-1017256.984	-841670.444	-1018144.384	12.4612
-741847.992	-1057274.004	-742063.155	-1057057.881	6.2605
-782254.663	-979211.743	-781165.18	-977555.19	22.4707
-645067.71	-1049645.3	-645105.96	-1049663.07	0.8492
-766233.713	-972616.784	-766214.59	-972635.192	0.3304
-678058.22	-1016224.03	-680218.73	-1016899.15	25.9883
-737800.99	-1023848.764	-737206.749	-1023015.723	11.7792
-747041.264	-1017634.962	-746918.125	-1017516.563	1.9004
-831791.806	-1029809.524	-832044.399	-1029065.65	22.2226
-710884.848	-1025926.968	-710892.404	-1025908.72	0.4198
-785862.88	-1018158.85	-784543.25	-1015416.38	47.1375
-639960.604	-1042280.486	-640017.94	-1042964.66	13.9782
-753237.68	-1041867.54	-752450.15	-1042833.73	10.0331
-648330.054	-1058407.276	-646928.349	-1057809.416	20.7268
-847103.331	-1070324.09	-847178.331	-1068827.432	16.7317
-776737.471	-1034379.852	-776714.575	-1034383.209	0.4799
-838864.168	-991542.112	-836254.049	-989704.778	39.6499
-791136.71	-1033573.92	-789999.22	-1029582.85	50.1899
-780690.837	-1009425.779	-780880.66	-1009150.77	3.816
-684010.75	-1063877.72	-684424.781	-1065700.399	38.7349
-736753.35	-1038293.37	-736721.47	-1038267.28	0.8239
-644781.85	-1019489.29	-645067.326	-1018712.694	9.6803
-751815.75	-1014127.69	-750676.86	-1010875.87	39.3911
-788150.0	-990375.94	-788144.83	-990291.65	2.9161
-706947.95	-1063003.73	-707084.08	-1063283.91	3.4663
-785874.31	-1045240.77	-789561.15	-1048395.93	67.115
-719483.589	-1016406.002	-720032.57	-1016718.64	12.9341
-736617.09	-1024933.33	-737800.99	-1023848.764	19.6804
-820469.461	-1007315.819	-820309.994	-1008044.434	15.5032
-691574.05	-997582.71	-692465.41	-996307.79	21.5249
-735617.1	-1020584.03	-734509.96	-1021489.88	16.0803
-730506.49	-1043283.22	-730458.67	-1043345.36	3.577
-866261.592	-1002064.318	-861494.852	-1000798.071	61.3275
-769866.22	-1053817.49	-766707.613	-1052278.382	27.4564
-682593.55	-1057225.8	-677073.236	-1057023.454	62.7433
-789574.91	-1064106.02	-783489.42	-1061938.708	50.5378
-762685.372	-977846.601	-762487.54	-978758.49	13.5593
-743000.34	-1018311.31	-738491.09	-1020682.01	83.2567
-741678.677	-1028204.395	-740777.512	-1027762.545	20.2692
-882642.087	-1015832.189	-883593.847	-1017580.316	23.176
-685568.523	-1071855.137	-683965.035	-1071510.03	19.0692
-814649.04	-1070090.53	-814637.5	-1069897.604	3.9449
-767284.046	-1030405.057	-766999.39	-1030292.96	6.162
-676545.294	-1071198.007	-675198.195	-1071371.947	17.8279
-777343.21	-973974.16	-777324.325	-973961.95	0.4707
-704510.14	-1069420.73	-703603.3	-1070228.96	13.6293
-796303.62	-1037484.85	-794659.195	-1039549.728	39.2196
-867178.859	-1001595.783	-866023.445	-1000937.373	15.3733
-754478.53	-1063405.59	-754225.14	-1063340.86	5.2318
-751893.901	-987526.245	-751699.887	-986254.972	15.0643
-709946.18	-1000726.775	-709961.951	-1000727.635	0.3488
-671513.114	-994230.191	-671278.77	-994714.42	12.7217
-700549.976	-1016985.471	-702421.28	-1015142.57	36.7489
-800458.83	-1005123.939	-800310.375	-1005008.813	3.5289
-771549.54	-982560.38	-772772.16	-981632.61	17.4814
-740981.82	-1040767.63	-740793.95	-1040702.31	4.7588
-722774.5	-1086079.5	-724018.519	-1087617.527	49.8501
-677459.533	-1091180.847	-677554.527	-1088695.803	28.8031
-767102.18	-989078.35	-767026.934	-988599.297	10.4371
-712059.61	-1018772.808	-712344.92	-1015969.21	32.1636
-845230.462	-1031772.156	-845202.589	-1031843.781	1.5371
-866511.434	-1007379.341	-866412.755	-1007295.052	1.4741
-730212.23	-1055927.94	-730095.279	-1055932.911	1.307
-783639.3	-1061919.5	-783532.06	-1061868.28	2.5428
-759516.3	-1015707.3	-759318.06	-1015367.68	4.9072
-765609.7	-990470.42	-765904.06	-990386.07	4.2535
-755007.66	-1046144.38	-755092.033	-1045687.374	9.4603
-763584.281	-996371.119	-764178.213	-995931.718	8.4697
-725756.82	-1080639.05	-724274.98	-1081959.74	22.3415
-667006.204	-1075075.738	-666720.53	-1075244.117	6.9281
-678047.049	-1087810.462	-678035.842	-1088468.6	7.3354
-681010.66	-998087.02	-681492.57	-998697.66	9.3272
-815971.38	-1064373.54	-816263.175	-1064382.149	5.8522
-652907.021	-1011415.196	-652196.12	-1011646.89	8.6501
-643547.547	-1062379.736	-643574.344	-1062389.511	0.6831
-737351.19	-1057924.427	-737358.08	-1057974.775	1.1321
-713290.45	-1029306.03	-714019.39	-1030869.42	19.8924
-734930.34	-1043352.34	-734987.129	-1043424.159	2.0969
-721544.88	-1026313.21	-724293.04	-1026433.46	31.7623
-673546.85	-1042976.667	-673440.367	-1043397.604	8.7309
-803595.72	-1041012.29	-800845.07	-1040057.81	34.6954
-655189.404	-1051871.198	-655182.379	-1051829.918	0.4653
-650365.17	-1017742.53	-651046.35	-1014975.04	37.4028
-765581.13	-1009982.57	-764772.972	-1010050.475	9.3386
-807972.849	-1018567.797	-811576.772	-1017603.739	46.1304
-697904.966	-1041996.604	-696821.837	-1044201.127	30.2212
-692138.97	-1053501.65	-693139.9	-1052017.28	20.2126
-652591.71	-1064360.351	-652605.739	-1064369.9	0.3765
-791840.28	-1069934.22	-791832.5	-1069959.04	0.5247
-851518.2	-1010751.166	-851658.317	-1010625.087	3.7981
-790637.26	-1060634.4	-790012.06	-1060982.27	9.7671
-776525.65	-975733.18	-776678.43	-975431.97	6.7551
-843931.125	-1074255.898	-845415.76	-1073378.13	19.7783
-777701.42	-1060876.17	-777136.27	-1059288.63	20.2212
-682033.32	-1045775.8	-682263.2	-1045314.88	6.3834
-807965.166	-1072493.025	-807951.231	-1072505.626	0.4068
-765164.638	-989534.881	-764837.642	-989035.083	7.0237
-700619.652	-1070088.575	-699826.15	-1069367.85	13.1461
-744982.633	-1021418.128	-743000.34	-1018311.31	71.711
-735016.544	-973811.114	-733937.241	-972137.04	22.9005
-750021.242	-1005725.692	-749257.29	-1010057.03	52.7236
-650151.641	-1042705.927	-649679.88	-1041503.66	18.976
-742335.39	-1026856.18	-741318.219	-1026828.168	20.6803
-731099.497	-1041271.31	-732051.83	-1040986.84	20.3472
-660193.355	-1090932.548	-658870.681	-1093727.726	35.3952
-711277.73	-1024644.39	-710785.11	-1024084.1	16.0789
-776434.28	-976007.81	-776369.209	-975951.979	1.8175
-644044.43	-1036806.581	-645557.515	-1036699.955	20.8668
-694056.52	-1014023.47	-693187.068	-1015097.222	16.5928
-874849.441	-1007985.653	-874312.717	-1007284.93	12.5338
-671829.67	-1073691.16	-670828.26	-1074758.31	16.664
-769188.45	-1037631.87	-769243.19	-1037394.21	5.3029
-648369.812	-1038391.511	-647866.94	-1037895.92	9.4241
-736617.09	-1024933.33	-736897.47	-1026809.06	22.2537
-813476.289	-1065972.225	-813598.366	-1066082.57	3.3029
-693561.4	-1056600.7	-691882.63	-1055588.49	25.4328
-644165.523	-1059726.601	-643931.318	-1060759.431	21.3004
-829630.225	-1065454.87	-827686.949	-1066300.061	24.1055
-701618.13	-1053223.9	-701518.7	-1053203.9	1.1474
-652074.08	-1024611.04	-652123.08	-1024688.68	1.0229
-755956.61	-990921.9	-756545.25	-990581.42	13.6317
-753815.92	-975963.16	-751792.832	-975676.789	27.9827
-786898.14	-991274.68	-786222.78	-992025.7	11.2755
-756545.25	-990581.42	-756563.61	-990560.26	0.7288
-646849.159	-1084496.077	-646860.963	-1084552.205	0.6373
-643782.714	-1036881.502	-643687.778	-1034975.692	22.0053
-783314.78	-1005296.41	-782818.71	-1003395.77	22.1978
-668596.42	-1026512.986	-668332.53	-1025413.37	12.7699
-697477.333	-1035907.731	-697518.488	-1035881.249	0.6812
-698225.61	-1063063.57	-697119.277	-1060869.356	28.049
-812219.241	-1036962.531	-814978.285	-1036787.302	34.558
-876360.227	-1021448.158	-879988.85	-1020805.55	29.2136
-704751.508	-1048567.281	-704737.523	-1048621.589	0.6244
-670493.82	-1074876.4	-669625.087	-1074589.714	33.1679
-681345.871	-1046738.944	-682033.32	-1045775.8	16.6781
-828142.339	-997312.657	-828019.303	-997044.751	4.1327
-661501.52	-1058410.07	-661199.843	-1057677.192	16.206
-789555.135	-1064020.58	-789687.46	-1064102.65	1.8313
-825861.794	-1026578.558	-830311.214	-1027135.661	56.7077
-679257.94	-1038219.08	-679280.26	-1038094.26	2.5482
-730506.49	-1043283.22	-730570.9	-1042956.27	2.5633
-762669.225	-1039851.164	-762593.868	-1038824.962	11.4777
-771087.984	-1050192.956	-771068.06	-1050158.51	0.7959
-658882.42	-1011419.01	-658795.39	-1011722.96	3.5647
-794405.95	-1003945.91	-794212.96	-1004037.02	1.6417
-776368.4	-975487.15	-776387.54	-975479.38	0.4358
-648351.3	-1017818.92	-648420.53	-1016944.91	10.2915
-791767.762	-1034268.061	-794059.78	-1036805.73	42.7735
-672905.118	-1083829.117	-673583.4	-1084431.66	10.1691
-863895.585	-1041876.362	-863940.836	-1042221.619	3.9794
-676351.61	-1015305.71	-676879.59	-1014166.414	16.9218
-840551.637	-1070357.758	-840507.259	-1070476.393	1.4901
-822523.291	-1068631.884	-822489.045	-1069168.568	11.4233
-764974.33	-991600.96	-765196.17	-991442.12	3.0399
-755258.008	-1046325.019	-754869.91	-1046408.2	7.9659
-664104.224	-1047930.346	-662956.071	-1048677.243	15.7362
-755939.14	-1034460.74	-756982.34	-1032183.619	19.3759
-846571.19	-1058231.87	-847074.095	-1057602.076	9.1103
-865264.7	-1006922.21	-864649.983	-1006323.458	10.5375
-709945.145	-1000742.9	-709946.18	-1000726.775	0.359
-653812.476	-1023484.643	-653846.459	-1023468.5	0.8476
-748217.911	-1030589.276	-747674.5	-1033325.3	31.8639
-678155.87	-1069138.538	-675640.02	-1070644.17	34.784
-695466.04	-999732.44	-693763.178	-1000271.218	21.4593
-843841.55	-1002700.27	-843918.16	-1002773.37	2.1825
-845783.24	-1007906.04	-846072.799	-1007934.831	3.3263
-773121.153	-974553.726	-772530.856	-975898.01	17.8723
-772312.553	-1081854.452	-772303.679	-1081833.637	0.2629
-721480.646	-1056896.706	-721472.343	-1056910.857	0.3594
-791324.55	-1023883.27	-790944.406	-1021661.805	26.3054
-780799.07	-998071.35	-781214.734	-998287.394	5.2051
-658622.933	-1059729.837	-657424.799	-1057490.718	30.6569
-645766.812	-1077440.453	-646565.498	-1077448.371	9.3963
-669423.182	-1060972.228	-669122.277	-1060861.011	3.6514
-665214.42	-1066320.27	-664710.698	-1068052.491	21.9545
-661815.94	-1019747.04	-661677.75	-1019517.07	2.9821
-654532.0	-1044940.38	-654226.65	-1044422.6	12.1072
-701596.83	-1012405.94	-701493.122	-1012267.925	3.4552
-770582.61	-973150.378	-769380.29	-972521.91	15.0772
-688948.56	-990840.02	-688782.75	-991454.34	7.2217
-764261.78	-997949.66	-763584.281	-996371.119	21.7163
-726016.3	-1037837.02	-724272.84	-1037388.347	20.5806
-658927.592	-1053462.142	-658334.737	-1052094.419	16.579
-788049.75	-1006847.45	-787761.3	-1006940.55	3.3679
-809415.74	-994203.69	-809385.58	-994210.66	0.9398
-740670.36	-985860.8	-740411.92	-987030.62	14.0606
-768945.24	-980157.05	-767282.221	-980308.449	15.8542
-858009.186	-1049152.542	-858706.713	-1052325.586	39.6876
-645887.77	-1042954.814	-645764.404	-1042735.256	5.0369
-651301.86	-1057897.46	-651414.86	-1057894.12	2.261
-857397.986	-1066928.189	-847463.732	-1070394.531	84.124
-782967.24	-1065482.01	-781276.156	-1065205.766	19.6685
-696821.837	-1044201.127	-695093.919	-1044393.153	19.4312
-712117.51	-1071221.702	-712241.19	-1070905.53	6.7901
-747272.377	-1064367.253	-747683.923	-1064691.835	11.1404
-644277.949	-1038606.572	-644149.596	-1038767.848	2.2939
-862138.977	-1025229.767	-860013.131	-1026158.307	31.5075
-762240.73	-1026225.87	-762115.67	-1026223.8	1.39
-740377.782	-1074139.706	-740628.86	-1074654.03	11.9327
-703567.379	-1020096.168	-702853.68	-1021948.35	22.0965
-744488.19	-1041311.68	-751349.25	-1041115.938	138.5261
-719458.52	-1019522.39	-719458.421	-1019071.828	5.0335
-794127.69	-1003786.15	-795520.982	-1003368.997	17.2668
-792547.07	-975695.2	-791858.12	-976182.05	22.933
-750373.074	-1005566.807	-750378.786	-1005549.152	0.3998
-734677.054	-970731.792	-733829.805	-969647.157	21.0783
-700438.95	-1088340.9	-698428.52	-1089773.763	28.1348
-751460.039	-1074464.813	-751687.387	-1073721.144	9.0701
-701283.64	-1067708.34	-700694.83	-1067745.19	6.5999
-754781.524	-1001917.383	-751747.313	-1007286.838	48.7438
-754895.68	-1063355.495	-754811.591	-1063320.883	1.8187
-736994.459	-1032378.053	-737019.67	-1032551.039	3.8241
-657761.727	-1064862.846	-658394.989	-1065056.914	7.3794
-819172.32	-1071709.66	-817485.111	-1070669.022	22.2282
-715074.63	-1040766.98	-714135.1	-1040635.74	10.6128
-762829.78	-987338.79	-762660.384	-984434.985	33.6678
-737608.164	-1050851.346	-737557.43	-1050809.91	1.3685
-792756.27	-1064989.56	-792559.55	-1065629.64	14.4977
-647370.202	-1070293.104	-647353.082	-1070283.365	0.5578
-732450.31	-1054985.68	-732551.961	-1055116.211	5.1366
-677451.058	-1022228.31	-675183.93	-1021306.91	27.763
-697320.24	-1023642.9	-695390.003	-1024767.071	25.4338
-728805.03	-1039018.55	-729906.312	-1038942.067	12.3263
-864700.48	-1059564.14	-863247.271	-1054696.134	85.6822
-840182.398	-1056753.095	-840183.754	-1056792.045	0.7855
-645504.97	-1076863.933	-645766.812	-1077440.453	7.0535
-769188.45	-1037631.87	-768899.02	-1037496.17	8.7612
-855649.83	-1035660.68	-857068.072	-1034191.237	24.1351
-730719.8	-1045394.6	-730433.77	-1043884.81	11.9181
-647401.8	-1028096.74	-647469.48	-1028188.01	2.2725
-694097.928	-1048485.249	-694503.77	-1049498.43	12.206
-869335.04	-1015775.02	-869236.02	-1015892.63	3.25
-804924.075	-989096.845	-804952.408	-989107.347	0.6096
-753284.357	-1004660.27	-751804.13	-1004450.95	16.8007
-714132.725	-1073338.675	-714126.459	-1073423.687	0.9514
-682609.21	-1044783.43	-681943.75	-1042758.76	24.9371
-724422.035	-1041567.578	-724437.183	-1041554.406	0.2439
-757415.611	-994125.242	-756190.559	-993844.372	14.1313
-696714.09	-1009872.17	-698925.234	-1010862.723	29.8583
-761330.631	-994884.53	-761264.677	-994889.293	0.7677
-752483.391	-1077454.372	-750680.81	-1076644.15	23.1344
-692479.53	-1046283.14	-689840.591	-1046565.689	20.459
-805541.115	-990403.576	-805529.791	-990380.262	0.5937
-754073.5	-1045920.14	-753724.11	-1045846.48	8.7097
-645440.32	-1052446.23	-645364.78	-1052486.63	1.4006
-648646.5	-1065164.625	-648859.67	-1066159.18	12.3693
-674920.11	-1092527.843	-675287.453	-1092727.547	28.3602
-781165.18	-977555.19	-781686.39	-976700.47	12.4296
-705224.412	-1082573.949	-704891.302	-1081539.256	12.2029
-879585.58	-1020819.82	-878764.562	-1022419.216	20.9507
-701009.58	-1089180.0	-700841.682	-1090047.888	25.8218
-796390.94	-1055155.03	-796967.21	-1053971.04	18.1335
-814392.773	-988063.794	-809067.59	-990874.41	72.8721
-719610.632	-1066956.199	-719134.73	-1068870.94	22.3445
-700213.91	-1012677.63	-698847.622	-1012640.27	15.4873
-765174.24	-1037748.31	-765183.32	-1037756.4	0.254
-702329.08	-1044460.32	-702392.08	-1045953.55	17.2727
-694177.33	-1002782.15	-694222.409	-1002472.161	3.5454
-672055.54	-1039487.72	-671942.405	-1039583.898	1.6648
-670852.196	-1050857.433	-670263.038	-1053337.584	29.1259
-780724.916	-1009557.171	-780546.517	-1009551.238	2.0422
-691878.43	-1009643.53	-693161.08	-1007415.74	30.76
-735378.68	-1040730.19	-735488.86	-1040504.8	5.0673
-646786.441	-1046280.427	-645970.479	-1043078.314	25.8491
-675086.81	-1006293.2	-674999.298	-1006664.392	8.9762
-823918.42	-1076379.17	-824123.41	-1076094.96	4.2074
-726367.226	-1053620.562	-726774.909	-1054699.946	13.1369
-724223.542	-1037385.671	-724221.372	-1037346.047	0.8488
-713092.63	-1079204.57	-713031.564	-1079710.978	6.0572
-648919.929	-1048245.544	-648166.53	-1047764.36	6.8809
-824668.188	-1060950.97	-822762.154	-1059353.561	31.6459
-702557.72	-1030313.19	-702807.89	-1029484.95	10.8827
-682674.341	-1028324.974	-682692.846	-1028346.69	0.317
-655326.012	-1024814.439	-655206.639	-1024478.076	7.2597
-784099.891	-975185.692	-785820.327	-976749.551	28.116
-846262.964	-1072549.949	-845892.06	-1072257.44	5.2559
-678883.548	-1033468.819	-679251.22	-1033454.96	4.0901
-784053.28	-1047904.36	-785021.6	-1045330.21	35.691
-680978.05	-1051551.51	-681072.46	-1051644.97	1.5207
-645667.751	-1071370.708	-645265.831	-1071654.948	5.5357
-773231.21	-978427.34	-773248.94	-978418.24	0.4872
-775491.055	-988500.27	-775538.857	-986019.904	31.6075
-767346.246	-1040086.767	-766250.89	-1038585.87	22.6054
-836045.875	-1043452.688	-840037.09	-1044765.746	57.3337
-770537.784	-1010225.627	-766866.215	-1009933.771	41.1882
-660600.09	-1066370.54	-660064.183	-1068439.061	27.373
-686703.625	-986566.091	-686476.08	-990166.38	44.9742
-663227.05	-1065826.86	-662258.351	-1067543.972	23.9549
-745920.493	-1052837.899	-746031.36	-1052928.029	8.4692
-751487.88	-1038347.8	-751592.776	-1038205.716	3.9199
-873151.075	-1009409.353	-873220.634	-1009452.022	1.8199
-759651.247	-1059692.039	-760447.14	-1059615.138	18.2961
-688328.881	-1046580.985	-689513.392	-1046443.612	26.0659
-753912.95	-1033138.8	-753916.336	-1032670.828	5.6286
-778474.61	-1058840.4	-778327.952	-1058733.938	2.2056
-692358.68	-1046574.8	-692295.411	-1046667.796	1.2718
-694503.77	-1049498.43	-696673.394	-1049950.353	26.9732
-794827.259	-986652.482	-794920.703	-986688.056	1.1234
-738037.11	-1005368.743	-740121.86	-1003622.47	33.1233
-700207.76	-1047783.05	-701483.77	-1047075.82	16.6379
-813245.666	-1017991.657	-814942.43	-1022106.92	50.1746
-642077.521	-1092336.307	-641605.123	-1092203.697	9.9956
-658424.33	-1064450.19	-658706.819	-1064884.091	10.5844
-759861.728	-1027256.302	-760986.04	-1026533.61	18.2246
-781414.81	-1012256.33	-779946.4	-1012986.89	25.9188
-792002.03	-1071349.26	-792604.39	-1071830.54	9.296
-708393.03	-1085245.969	-709239.075	-1084687.83	11.7184
-796562.33	-980874.64	-796706.692	-980718.829	4.3038
-765863.36	-1026064.72	-765605.87	-1025824.37	3.9396
-767505.147	-1030465.416	-767305.477	-1030413.63	4.1352
-750027.08	-1005696.608	-750036.931	-1005704.222	0.2562
-670431.0	-1047137.14	-670302.753	-1047033.774	1.8306
-872762.508	-995169.136	-871571.133	-995640.839	48.8777
-807985.91	-1047762.37	-808952.21	-1046616.25	19.5726
-784696.252	-1027101.178	-784613.308	-1027026.831	3.9091
-787023.28	-1009846.62	-788356.44	-1008594.32	21.7402
-715825.398	-1040270.046	-715802.644	-1040275.867	0.5218
-851262.609	-1068848.27	-851363.483	-1068832.609	2.0417
-672648.861	-1053832.57	-671676.996	-1053675.005	11.0468
-692732.56	-1045939.57	-692580.496	-1046095.138	2.4364
-735035.64	-1031357.32	-734056.437	-1031412.866	19.6548
-781142.37	-1024346.29	-778138.73	-1024703.06	33.8883
-829918.574	-1070530.916	-831365.121	-1070584.323	16.2215
-700939.169	-1010810.479	-700850.258	-1010619.439	4.216
-772803.63	-1017751.8	-774940.581	-1017890.853	23.8977
-882361.76	-1020912.45	-880457.418	-1019613.337	28.8415
-670190.15	-1047706.29	-669943.33	-1047802.91	2.0389
-773554.847	-978844.404	-774137.11	-977853.18	23.1177
-668900.263	-1010304.089	-668653.807	-1010130.087	6.2987
-761165.56	-994823.376	-761091.924	-995027.082	1.6672
-682609.21	-1044783.43	-682523.68	-1045236.7	5.1256
-669466.252	-1013763.62	-669471.047	-1013784.39	0.7041
-751863.653	-979629.662	-751196.842	-979431.781	8.2567
-742533.36	-1045896.58	-742587.308	-1046018.625	2.7118
-680107.004	-1067418.19	-679630.205	-1067940.403	14.1662
-663846.34	-1076975.045	-662825.369	-1081498.459	52.575
-660661.6	-1069779.97	-661168.88	-1070300.5	8.1841
-654988.369	-1070998.936	-653540.239	-1071735.365	19.2996
-788856.01	-1038690.79	-788045.69	-1038570.688	10.0074
-716401.15	-1060900.03	-717088.02	-1060102.5	16.6409
-700850.258	-1010619.439	-700834.385	-1010509.411	2.7116
-728436.074	-1061012.176	-728655.924	-1060908.631	2.7608
-723719.755	-987123.519	-726313.87	-985563.72	34.3918
-765196.17	-991442.12	-765681.525	-990725.693	9.8456
-771589.277	-973799.939	-770825.356	-973347.704	10.0148
-838376.918	-1004698.806	-838369.06	-1001460.2	52.1319
-677292.61	-1004621.31	-678849.04	-1004521.86	18.1525
-666720.53	-1075244.117	-666788.659	-1075535.744	6.3145
-639960.604	-1042280.486	-639819.948	-1042245.718	4.124
-864470.66	-1014864.14	-864660.78	-1015185.63	7.5233
-645887.77	-1042954.814	-645518.759	-1042729.318	9.0743
-748140.66	-1005344.116	-748162.565	-1005349.258	0.5146
-871076.13	-1046023.98	-873089.601	-1046057.481	44.2278
-734924.513	-978114.676	-734179.118	-976020.254	25.274
-849181.34	-1044137.53	-847352.14	-1046359.12	37.5606
-824026.79	-1073771.599	-824013.0	-1073699.3	0.8418
-773107.31	-1004082.68	-772708.64	-1004795.07	9.5063
-847631.984	-1026209.072	-850635.225	-1022379.352	55.48
-657007.24	-1069561.841	-657405.41	-1068717.74	10.387
-807952.239	-1072477.849	-808157.36	-1071439.843	21.8644
-797625.12	-1013152.09	-795999.57	-1013472.36	32.6654
-754526.906	-1063536.551	-754453.681	-1063515.296	1.53
-758846.34	-1054643.86	-759343.85	-1055717.92	13.5818
-679703.97	-1011880.87	-680458.8	-1011176.49	11.6143
-709548.831	-1013318.313	-709205.78	-1011739.13	19.5823
-775736.2	-1064261.9	-776364.77	-1062821.26	18.0371
-806200.929	-1062531.738	-806580.366	-1062053.822	12.409
-643351.07	-1073096.02	-644363.219	-1074429.349	19.1039
-717024.88	-1028516.25	-719358.41	-1030469.28	23.4106
-876134.38	-1021131.71	-876124.29	-1021139.59	0.1565
-849869.602	-1048792.886	-848819.369	-1047955.088	15.8092
-719738.436	-1066678.565	-719610.632	-1066956.199	7.4198
-781656.319	-1060949.682	-781669.484	-1061354.464	4.608
-822013.873	-996448.627	-822224.908	-996407.815	2.5355
-806461.312	-1072615.239	-806475.01	-1072614.425	0.3061
-688883.932	-1058199.578	-688732.223	-1058533.682	7.4272
-808708.01	-1000773.94	-808575.344	-1000665.039	1.9078
-675241.22	-1000267.97	-673848.98	-1000552.98	18.236
-751081.699	-983234.876	-751028.92	-981540.47	19.7135
-647971.86	-1063967.988	-647949.802	-1063977.55	0.5334
-737378.41	-1051200.73	-734833.8	-1053003.25	34.8409
-800608.9	-1067009.36	-804737.03	-1062302.394	77.4487
-758836.53	-1033845.27	-759056.26	-1033704.719	5.2171
-747889.099	-1030600.482	-747306.301	-1028328.545	27.4941
-789753.24	-1064120.66	-789709.144	-1064199.061	1.1247
-819511.67	-1075826.07	-819588.885	-1075793.762	2.0276
-739856.55	-1048772.52	-739172.11	-1048818.336	13.7958
-769100.28	-1034464.36	-769389.42	-1033348.2	13.0408
-677452.67	-996678.42	-674315.48	-997936.62	40.9275
-887693.209	-1018971.361	-887588.336	-1017002.628	25.0007
-728996.04	-1005550.439	-728571.644	-1005629.372	4.8479
-685424.56	-1032839.43	-686288.658	-1034859.718	25.7506
-648563.304	-1072847.197	-649162.702	-1072381.248	8.4764
-803234.05	-1000504.67	-802861.71	-1001269.784	11.1933
-786429.169	-985671.17	-786504.24	-985626.52	1.7713
-778937.795	-1029962.107	-778803.67	-1029766.5	4.7448
-663061.438	-1022726.344	-661815.94	-1019747.04	40.0421
-835023.352	-1038205.577	-834866.785	-1038392.737	2.7177
-806814.361	-1057381.18	-809714.232	-1056420.091	38.3726
-778981.648	-981746.448	-779063.45	-981850.24	2.6431
-816858.775	-987381.333	-818230.1	-984913.28	33.1699
-659288.519	-1008355.189	-659300.865	-1008357.932	0.2841
-689214.05	-1020423.947	-685901.05	-1019332.07	45.8989
-771139.03	-1003724.68	-771256.68	-1004227.34	6.2228
-812826.87	-1005193.35	-812613.446	-1005240.202	2.4279
-735859.82	-1031839.76	-734199.75	-1031885.47	19.1334
-822593.74	-1069482.0	-822396.22	-1069384.95	4.8745
-657177.89	-1027416.55	-655721.4	-1026706.88	20.619
-659098.75	-1009155.77	-655915.64	-1010865.18	43.8782
-735658.926	-1031187.02	-735677.204	-1031198.34	0.476
-784998.81	-991020.33	-783623.3	-991692.49	17.7129
-754478.268	-1002091.131	-755025.976	-1001778.306	4.8575
-649281.836	-1061781.562	-649269.117	-1061763.106	0.4955
-656067.747	-1048723.149	-655883.891	-1048425.175	3.8918
-768977.62	-1034588.88	-767141.08	-1033645.5	23.3173
-654724.454	-1031065.877	-654626.586	-1030590.14	5.5353
-804992.853	-989111.787	-805000.518	-989097.218	0.3574
-721515.93	-1016968.04	-720744.89	-1017999.41	14.7346
-766803.76	-1037074.27	-766794.91	-1037066.09	0.2629
-750079.66	-1033913.28	-751596.74	-1033037.27	20.0896
-682386.51	-1045201.04	-682523.68	-1045236.7	1.5852
-752136.14	-1042822.68	-751603.929	-1041232.075	12.9783
-776655.935	-975605.359	-776656.257	-975645.026	1.3541
-887777.614	-1019985.955	-887560.516	-1019868.019	2.8225
-805133.389	-994169.159	-805259.48	-994166.93	2.5559
-747041.264	-1017634.962	-747318.87	-1017001.64	7.7097
-752690.62	-972236.13	-752952.03	-971384.738	13.7536
-673270.08	-1043444.385	-669535.23	-1044445.601	42.9786
-812119.815	-1017145.01	-813245.666	-1017991.657	15.9609
-728836.996	-1077840.299	-728849.261	-1077896.152	2.0902
-674087.966	-991095.283	-674100.64	-991599.67	15.8766
-829774.868	-1072801.654	-829800.781	-1072833.673	0.4835
-741471.85	-1019735.03	-738491.09	-1020682.01	35.4074
-652788.52	-1024989.77	-652123.08	-1024688.68	9.0168
-704453.1	-1014660.56	-704896.61	-1014942.03	4.0474
-737298.622	-1057931.764	-737351.19	-1057924.427	1.2139
-759694.68	-976470.55	-758080.6	-977733.33	33.8572
-769519.22	-1080204.5	-770262.821	-1080426.88	8.8877
-710240.621	-1036353.305	-706685.6	-1037092.63	42.2474
-762853.52	-1061995.16	-763618.94	-1061358.01	13.4619
-848715.44	-1050724.55	-848771.631	-1050724.211	1.1238
-647598.453	-1070426.818	-647345.533	-1071014.407	12.9329
-699629.87	-1055317.49	-699196.5	-1055916.06	9.0636
-830303.18	-997579.08	-831240.458	-999151.728	29.9517
-742545.072	-1015029.101	-743374.6	-1015246.99	9.6594
-716425.506	-1057311.845	-715946.22	-1057343.1	9.6063
-648646.5	-1065164.625	-648566.084	-1065178.916	1.6336
-722222.22	-997971.0	-725453.136	-998817.093	57.3458
-865156.072	-1016055.06	-865272.948	-1015986.292	2.7172
-670833.536	-1070603.537	-670881.948	-1069497.115	23.2006
-709135.278	-1086147.785	-711374.99	-1085861.61	25.4058
-766752.906	-981642.493	-767019.3	-982605.74	12.0655
-817594.573	-1036995.655	-817623.148	-1037014.96	0.6897
-711131.66	-1011675.56	-711094.626	-1011664.817	0.4286
-759244.033	-1068497.749	-759142.75	-1068600.375	1.6197
-783351.96	-1064711.49	-783872.32	-1065262.31	16.0905
-706685.6	-1037092.63	-705454.27	-1037701.34	16.4387
-702667.689	-1022336.44	-702017.25	-1023575.44	15.9596
-847352.14	-1046359.12	-847324.257	-1046292.378	0.8484
-788405.81	-990185.11	-788446.462	-990047.331	2.8794
-782979.14	-1007118.42	-782026.167	-1007397.616	20.2979
-776634.42	-1027612.8	-774109.779	-1027302.216	30.7969
-754059.77	-1046108.69	-753858.425	-1046002.964	4.6132
-802665.56	-986793.53	-804600.045	-988821.064	32.2323
-686413.35	-990741.71	-685505.55	-990812.11	11.9249
-882622.57	-1021971.004	-883757.002	-1021715.412	8.9652
-874849.441	-1007985.653	-878042.415	-1004389.221	69.4129
-669497.98	-1013920.47	-669486.06	-1013907.47	0.3599
-773808.417	-1047373.8	-771084.12	-1044639.87	47.1613
-772523.117	-1081971.363	-772404.43	-1081947.67	1.4419
-787651.31	-989675.49	-787424.51	-989781.65	5.3187
-810760.28	-991750.83	-814420.08	-988131.19	58.1564
-709955.586	-1000746.529	-709945.145	-1000742.9	0.2303
-660240.66	-1003312.06	-660596.22	-1003097.49	4.6548
-739011.19	-1040229.08	-738890.244	-1040092.129	6.3184
-847235.691	-1007495.607	-847170.479	-1007441.499	0.9415
-760105.85	-976644.44	-760266.0	-976457.688	4.9976
-757097.594	-1032250.122	-756802.63	-1032153.56	3.4488
-682911.605	-1089391.638	-682615.938	-1087826.567	17.8455
-885893.23	-1020667.615	-883700.873	-1019663.734	27.6377
-753698.5	-1066634.56	-753877.82	-1066653.36	3.8537
-776572.98	-975967.95	-776316.188	-975779.5	6.8904
-696417.162	-1054119.286	-696930.45	-1054809.26	9.6069
-764436.4	-977167.332	-764426.058	-977139.381	0.6203
-650798.66	-1020546.9	-649268.93	-1019995.56	18.3147
-781509.07	-1047399.61	-778604.682	-1048733.957	35.532
-766626.437	-972314.671	-766952.821	-971853.213	6.2802
-838402.846	-1065280.683	-838418.981	-1064292.207	11.7115
-758416.97	-970988.03	-759505.373	-970185.822	15.1363
-639884.649	-1068454.388	-639989.465	-1068443.161	3.4671
-752716.919	-1009641.85	-751059.36	-1010180.34	19.5232
-647949.802	-1063977.55	-647953.556	-1063944.924	0.889
-784289.205	-1026790.087	-784268.435	-1026788.976	0.4456
-823997.083	-1031074.688	-823993.2	-1034841.931	56.6087
-884612.115	-1021810.074	-884584.089	-1021818.952	0.3912
-768447.69	-1028149.04	-768419.55	-1028090.41	1.3013
-730531.813	-1057439.07	-730564.38	-1057446.88	0.3721
-859296.61	-1031466.39	-860160.79	-1029930.809	21.6897
-809067.59	-990874.41	-808753.15	-991205.09	9.1608
-760864.513	-1000583.034	-757012.059	-1000191.644	43.3103
-880151.53	-1017056.729	-880106.128	-1017037.521	0.5478
-866570.558	-1040967.68	-864577.617	-1039218.412	39.4352
-760604.3	-1013328.54	-760003.88	-1013059.59	7.3255
-845398.449	-1044515.837	-846070.357	-1044381.777	8.5904
-690247.146	-995050.618	-690242.41	-995107.0	0.631
-731145.825	-1053372.089	-731354.323	-1054921.893	18.2532
-646362.235	-1071521.322	-646157.913	-1071175.528	8.1756
-812576.94	-1013960.82	-812896.76	-1013097.99	10.3749
-699321.98	-1074296.04	-699291.53	-1077338.05	35.4949
-808859.77	-1004533.06	-808775.884	-1003795.998	8.7155
-659466.97	-1008885.9	-658882.42	-1011419.01	36.752
-841116.01	-1031187.07	-841612.48	-1029097.62	38.5405
-701864.5	-1027910.07	-702777.85	-1027874.37	22.6471
-773723.726	-1016297.862	-775931.861	-1014770.023	21.1175
-734657.59	-1033417.9	-734560.737	-1034385.235	19.5198
-795581.52	-1003424.16	-798811.049	-1001939.102	39.5686
-673583.4	-1084431.66	-674053.53	-1083790.15	8.9372
-662153.973	-1068753.801	-660064.183	-1068439.061	23.5755
-757098.591	-1047047.502	-757110.445	-1047042.846	0.2799
-699196.5	-1055916.06	-699352.38	-1057446.86	18.0299
-683485.717	-1066495.028	-683505.878	-1066498.52	0.4388
-720073.289	-1071319.818	-720117.76	-1071251.49	0.6271
-746947.0	-1017091.25	-746965.041	-1017374.599	3.489
-754170.984	-982983.49	-753093.273	-983301.577	14.212
-759505.373	-970185.822	-759541.615	-970262.409	0.9435
-760144.97	-1011847.89	-763051.01	-1010558.8	36.5197
-644447.233	-1038261.923	-644318.761	-1038051.714	2.7587
-745964.59	-1022943.18	-745978.025	-1022943.676	0.2831
-643049.81	-1024267.01	-641679.37	-1023333.67	20.7046
-727438.719	-1062037.833	-725979.904	-1063751.37	31.5453
-710938.84	-1049923.0	-710182.35	-1049300.4	11.6935
-762993.042	-1036759.664	-761681.41	-1037105.19	16.2618
-647185.92	-1043354.23	-646328.303	-1042747.946	11.6802
-712204.06	-1019056.16	-712059.61	-1018772.808	6.3748
-773086.402	-978766.973	-773198.18	-978453.94	6.9546
-680353.748	-1082497.976	-678596.625	-1082820.423	22.2417
-687171.65	-1008606.97	-687068.48	-1007962.774	9.7731
-760693.291	-1033875.884	-761207.79	-1034014.75	5.9234
-639822.083	-1043110.517	-639956.58	-1043068.73	5.604
-842891.95	-1010664.03	-841795.204	-1010891.984	13.0218
-647876.97	-1093900.63	-647923.93	-1094532.48	7.1239
-723479.16	-1003385.98	-726309.65	-1005617.59	50.9209
-678047.049	-1087810.462	-679247.175	-1087907.718	13.6937
-743703.125	-1025022.688	-743575.018	-1025210.438	4.5666
-792625.32	-979606.04	-792674.46	-979701.73	1.1967
-645846.83	-1036798.13	-645557.515	-1036699.955	6.2777
-733563.58	-1053923.28	-732591.292	-1053824.167	19.7084
-781254.31	-1068262.15	-780713.7	-1068654.21	7.6246
-709945.145	-1000742.9	-709158.077	-1001193.512	20.0533
-831841.063	-1024543.551	-832441.61	-1024564.49	6.6768
-776401.408	-979320.987	-776179.99	-979470.54	2.9953
-854925.579	-1011335.927	-855036.52	-1011397.23	2.7175
-749242.33	-1044511.21	-749256.54	-1044624.59	2.2864
-653279.646	-1022982.362	-656153.82	-1021977.87	43.4132
-692580.496	-1046095.138	-692629.241	-1046029.703	0.9174
-701061.351	-1010492.143	-701164.592	-1010397.339	2.809
-702329.08	-1044460.32	-703440.6	-1044823.18	13.1085
-767940.059	-1080699.253	-766339.96	-1080322.38	22.773
-702499.68	-1071902.7	-702046.11	-1071741.6	5.4349
-776711.619	-1034332.795	-775574.553	-1033623.234	28.5314
-762838.747	-1028415.402	-765278.0	-1028005.63	37.7898
-703487.682	-1089002.434	-703550.361	-1088756.538	1.952
-697656.66	-1053658.25	-697797.7	-1053567.25	2.1235
-754248.45	-997021.37	-755855.912	-995499.119	28.5623
-646644.983	-1068689.468	-646669.286	-1068695.164	0.308
-723882.82	-1021668.55	-721976.127	-1020248.353	31.4621
-753815.92	-975963.16	-753461.559	-974339.895	33.6296
-735161.18	-1040923.29	-734517.46	-1041013.28	8.6194
-690789.28	-1055998.43	-690737.62	-1056009.16	0.5863
-702747.23	-1018674.96	-701933.768	-1018659.443	9.9377
-811942.127	-1065484.031	-812396.788	-1065188.615	6.2776
-771884.49	-1066599.35	-773240.26	-1065794.28	18.8098
-731996.41	-998262.67	-731289.347	-998442.003	9.5494
-769898.313	-1034656.295	-770954.56	-1034522.777	22.2851
-801278.029	-1013124.806	-803282.683	-1012488.552	25.9131
-833778.651	-1072472.294	-833813.423	-1072429.324	0.728
-689389.55	-1041615.82	-689416.53	-1041345.84	5.4457
-720073.289	-1071319.818	-720011.75	-1071233.346	1.2718
-800495.161	-978110.673	-802784.597	-977214.719	30.1542
-669134.93	-1002948.15	-668845.316	-1003441.49	11.7605
-673103.375	-1012159.25	-673065.66	-1012180.91	0.8698
-698771.08	-1081531.451	-699228.75	-1084220.74	42.117
-757900.28	-991078.62	-757882.5	-991091.75	0.2705
-749120.289	-990973.438	-748963.84	-990711.37	3.3955
-679741.72	-1010278.02	-679781.5	-1010354.11	3.2538
-784323.73	-1006892.02	-783314.78	-1005296.41	20.9921
-653680.66	-1007828.78	-653736.225	-1007576.657	5.8158
-869348.34	-1019589.98	-869448.36	-1018125.62	20.2027
-714685.022	-1069750.904	-713596.42	-1070205.29	19.0343
-721472.343	-1056910.857	-721440.643	-1056896.976	0.9179
-652274.886	-1066104.592	-651339.498	-1066525.743	13.0043
-670464.738	-1071072.651	-669237.85	-1071413.68	14.5472
-861192.21	-1005818.49	-861128.379	-1005824.81	0.7136
-722247.869	-1041388.495	-722238.651	-1041371.728	0.2489
-713461.529	-1057701.511	-713318.64	-1057596.11	3.5727
-668300.58	-1045107.33	-668266.098	-1045163.806	1.3342
-784613.308	-1027026.831	-779046.215	-1029571.411	48.9141
-666540.647	-1070261.263	-667580.854	-1071084.734	15.444
-700237.043	-1054401.725	-701143.14	-1055185.74	18.4219
-827627.983	-1065980.046	-827686.949	-1066300.061	6.5961
-673264.643	-994341.451	-675164.0	-992953.53	33.7052
-756216.449	-1043874.105	-756958.69	-1044056.74	16.3683
-695648.89	-1038421.25	-695525.99	-1038429.14	1.3898
-792713.08	-994913.79	-788872.45	-997502.602	54.7974
-851078.489	-1018209.76	-850960.186	-1014908.947	44.3323
-740361.66	-987432.43	-740411.92	-987030.62	8.7751
-804204.364	-1015322.504	-802459.515	-1014326.771	24.375
-819582.875	-1075697.375	-819567.0	-1075685.25	0.4408
-867902.159	-1006942.079	-867876.413	-1006927.398	0.359
-759487.57	-1004337.58	-761119.495	-1000997.084	54.9446
-727802.84	-1023207.34	-726689.83	-1026631.446	45.1045
-736333.4	-1081373.52	-736689.21	-1080041.06	16.8293
-776387.54	-975479.38	-776091.86	-974206.31	14.9501
-680256.859	-1067463.219	-680243.275	-1067444.876	0.5794
-805117.21	-995960.29	-805449.757	-996900.841	11.2347
-736414.985	-973035.118	-736741.105	-973060.952	4.0025
-751400.001	-1045798.738	-751284.51	-1045846.232	2.6412
-877281.783	-1023219.796	-877286.626	-1021488.591	20.6305
-769382.87	-990174.37	-770746.85	-990883.12	19.4513
-790637.26	-1060634.4	-790053.6	-1059337.48	15.8845
-753144.283	-1019290.304	-752741.46	-1017317.94	22.4846
-737329.67	-1035835.62	-737024.99	-1036287.62	6.0682
-696412.988	-986870.134	-696398.86	-986594.61	3.0832
-822338.15	-1022359.13	-821865.352	-1022146.499	5.9437
-826325.4	-1047991.61	-826695.7	-1046988.145	11.9974
-763206.265	-1083508.236	-765353.59	-1080221.63	61.5179
-756770.213	-1065375.482	-756844.741	-1065253.931	3.1447
-680184.437	-1024783.66	-679164.725	-1024308.852	14.4411
-652693.444	-1028466.555	-652444.32	-1028726.62	4.0016
-765106.286	-1060529.073	-766384.884	-1060137.681	17.0336
-716142.935	-1064705.901	-715849.855	-1067543.626	35.3929
-762990.67	-1017658.57	-761383.292	-1015001.54	34.5725
-695962.77	-992333.25	-695463.99	-991622.97	9.6642
-760447.14	-1059615.138	-761068.2	-1059492.78	16.2666
-728238.84	-1027416.73	-729694.704	-1025204.159	45.7194
-784665.876	-1007701.217	-784354.602	-1007709.4	3.4625
-767662.53	-981154.36	-766752.906	-981642.493	12.0962
-700237.043	-1054401.725	-699629.87	-1055317.49	12.4365
-760349.589	-988703.119	-760366.64	-987873.39	9.503
-779038.47	-1029561.661	-784288.839	-1027120.132	46.3497
-770494.286	-1053928.15	-773585.129	-1055782.565	28.1534
-765269.55	-1061964.842	-765293.39	-1061827.9	1.55
-784199.89	-1065298.81	-786505.52	-1066825.13	31.4154
-787060.19	-989261.78	-784998.81	-991020.33	35.8316
-782560.95	-1028351.4	-784268.435	-1026788.976	26.1497
-807087.86	-996251.48	-806963.57	-996427.91	2.575
-776164.42	-977575.59	-776389.105	-977198.922	9.3746
-819391.504	-1042895.331	-821163.064	-1040511.731	48.1904
-703567.379	-1020096.168	-700575.05	-1020715.85	36.6009
-771129.77	-1013837.5	-771409.02	-1011313.29	28.4836
-668570.513	-1008622.189	-668127.32	-1007452.69	14.3105
-688387.54	-1023531.44	-687058.38	-1025912.7	33.6983
-653629.213	-1024181.643	-653654.524	-1024225.887	1.0678
-640061.58	-1043028.02	-640457.476	-1043228.455	9.1777
-701201.77	-1010349.33	-701716.99	-1010012.84	12.3165
-670591.351	-1068779.942	-669692.44	-1068140.09	12.7217
-688204.498	-1045604.069	-688351.24	-1045429.23	4.7903
-841670.444	-1018144.384	-841410.33	-1016492.513	22.5319
-765271.33	-1038248.14	-765168.47	-1037772.7	10.313
-829202.567	-1059275.791	-829250.68	-1058476.11	9.1447
-655487.301	-1082266.333	-655546.801	-1084139.926	23.9223
-754368.65	-1063473.26	-754225.14	-1063340.86	4.0736
-867441.345	-1002735.791	-868041.697	-1002230.454	8.9646
-865689.492	-991806.891	-862451.551	-989807.102	48.8323
-647790.847	-1067393.64	-647880.34	-1067696.773	6.4098
-849513.93	-1008292.36	-848549.27	-1008367.37	19.6849
-644237.59	-1084047.54	-645473.846	-1084218.04	15.2597
-753237.13	-1041854.936	-753384.83	-1041809.36	1.1895
-773437.1	-1067513.94	-773571.182	-1068163.625	13.6114
-748963.84	-990711.37	-747671.952	-990070.094	16.5179
-750617.781	-1076624.699	-750625.795	-1076596.379	0.3303
-685775.306	-1008252.372	-686593.53	-1007380.87	13.9791
-757608.017	-1040053.534	-757855.65	-1040223.969	7.185
-804263.349	-1031449.801	-801061.994	-1032382.651	37.9498
-645570.393	-1042290.671	-645685.415	-1042500.373	2.6598
-757012.059	-1000191.644	-756634.32	-999950.65	9.7387
-742481.38	-983608.42	-741438.097	-984864.973	18.4752
-681529.022	-1022174.331	-683331.887	-1021783.553	21.9216
-694676.06	-1062700.39	-694785.121	-1062521.895	2.3245
-739324.81	-1048782.878	-740088.274	-1048662.678	15.7427
-718889.95	-1006082.01	-718947.25	-1005997.56	1.1344
-655607.26	-1048587.63	-655812.1	-1048450.58	5.1392
-788477.217	-1013950.601	-788497.064	-1013954.972	0.364
-727547.636	-983761.853	-727533.57	-983771.26	0.3384
-669625.087	-1074589.714	-668960.1	-1074642.45	13.6318
-732608.251	-1056995.402	-732788.99	-1056914.48	3.994
-767138.17	-980622.421	-767241.0	-980439.39	2.4915
-684496.2	-1065703.32	-684424.781	-1065700.399	1.4296
-640988.613	-1069351.753	-640839.104	-1070655.431	18.1044
-712002.982	-1034390.585	-715062.318	-1036305.579	44.9015
-810633.478	-1066041.128	-811681.231	-1065758.167	12.271
-757564.373	-1039753.091	-757602.58	-1040026.348	3.0666
-702114.812	-1043261.196	-702329.08	-1044460.32	13.8258
-698194.99	-1034920.52	-698247.6	-1034623.78	6.0438
-790841.527	-991416.733	-790800.756	-991445.291	1.4925
-814235.79	-1004758.79	-812826.87	-1005193.35	16.4107
-783244.85	-1011887.99	-783625.48	-1009898.28	22.6919
-802861.71	-1001269.784	-802728.095	-1001775.969	7.8763
-822396.22	-1069384.95	-822828.862	-1069529.776	11.1479
-725019.592	-1035314.128	-725039.921	-1035332.008	1.0034
-685232.746	-993710.463	-685133.178	-993721.288	2.0031
-772541.83	-980125.34	-772686.635	-979904.72	3.0457
-759887.37	-972841.89	-759850.619	-972865.737	0.8779
-652384.421	-1032220.303	-653653.858	-1031493.301	17.0901
-693305.03	-1004407.28	-692416.863	-1004296.387	19.236
-824094.906	-1069738.914	-824839.115	-1069927.949	15.381
-727294.932	-1054418.92	-727026.639	-1054719.235	8.0549
-735808.48	-1009613.24	-736050.663	-1009638.721	4.8916
-700006.43	-1023097.54	-698173.226	-1023945.333	23.9203
-848950.995	-1010127.127	-849099.645	-1010295.279	5.6571
-656218.933	-1033673.179	-659721.31	-1032357.81	46.9164
-766744.49	-996216.03	-766350.084	-995474.104	22.6804
-648343.932	-1058416.838	-648320.15	-1058431.014	0.7703
-757900.28	-991078.62	-759601.922	-991807.613	21.0195
-653082.09	-1010352.41	-653126.72	-1010249.25	2.2621
-696258.275	-1045456.41	-696029.39	-1045481.76	1.7714
-645895.34	-1082488.863	-645277.476	-1083572.424	16.3068
-757922.63	-1027951.45	-759861.728	-1027256.302	27.0053
-644666.797	-1038327.29	-644574.533	-1038412.225	1.4737
-641629.526	-1037040.407	-641686.67	-1037076.0	1.4112
-778849.38	-1029617.777	-778900.318	-1029531.5	2.3837
-754384.573	-976431.956	-756035.714	-978645.227	43.9428
-754537.15	-1035708.28	-754607.573	-1035644.477	1.9005
-765572.3	-1028412.02	-765278.0	-1028005.63	10.2963
-649428.98	-1060875.631	-649209.144	-1061099.602	6.6674
-702142.2	-1009771.98	-701765.41	-1010006.88	8.9239
-805526.666	-1063574.646	-804737.03	-1062302.394	16.7763
-779107.83	-979354.97	-779398.2	-977284.25	24.3414
-780880.66	-1009150.77	-780888.98	-1009117.11	0.3854
-707385.36	-1021461.53	-707388.19	-1021381.55	1.6746
-642893.841	-1071604.898	-642862.219	-1071659.45	1.2934
-841388.927	-1061952.353	-840120.3	-1063468.548	29.0979
-688121.91	-1005129.46	-688787.54	-1007956.6	35.768
-689541.189	-1046445.739	-689527.613	-1046455.283	0.3533
-784989.074	-1052835.696	-785178.16	-1051782.72	22.2935
-731564.343	-1067858.126	-734041.0	-1068720.0	31.3505
-809177.84	-994195.19	-807092.05	-996176.3	22.3432
-734206.583	-1013901.0	-734275.116	-1013785.963	2.6926
-743594.29	-1020628.84	-743307.88	-1019662.27	11.6367
-773047.06	-1031228.34	-773146.172	-1031233.812	2.0739
-745720.029	-1042594.344	-748398.11	-1043188.53	55.4156
-773753.99	-990806.97	-773776.733	-991481.284	7.8717
-697658.14	-999543.02	-697706.206	-999723.703	3.7963
-799447.07	-1001740.2	-799420.636	-1001728.866	0.3566
-805227.15	-994348.1	-805178.36	-994250.13	2.1934
-691771.528	-1023419.177	-692578.833	-1024496.341	15.2612
-757209.257	-1016685.09	-757573.93	-1017125.61	11.5607
-668719.83	-1079577.06	-668550.57	-1078945.44	8.4699
-718280.08	-1046521.31	-718478.89	-1046912.61	9.1399
-787458.04	-976936.43	-788457.09	-972162.696	84.3766
-686415.83	-991132.39	-686013.62	-992607.43	13.9534
-699220.004	-1086836.49	-699280.96	-1087095.96	5.3319
-762418.26	-993299.638	-762408.894	-993314.666	0.3988
-709908.03	-1003993.08	-707517.7	-1004096.04	27.9274
-773776.733	-991481.284	-773517.96	-992433.34	11.0857
-787231.58	-989358.37	-788376.49	-989836.61	25.9711
-683198.19	-994624.7	-683207.8	-994620.61	0.2403
-675700.96	-1002830.98	-677014.66	-1004511.1	27.429
-707894.669	-1073609.691	-706944.713	-1074501.568	14.9588
-672915.76	-998637.81	-671859.83	-999802.66	18.0761
-753684.045	-981066.838	-753237.843	-981234.533	6.681
-647877.341	-1062897.559	-647953.556	-1063944.924	21.0299
-661131.88	-999947.81	-659985.939	-1000099.681	19.091
-696684.966	-1001039.062	-697841.33	-1001068.24	23.687
-658457.852	-1051857.961	-660127.47	-1052094.61	19.3095
-700575.05	-1020715.85	-700439.49	-1021063.54	4.4429
-783131.41	-990621.49	-783623.3	-991692.49	13.869
-857068.072	-1034191.237	-857239.13	-1033987.9	3.1222
-690215.99	-997210.744	-690377.59	-997946.71	15.0932
-822828.862	-1069529.776	-822634.434	-1069568.19	4.0867
-722190.11	-1085142.7	-722774.5	-1086079.5	23.8012
-680982.82	-1047338.25	-671162.07	-1047532.52	78.4133
-674233.93	-1014672.0	-673831.38	-1015394.53	9.3987
-774508.13	-1029300.61	-776238.3	-1029861.59	20.6792
-641514.061	-1025133.864	-641193.869	-1025947.045	9.9929
-779946.39	-983146.06	-779866.125	-983130.25	0.9677
-783380.611	-977760.113	-782260.598	-979205.504	21.3973
-730549.63	-1057384.57	-730564.38	-1057446.88	0.8002
-807102.733	-1044347.395	-807229.254	-1046838.007	28.1064
-727611.89	-994246.69	-727201.508	-993032.23	16.4924
-746297.391	-1054350.964	-746302.213	-1054356.205	0.1424
-762849.939	-1040391.14	-762683.732	-1040426.102	3.4077
-789839.955	-1064168.588	-791156.4	-1065068.98	18.6146
-699629.87	-1055317.49	-698131.165	-1054356.979	24.4769
-801505.879	-1008101.374	-801122.25	-1008105.063	8.1292
-758874.248	-1013426.521	-758651.08	-1013410.21	2.5349
-848819.369	-1047955.088	-851819.82	-1047523.5	42.2693
-697594.008	-1001104.644	-697580.815	-1001079.1	0.7098
-752455.375	-1043124.0	-752548.071	-1043362.204	5.1794
-802140.854	-1005863.006	-802676.101	-1005159.873	10.2077
-701469.49	-1070934.9	-701079.66	-1070721.51	5.9991
-749519.933	-1033738.228	-750114.58	-1032506.51	16.2738
-699394.9	-986624.89	-698879.637	-982194.738	78.7357
-690314.82	-995625.48	-691047.04	-995263.18	10.4784
-772523.117	-1081971.363	-772421.69	-1081831.94	1.3263
-683974.6	-995282.95	-683963.034	-995271.046	0.3558
-816858.775	-987381.333	-816748.835	-987169.243	2.6855
-683702.637	-993016.242	-683516.07	-993478.96	10.0319
-734125.148	-1068801.398	-734645.857	-1072632.119	54.2298
-673109.289	-1077823.336	-672376.184	-1079422.655	19.5482
-783886.97	-988418.09	-783838.86	-988399.59	0.5999
-869618.203	-1007584.616	-867839.488	-1006747.598	25.5863
-721021.3	-979133.49	-721298.45	-978901.33	4.381
-728301.83	-1039146.96	-725845.5	-1038792.9	28.0749
-776638.16	-1070415.12	-777253.82	-1070743.77	7.8903
-652477.023	-1062427.322	-652591.71	-1064360.351	21.7174
-645414.186	-1049574.493	-644748.24	-1050053.81	16.7348
-702949.797	-1052173.005	-702984.99	-1052881.869	9.4789
-643742.916	-1069951.408	-642044.356	-1068029.289	31.0159
-751217.73	-988675.46	-751415.81	-988789.17	2.7115
-821533.491	-996041.098	-822296.228	-994827.281	21.9767
-807261.441	-1077681.501	-806619.044	-1074946.343	37.191
-766198.249	-972617.169	-766216.779	-972599.195	0.3198
-748375.322	-995418.19	-750699.369	-993068.138	43.43
-793186.073	-983160.595	-793199.2	-983181.61	0.3189
-719197.733	-1004911.061	-719771.92	-1004374.9	9.0234
-684449.59	-994630.45	-684400.46	-994761.98	2.8122
-773691.55	-1068502.23	-776638.16	-1070415.12	40.294
-742265.16	-1013559.67	-741398.042	-1014878.314	19.3249
-734280.716	-1013780.281	-734442.59	-1013574.83	5.2561
-831921.084	-993054.912	-832231.66	-993998.69	11.4404
-844761.0	-1030903.255	-845062.714	-1031835.4	26.0343
-736940.38	-981618.48	-735923.36	-981412.58	12.4811
-789194.89	-990872.61	-789149.05	-990849.48	1.3104
-683723.053	-994868.062	-683735.771	-994863.405	0.3121
-686627.96	-1059580.54	-686631.93	-1059677.05	1.2933
-642292.66	-1093616.92	-642296.01	-1094976.12	18.0527
-804946.338	-989020.174	-804806.243	-988967.024	2.9999
-770028.61	-1016007.78	-770275.01	-1015936.58	5.5813
-735923.36	-981412.58	-734124.18	-979885.81	28.506
-784579.81	-1007557.27	-784577.155	-1007581.555	0.3063
-780917.64	-1051279.978	-781677.917	-1049785.142	20.5665
-879988.85	-1020805.55	-880186.05	-1020865.91	1.5876
-763578.23	-983007.87	-763706.99	-983102.71	1.8124
-782395.67	-1066785.34	-781254.31	-1068262.15	21.603
-686631.93	-1059677.05	-686522.06	-1059508.8	3.806
-837528.25	-994688.83	-836533.603	-997062.735	49.9276
-776678.43	-975431.97	-776861.68	-975078.71	7.9656
-727943.789	-1072192.206	-727983.52	-1072141.29	1.4275
-678318.291	-1002398.486	-677664.48	-1003816.44	18.2341
-791324.55	-1023883.27	-791567.2	-1023807.89	5.0839
-744517.364	-1048937.733	-744457.86	-1048976.82	1.4352
-795607.24	-1018154.0	-794781.54	-1019822.93	21.9895
-757608.017	-1040053.534	-757592.42	-1040046.747	0.3641
-645348.96	-1052271.34	-645440.32	-1052446.23	2.23
-765694.119	-990470.415	-764212.02	-984411.28	54.5515
-708579.181	-1062557.106	-706947.95	-1063003.73	20.727
-847134.79	-1070900.84	-847137.84	-1070687.912	2.3662
-740001.971	-1073894.731	-740007.973	-1073765.578	2.6625
-719061.461	-1038404.118	-719060.561	-1038420.999	0.3762
-784103.78	-1064968.52	-783889.677	-1065255.525	9.2017
-740001.971	-1073894.731	-740377.782	-1074139.706	9.2244
-751596.74	-1033037.27	-751004.0	-1032435.41	9.7556
-740042.44	-1023752.96	-738444.2	-1024753.62	21.7536
-791870.0	-1012130.96	-792004.99	-1012400.74	3.4005
-686073.991	-993614.154	-686056.885	-993614.347	0.4414
-822224.908	-996407.815	-821541.517	-996065.46	8.5278
-803597.372	-1026385.44	-804735.243	-1026440.667	12.6591
-681547.55	-1054896.15	-682471.77	-1053166.07	22.2945
-809318.62	-991774.95	-808621.52	-991377.83	18.5393
-692383.73	-998440.59	-692271.29	-998306.92	1.3451
-690031.769	-995179.741	-689576.86	-994911.26	10.7459
-753404.14	-1020020.39	-755302.51	-1019567.2	27.4629
-791957.075	-1004787.086	-792127.679	-1002992.899	23.1408
-876242.996	-1030422.038	-877455.749	-1028168.893	31.0888
-714682.48	-1006423.8	-714027.24	-1005063.45	17.405
-850080.397	-1074377.018	-850098.317	-1074396.593	0.3499
-847164.007	-1052900.35	-847511.823	-1052531.185	5.7097
-796123.47	-986051.64	-797594.76	-986146.4	16.4489
-645267.57	-1031669.73	-644872.92	-1030385.35	15.421
-670726.865	-994716.065	-667476.599	-994755.203	49.8456
-766031.67	-990340.716	-766241.06	-990103.64	3.531
-794827.259	-986652.482	-794813.759	-986676.163	0.3425
-683948.34	-1002964.8	-684041.72	-1005087.56	31.049
-752939.55	-1021062.22	-752954.53	-1020913.44	1.6617
-686661.272	-1088452.577	-687712.51	-1088439.55	12.2044
-650684.518	-1064923.191	-650277.2	-1065888.95	11.6922
-848449.58	-1008274.1	-847949.273	-1009381.985	15.6732
-746536.61	-1036540.22	-747340.192	-1036328.09	17.5594
-699042.528	-1004380.546	-698440.11	-1003270.46	14.3258
-756507.085	-1057781.15	-758846.34	-1054643.86	55.9735
-753428.182	-1047855.423	-754173.61	-1046352.76	13.7909
-824213.47	-1074941.09	-824303.713	-1075020.57	2.4051
-752568.73	-1022723.96	-752262.75	-1022755.45	3.4236
-692383.73	-998440.59	-692215.46	-998369.85	2.0418
-751116.62	-980309.58	-751863.653	-979629.662	13.3794
-718531.302	-1074829.682	-717931.68	-1074774.45	6.9279
-657068.638	-1061265.033	-651687.191	-1062230.428	101.1364
-870106.383	-1018127.974	-870305.37	-1018279.86	2.8277
-820209.74	-989166.5	-821758.61	-987273.78	30.6864
-798528.72	-1002169.83	-798811.049	-1001939.102	4.675
-875917.834	-1018665.126	-876401.821	-1018512.434	10.2675
-649180.66	-1061116.009	-649189.671	-1061088.354	0.7018
-731080.52	-1056883.61	-731089.392	-1056745.661	1.6731
-788217.74	-1063335.14	-789545.719	-1063955.989	16.323
-683724.11	-993007.49	-683702.637	-993016.242	0.535
-646349.547	-1062365.682	-646345.149	-1062385.989	0.552
-817623.148	-1037014.96	-817922.03	-1036911.7	6.4844
-689296.152	-1058690.826	-688883.849	-1058534.562	4.9462
-646172.571	-1074039.462	-646191.925	-1074020.369	0.5588
-737670.268	-1057743.61	-737772.44	-1057837.93	2.828
-875933.168	-1013508.261	-876427.652	-1014297.283	10.7313
-649294.156	-1061839.107	-649269.754	-1061986.387	2.986
-795519.83	-995402.33	-797478.12	-994976.98	23.589
-748323.25	-1058021.77	-747432.46	-1054956.55	37.3455
-675978.208	-1041097.886	-675814.885	-1041137.364	1.8674
-712874.327	-982742.071	-712891.898	-982747.303	0.4173
-756262.518	-1042486.952	-756739.51	-1042458.0	9.5856
-730283.513	-1063285.34	-731090.94	-1063326.74	9.0923
-689649.844	-1058594.024	-689507.986	-1058463.912	4.152
-743839.09	-1008631.76	-743588.968	-1006059.4	38.1409
-746254.654	-1054216.692	-746297.391	-1054350.964	2.8517
-814496.11	-1069885.77	-814637.5	-1069897.604	3.0034
-852819.54	-1010571.63	-852389.51	-1010471.46	8.9305
-643547.547	-1062379.736	-643543.881	-1062297.469	1.9301
-651289.106	-1082357.524	-652355.284	-1084513.846	30.0761
-820040.56	-1062087.93	-818268.597	-1063461.526	26.7513
-670733.3	-1045837.43	-671824.35	-1045084.65	14.9885
-745200.55	-1034512.93	-746280.4	-1034524.79	12.0547
-736596.62	-982676.97	-738809.24	-982583.25	26.7672
-772385.81	-1018391.77	-776007.615	-1018697.758	42.0163
-848854.063	-1010324.813	-848437.289	-1010286.293	9.2904
-702013.998	-1046509.264	-702718.41	-1046996.8	10.7682
-685123.6	-1043129.11	-684217.86	-1042855.28	10.5137
-782560.4	-996870.19	-782959.33	-996490.55	6.1924
-801191.019	-1056920.709	-799321.21	-1056571.07	21.5661
-751912.67	-1036668.09	-752082.5	-1036255.65	14.1807
-704179.784	-1009008.677	-704510.64	-1009921.67	13.2794
-737108.71	-1036116.39	-737215.96	-1035894.82	4.9302
-684480.035	-1061627.586	-684254.372	-1061788.584	3.081
-691205.33	-1048508.98	-691280.26	-1049337.06	9.2385
-675859.917	-1064273.924	-678410.454	-1063641.313	32.1892
-819733.064	-1026468.279	-819782.143	-1026288.38	3.8587
-762387.53	-1043099.51	-762414.74	-1043282.56	2.103
-819595.188	-1075679.25	-819582.875	-1075697.375	0.4982
-736357.239	-1013771.455	-736143.428	-1010295.467	44.2159
-728304.675	-994065.09	-728346.01	-993979.719	2.2722
-751008.14	-1030205.85	-752062.27	-1029376.05	15.4866
-642784.249	-1071121.019	-642375.112	-1071148.054	8.2061
-734888.653	-1083229.687	-738253.96	-1085565.87	50.6348
-743368.463	-1074569.017	-743664.14	-1076112.04	17.6922
-784730.27	-1053910.04	-784989.074	-1052835.696	12.3207
-735050.9	-1041000.8	-735378.68	-1040730.19	4.7234
-710708.604	-1038545.761	-709197.168	-1039121.45	33.5908
-712058.94	-1040994.58	-711845.47	-1040741.69	3.9741
-745388.884	-996068.068	-746987.53	-995071.76	22.0252
-792391.06	-978518.12	-795363.29	-973602.78	87.7384
-822397.442	-1068849.655	-822459.54	-1068874.63	1.476
-692090.239	-1029413.062	-692193.646	-1029463.697	1.2819
-732840.55	-1019601.95	-732551.005	-1019593.952	3.2215
-684041.7	-1045666.54	-688204.498	-1045604.069	47.8351
-820758.321	-1063384.583	-820718.29	-1063652.81	3.0158
-850853.76	-1050620.43	-856113.355	-1049196.757	66.4512
-740142.03	-1084688.17	-739928.36	-1082451.5	25.3528
-836817.298	-1056915.859	-840168.712	-1056740.328	45.3683
-763753.88	-1030032.14	-764637.1	-1030011.46	17.8551
-758738.418	-1022082.312	-758629.38	-1022029.92	1.3442
-697060.79	-1046682.57	-696379.8	-1045598.58	14.594
-838695.195	-1035629.537	-838499.018	-1037581.379	24.5745
-682733.8	-992511.93	-682496.19	-991621.711	10.6862
-673066.87	-1036803.53	-671823.776	-1036449.887	14.6151
-699861.59	-1016544.73	-700047.39	-1016971.25	9.6691
-811163.664	-1075847.797	-809128.779	-1074842.045	26.3386
-706775.892	-1083266.411	-706335.484	-1089471.799	103.9307
-820743.22	-1063814.623	-820763.034	-1063867.82	0.6307
-764947.994	-1011560.44	-764949.17	-1011425.65	1.4991
-835229.15	-1036761.68	-835023.352	-1038205.577	16.5226
-768661.98	-1046136.751	-767978.65	-1046123.455	13.7908
-658407.59	-1015441.63	-660174.35	-1015075.14	20.5646
-787424.51	-989781.65	-787054.4	-991129.28	17.1499
-774501.36	-975014.99	-774495.89	-975005.19	0.2343
-691781.71	-1063248.08	-691865.31	-1062400.71	9.6911
-671371.183	-1047810.527	-671080.59	-1047572.72	4.343
-708095.34	-1046824.52	-707313.21	-1045782.24	17.825
-807099.2	-989740.06	-807466.389	-988021.288	21.7547
-819953.225	-1074481.211	-819933.52	-1074461.742	0.8759
-777297.98	-1013203.73	-777731.902	-1012696.134	7.4199
-664863.81	-1026418.11	-666994.063	-1025462.897	27.7087
-778937.795	-1029962.107	-778958.856	-1029962.33	0.4581
-881432.276	-1028474.542	-881051.007	-1028562.75	6.509
-666617.09	-1070176.59	-666454.352	-1070173.633	1.8085
-746987.53	-995071.76	-746274.66	-993820.43	16.7787
-647230.95	-1071708.757	-646469.519	-1071658.796	25.2482
-701362.057	-1012418.346	-701209.452	-1012443.428	1.7939
-785879.46	-1063937.49	-785295.194	-1064511.86	9.2955
-753503.25	-1044967.41	-752482.88	-1043314.671	15.5351
-851756.305	-1060741.82	-850974.94	-1059171.953	22.7308
-744173.3	-977698.49	-744468.691	-978364.184	8.207
-776588.52	-1032456.82	-777378.72	-1032412.01	16.058
-672391.99	-1070720.65	-671769.276	-1069928.371	11.407
-710981.52	-1050935.5	-712680.04	-1051246.1	20.3772
-724869.48	-1065149.973	-724943.03	-1065253.85	2.5457
-729514.372	-1080889.537	-729869.164	-1082071.118	13.7266
-719642.0	-1030529.89	-719489.08	-1030707.48	2.6103
-820444.415	-1067699.879	-820566.613	-1067436.695	3.3637
-654394.282	-1054653.301	-659303.77	-1056898.26	66.061
-649175.166	-1061861.382	-647820.968	-1061964.638	27.2773
-740997.31	-1047888.83	-741375.46	-1047504.02	10.792
-665109.738	-1030269.571	-665226.62	-1028236.89	25.5746
-731988.718	-1063624.377	-733977.418	-1063555.082	24.5925
-641469.563	-1041469.75	-641431.4	-1041477.92	0.7943
-769274.75	-984827.67	-769728.48	-985328.26	8.6581
-778145.757	-981936.077	-778354.93	-982840.37	19.9404
-726094.73	-1051630.11	-726344.15	-1051657.65	5.1284
-641363.693	-1058245.202	-642283.77	-1055533.05	32.964
-808153.22	-1071282.18	-808399.37	-1071299.43	1.8982
-781209.79	-976036.71	-780146.784	-975121.456	34.2298
-764250.32	-1023773.75	-764031.53	-1023816.45	4.5011
-739995.13	-1005497.33	-736065.216	-1009628.72	65.8319
-742537.331	-1056854.259	-742529.131	-1056866.745	0.3368
-725649.28	-1069064.77	-725699.807	-1069669.236	6.8043
-768216.533	-1064805.843	-769022.858	-1065177.67	10.0022
-781520.077	-985990.071	-781539.03	-986001.46	0.6409
-795263.688	-986737.04	-795416.278	-987032.126	3.7211
-646180.626	-1074049.63	-646172.571	-1074039.462	0.2853
-767709.808	-1028302.294	-766999.39	-1030292.96	43.7665
-784696.252	-1027101.178	-784340.233	-1026853.333	9.2964
-690506.35	-1056090.2	-690524.34	-1056303.93	2.3938
-725089.861	-1049969.272	-724693.77	-1051072.26	13.7086
-658988.262	-1065359.861	-659779.64	-1068592.09	38.4472
-808466.28	-991341.55	-808259.75	-991522.18	6.0092
-764673.68	-1036205.79	-764098.369	-1035032.971	16.1862
-671677.361	-1084068.87	-671682.411	-1084432.838	4.0777
-759007.55	-1068529.69	-759224.355	-1068507.43	2.5862
-720470.927	-1057084.328	-719803.459	-1057595.514	30.4464
-699353.635	-999914.512	-699748.77	-997757.04	26.1855
-884358.116	-1021483.795	-884366.997	-1021690.341	2.7791
-779092.241	-981900.865	-779014.383	-981884.226	1.6184
-824131.87	-1074814.98	-824120.46	-1075002.36	3.7547
-722459.94	-1083683.62	-721907.69	-1084657.76	12.7448
-756188.18	-1019118.53	-757945.36	-1018942.46	20.315
-729869.164	-1082071.118	-730063.5	-1083120.83	12.0715
-724828.216	-1053726.832	-724166.816	-1053718.129	7.5243
-709205.78	-1011739.13	-705932.86	-1013325.98	50.0267
-726869.938	-1052038.839	-726344.15	-1051657.65	13.0602
-850080.397	-1074377.018	-848719.605	-1073969.032	17.3376
-741460.669	-1058925.122	-741456.828	-1058912.339	0.2989
-721527.44	-1003516.38	-721098.21	-1003558.97	7.6726
-712116.305	-1015732.558	-708116.272	-1016039.129	44.9996
-777582.191	-1081879.582	-776988.913	-1082022.756	12.5008
-738953.985	-1055720.43	-738065.85	-1057077.11	18.7992
-833882.948	-1042635.148	-836603.408	-1051931.422	120.7205
-684480.035	-1061627.586	-684827.173	-1062061.435	6.2398
-776149.73	-1034943.3	-774589.68	-1037732.32	40.3068
-741552.15	-1064581.77	-740602.21	-1064877.74	21.5824
-799716.584	-1069154.146	-799499.894	-1069937.277	16.9813
-701864.5	-1027910.07	-700648.69	-1029373.56	21.4211
-865295.346	-1015968.513	-867396.188	-1014627.841	52.2654
-658278.062	-1080883.94	-658011.731	-1080796.942	5.6661
-792265.291	-984819.119	-791600.54	-984231.35	12.1984
-773126.11	-1059054.9	-774153.25	-1059067.97	20.8896
-742445.595	-1057045.698	-742428.69	-1057042.01	0.3934
-754302.163	-1045692.465	-754336.728	-1045687.211	0.9882
-670581.47	-992525.33	-671128.782	-992157.67	25.6246
-745200.55	-1034512.93	-745062.566	-1033780.362	8.7756
-741289.261	-1026790.821	-742671.88	-1024956.35	26.1757
-812426.4	-1007250.22	-812613.446	-1005240.202	22.9962
-852230.78	-1010352.22	-851821.906	-1010497.279	9.528
-713775.639	-1051218.491	-713077.96	-1050386.75	13.9685
-711981.554	-1058828.416	-711586.299	-1058720.341	4.5612
-697437.04	-999782.5	-695477.027	-996993.808	41.8989
-763837.45	-993504.81	-763531.11	-993047.25	11.0216
-700778.29	-1064917.129	-700885.09	-1064746.32	2.2449
-687693.614	-1057572.291	-687707.323	-1057595.839	0.5952
-867178.859	-1001595.783	-867153.465	-1001938.043	4.1106
-758844.38	-1054442.2	-758846.34	-1054643.86	2.2525
-724307.441	-1034485.543	-722700.99	-1033242.12	23.3658
-727533.57	-983771.26	-726626.685	-984499.349	25.2509
-695512.23	-990571.86	-695043.74	-988893.66	24.6024
-739161.336	-1047787.293	-739283.4	-1047695.67	3.0599
-782566.51	-972839.89	-783766.49	-973858.9	17.9703
-759057.97	-1031667.64	-758900.159	-1029946.098	19.4615
-688883.849	-1058534.562	-688948.95	-1058632.77	3.0028
-779107.83	-979354.97	-778075.03	-979356.371	14.0892
-745735.447	-977153.325	-747333.9	-976817.69	22.4953
-710621.97	-1010386.03	-709205.78	-1011739.13	25.6835
-690094.53	-998410.86	-689702.869	-1000523.932	30.032
-726383.719	-1070435.076	-726502.432	-1070523.304	2.9582
-884362.294	-1009602.65	-884583.855	-1009276.31	4.5791
-771829.2	-1017624.27	-773613.968	-1016378.266	24.3645
-727687.15	-993888.87	-729254.18	-990785.76	39.4785
-666698.84	-1064869.95	-667129.442	-1066091.123	14.8076
-746465.698	-1054244.406	-746382.521	-1054216.087	1.7635
-761255.95	-1042461.59	-762048.78	-1042973.87	19.1106
-762873.549	-1050943.551	-762805.438	-1051020.875	2.2341
-856064.434	-1028473.607	-855417.63	-1026729.69	26.4828
-814349.151	-1040577.083	-816360.47	-1040386.63	23.5084
-675210.08	-1014770.66	-676105.99	-1015473.53	15.5641
-748135.706	-1005360.224	-746628.318	-1006476.563	21.5043
-708413.261	-1084871.572	-708233.01	-1084992.954	2.4864
-652523.86	-1048050.08	-652788.91	-1048069.96	2.9902
-797410.36	-1052229.11	-797433.88	-1052597.14	4.2976
-655182.379	-1051829.918	-654046.05	-1050054.39	24.3334
-650269.41	-1043896.52	-650858.36	-1043750.1	12.1585
-715157.975	-1080069.009	-714835.37	-1080351.05	8.8411
-824204.87	-1071403.23	-824111.37	-1071479.55	2.8946
-732836.67	-1042212.23	-731883.95	-1042140.41	19.1107
-798688.6	-1058929.45	-798227.54	-1058686.04	5.9033
-731373.968	-1056614.342	-731211.441	-1056500.669	2.2067
-762162.709	-1026211.738	-762615.35	-1026263.42	5.0675
-877381.09	-1026048.84	-877326.558	-1024920.661	13.6354
-795999.57	-1013472.36	-794368.184	-1015294.909	27.8896
-668127.32	-1007452.69	-668761.442	-1007202.62	7.7751
-756952.07	-1032323.67	-756989.6	-1032397.03	0.9861
-654962.858	-1035433.944	-654422.55	-1033954.05	18.269
-790915.02	-987974.67	-790958.663	-987876.982	2.1407
-734556.24	-1065456.473	-734545.897	-1065441.216	0.4807
-737033.73	-1010214.122	-736143.428	-1010295.467	18.0541
-789598.91	-989195.65	-789608.58	-989239.3	1.0553
-744414.405	-984314.431	-744913.19	-983035.98	16.9927
-727756.552	-1059544.567	-728409.01	-1060385.74	13.2081
-794526.144	-986574.626	-794620.463	-986556.358	1.2165
-824075.44	-1066292.55	-823944.91	-1066493.496	2.6636
-793309.705	-1013657.208	-793617.229	-1013482.027	3.9991
-856480.36	-1038822.1	-856801.251	-1037917.144	11.2287
-843921.816	-1058030.155	-845196.17	-1057797.05	14.5886
-800604.538	-1003260.473	-802646.786	-1001873.885	27.7807
-796118.31	-1046052.3	-795993.19	-1049532.23	60.1583
-648357.04	-1047628.54	-647155.148	-1047910.482	14.3896
-831869.923	-1035242.397	-831494.033	-1036682.579	17.0668
-646543.902	-1089958.564	-645748.625	-1090647.177	12.2775
-793371.063	-1072480.937	-793349.32	-1072590.22	1.2445
-815390.646	-1022572.468	-817243.65	-1024194.83	28.1383
-746278.879	-1054177.747	-746224.654	-1054171.412	1.0936
-726639.21	-1036007.9	-725039.921	-1035332.008	19.6689
-724435.034	-1041584.202	-724422.035	-1041567.578	0.2605
-687095.817	-1078683.199	-687329.116	-1078734.987	4.844
-840936.563	-1011852.615	-838727.56	-1011031.99	27.3896
-770317.013	-1053596.458	-770212.7	-1053784.19	4.3919
-786817.24	-1009852.06	-786838.58	-1010464.74	6.8879
-774390.93	-1015793.852	-775167.6	-1015207.98	10.8423
-674233.93	-1014672.0	-675210.08	-1014770.66	14.6611
-697580.815	-1001079.1	-697608.833	-1001082.178	0.6721
-688351.24	-1045429.23	-687528.37	-1043792.04	20.6882
-703394.236	-1088879.85	-703330.28	-1089018.46	1.8746
-847324.257	-1046292.378	-846070.357	-1044381.777	33.3348
-691229.36	-1022081.02	-690976.164	-1022440.541	4.9389
-723099.912	-1038173.839	-722762.63	-1039605.41	16.5633
-733400.347	-1056074.989	-734447.363	-1055467.877	15.4699
-671795.61	-1060828.448	-671823.64	-1060977.68	1.6871
-775845.511	-1014684.31	-775862.951	-1014698.686	0.2555
-876190.41	-1021455.21	-876360.227	-1021448.158	1.3081
-843765.648	-1071279.334	-844409.67	-1071273.74	13.4869
-806921.609	-989798.425	-806831.71	-989712.44	2.4926
-846347.928	-1044004.569	-848408.57	-1042630.07	28.8486
-884579.566	-1021802.378	-884612.115	-1021810.074	0.588
-672062.917	-1014726.53	-672326.153	-1014439.536	7.8928
-876163.857	-997949.568	-875351.484	-998420.372	13.9489
-826011.05	-1025891.49	-825861.794	-1026578.558	8.4538
-673146.848	-1025900.608	-671688.297	-1026646.767	18.695
-739946.066	-1055665.419	-740126.039	-1055086.99	7.0532
-804760.361	-1075172.719	-806521.31	-1073962.9	26.055
-695247.565	-1029725.528	-697605.08	-1030139.578	27.7687
-792756.27	-1064989.56	-793857.24	-1066268.77	21.002
-721756.482	-1032562.996	-721719.49	-1032667.78	1.5867
-799184.546	-1015725.715	-795607.24	-1018154.0	57.2628
-815390.646	-1022572.468	-815931.981	-1024730.764	25.6922
-747599.375	-1019617.438	-747513.38	-1019535.13	1.6861
-649302.42	-1047660.25	-650470.69	-1048034.97	14.6279
-763380.91	-1072715.19	-763360.59	-1072785.59	0.8345
-771821.53	-1003361.86	-774638.4	-1000367.22	46.275
-779121.43	-989023.46	-777043.735	-988866.738	23.8216
-806496.7	-994995.52	-807117.77	-993057.31	22.6163
-697594.667	-999708.68	-697604.62	-999528.62	3.6162
-750249.562	-981741.692	-750260.813	-981836.621	1.1083
-742481.968	-1045891.873	-742587.308	-1046018.625	6.5102
-774501.36	-975014.99	-772530.856	-975898.01	24.812
-760426.849	-976146.255	-760915.44	-974214.23	54.5858
-660048.533	-1007516.181	-663313.095	-1007489.1	40.3627
-664642.66	-1013307.79	-664203.72	-1013240.89	4.9592
-771811.108	-972164.845	-771953.17	-972150.1	2.9537
-888038.029	-1019909.256	-887835.846	-1019891.347	2.2553
-718623.75	-999624.31	-722463.4	-1000557.521	53.6111
-643621.025	-1046319.884	-643570.536	-1046079.826	4.9064
-746902.633	-1017351.676	-746991.912	-1017329.52	1.1243
-692637.564	-1046241.056	-692480.86	-1046486.89	3.3441
-885684.34	-1018888.909	-884949.578	-1018011.069	12.8033
-781140.14	-990701.09	-782127.93	-989879.61	15.1825
-856643.815	-1066591.971	-857441.077	-1066745.506	9.1227
-813441.667	-1071995.925	-813337.29	-1072126.97	3.3544
-640589.158	-1024405.023	-639777.047	-1024867.819	12.7911
-802539.96	-998661.72	-802526.42	-998748.09	1.0311
-738444.2	-1024753.62	-737800.99	-1023848.764	12.4514
-746657.563	-1017680.468	-746794.85	-1017330.327	4.1973
-773836.33	-1065074.73	-773582.53	-1064914.68	6.0777
-666647.94	-1075281.28	-664882.56	-1076094.25	21.9665
-768014.7	-995202.91	-769214.1	-993589.54	22.9519
-776444.064	-979394.896	-776401.408	-979320.987	1.2424
-800328.892	-1048892.208	-801417.697	-1050238.184	20.1316
-766820.366	-1037693.14	-773059.94	-1031306.33	73.5366
-717320.02	-1074418.83	-717500.578	-1074329.57	1.5502
-889229.403	-1015636.114	-891309.496	-1014258.065	33.8226
-747419.441	-1023887.103	-747080.21	-1022274.73	19.5113
-725468.37	-1011185.65	-724498.258	-1009402.075	23.4805
-849249.794	-1028945.888	-847499.198	-1027049.942	35.0585
-751945.005	-1038538.814	-751880.584	-1038518.759	1.3591
-726016.3	-1037837.02	-726701.24	-1036094.995	22.1745
-789561.15	-1048395.93	-791576.552	-1052055.955	73.7659
-791136.71	-1033573.92	-791147.957	-1033581.961	0.2887
-810552.842	-1045120.031	-807102.733	-1044347.395	39.4391
-734168.062	-1013936.158	-734275.116	-1013785.963	3.7182
-773051.556	-976619.588	-770178.782	-977825.038	35.1953
-772600.332	-1054949.996	-772813.618	-1055319.761	11.3197
-696813.865	-1065594.502	-696412.493	-1063921.756	21.7452
-825439.162	-1058892.314	-829250.68	-1058476.11	43.5334
-666976.85	-1084987.33	-666656.393	-1086639.051	18.9913
-720536.65	-1026893.42	-717632.68	-1027691.75	35.0276
-771821.53	-1003361.86	-771778.16	-1003400.94	0.6487
-762151.98	-1057543.4	-761148.58	-1059030.53	24.5024
-749742.1	-1050014.13	-752546.196	-1048649.874	25.1652
-689190.86	-1058576.02	-688948.95	-1058632.77	4.9788
-834373.817	-1075631.925	-834486.639	-1073878.542	20.4387
-796115.625	-986060.813	-795210.213	-986265.294	11.1804
-686017.889	-1029556.394	-687593.77	-1028876.38	21.8916
-671682.411	-1084432.838	-671291.953	-1086947.758	29.0002
-790558.92	-1052852.39	-788196.28	-1055375.31	47.1047
-746331.456	-1054349.706	-746346.505	-1054248.18	2.0644
-681654.74	-994560.4	-678311.67	-995246.51	43.7906
-772409.43	-1015257.39	-774390.93	-1015793.852	27.1239
-676565.734	-1070767.609	-676554.965	-1070748.307	0.562
-714409.72	-1045048.01	-715499.81	-1046015.41	19.1342
-760577.26	-1067424.49	-760975.529	-1067077.038	6.7761
-828449.262	-1076666.749	-828092.939	-1076328.197	41.3255
-767521.688	-1046058.5	-767603.85	-1046005.37	1.958
-806478.523	-1054687.767	-805998.918	-1054670.326	5.333
-750162.817	-1005349.323	-750178.031	-1005376.112	0.9553
-716892.06	-1028325.35	-717024.88	-1028516.25	2.6484
-684524.22	-989344.01	-684448.74	-990093.82	15.0825
-731000.5	-1084154.49	-731697.787	-1086019.632	22.2599
-749095.62	-1045762.39	-749050.16	-1045813.65	1.3798
-682113.01	-996984.028	-681010.66	-998087.02	17.3436
-817396.62	-988845.84	-814269.074	-992244.015	73.1758
-648859.67	-1066159.18	-649116.853	-1066243.064	5.4597
-686522.06	-1059508.8	-686493.37	-1059480.66	0.447
-705228.605	-1089587.869	-703668.845	-1089052.406	37.2924
-769299.5	-971590.383	-769294.599	-971517.262	1.5519
-887969.106	-1019586.53	-888027.903	-1019766.527	2.1958
-749577.765	-1073879.55	-748278.41	-1074278.36	15.1109
-785295.194	-1064511.86	-786455.105	-1064322.263	15.9098
-878105.048	-1004383.171	-882180.889	-1003054.844	59.8331
-791531.01	-1019221.8	-793551.607	-1019618.858	24.0671
-665733.375	-1028673.938	-667059.7	-1028552.2	15.2492
-753447.75	-1041691.59	-753300.125	-1041726.066	3.112
-734169.2	-1053825.2	-734155.582	-1053828.039	0.3331
-680396.95	-1044919.04	-681261.61	-1045087.45	10.1424
-697239.861	-1038815.407	-697196.144	-1038949.392	2.8351
-765050.924	-1023265.386	-765239.733	-1023113.709	4.8443
-777599.05	-1081865.48	-777612.74	-1081883.74	0.5128
-842300.635	-1068760.687	-843492.62	-1069956.18	20.8718
-701195.68	-1063753.9	-698601.44	-1063577.91	28.9393
-766220.87	-1042900.42	-766608.22	-1042683.18	5.4142
-803947.883	-1061268.828	-800730.13	-1062538.77	41.0466
-722478.95	-1041861.96	-722261.6	-1041876.62	4.3569
-844530.484	-1054067.499	-847164.007	-1052900.35	48.8467
-708469.74	-1085004.36	-708413.261	-1084871.572	1.856
-742604.08	-1029716.56	-744113.81	-1028719.22	26.941
-757617.9	-1040036.349	-757608.017	-1040053.534	0.4383
-646911.078	-1057791.934	-646928.349	-1057809.416	0.6101
-800087.013	-1021806.933	-802617.775	-1021022.365	31.1181
-768394.55	-991513.293	-767920.89	-991141.11	6.9776
-740785.3	-970692.25	-741134.66	-969869.5	24.4654
-764098.369	-1035032.971	-764091.206	-1035010.138	0.7249
-784998.81	-991020.33	-785574.3	-991845.89	11.2371
-753486.91	-1045306.78	-753521.58	-1045244.16	1.6089
-765006.22	-1033381.77	-766906.4	-1033649.9	39.7745
-757499.79	-1009071.74	-752753.485	-1009535.044	53.8766
-770210.38	-1053816.77	-770494.286	-1053928.15	6.2928
-671275.98	-1092124.2	-670643.957	-1093214.471	27.9857
-679476.381	-1092288.289	-679534.169	-1092199.13	28.9197
-691965.737	-998146.163	-691574.05	-997582.71	7.8165
-685019.57	-1032596.64	-685510.402	-1030303.126	27.7892
-655601.323	-1051831.086	-655189.404	-1051871.198	4.6891
-737378.41	-1051200.73	-737520.469	-1051085.235	3.662
-676431.36	-1035607.69	-675579.44	-1033002.51	31.0585
-701544.95	-1038146.17	-699459.57	-1038695.07	24.6405
-797214.213	-1068891.346	-797299.58	-1068850.802	2.1729
-836731.282	-1037842.268	-838499.018	-1037581.379	20.2719
-712877.22	-982763.524	-712874.327	-982742.071	0.5351
-867415.576	-1014634.834	-867396.188	-1014627.841	0.4564
-667596.64	-1016697.53	-667985.11	-1018128.56	17.9653
-808551.193	-1032080.837	-804263.349	-1031449.801	52.5087
-714750.98	-1029446.53	-714762.413	-1027902.794	19.5677
-810801.26	-991902.66	-810817.74	-991978.05	0.9976
-701523.533	-1079594.385	-699925.36	-1080109.3	22.7226
-822786.712	-1008871.24	-823930.49	-1009103.738	14.1697
-662913.22	-1009424.38	-663053.27	-1009082.431	4.1498
-753727.9	-1045596.83	-753832.63	-1045767.94	4.0172
-817250.794	-1072663.047	-817234.585	-1072653.72	0.4254
-813176.459	-1046589.393	-813415.85	-1046633.6	2.7073
-844142.491	-1005285.144	-845669.45	-1007913.1	36.263
-687771.26	-1010935.02	-686837.88	-1011094.67	21.0299
-643232.72	-1044623.98	-641872.24	-1042982.81	23.9242
-828343.065	-992114.223	-826393.58	-993760.31	52.2587
-660377.39	-1017385.64	-658280.32	-1017825.24	25.6009
-715827.967	-1053556.402	-715323.771	-1055066.714	20.9588
-864705.822	-1049523.913	-865198.738	-1049418.508	11.1838
-704751.8	-996618.02	-705432.1	-995854.64	11.8844
-749710.96	-1029340.97	-750830.51	-1029174.17	27.2019
-724399.64	-1034469.65	-724307.441	-1034485.543	1.89
-826137.341	-1057679.481	-827049.41	-1054625.63	38.3382
-685794.23	-1019181.53	-685718.127	-1019089.813	1.3252
-747306.301	-1028328.545	-747299.88	-1028248.63	0.8913
-669486.06	-1013907.47	-669501.06	-1013878.65	0.7131
-755669.45	-1051943.02	-757160.106	-1052335.222	18.2457
-765030.335	-975184.381	-765232.67	-974584.482	4.9052
-864728.2	-1021041.49	-866869.598	-1018950.646	55.521
-780136.267	-975125.107	-779575.13	-976375.19	15.7754
-745476.058	-1042442.099	-745720.029	-1042594.344	6.3024
-704737.523	-1048621.589	-705123.87	-1050335.6	20.3181
-809201.691	-1069386.297	-811681.231	-1065758.167	58.2102
-766131.31	-972965.24	-766214.59	-972635.192	3.8026
-733950.735	-1053559.331	-733935.276	-1053561.424	0.3517
-808777.7	-1000828.95	-808747.18	-1000847.45	0.418
-777996.791	-971965.323	-778003.26	-971956.274	0.2294
-887693.209	-1018971.361	-887873.551	-1019022.036	2.1204
-716259.938	-975954.976	-716968.387	-978496.964	41.4114
-701067.767	-1088268.67	-701009.58	-1089180.0	19.1873
-640533.9	-1067549.89	-641021.02	-1067058.85	7.9455
-709665.003	-1067962.98	-710154.438	-1069709.127	30.2687
-766707.613	-1052278.382	-766806.601	-1052210.031	4.7644
-727815.05	-1083942.25	-725980.5	-1083703.27	21.4535
-810812.074	-1036876.588	-807312.372	-1038652.671	53.4272
-751209.618	-1060054.65	-750808.93	-1059654.04	13.6381
-753152.938	-1010980.073	-753124.51	-1010953.81	0.4371
-659467.018	-1008866.672	-659487.472	-1008874.069	0.5259
-750065.549	-1003945.026	-749347.726	-1004401.908	17.0687
-675183.93	-1021306.91	-677292.97	-1020091.06	29.5299
-702421.423	-1064295.483	-702745.877	-1065631.999	15.749
-701164.592	-1010397.339	-701201.77	-1010349.33	1.5218
-787331.17	-1001536.79	-789419.83	-999241.0	36.4189
-763389.81	-992953.24	-763361.35	-993086.1	3.0123
-666994.063	-1025462.897	-667561.482	-1025467.317	13.2348
-734745.125	-1042155.188	-734667.725	-1041598.981	11.2883
-675361.237	-1049640.643	-674679.59	-1048054.11	19.6219
-784332.276	-1007703.711	-784878.66	-1007574.2	4.3259
-791767.762	-1034268.061	-791835.05	-1033938.63	7.1518
-662744.92	-1014180.03	-664041.83	-1013251.99	18.1425
-732817.12	-1028636.06	-731077.477	-1028160.791	20.6516
-691342.203	-1067706.148	-689784.86	-1068968.16	23.1136
-731564.343	-1067858.126	-731542.29	-1067800.52	0.6863
-771511.08	-1078430.42	-771986.75	-1079105.54	9.5794
-770141.46	-995998.32	-770073.586	-995598.948	4.8866
-776988.913	-1082022.756	-776929.274	-1082069.219	12.2279
-804080.996	-1060113.942	-804182.309	-1060068.083	2.2545
-794092.3	-983129.35	-794145.376	-983149.177	0.6588
-754721.465	-1001870.286	-754814.802	-1001699.415	2.1718
-642283.77	-1055533.05	-644083.61	-1053792.21	28.2546
-739209.899	-1047653.54	-739242.04	-1047530.36	2.576
-689265.91	-1025362.49	-689532.0	-1025551.84	3.6384
-646797.905	-1070101.819	-646817.027	-1070110.852	0.4897
-769888.27	-1017591.99	-770267.63	-1016474.41	13.2597
-709860.07	-1013225.01	-710474.741	-1013302.23	13.051
-764857.312	-1020603.85	-763355.85	-1021358.05	30.049
-796202.74	-1044445.18	-796118.31	-1046052.3	20.9618
-688417.72	-1061391.853	-687128.448	-1059812.154	26.4649
-780136.267	-975125.107	-780131.226	-975110.78	0.3534
-702113.22	-1043229.82	-702051.307	-1042737.632	10.0335
-734766.043	-1043710.238	-734799.24	-1043636.72	1.6133
-727322.317	-1058318.754	-727830.699	-1058743.388	14.2507
-838504.902	-1065598.13	-840107.51	-1065084.419	19.0073
-789495.07	-989274.28	-788645.545	-989800.028	11.1695
-653638.25	-1055805.75	-651010.35	-1053240.12	43.7473
-748103.01	-1035830.68	-748084.48	-1035618.15	5.7919
-708863.65	-1054156.14	-708245.433	-1051580.466	33.8881
-867396.188	-1014627.841	-867402.458	-1014608.839	0.4396
-758440.286	-1032985.845	-759470.21	-1031669.35	20.0803
-766766.386	-980503.856	-767157.721	-980962.108	4.7374
-730916.04	-1057545.2	-729538.036	-1058695.777	23.7006
-882091.044	-1017735.02	-880204.394	-1017070.064	23.5022
-758586.27	-1057603.82	-759355.124	-1056085.696	19.436
-786585.72	-1009820.43	-785031.72	-1007980.71	27.5603
-843193.936	-1016635.188	-844371.505	-1015266.524	20.1517
-684041.7	-1045666.54	-683981.04	-1045580.36	1.3981
-802308.357	-1054114.598	-804148.763	-1051305.117	76.7243
-775478.8	-1021851.08	-774305.718	-1021278.4	15.0374
-840490.431	-1056312.086	-844530.484	-1054067.499	62.0399
-756739.51	-1042458.0	-756454.44	-1042130.3	8.7119
-716438.38	-1022530.7	-716310.31	-1022614.45	1.7003
-848314.87	-1067025.917	-848587.265	-1066239.624	10.6445
-727349.778	-1048202.287	-725773.61	-1048589.77	18.0376
-688732.547	-1058555.025	-688722.566	-1058549.16	0.2617
-644447.233	-1038261.923	-644527.52	-1038188.014	1.2633
-847463.732	-1070394.531	-847348.937	-1070561.21	2.4991
-649967.98	-1030992.87	-649468.97	-1031387.77	7.074
-672313.35	-1089677.56	-672257.813	-1089760.551	2.0725
-766311.67	-980211.76	-766487.96	-980291.1	2.287
-679069.798	-1023497.251	-679021.72	-1023490.794	0.9702
-726005.712	-1020273.05	-724920.28	-1020590.19	23.4461
-789393.19	-998693.59	-789419.83	-999241.0	6.3578
-718828.8	-1045805.59	-718280.08	-1046521.31	22.302
-781064.88	-989176.29	-780590.831	-987038.492	24.7704
-848965.971	-1010131.521	-848840.874	-1010200.239	2.8547
-768086.74	-985456.66	-769274.75	-984827.67	16.8517
-787825.765	-1006710.999	-787739.253	-1006851.018	1.8347
-786838.58	-1010464.74	-786782.541	-1010597.882	1.6908
-737019.67	-1032551.039	-736973.547	-1032504.996	1.3034
-776106.232	-1014749.764	-776083.207	-1014759.946	0.3122
-784354.602	-1007709.4	-780697.882	-1009437.239	31.2364
-690397.806	-1020396.222	-691880.813	-1019898.25	17.5096
-767753.068	-973588.546	-767759.585	-973602.723	0.3656
-739217.73	-1033609.03	-738387.24	-1034776.1	28.7692
-753333.535	-979268.124	-753071.696	-979898.12	7.9919
-854513.56	-1011452.89	-854389.39	-1011463.21	2.492
-663166.08	-1058879.59	-662912.41	-1058845.404	5.1226
-829876.287	-1072800.346	-829863.983	-1072868.589	0.8684
-657658.211	-1027917.403	-657177.89	-1027416.55	7.7699
-757502.92	-1005108.84	-754765.41	-1002093.81	45.9437
-661199.007	-1036333.514	-659427.17	-1037681.69	24.95
-725954.836	-1019955.705	-722332.58	-1017137.68	51.6898
-749711.46	-1078290.19	-750617.781	-1076624.699	42.1043
-766845.368	-1037438.243	-766747.32	-1037626.07	4.4298
-679093.04	-1000965.52	-679029.09	-1001068.15	1.3437
-766136.3	-1040888.08	-765682.58	-1040663.16	5.8519
-842446.245	-1001920.005	-842745.5	-1001935.625	3.3301
-734767.74	-1040996.46	-735050.9	-1041000.8	3.1839
-749354.35	-1010423.3	-748363.74	-1010950.49	23.4722
-813336.573	-1055487.559	-813856.39	-1055683.49	6.5691
-662603.44	-1002134.49	-660948.93	-1001902.42	21.279
-781255.659	-985725.951	-781250.658	-985708.254	0.5661
-865931.325	-1046316.317	-869459.653	-1046669.966	43.414
-825955.727	-1025691.804	-825967.52	-1025677.531	0.2223
-734056.437	-1031412.866	-734199.75	-1031885.47	9.878
-765511.99	-1074354.51	-765632.14	-1074898.32	11.2796
-675523.865	-1025031.442	-673675.724	-1027299.289	39.2726
-640426.525	-1091589.246	-639937.167	-1089727.756	28.3698
-830311.214	-1027135.661	-830074.97	-1027272.543	3.1198
-765921.79	-990097.51	-765871.691	-989925.097	2.082
-643736.04	-1046707.62	-643621.025	-1046319.884	8.0941
-884024.5	-1021641.205	-887508.86	-1019850.702	33.4742
-770510.56	-979664.55	-770635.2	-979600.35	1.5581
-708400.425	-991677.132	-708417.301	-991680.123	0.3837
-749140.911	-1045567.351	-749171.951	-1045561.739	0.6379
-731904.61	-972443.26	-731035.755	-971957.39	27.4941
-785947.35	-1018199.65	-785862.88	-1018158.85	1.161
-682386.51	-1045201.04	-682315.552	-1045123.005	1.1737
-679925.531	-999357.282	-678819.53	-998378.5	18.3206
-756795.41	-1050212.7	-756749.59	-1049906.669	6.2741
-738570.48	-999570.7	-738444.54	-998239.718	18.7516
-822680.54	-1016949.64	-822526.13	-1016545.87	5.0565
-744593.67	-987634.7	-744462.285	-987548.078	3.1765
-679461.209	-1037627.833	-679442.077	-1037644.774	0.6199
-711597.156	-1048385.964	-711768.96	-1048828.93	11.0468
-816811.814	-1014494.023	-816829.91	-1014519.23	0.3534
-795341.173	-986115.417	-795439.262	-985877.066	2.8786
-858733.91	-1009309.47	-858585.0	-1008652.824	13.7028
-730995.632	-1036426.044	-730753.01	-1037058.017	14.6761
-740685.2	-1040309.9	-740572.33	-1040310.77	2.6939
-773499.14	-985346.785	-771878.58	-986682.57	27.1665
-759284.026	-1047928.139	-760154.756	-1048719.943	9.0788
-649055.07	-1019600.4	-648868.92	-1019486.9	4.4357
-755092.033	-1045687.374	-756216.449	-1043874.105	24.8808
-677387.567	-1057538.417	-676899.047	-1057192.153	12.0706
-717871.38	-1031498.06	-716764.61	-1028476.85	45.9441
-712420.272	-983594.696	-711730.929	-983702.925	14.0494
-733502.956	-1053766.078	-732450.31	-1054985.68	32.2253
-845196.17	-1057797.05	-844921.455	-1057035.09	10.0985
-700355.51	-1017085.84	-700346.562	-1017072.948	0.3665
-689265.91	-1025362.49	-687658.851	-1025776.211	19.0795
-720968.998	-1063674.369	-720875.398	-1063968.73	3.4969
-661877.34	-1025173.71	-661888.06	-1024949.01	2.5152
-652497.992	-1066015.383	-652512.268	-1066003.798	0.2324
-685173.71	-1084269.78	-684434.355	-1081436.478	33.2715
-750621.889	-969088.267	-750558.56	-969160.07	12.9261
-651687.191	-1062230.428	-649175.166	-1061861.382	28.9249
-648216.898	-1064150.17	-648070.13	-1064005.995	4.4258
-751758.933	-1077986.983	-750852.576	-1078422.336	13.0941
-715285.172	-1080005.619	-716258.059	-1079302.106	14.4035
-803299.082	-1079241.065	-803282.589	-1079305.767	4.3655
-686426.19	-990506.72	-686413.35	-990741.71	2.6149
-688388.569	-1045386.217	-688351.24	-1045429.23	1.1665
-835240.575	-1040178.658	-835040.953	-1040646.03	5.8819
-684463.163	-1008439.427	-685775.306	-1008252.372	15.0063
-825805.35	-1025515.51	-825930.867	-1025606.763	1.9471
-656226.72	-1048857.1	-656067.747	-1048723.149	2.3398
-722478.95	-1041861.96	-722191.33	-1041984.3	6.8585
-694254.45	-993618.94	-694006.079	-995200.362	26.8355
-780523.91	-993848.68	-780191.92	-994719.11	10.4333
-785376.44	-1042986.07	-786298.87	-1042608.88	11.5454
-748544.882	-1024940.17	-748555.73	-1024956.416	0.4624
-664351.125	-1047977.938	-664184.063	-1047903.25	2.4505
-820763.034	-1063867.82	-821804.609	-1066679.277	33.8379
-881697.608	-1022289.692	-882768.42	-1022174.046	12.9639
-681667.189	-1030216.736	-681168.472	-1029384.679	10.8597
-690535.907	-995551.564	-692330.5	-998364.0	25.9499
-796891.93	-1033882.09	-793621.56	-1033086.45	38.96
-779600.3	-972100.91	-781032.98	-972376.97	16.3792
-746269.1	-1055406.65	-746980.67	-1058663.82	38.2926
-730532.79	-1045370.4	-723930.764	-1047299.497	77.0586
-776238.3	-1029861.59	-778723.324	-1030379.705	29.1967
-733142.76	-1035763.729	-733060.69	-1035355.42	5.0277
-687297.019	-1004332.947	-687275.98	-1004384.21	0.6157
-828142.339	-997312.657	-828059.577	-997223.52	1.3549
-684319.74	-1018289.441	-683163.78	-1018221.69	15.6066
-784288.839	-1027120.132	-784340.233	-1026853.333	7.3175
-852926.407	-1003453.801	-849872.823	-1008152.813	71.5223
-683899.563	-1076949.046	-685968.83	-1077885.118	25.6984
-763369.78	-992839.07	-763349.65	-992839.56	0.4459
-798540.66	-1052815.28	-799448.64	-1054475.6	21.7028
-833691.9	-1057019.08	-833159.856	-1056480.242	9.6086
-744777.031	-1016567.584	-745090.897	-1016759.453	4.1377
-736870.83	-1038210.02	-736873.15	-1038074.36	2.7285
-801505.879	-1008101.374	-802127.752	-1008368.964	13.7443
-721927.56	-1056816.23	-721480.646	-1056896.706	9.0849
-772697.187	-999447.262	-773231.14	-998764.04	9.7025
-664670.146	-1006510.766	-663313.095	-1007489.1	20.0397
-888027.903	-1019766.527	-888109.909	-1019842.345	4.332
-715066.692	-1057435.978	-714087.729	-1057511.199	11.1985
-853122.407	-1044067.769	-850050.84	-1043723.36	36.059
-833658.629	-1072656.762	-833794.117	-1072679.423	1.6358
-717406.529	-1074272.847	-717500.578	-1074329.57	1.42
-865689.492	-991806.891	-865309.575	-993340.114	18.7561
-649302.42	-1047660.25	-649095.29	-1047681.46	2.4029
-643595.338	-1039542.467	-643604.91	-1039469.98	1.7152
-833691.9	-1057019.08	-832599.1	-1057956.73	16.0878
-648741.2	-1030486.44	-649621.6	-1029185.54	20.2926
-780654.19	-1020271.14	-781352.95	-1020016.67	8.5199
-644819.178	-1073393.316	-644825.501	-1073404.509	0.2791
-766045.79	-1076247.01	-766189.5	-1076373.07	1.4709
-778800.86	-1022489.66	-780654.19	-1020271.14	52.7501
-720117.76	-1071251.49	-721547.42	-1069979.61	15.1551
-747718.385	-1062503.67	-748922.553	-1064209.42	28.3666
-737648.76	-1057596.41	-737661.145	-1057623.659	0.6131
-783541.401	-1061964.012	-783740.92	-1062114.7	5.0008
-734739.342	-1062149.316	-733977.418	-1063555.082	18.7813
-735510.1	-1028628.63	-735502.4	-1028336.259	3.2498
-780229.26	-1009888.51	-780482.395	-1009537.145	4.8345
-808102.851	-1071160.684	-808771.898	-1069374.469	21.8421
-759955.845	-1045151.847	-759754.722	-1044467.336	15.045
-851363.483	-1068832.609	-854779.924	-1073905.672	100.3108
-686350.07	-993429.47	-686514.378	-993466.449	3.3745
-714807.73	-1027916.89	-714762.413	-1027902.794	0.9492
-741881.759	-1014936.346	-743387.82	-1016957.55	32.4031
-747595.566	-1068754.193	-749359.631	-1072003.681	45.9561
-760108.1	-976669.03	-760078.83	-976652.25	0.9408
-741480.124	-993828.554	-738733.01	-994172.457	32.1733
-683516.07	-993478.96	-683474.209	-993471.414	0.8636
-736050.663	-1009638.721	-736065.216	-1009628.72	0.3809
-670729.731	-1080489.678	-670357.22	-1080322.771	4.8147
-692204.04	-1051154.63	-693139.9	-1052017.28	14.37
-784727.36	-999553.65	-785338.24	-998942.01	10.3055
-715323.771	-1055066.714	-714655.015	-1056038.843	17.6611
-757291.75	-1022892.522	-758505.91	-1022715.61	13.9779
-763160.673	-1072458.821	-763227.89	-1072531.86	1.1075
-784808.85	-1041929.78	-785644.369	-1041141.424	16.8255
-664519.478	-1089063.209	-664687.413	-1089591.815	8.1309
-838203.824	-999193.543	-836533.603	-997062.735	58.7128
-819830.35	-1074417.23	-820086.52	-1072965.37	30.7845
-753851.93	-993658.93	-751878.793	-992894.934	26.5246
-653279.646	-1022982.362	-653072.91	-1022891.08	5.0846
-813965.584	-1078185.531	-811908.457	-1076375.594	44.5216
-741428.63	-982599.37	-741483.047	-984171.128	17.9725
-846960.039	-990774.059	-849337.108	-991340.404	27.3842
-722238.651	-1041371.728	-720440.86	-1041212.08	20.4555
-784722.76	-1026987.074	-789713.931	-1027151.929	39.0189
-650214.713	-1066673.462	-650254.698	-1066684.671	0.4615
-798345.777	-1067597.387	-798400.967	-1067562.3	0.7299
-839550.537	-1075502.651	-839424.901	-1075430.39	40.3794
-752150.8	-1042812.48	-752242.07	-1042958.93	3.4516
-751945.005	-1038538.814	-751970.65	-1038533.5	0.6136
-830942.768	-1065061.502	-830496.913	-1062786.197	25.9785
-671278.02	-1014903.47	-670530.658	-1016031.392	16.3262
-692331.51	-1039270.14	-693636.81	-1041161.74	26.2707
-700834.385	-1010509.411	-700915.204	-1010513.621	1.752
-789741.53	-1059082.31	-788207.126	-1059604.875	19.0169
-806862.02	-982792.324	-812388.176	-977737.761	93.1622
-748339.95	-979141.65	-748333.149	-980555.381	18.1117
-648126.207	-1091893.832	-648110.28	-1092559.28	7.3962
-699819.01	-1059099.45	-699767.59	-1058228.5	10.2053
-678275.815	-1069146.017	-678264.47	-1069167.266	0.2685
-848631.622	-1009970.503	-845746.3	-1007961.96	41.0578
-812489.38	-1013963.8	-812576.94	-1013960.82	0.9772
-740017.87	-1023680.65	-739209.05	-1021968.58	21.112
-824140.66	-1076361.08	-824238.73	-1076359.83	1.0898
-718775.66	-1088012.98	-718948.86	-1088120.98	2.2802
-760366.64	-987873.39	-762253.87	-984849.76	49.128
-799398.713	-1001736.838	-799420.636	-1001728.866	0.2595
-794920.703	-986688.056	-795263.688	-986737.04	4.0344
-647469.48	-1028188.01	-647875.307	-1027737.863	13.9784
-666384.15	-1058993.096	-664878.977	-1059238.198	17.2225
-751326.36	-1045689.05	-751513.932	-1045689.238	3.7516
-681856.875	-1067973.625	-683537.01	-1066911.67	23.2386
-765511.99	-1074354.51	-764530.34	-1074144.75	22.4271
-739946.066	-1055665.419	-740555.067	-1055377.392	5.2401
-820237.415	-1025735.818	-820192.47	-1025296.08	4.9184
-683949.63	-1036590.98	-683890.59	-1036417.26	2.0387
-744730.982	-1001506.622	-741627.06	-1001710.81	40.8956
-683566.397	-1034493.712	-684084.16	-1033852.85	10.2021
-810055.65	-1032263.64	-814348.83	-1031915.438	50.3084
-738444.2	-1024753.62	-738117.97	-1025342.62	10.1004
-870331.398	-1011239.458	-870597.7	-1010531.22	8.5906
-781036.09	-1059946.3	-781511.97	-1060800.29	11.1846
-762243.624	-1057488.376	-762151.98	-1057543.4	2.1579
-855628.204	-1046629.092	-854140.01	-1046983.951	18.0205
-808777.7	-1000828.95	-808708.01	-1000773.94	0.9887
-765555.283	-989751.387	-765164.638	-989534.881	4.9746
-647915.562	-1066970.75	-647790.847	-1067393.64	8.8301
-649281.375	-1061840.834	-649218.969	-1061762.193	2.3278
-698401.21	-1004629.35	-698382.33	-1004446.27	2.1437
-702956.135	-1076208.755	-701751.9	-1074551.6	23.1326
-735705.76	-1007865.98	-731404.222	-1008727.388	52.1578
-713742.68	-1005140.25	-714027.24	-1005063.45	3.2831
-754607.34	-1035820.88	-754590.79	-1035902.17	1.9098
-675277.496	-1046282.022	-674130.7	-1047102.27	16.0864
-645182.125	-1042740.125	-645231.86	-1043705.2	23.7404
-645656.76	-1038237.91	-644773.5	-1037891.361	11.58
-641152.528	-1043280.12	-640478.578	-1043279.784	13.8168
-781927.11	-1013434.22	-782644.121	-1018033.388	58.9578
-792197.43	-1041123.19	-793511.08	-1041584.97	16.7625
-737596.76	-1057650.8	-737585.966	-1057622.357	0.6249
-692637.99	-1043495.14	-693060.92	-1042497.66	22.588
-829579.044	-992664.87	-828019.303	-997044.751	83.1197
-680469.593	-1048668.601	-680637.2	-1047907.33	9.0229
-714181.98	-1073425.977	-714126.459	-1073423.687	0.6204
-731589.929	-1056706.085	-731146.852	-1056802.67	5.18
-791773.631	-986774.146	-791769.11	-986292.988	10.0501
-752473.827	-1048687.075	-752441.0	-1048737.125	1.2759
-776731.11	-973928.64	-777798.65	-971854.93	30.2244
-647976.31	-1088461.283	-647768.254	-1088915.886	10.0367
-688002.282	-1075181.562	-687637.99	-1074883.63	5.2322
-760660.272	-1068689.028	-760665.759	-1068759.931	0.7902
-725756.82	-1080639.05	-726051.674	-1081296.628	8.1942
-742089.043	-1049140.504	-742087.72	-1049062.09	1.8195
-753531.82	-1029255.4	-755185.5	-1028876.24	19.672
-695425.18	-1027294.18	-694947.241	-1029166.982	22.4217
-794781.54	-1019822.93	-794390.371	-1020723.153	11.2657
-747786.218	-1026682.429	-748503.37	-1025506.13	18.651
-879650.97	-1020835.38	-879599.56	-1020720.76	1.9811
-664819.92	-1015788.69	-663394.55	-1018058.15	29.7774
-818596.165	-1001266.455	-819127.044	-1000624.817	9.2555
-768081.24	-985497.61	-768086.74	-985456.66	0.4591
-644103.839	-1047463.345	-644280.07	-1047970.75	5.9802
-727335.155	-1055066.018	-727371.092	-1055082.893	1.1464
-712770.01	-1027092.35	-711055.301	-1025126.549	29.8266
-705153.44	-1065116.36	-702421.423	-1064295.483	45.7087
-658632.613	-1007570.898	-659200.06	-1006056.33	22.0298
-724920.28	-1020590.19	-723448.35	-1020482.63	16.8542
-661219.349	-1077757.684	-659220.915	-1079389.294	30.0769
-644516.187	-1038472.986	-644718.554	-1037970.142	9.2824
-697437.04	-999782.5	-697594.667	-999708.68	3.5713
-826617.415	-1064975.428	-827627.983	-1065980.046	17.0239
-719962.98	-1050499.82	-719291.016	-1050167.408	8.3538
-649189.671	-1061088.354	-649209.144	-1061099.602	0.492
-847631.984	-1026209.072	-846077.369	-1022040.031	62.5033
-815495.249	-1077006.108	-813838.81	-1073966.7	42.9581
-724612.79	-1027039.26	-724293.04	-1026433.46	16.4773
-684582.25	-1034680.56	-684737.81	-1033347.95	15.3546
-675086.15	-1054222.99	-674215.166	-1055126.978	14.4684
-710785.11	-1024084.1	-711654.17	-1022257.4	22.8705
-736492.71	-1028281.71	-735510.1	-1028628.63	11.8301
-648073.562	-1066122.759	-648137.96	-1066641.29	10.4503
-881684.648	-1007478.419	-881766.324	-1009134.231	19.7453
-760110.712	-976177.525	-759651.598	-976154.419	9.333
-765677.7	-990558.27	-763389.81	-992953.24	25.6501
-777556.591	-991207.669	-777218.168	-993020.447	21.5102
-720245.62	-1070992.61	-720011.75	-1071233.346	3.8466
-882384.904	-1003135.151	-882180.889	-1003054.844	4.6985
-705932.86	-1013325.98	-706560.61	-1015673.42	27.7277
-733267.49	-1020351.43	-731613.902	-1021278.732	24.246
-723862.67	-1002130.34	-725453.136	-998817.093	43.2595
-710457.607	-1037049.321	-710920.578	-1035454.223	37.2389
-741375.46	-1047504.02	-741788.86	-1047093.87	11.6615
-761858.43	-1020987.09	-761830.68	-1021728.81	8.3284
-857625.67	-1022950.01	-854376.18	-1025217.55	69.3174
-679522.468	-1067119.159	-679665.464	-1065415.499	42.4914
-802617.775	-1021022.365	-802580.204	-1022609.926	20.3543
-776071.75	-1050624.5	-775823.61	-1048782.01	25.625
-641137.754	-1061523.742	-641830.694	-1058978.996	31.5491
-690676.192	-1082340.194	-690663.34	-1082367.123	0.3319
-785947.35	-1018199.65	-785903.44	-1018138.51	0.8483
-757147.235	-1059510.985	-757128.242	-1059507.045	0.5618
-749962.11	-1054825.44	-751727.92	-1056190.59	26.9518
-860889.384	-1066222.927	-862018.808	-1064807.077	20.1259
-732103.646	-1040876.88	-732170.956	-1040809.093	2.026
-779116.42	-1042743.98	-780485.3	-1040977.06	35.5663
-684053.62	-1032015.32	-684124.787	-1031890.884	1.5928
-701712.32	-1012534.577	-701546.07	-1012463.02	3.6201
-697477.333	-1035907.731	-697424.697	-1035914.68	0.5899
-738748.919	-1001258.549	-738660.45	-1001178.32	1.3644
-761729.69	-1057200.32	-759345.19	-1056031.723	32.0264
-671334.839	-1013380.04	-671318.326	-1013380.851	0.3722
-822691.204	-993747.305	-825652.86	-990284.21	68.8904
-696768.359	-1065799.89	-696813.865	-1065594.502	2.3578
-802886.96	-998364.25	-802994.8	-998275.28	1.0754
-767157.721	-980962.108	-766499.505	-982853.063	15.9439
-681800.77	-1011449.95	-681393.7	-1012890.33	17.0543
-843734.26	-1002910.68	-843706.44	-1002673.06	4.9061
-773585.129	-1055782.565	-773719.778	-1055932.824	4.0353
-771612.37	-1023803.49	-768205.212	-1023323.605	38.2311
-824027.093	-1021446.928	-823979.116	-1021458.512	0.5523
-849048.33	-1002298.4	-849059.247	-1002323.581	0.5917
-764857.312	-1020603.85	-765568.13	-1020517.37	8.32
-783391.24	-1061960.53	-783301.77	-1061787.31	4.0364
-732317.52	-1055113.43	-732430.487	-1054769.329	7.6942
-848719.605	-1073969.032	-846969.722	-1071458.04	36.54
-667434.36	-1033768.44	-667092.245	-1033928.634	4.7512
-788280.93	-990324.35	-788266.04	-990503.37	5.8362
-734667.55	-1006388.29	-734657.224	-1006198.632	2.2
-644809.314	-1073394.96	-643963.03	-1072646.66	12.7772
-802221.716	-997025.126	-804134.69	-996514.12	22.5122
-818651.724	-1074636.177	-819612.78	-1076589.87	17.2388
-646842.755	-1034783.755	-644971.38	-1032389.41	37.9175
-696712.51	-1014727.51	-695996.79	-1015467.52	12.2994
-738659.24	-985876.91	-737827.37	-984515.47	19.3046
-884362.294	-1009602.65	-881522.812	-1014064.165	65.9534
-751476.087	-976015.903	-749717.98	-974722.78	25.1196
-667304.361	-1041101.153	-666683.85	-1040351.24	19.6429
-712856.0	-983393.06	-712873.074	-983376.143	0.6593
-672190.329	-1083203.313	-672245.998	-1083231.835	1.2531
-686632.23	-1026029.46	-686097.313	-1024010.399	23.6012
-698328.194	-1080327.111	-698150.83	-1081315.17	12.4563
-757717.93	-1027868.5	-757198.72	-1025175.29	32.1671
-782127.93	-989879.61	-782973.879	-989205.278	13.0465
-751974.705	-1043105.096	-752279.89	-1043061.71	7.1116
-736873.15	-1038074.36	-736748.94	-1037377.2	14.226
-706921.2	-1069889.39	-707071.52	-1070293.14	4.7888
-731640.68	-1078966.1	-735491.943	-1077107.534	49.5086
-724451.812	-1041571.23	-724435.034	-1041584.202	0.2621
-690378.47	-996190.1	-690223.07	-997143.8	10.9308
-767938.33	-1019675.92	-767713.24	-1020395.35	8.5425
-794506.51	-1004011.49	-794481.78	-1004012.95	0.3127
-864972.286	-1044654.765	-866288.3	-1043015.41	24.4568
-835716.726	-990384.662	-835547.209	-989951.865	5.4994
-649428.98	-1060875.631	-649315.954	-1060816.827	3.5088
-756770.213	-1065375.482	-756870.588	-1065638.939	5.6478
-882299.844	-1021957.655	-882622.57	-1021971.004	2.487
-792554.569	-979614.516	-792414.944	-979502.006	1.999
-773902.9	-997205.3	-774490.386	-998364.466	18.9228
-730363.36	-1084639.28	-730339.49	-1084646.34	0.4978
-747592.42	-1012728.32	-748757.994	-1014323.258	43.7847
-698601.44	-1063577.91	-700885.09	-1064746.32	30.543
-789573.256	-1027143.939	-789516.43	-1027199.534	0.9444
-730385.752	-1043397.184	-730477.06	-1043448.93	2.7484
-758715.209	-1060308.79	-756229.13	-1064141.66	80.9286
-685269.238	-993743.812	-685365.419	-991199.758	28.677
-765999.3	-1078549.26	-765916.1	-1077914.45	7.2762
-753160.456	-1037488.903	-754195.55	-1037453.92	23.8852
-721916.777	-1032975.383	-721831.82	-1032837.54	3.2409
-755632.973	-991024.533	-755651.695	-991024.143	0.6014
-752021.69	-1007728.89	-752039.98	-1007724.212	0.2265
-640041.2	-1044758.34	-639827.249	-1045203.071	16.1372
-818157.27	-1038318.05	-817681.88	-1038726.67	8.179
-694942.03	-1066235.48	-694413.003	-1068650.807	28.2972
-773549.494	-1055894.737	-773495.77	-1055868.64	1.216
-848343.12	-1036112.63	-848593.3	-1036248.77	3.2371
-643390.018	-1044556.049	-643357.52	-1044647.09	1.0742
-753562.08	-1045802.37	-753430.208	-1045790.014	1.0191
-660125.873	-1028254.54	-658948.14	-1028018.85	14.0462
-763754.5	-977158.688	-764026.83	-977054.7	5.9335
-797242.374	-1068992.553	-797207.638	-1068902.189	2.0533
-690414.26	-1069784.24	-688454.182	-1070263.786	23.5975
-829800.781	-1072833.673	-829852.064	-1072797.4	0.7172
-644350.08	-1074464.718	-642583.084	-1075093.771	21.0021
-757110.445	-1047042.846	-757484.4	-1046437.29	18.2014
-767592.88	-1049843.99	-767429.581	-1048595.732	14.4357
-835436.002	-1033713.723	-836677.955	-1034938.437	20.3482
-770958.45	-1020244.89	-769598.02	-1020036.67	16.1605
-685904.886	-993511.359	-685232.746	-993710.463	14.1233
-757859.17	-971476.34	-758416.97	-970988.03	9.7063
-694089.33	-1072562.65	-694916.365	-1073152.797	11.9479
-764212.02	-984411.28	-765863.967	-983629.744	14.2359
-753305.819	-1004644.725	-754717.26	-1002056.5	33.0263
-851816.443	-1010487.409	-852025.15	-1010321.64	5.378
-769888.27	-1017591.99	-769501.759	-1016717.413	10.6476
-736802.978	-1032360.481	-736772.874	-1032130.157	4.653
-648413.314	-1082896.161	-648524.869	-1084048.706	14.0474
-680494.767	-1082143.702	-681114.349	-1082188.818	7.1644
-755911.964	-1059127.866	-756507.085	-1057781.15	17.3621
-742977.964	-987871.438	-741735.77	-987581.701	14.6444
-689663.127	-1077650.329	-688797.379	-1076150.545	19.3533
-851158.788	-1009138.871	-849872.823	-1008152.813	34.3542
-726757.632	-974343.727	-727739.13	-975636.15	20.5525
-776512.28	-979470.94	-777841.63	-980174.42	17.2588
-704896.61	-1014942.03	-705112.095	-1015101.919	2.0657
-752141.41	-1023976.24	-752568.73	-1022723.96	14.7029
-725020.866	-1035329.149	-725019.592	-1035314.128	0.3178
-754670.663	-1043581.536	-756259.96	-1043181.71	18.6943
-759709.546	-1022511.169	-760260.421	-1021845.213	9.7433
-767516.145	-1030473.609	-767505.147	-1030465.416	0.3242
-646608.894	-1035148.209	-646257.99	-1035696.78	7.2357
-764427.96	-984213.11	-765278.81	-985166.48	15.7897
-842537.83	-992099.058	-842568.76	-992116.35	0.608
-840507.259	-1070476.393	-840523.27	-1070522.25	0.5415
-752039.98	-1007724.212	-752045.381	-1007747.603	0.3072
-756889.551	-1065640.076	-756880.203	-1065655.615	0.4297
-732770.34	-993991.07	-735879.16	-989987.13	62.7185
-741063.502	-1048724.768	-740943.5	-1048793.72	3.0736
-864248.86	-1014682.19	-864660.78	-1015185.63	5.0042
-727468.18	-1079410.892	-727549.081	-1078700.955	14.5853
-653414.983	-1023358.623	-653437.442	-1023375.294	0.7247
-725531.932	-998701.486	-725314.234	-997871.642	14.8657
-718775.66	-1088012.98	-717260.966	-1088326.135	33.0501
-810659.26	-991757.7	-810692.36	-991756.35	0.3784
-782291.96	-1079148.93	-780409.069	-1081704.322	68.4436
-760078.83	-976652.25	-759740.36	-976517.51	7.3066
-832504.574	-1028511.063	-833789.548	-1028802.239	16.8157
-713258.3	-1040346.94	-713263.437	-1040260.418	0.9685
-854821.13	-1011089.54	-854887.4	-1011083.73	1.3653
-671529.156	-994215.846	-671541.458	-994226.952	0.3486
-704838.284	-1057569.131	-704824.513	-1057697.425	2.5806
-770073.586	-995598.948	-769951.24	-995580.14	1.3756
-819756.53	-1076870.55	-819624.11	-1076682.22	2.5795
-733915.431	-1056541.625	-733927.121	-1056517.774	0.5711
-815931.981	-1024730.764	-817243.65	-1024194.83	15.7894
-744525.976	-985518.231	-742927.19	-985833.76	19.8105
-758594.475	-1047655.138	-760061.61	-1045933.24	28.7098
-683887.851	-1008125.569	-683832.71	-1008037.48	2.2178
-755086.89	-972337.9	-755071.627	-972993.598	10.7356
-738154.158	-1062918.564	-739793.524	-1062973.819	19.3266
-666792.402	-1075750.654	-669402.384	-1076829.111	37.0632
-698849.58	-996498.17	-698378.936	-995723.523	10.3875
-690378.47	-996190.1	-690355.329	-995681.431	6.1347
-821758.61	-987273.78	-821813.88	-987261.977	0.704
-698742.74	-999596.75	-697706.206	-999723.703	12.7425
-640510.66	-1028327.36	-640652.89	-1029012.59	8.1425
-768181.129	-1028084.705	-768005.2	-1028115.04	3.5757
-769027.74	-999452.77	-772551.76	-997799.62	45.3505
-776457.57	-975926.16	-776446.43	-976006.71	1.6288
-811436.45	-1058332.05	-810964.063	-1057350.887	18.8286
-794596.07	-1003843.11	-799218.218	-1001629.481	39.4264
-659839.208	-1072077.168	-661987.09	-1073794.27	42.0002
-662771.157	-997468.035	-662805.253	-996864.643	32.7498
-678908.429	-1075980.569	-679399.801	-1079914.55	46.8316
-760798.366	-976523.528	-760694.235	-976579.692	2.5619
-770374.86	-983338.06	-771549.54	-982560.38	15.9452
-825652.86	-990284.21	-825767.75	-989720.75	6.4706
-746918.125	-1017516.563	-746939.588	-1017404.603	1.4328
-741819.671	-981309.368	-742170.27	-981064.35	5.1789
-756454.44	-1042130.3	-756273.1	-1041563.77	11.9371
-689289.117	-1090073.041	-689133.657	-1091275.611	14.6304
-757140.049	-1059498.17	-757147.235	-1059510.985	0.3317
-674729.5	-1016966.41	-674265.513	-1018960.391	24.8779
-742803.47	-1032645.08	-745931.551	-1032495.079	51.4683
-682692.846	-1028346.69	-684190.79	-1027277.101	20.621
-698382.33	-1004446.27	-696426.87	-1001006.06	30.6374
-649286.677	-1061749.033	-649298.085	-1061754.233	0.2522
-872116.886	-1034067.855	-871874.345	-1034118.846	2.7569
-779253.26	-1007091.45	-777829.486	-1003324.989	52.9652
-683566.397	-1034493.712	-683000.678	-1033361.372	14.7772
-649209.144	-1061099.602	-649205.63	-1061116.033	0.3514
-735886.71	-1072198.31	-735030.582	-1072887.45	13.8009
-808875.104	-990891.741	-809067.59	-990874.41	4.6419
-705554.843	-1006843.949	-704847.721	-1008039.339	31.3887
-813725.859	-1071652.505	-815238.312	-1070947.234	15.7001
-691002.18	-995246.83	-690247.146	-995050.618	9.2061
-762253.87	-984849.76	-760202.75	-983625.94	34.863
-695735.76	-1026015.665	-697316.589	-1026575.904	19.3869
-820973.902	-1062163.172	-820758.321	-1063384.583	13.7811
-730428.745	-1057413.053	-730549.63	-1057384.57	1.3953
-864301.648	-1043408.757	-864091.237	-1044544.766	14.9512
-751669.33	-1007020.21	-751637.21	-1006976.32	0.6048
-659141.502	-1054020.948	-659564.47	-1054034.521	4.9257
-766488.889	-972130.108	-766458.499	-972340.383	1.638
-657019.754	-1063024.574	-652605.739	-1064369.9	53.97
-860278.73	-1006748.49	-861324.758	-1008825.029	27.1976
-865033.199	-1014739.988	-864779.652	-1012961.45	28.9734
-719918.3	-1084615.0	-719964.66	-1084640.61	0.5895
-729566.13	-985317.67	-727547.636	-983761.853	29.5538
-673235.616	-1012182.841	-673068.91	-1012409.4	5.6291
-758097.64	-1033403.64	-757841.67	-1033524.501	5.6633
-757108.177	-1032272.941	-757097.594	-1032250.122	0.5592
-781677.917	-1049785.142	-781865.15	-1048439.48	15.7291
-757420.204	-1040997.825	-758253.4	-1040701.45	18.0452
-885102.897	-1016857.919	-882642.087	-1015832.189	34.9678
-831494.033	-1036682.579	-832856.929	-1036801.011	16.7374
-776487.38	-1076782.21	-778922.16	-1071182.43	76.2611
-710977.87	-1025266.24	-710430.018	-1025668.049	13.9069
-710311.89	-1067211.04	-710947.59	-1066487.36	10.9152
-667401.048	-1083330.838	-666388.889	-1082179.573	19.3046
-707084.08	-1063283.91	-706057.394	-1063749.005	13.1097
-640971.591	-1080795.556	-641563.12	-1081473.4	10.2254
-738946.797	-1071544.05	-739504.506	-1073640.959	28.8158
-701281.438	-1012426.375	-701654.7	-1012344.5	7.655
-728440.506	-1060914.19	-730473.09	-1057922.22	28.157
-639843.367	-1051732.211	-640470.79	-1051656.34	9.3239
-727095.671	-1031375.294	-725685.08	-1033315.51	26.8109
-835040.953	-1040646.03	-837084.581	-1040616.452	24.0402
-814496.11	-1069885.77	-814649.04	-1070090.53	5.1213
-738989.588	-987015.568	-738672.355	-985890.635	15.885
-766906.4	-1033649.9	-766746.83	-1036733.97	36.7254
-646928.349	-1057809.416	-646916.449	-1057818.684	0.3164
-704497.25	-1019010.64	-703972.47	-1019132.76	6.0092
-748260.33	-1030616.4	-748255.783	-1030596.93	0.405
-748074.278	-981286.736	-747762.892	-981878.26	7.6368
-693730.615	-1032430.836	-693762.45	-1032418.66	0.6839
-759251.08	-1022895.286	-759758.79	-1022562.13	7.4565
-736840.53	-1036757.31	-736806.057	-1036906.288	3.0591
-727029.82	-1054875.525	-726907.287	-1054944.598	2.9891
-645145.99	-1049725.66	-645139.2	-1049789.74	1.3108
-748623.581	-1025255.676	-748448.468	-1025141.783	5.4701
-826207.223	-1025611.665	-825983.792	-1025686.738	2.6422
-660600.09	-1066370.54	-661244.734	-1066292.993	7.8413
-859274.95	-1010955.36	-859271.08	-1010969.95	0.1841
-641003.486	-1073021.745	-640730.83	-1072215.52	9.7951
-727397.58	-1033927.5	-727394.82	-1032823.14	14.2355
-689433.515	-1058416.562	-688883.495	-1058050.177	13.2195
-844011.49	-1005076.04	-839305.924	-1006682.998	89.0999
-784552.08	-1000770.58	-784727.36	-999553.65	15.9658
-689070.19	-1007867.98	-689146.607	-1007520.54	4.0326
-813902.061	-1024065.431	-814454.41	-1025832.225	26.1902
-768510.663	-1082952.008	-768538.32	-1082897.61	109.8087
-849027.94	-1002337.53	-848826.603	-1006137.521	50.8775
-840611.07	-1059465.3	-841388.927	-1061952.353	45.2672
-641900.29	-1083151.42	-641558.455	-1081663.353	20.5427
-772290.594	-972053.928	-771922.183	-971933.635	8.4424
-794318.27	-1008076.35	-790550.11	-1009049.625	51.3159
-678795.907	-990702.905	-679466.541	-989570.958	19.7612
-736379.617	-1013751.113	-736379.594	-1013769.886	0.2249
-732817.12	-1028636.06	-734608.004	-1027176.601	27.618
-732635.471	-1085666.116	-734758.764	-1086491.288	39.8785
-741813.07	-1047094.23	-741842.018	-1047250.734	3.476
-697472.53	-1017427.37	-697349.47	-1017397.28	2.5378
-851153.587	-1009157.697	-851170.803	-1009143.361	0.6661
-681287.93	-1064461.518	-681218.36	-1064419.74	2.1049
-645063.453	-1071395.993	-644167.988	-1071592.408	10.2439
-791097.96	-1010612.87	-789897.46	-1010678.27	13.8887
-849027.94	-1002337.53	-849048.33	-1002298.4	1.3869
-716573.27	-1009828.58	-717406.571	-1009971.884	11.3441
-756447.96	-1021323.23	-757291.75	-1022892.522	21.7593
-694401.055	-1065921.44	-694942.03	-1066235.48	7.8846
-824185.68	-1076313.69	-824140.66	-1076361.08	3.0947
-876735.812	-1034362.82	-878110.309	-1036605.959	30.3302
-645555.73	-1052928.7	-645481.3	-1052903.41	0.9262
-778145.757	-981936.077	-778139.229	-981927.018	0.2523
-705213.552	-1046907.088	-704286.97	-1047107.97	10.5597
-824123.41	-1076094.96	-824103.65	-1075094.96	9.1309
-688732.223	-1058533.682	-688742.145	-1058541.222	0.2947
-766744.49	-996216.03	-764512.253	-997703.884	30.0491
-666466.26	-1013751.01	-666386.09	-1013742.47	0.9013
-762805.438	-1051020.875	-762339.98	-1051545.548	22.1586
-752574.0	-1048595.25	-752456.66	-1048568.5	3.043
-701332.32	-1004961.69	-704645.72	-1007854.94	60.1944
-754453.681	-1063515.296	-754368.65	-1063473.26	1.9431
-651926.66	-1019772.51	-653953.22	-1019479.01	27.8979
-798345.32	-994740.24	-799077.81	-993548.97	16.4986
-828650.137	-1025051.101	-830057.621	-1024759.739	15.9705
-684465.51	-994535.698	-684500.3	-994629.26	2.016
-741678.677	-1028204.395	-742088.056	-1027627.493	7.8611
-683207.8	-994620.61	-681797.21	-993912.17	25.2047
-716181.54	-1053143.76	-713784.454	-1051227.776	36.5306
-759070.16	-1068771.63	-759120.04	-1068577.14	2.969
-676885.72	-1040443.22	-676359.333	-1040833.919	7.8551
-649281.375	-1061840.834	-649281.836	-1061781.562	1.2116
-695497.4	-1038523.04	-694182.92	-1040208.12	23.8951
-725462.663	-978511.852	-730613.51	-976931.21	64.8674
-712745.62	-1008418.9	-712566.42	-1009304.56	10.2999
-767521.328	-1030468.912	-767516.145	-1030473.609	0.1439
-760277.5	-1018634.36	-758222.11	-1020120.63	29.5228
-767491.287	-1045988.307	-767628.36	-1046038.68	2.9225
-666173.04	-1011510.76	-665202.27	-1011208.67	11.654
-704514.89	-1014722.42	-704443.17	-1014666.94	0.6975
-730555.63	-1041606.57	-729921.66	-1041002.68	10.1698
-714569.04	-1056043.87	-714087.729	-1057511.199	17.259
-819624.11	-1076682.22	-819458.15	-1075912.13	8.843
-683525.776	-1008619.715	-683572.77	-1009436.95	9.1949
-683574.671	-1062240.606	-683994.92	-1063855.331	34.1176
-776711.619	-1034332.795	-776749.33	-1034354.42	1.0089
-734179.267	-1073288.225	-734107.342	-1075541.778	26.7683
-644773.5	-1037891.361	-644749.721	-1037931.006	0.5143
-702320.32	-1009965.34	-702516.565	-1010261.375	7.1488
-703603.3	-1070228.96	-702591.63	-1070675.77	12.4947
-798345.32	-994740.24	-800442.53	-998372.8	52.5382
-662235.315	-1059060.07	-662315.36	-1062090.09	35.0151
-834771.583	-1060697.914	-835407.871	-1058766.318	23.376
-656123.371	-1061794.799	-652542.747	-1062334.365	41.5413
-648369.812	-1038391.511	-648257.58	-1038522.22	1.9315
-789999.22	-1029582.85	-789625.983	-1027260.753	27.4695
-729458.7	-1079294.71	-730136.57	-1079066.52	8.0079
-763475.06	-992883.25	-763702.81	-992726.37	5.532
-762524.04	-1062470.43	-763664.0	-1062929.15	14.252
-719124.44	-1019653.71	-719644.184	-1021630.445	26.299
-646487.376	-1023965.665	-648133.96	-1022872.9	22.3104
-693139.9	-1052017.28	-694455.13	-1052575.23	16.8724
-672706.22	-1015107.8	-672642.55	-1014807.25	3.495
-792713.08	-994913.79	-793324.128	-996026.433	14.4919
-684950.74	-996639.44	-684308.453	-1001173.117	65.0981
-703972.47	-1019132.76	-703567.379	-1020096.168	11.6123
-769035.413	-993099.911	-767901.68	-991457.23	29.813
-787841.5	-1017293.11	-785969.35	-1018223.45	38.7408
-746657.563	-1017680.468	-746935.15	-1017088.725	5.0645
-819733.064	-1026468.279	-819904.908	-1026322.442	4.515
-705349.875	-1044497.918	-705583.77	-1044359.47	2.0909
-644993.93	-1049839.45	-644748.24	-1050053.81	6.5539
-720519.25	-1047917.17	-718912.187	-1047953.389	18.1308
-655774.43	-1015985.09	-652077.08	-1016925.91	44.0225
-685946.901	-1053736.888	-688505.13	-1051236.35	42.7457
-701337.4	-1003724.2	-701237.46	-1003858.29	3.4734
-649822.85	-1086477.095	-650094.63	-1087395.397	17.0488
-804450.558	-1069192.035	-804402.802	-1069236.047	1.3282
-762921.827	-973598.762	-762800.511	-973664.528	2.7712
-686841.974	-1066086.179	-687258.748	-1064722.219	17.7759
-770392.356	-1000118.005	-770489.81	-1000173.05	1.2436
-759120.04	-1068577.14	-759224.355	-1068507.43	1.3942
-733650.642	-1053310.708	-733688.643	-1053306.73	0.8732
-669697.05	-1011811.44	-669124.001	-1010876.083	22.4842
-763355.85	-1021358.05	-763141.496	-1021116.148	4.1003
-647466.17	-1093699.84	-647876.97	-1093900.63	5.191
-690092.367	-1088967.61	-691194.385	-1091059.52	60.3305
-797607.34	-1069337.13	-797706.25	-1070400.74	13.4784
-738923.023	-995382.748	-738733.01	-994172.457	14.1783
-860277.03	-1033622.47	-859548.5	-1034615.3	14.1934
-687848.906	-1056461.199	-688201.86	-1053356.66	37.9933
-755038.409	-975123.909	-755003.782	-975027.435	7.0291
-762955.47	-1033824.97	-760736.63	-1031935.29	35.2757
-804402.802	-1069236.047	-800608.9	-1067009.36	50.5966
-686826.375	-1070694.396	-685318.93	-1069051.32	26.0179
-665794.8	-1014294.06	-664819.92	-1015788.69	19.8844
-887835.846	-1019891.347	-887560.516	-1019868.019	3.0703
-671563.613	-1083323.763	-671566.691	-1083348.848	0.8557
-647774.02	-1059233.54	-647852.61	-1059246.72	1.6104
-796037.22	-1012218.17	-795999.57	-1013472.36	14.5124
-746719.1	-1011750.25	-746356.47	-1011843.08	4.3849
-744427.01	-1041940.53	-744444.64	-1041362.66	11.7314
-668848.3	-1010056.22	-669484.44	-1009602.86	17.2081
-823944.91	-1066493.496	-823952.872	-1066561.885	1.5551
-674304.001	-1060024.199	-672926.39	-1060561.43	17.2152
-819149.87	-1017315.07	-817241.266	-1019931.56	40.3368
-644501.1	-1038399.972	-644454.839	-1038353.711	0.7369
-733950.735	-1053559.331	-734158.512	-1053815.078	7.0576
-828066.378	-1034119.544	-829057.641	-1032575.254	23.3749
-822522.04	-1017189.31	-822967.682	-1019635.13	41.7909
-698477.336	-990974.16	-696412.988	-986870.134	54.9544
-820973.902	-1062163.172	-820040.56	-1062087.93	18.9512
-790798.607	-1005234.247	-790769.08	-1005236.152	0.4563
-804256.144	-996697.82	-804134.69	-996514.12	2.4479
-713784.454	-1051227.776	-713775.639	-1051218.491	0.1891
-699059.832	-1004382.054	-699058.165	-1004402.255	0.4602
-764075.567	-977066.577	-764026.83	-977054.7	1.1146
-662362.855	-1049139.007	-662315.995	-1049032.62	1.2935
-753296.424	-1004671.452	-753284.357	-1004660.27	0.1912
-645172.077	-1071344.936	-645186.686	-1071405.017	1.2368
-783301.77	-1061787.31	-778315.6	-1058863.87	45.4898
-662315.36	-1062090.09	-661510.83	-1064983.96	40.7184
-819202.2	-1075234.67	-819511.67	-1075826.07	13.4454
-685712.89	-1068641.545	-685181.368	-1066206.294	32.112
-669237.85	-1071413.68	-668606.725	-1072789.606	17.7859
-655004.554	-1070119.791	-654990.028	-1070130.784	0.2197
-792574.93	-1067375.07	-792717.683	-1068085.831	8.2486
-811609.18	-1024678.44	-812095.043	-1023393.512	15.9516
-645172.077	-1071344.936	-645067.818	-1071285.796	3.0678
-783961.55	-1053084.29	-782921.24	-1054037.589	31.3291
-661987.09	-1073794.27	-662570.484	-1074158.653	8.6481
-740113.877	-1048564.374	-740263.048	-1048539.176	3.1399
-782595.73	-1062161.21	-781330.99	-1062207.01	14.5663
-783639.3	-1061919.5	-783740.92	-1062114.7	4.5917
-734814.96	-1045808.9	-734871.69	-1045752.6	1.7829
-692559.898	-1080566.223	-690356.566	-1079498.692	28.6395
-684561.603	-994651.643	-684400.46	-994761.98	3.9529
-660725.035	-1020574.153	-659267.448	-1021680.819	20.3348
-740370.9	-1068792.036	-740537.23	-1069677.13	21.1676
-733649.399	-1015348.684	-733675.105	-1015316.557	1.2005
-652296.28	-1047526.95	-652244.35	-1047484.7	0.7438
-771899.49	-1025011.53	-770273.005	-1024610.855	20.9072
-741826.92	-1043491.34	-741616.98	-1043059.21	9.7491
-648783.95	-1028159.26	-648220.07	-1027573.9	11.1961
-661677.75	-1019517.07	-661395.535	-1019171.592	10.9772
-808259.75	-991522.18	-808223.01	-991554.91	1.1607
-717444.989	-1021625.032	-717390.824	-1021655.853	0.6967
-771281.929	-1061756.367	-770353.66	-1060804.791	16.5815
-680256.859	-1067463.219	-680266.044	-1067450.627	0.3357
-768947.8	-980146.02	-769681.56	-980106.11	6.8752
-746628.318	-1006476.563	-746316.93	-1007009.61	6.9938
-778014.027	-1012372.889	-778688.11	-1011687.44	10.7244
-661617.63	-1011287.41	-662928.31	-1011069.52	17.4153
-758900.159	-1029946.098	-759479.25	-1029428.5	15.9508
-680545.68	-1060098.99	-681692.29	-1059999.27	12.9491
-773237.107	-978438.398	-773231.21	-978427.34	0.269
-754768.421	-1001856.78	-754851.754	-1001837.015	0.9584
-753531.82	-1029255.4	-751583.2	-1027700.11	29.1108
-835338.541	-986249.51	-834379.642	-987116.702	18.7357
-795439.262	-985877.066	-795450.938	-985788.52	0.9985
-684737.81	-1033347.95	-684084.16	-1033852.85	9.2665
-672386.15	-1014641.12	-672062.917	-1014726.53	6.8476
-684719.07	-993999.7	-684524.76	-993875.02	5.5569
-760986.04	-1026533.61	-761127.644	-1026146.311	8.3429
-712180.97	-1055894.97	-711586.299	-1058720.341	33.8911
-696379.8	-1045598.58	-696115.69	-1045320.03	4.2967
-744676.58	-997624.94	-746249.934	-999007.937	26.885
-819253.223	-1065170.414	-819266.67	-1065155.974	0.4211
-762732.99	-1003869.0	-761330.15	-1006063.11	38.7634
-695425.18	-1027294.18	-697368.527	-1026667.204	27.9095
-726849.801	-1054952.963	-726844.043	-1054963.478	0.2398
-710900.688	-1025940.774	-710884.848	-1025926.968	0.4508
-675690.37	-1067570.25	-675211.97	-1066793.444	22.771
-699514.43	-1057402.52	-699352.38	-1057446.86	1.8794
-654626.586	-1030590.14	-654593.16	-1030291.35	3.3456
-763495.498	-1050934.008	-765408.141	-1051604.16	22.7099
-749171.951	-1045561.739	-749343.934	-1045675.019	4.2698
-652444.32	-1028726.62	-651643.82	-1029548.21	12.779
-720704.68	-1050757.53	-720089.69	-1051396.2	10.2749
-757081.252	-1016222.829	-756917.862	-1016333.564	3.9773
-762151.98	-1057543.4	-761729.69	-1057200.32	12.5182
-689965.324	-1088969.229	-690092.367	-1088967.61	1.4323
-812592.933	-1005045.049	-809822.205	-1004207.396	35.4126
-743670.905	-1024947.276	-743733.598	-1024751.968	4.1039
-726878.932	-1054903.12	-726907.287	-1054944.598	1.0608
-648119.937	-1065264.0	-648073.562	-1066122.759	17.2318
-807283.22	-992058.13	-807218.882	-991570.862	10.0791
-733380.49	-1000976.91	-733066.43	-1000888.03	3.7135
-678849.04	-1004521.86	-680164.18	-1003734.49	20.4686
-666683.85	-1040351.24	-665998.12	-1039213.13	15.5438
-813798.296	-1067557.869	-812337.094	-1067266.24	18.5501
-811732.45	-1017293.0	-807487.18	-1017041.32	51.8596
-819859.81	-1075632.48	-820681.82	-1077421.557	25.8978
-750581.08	-1018442.97	-748877.24	-1017607.466	24.7881
-758333.318	-1040644.002	-758355.348	-1040652.328	0.5217
-817229.42	-1070591.25	-817356.22	-1070566.11	1.4363
-693880.659	-991617.913	-693587.23	-991321.44	4.7726
-730136.57	-1079066.52	-731640.68	-1078966.1	17.5124
-679587.323	-1071764.46	-678978.25	-1073020.88	16.3784
-656326.915	-1069967.999	-656255.699	-1070045.007	2.1009
-783886.97	-988418.09	-783901.62	-988451.57	0.4061
-797114.443	-1028734.905	-797650.14	-1028584.26	11.1346
-690024.26	-1005862.91	-692416.863	-1004296.387	41.0859
-771986.75	-1079105.54	-776058.3	-1081472.38	55.1435
-877339.234	-1015828.577	-877826.08	-1014802.63	14.3138
-683331.887	-1021783.553	-685497.87	-1023511.15	31.5892
-817411.992	-1063506.723	-814565.083	-1061261.8	43.8111
-739314.48	-1033595.88	-739217.73	-1033609.03	2.2089
-698568.47	-1004508.36	-698737.223	-1004659.148	2.5733
-727549.081	-1078700.955	-725714.2	-1076604.05	37.1925
-742458.968	-1045227.057	-742533.36	-1045896.58	13.5688
-701597.527	-1060360.695	-702768.8	-1059534.95	16.5157
-648073.562	-1066122.759	-646526.173	-1066046.309	17.7405
-656596.064	-1070185.016	-656633.86	-1070308.88	2.6246
-744607.988	-1048628.387	-744500.5	-1048316.55	7.8118
-794052.3	-1037127.69	-794659.195	-1039549.728	37.542
-821541.517	-996065.46	-821510.98	-996075.529	0.4097
-686980.44	-1062408.9	-688066.84	-1062324.49	13.096
-879585.58	-1020819.82	-879650.97	-1020835.38	0.7663
-772252.958	-1022494.152	-771612.37	-1023803.49	21.2236
-751400.001	-1045798.738	-751354.53	-1045701.18	2.727
-671429.964	-994727.192	-671462.93	-994729.683	1.0699
-727802.84	-1023207.34	-725803.749	-1022124.234	31.1923
-661501.52	-1058410.07	-658622.933	-1059729.837	43.5928
-852947.58	-1019297.82	-853343.062	-1022535.79	38.9378
-700883.381	-1010387.523	-700915.204	-1010513.621	2.6023
-715946.22	-1057343.1	-716319.893	-1056857.227	14.1468
-774305.718	-1021278.4	-774162.8	-1021173.806	2.0091
-702392.08	-1045953.55	-702013.998	-1046509.264	8.2403
-817440.385	-987824.75	-817396.62	-988845.84	12.1457
-672110.66	-1011490.64	-673053.29	-1012178.46	23.6745
-745951.264	-1053740.124	-745949.483	-1053736.759	0.0761
-690024.26	-1005862.91	-688121.91	-1005129.46	25.2359
-714821.655	-998230.155	-713070.7	-998912.01	20.9262
-739286.62	-1033463.37	-739217.73	-1033609.03	3.2227
-649055.257	-1058143.084	-648988.473	-1058055.204	2.2467
-756164.6	-993304.1	-756178.87	-993320.65	0.4909
-691713.46	-1050986.78	-692204.04	-1051154.63	5.7691
-761869.05	-1044037.25	-762779.554	-1043689.805	11.2266
-644280.07	-1047970.75	-644139.468	-1047621.263	4.9956
-642375.112	-1071148.054	-640408.725	-1071317.926	21.9593
-643467.953	-1062808.251	-643407.33	-1065727.687	33.9347
-755814.649	-1034625.46	-755875.499	-1034440.47	2.1755
-727719.25	-1040456.16	-723564.93	-1036303.18	45.8761
-840107.51	-1065084.419	-842664.93	-1065638.633	29.1919
-727990.498	-1055920.737	-727882.96	-1055864.88	2.4959
-812433.03	-1013933.23	-812489.38	-1013963.8	0.7135
-762564.02	-992066.04	-762541.454	-992050.625	0.8054
-723677.639	-1036221.999	-723650.025	-1036501.706	5.6332
-727727.2	-1040446.25	-727842.643	-1040415.929	1.3963
-762857.67	-1050705.85	-762805.438	-1051020.875	7.2801
-808485.125	-991109.938	-808875.104	-990891.741	8.9685
-820040.56	-1062087.93	-817712.43	-1060613.02	34.3868
-687421.8	-1056195.02	-682593.55	-1057225.8	56.6765
-801122.25	-1008105.063	-801108.0	-1008116.063	0.3812
-653715.262	-1078892.329	-653588.193	-1079864.762	11.6695
-779866.125	-983130.25	-779817.024	-983152.727	0.6
-819353.97	-1075609.13	-819302.55	-1075496.64	2.4739
-745923.02	-1055713.05	-746339.26	-1055479.06	10.1539
-645356.061	-1042741.654	-645204.688	-1042734.375	3.0387
-659898.244	-1090702.716	-659784.206	-1089373.746	15.0913
-665659.82	-1000236.89	-663914.11	-1003293.55	52.9473
-827897.646	-1061881.878	-826671.121	-1062964.062	18.1911
-680341.8	-1069060.17	-681395.684	-1071134.646	27.1915
-727465.293	-1006781.635	-727307.445	-1006654.372	2.3672
-775431.892	-1032659.27	-775646.55	-1032626.12	2.4134
-767079.448	-980592.736	-767157.721	-980962.108	4.3313
-705213.552	-1046907.088	-705068.76	-1047873.8	11.1032
-656412.571	-1067887.071	-655124.918	-1068254.416	15.3957
-776337.19	-1022113.34	-775478.8	-1021851.08	10.7277
-686738.011	-1062853.464	-686980.44	-1062408.9	8.1647
-808753.15	-991205.09	-808700.584	-991218.76	1.0893
-668187.95	-1070197.45	-667580.854	-1071084.734	12.3095
-775508.24	-1065095.71	-774118.63	-1065131.66	15.7221
-806738.412	-1068728.082	-806550.624	-1067938.374	16.3442
-726485.929	-1070435.268	-726502.432	-1070523.304	2.1507
-647768.254	-1088915.886	-647429.71	-1088888.66	6.8316
-866147.59	-1048867.78	-865707.45	-1048533.08	11.0612
-753007.42	-983585.66	-753063.822	-985251.483	19.3202
-747395.28	-1027586.476	-747786.218	-1026682.429	10.9789
-755006.918	-980759.374	-754805.789	-981132.737	4.7342
-680588.724	-1064347.312	-680661.217	-1062984.287	15.5144
-697287.6	-1072560.2	-697391.442	-1072062.306	5.6731
-794639.386	-986543.904	-794827.259	-986652.482	2.5222
-862451.551	-989807.102	-861412.91	-990472.22	15.0851
-715631.772	-1000548.948	-715496.39	-1000040.36	5.8878
-725020.866	-1035329.149	-723735.714	-1035565.991	27.5886
-661131.88	-999947.81	-660750.09	-1001499.58	24.7879
-727749.77	-1033945.99	-727397.58	-1033927.5	3.9191
-842649.229	-1017088.561	-842356.181	-1017256.984	3.8648
-762967.238	-980983.02	-761851.211	-980207.841	15.5616
-783758.47	-1044267.37	-785874.31	-1045240.77	40.5461
-863459.709	-1029550.184	-867400.339	-1034047.122	110.2958
-697879.42	-1024755.13	-697316.589	-1026575.904	21.7753
-741398.951	-1001930.92	-741364.58	-1001918.11	0.7346
-831413.73	-984863.759	-833025.666	-988995.456	51.4786
-802900.18	-998268.5	-802866.19	-998231.72	0.5565
-664882.56	-1076094.25	-663806.42	-1075840.04	15.2942
-772326.804	-1081816.12	-772344.634	-1081828.37	0.2522
-805526.666	-1063574.646	-806200.929	-1062531.738	15.2227
-826096.839	-1043447.24	-827032.435	-1043279.083	10.6616
-703635.862	-1037189.932	-703635.91	-1037363.33	3.4848
-796287.08	-1026341.75	-796895.697	-1025195.084	14.8292
-769566.17	-1053026.82	-770317.013	-1053596.458	20.5805
-729135.715	-1078700.134	-729368.5	-1079393.96	14.6569
-752530.639	-1077247.698	-752483.391	-1077454.372	2.3865
-880146.31	-1011719.17	-881522.812	-1014064.165	32.33
-795519.83	-995402.33	-796934.15	-997600.62	29.1701
-845398.449	-1044515.837	-843305.65	-1042644.378	39.7255
-713263.437	-1040260.418	-713080.6	-1040301.81	2.0833
-715953.55	-1017612.59	-713550.47	-1017791.14	31.4765
-679769.06	-1010345.8	-679781.5	-1010354.11	0.1663
-751991.82	-1038509.22	-752161.6	-1038473.45	3.6583
-744693.307	-988746.254	-742977.964	-987871.438	22.0871
-709648.23	-1055155.331	-708643.64	-1056377.41	22.0005
-798528.72	-1002169.83	-795766.35	-1003959.98	47.1636
-849027.29	-1064681.514	-849492.813	-1064832.5	11.1132
-750378.786	-1005549.152	-750178.031	-1005376.112	5.411
-707013.649	-1066206.357	-706622.38	-1065074.64	13.383
-699855.57	-1001220.21	-699954.06	-1000452.35	8.8355
-781414.81	-1012256.33	-781927.11	-1013434.22	18.3008
-744366.4	-1040022.85	-744325.313	-1039822.447	4.1747
-780868.79	-1023109.06	-780506.83	-1023495.58	6.6904
-787825.765	-1006710.999	-787838.72	-1006690.14	0.2728
-645183.938	-1042723.0	-644614.438	-1041881.625	11.324
-751707.204	-986163.13	-751684.279	-986129.648	0.4796
-707043.145	-1047369.448	-704751.508	-1048567.281	30.5842
-689199.57	-1027006.85	-687615.17	-1025887.1	22.0608
-767520.721	-980927.126	-767457.178	-980747.749	2.7147
-745039.596	-1059925.337	-746180.91	-1055983.36	85.7512
-681845.974	-1048307.668	-681671.06	-1048041.65	3.5387
-653761.317	-1094060.611	-653397.894	-1094012.823	4.1441
-834373.817	-1075631.925	-834851.753	-1075995.373	20.6857
-758080.6	-977733.33	-757158.11	-978683.6	20.2936
-880386.519	-998153.313	-874589.614	-996794.932	87.4736
-739456.77	-984455.4	-739772.07	-983203.74	16.0832
-814540.66	-1041755.27	-814349.151	-1040577.083	13.645
-735648.061	-1031206.468	-735035.64	-1031357.32	7.0129
-710884.848	-1025926.968	-710430.018	-1025668.049	10.7832
-844823.27	-1068111.92	-843492.62	-1069956.18	31.056
-688204.498	-1045604.069	-688173.034	-1045724.756	2.6194
-778347.63	-979882.5	-778075.03	-979356.371	6.9081
-712106.34	-1041512.35	-712365.36	-1041495.43	2.8896
-745202.35	-996460.85	-745388.884	-996068.068	6.4339
-710578.734	-1048053.536	-708524.63	-1046732.8	27.8389
-670936.937	-1070587.999	-670464.738	-1071072.651	13.5704
-764003.61	-1024125.807	-764017.237	-1024135.383	0.3542
-748278.41	-1074278.36	-748175.379	-1073268.348	16.9492
-649055.45	-1058279.95	-649463.246	-1060572.535	26.5626
-717553.41	-1023644.14	-718601.39	-1025304.16	22.33
-684434.33	-990100.31	-684448.74	-990093.82	0.3452
-704367.28	-1004604.22	-706091.96	-1004485.88	19.2302
-831193.859	-999203.224	-826005.685	-998194.328	76.2128
-761216.881	-994932.114	-761091.924	-995027.082	1.8204
-717869.17	-1022169.19	-717553.41	-1023644.14	20.7358
-757611.17	-1038996.82	-757505.78	-1039271.09	3.306
-766250.89	-1038585.87	-766277.31	-1038549.28	0.9027
-701568.13	-1012234.63	-701533.204	-1012301.314	2.1003
-717937.101	-978584.615	-718555.855	-979436.015	22.8657
-641999.909	-1083270.542	-641900.29	-1083151.42	3.1715
-749772.962	-1049969.585	-749702.71	-1050186.84	1.7582
-833863.846	-1070978.163	-834135.627	-1070052.582	11.2359
-641702.953	-1058528.436	-641716.414	-1058532.561	0.3312
-696561.63	-996196.47	-697634.39	-994570.19	23.1372
-773028.08	-1031503.21	-772865.013	-1031315.823	2.7602
-670378.25	-1048213.313	-670282.17	-1047974.17	2.867
-707728.379	-1069934.999	-707071.52	-1070293.14	8.3128
-681376.088	-1064537.425	-681195.203	-1064518.936	3.6374
-842812.78	-1001987.65	-842446.245	-1001920.005	4.1416
-683909.275	-995204.688	-683941.278	-995272.125	1.7287
-766886.432	-1009875.954	-766869.724	-1009908.032	0.4028
-685492.765	-1070729.299	-685206.43	-1070551.72	7.0005
-711182.08	-1008838.71	-712566.42	-1009304.56	20.4246
-653951.972	-1045922.459	-652800.92	-1044778.31	18.1967
-826437.994	-1068327.778	-826501.441	-1068388.419	1.7553
-710154.438	-1069709.127	-709267.717	-1068318.769	18.3232
-846906.763	-1052310.741	-847511.823	-1052531.185	7.3064
-744515.11	-1048334.02	-744607.988	-1048628.387	6.5741
-669124.001	-1010876.083	-669095.228	-1010861.663	0.7179
-668996.86	-1009376.63	-668570.513	-1008622.189	17.3331
-846083.92	-1033571.49	-848307.95	-1035856.97	36.4926
-681517.925	-1046005.473	-682033.32	-1045775.8	6.3518
-847683.183	-1038675.318	-845507.48	-1038886.21	26.1462
-792093.47	-1061423.94	-790637.26	-1060634.4	19.2766
-686288.658	-1034859.718	-684582.25	-1034680.56	21.4748
-724567.678	-1043860.306	-724042.189	-1042852.331	24.6469
-740605.199	-1064951.861	-740354.81	-1066732.65	22.714
-848711.125	-1010338.375	-848599.913	-1010322.541	2.2655
-766498.187	-1052166.499	-762979.692	-1050902.147	29.4974
-818542.134	-1001330.982	-818596.165	-1001266.455	0.9351
-761283.792	-994857.136	-761057.6	-994731.297	2.876
-668187.95	-1070197.45	-667413.88	-1070189.63	8.6013
-770839.14	-983575.63	-771062.56	-986449.233	40.8444
-771527.21	-1009234.35	-770863.616	-1010070.631	29.4946
-777253.82	-1070743.77	-778080.774	-1071621.092	13.7513
-725605.77	-1048990.89	-725214.99	-1049590.8	15.2322
-720584.34	-1026957.95	-719755.49	-1030528.03	46.8348
-648850.296	-1057904.804	-648879.304	-1057930.777	0.7787
-795649.836	-1074664.57	-795889.11	-1075753.77	26.6174
-802786.177	-1055892.54	-802399.077	-1055590.677	7.569
-717801.722	-979961.24	-718555.855	-979436.015	18.9108
-648216.898	-1064150.17	-648218.351	-1064155.734	0.115
-702673.44	-997200.48	-705197.814	-993678.154	51.5977
-687707.323	-1057595.839	-687691.147	-1057613.069	0.4987
-699057.01	-1070584.67	-697944.0	-1070337.97	13.2747
-704866.76	-1061699.46	-703668.99	-1062360.73	15.2023
-644704.413	-1038555.288	-644516.187	-1038472.986	2.3232
-714682.82	-1088480.807	-714662.706	-1088598.593	15.4049
-701306.53	-1062771.45	-700435.97	-1061059.08	23.3205
-653408.243	-1023374.751	-653414.983	-1023358.623	0.3757
-658327.19	-1007363.39	-658305.54	-1007290.38	0.8513
-732106.87	-1056824.41	-731827.37	-1056765.91	5.7125
-809358.27	-991770.31	-810333.785	-991622.577	10.9916
-805580.55	-989185.89	-805549.61	-989198.8	0.7567
-808753.15	-991205.09	-808721.81	-991258.59	1.3109
-700934.131	-1010553.257	-700932.587	-1010576.171	0.4628
-767372.422	-1024243.024	-764620.16	-1023928.55	34.2026
-687669.082	-1057604.876	-686881.544	-1058803.954	28.7044
-739945.128	-1048406.216	-740113.877	-1048564.374	4.6473
-735273.672	-1013274.098	-735262.793	-1013251.225	0.6081
-790737.291	-1066899.122	-792574.93	-1067375.07	23.214
-751863.653	-979629.662	-753071.696	-979898.12	20.4557
-757993.91	-1037860.61	-757974.56	-1037895.78	0.8477
-682538.522	-1049193.512	-681845.974	-1048307.668	12.5324
-809159.34	-994184.85	-809585.21	-994142.99	8.6318
-804134.69	-996514.12	-804435.713	-996388.927	3.6231
-701337.4	-1003724.2	-699855.57	-1001220.21	33.9628
-730629.17	-1041975.49	-730621.63	-1042047.58	6.1613
-649286.677	-1061749.033	-649306.272	-1061680.99	1.4549
-775685.57	-995993.75	-775370.39	-996060.31	3.6097
-738499.524	-1076315.869	-737780.89	-1073920.26	31.3882
-646505.31	-1021123.44	-645953.01	-1021514.61	8.3777
-806921.609	-989798.425	-807099.2	-989740.06	5.1069
-777928.09	-1024717.17	-775900.9	-1024307.4	22.9806
-780888.98	-1009117.11	-781072.968	-1009265.796	3.22
-754173.61	-1046352.76	-754070.889	-1046354.239	2.6499
-824242.78	-1071919.35	-824275.24	-1072041.62	2.5347
-866604.105	-1040990.974	-866585.404	-1040998.766	0.2343
-681926.98	-1010567.27	-681800.77	-1011449.95	9.9347
-644600.75	-1041860.375	-644618.793	-1041865.152	0.4188
-756934.11	-1065837.4	-757101.05	-1067770.45	23.2688
-746303.829	-1053861.234	-746350.157	-1053821.114	1.2286
-706091.96	-1004485.88	-705554.843	-1006843.949	26.9499
-694676.06	-1062700.39	-694611.91	-1062657.07	0.8601
-723658.439	-1036741.984	-723627.515	-1036753.24	0.7949
-690976.164	-1022440.541	-688858.81	-1024493.81	34.7823
-748363.74	-1010950.49	-746721.41	-1011678.92	20.1917
-767083.888	-980586.629	-767079.448	-980592.736	0.0839
-842791.18	-1011168.97	-841795.204	-1010891.984	14.5307
-765232.67	-974584.482	-766343.461	-972581.316	18.0045
-791840.28	-1069934.22	-792851.98	-1070549.81	25.8298
-666069.34	-1063029.08	-667278.772	-1063015.809	13.9126
-878647.59	-1016413.42	-877339.234	-1015828.577	16.6361
-684308.453	-1001173.117	-684294.67	-1001305.09	1.7004
-773864.194	-1048488.016	-773868.5	-1048439.4	1.0122
-768305.47	-1063499.85	-768572.23	-1063516.11	2.976
-785384.123	-1060572.777	-784365.893	-1059895.552	14.9192
-724293.04	-1026433.46	-723465.22	-1024603.52	23.5559
-719358.41	-1030469.28	-719451.27	-1030484.668	1.0459
-849337.108	-991340.404	-856245.965	-987780.178	99.441
-791943.37	-991093.07	-794104.53	-993257.69	36.4888
-689527.613	-1046455.283	-689513.392	-1046443.612	0.3979
-740007.973	-1073765.578	-743079.059	-1073762.088	40.5388
-773231.14	-998764.04	-772551.76	-997799.62	14.1756
-697691.297	-1074154.362	-697610.397	-1074461.541	3.7057
-752530.75	-1048781.25	-752655.72	-1049106.351	7.0051
-643431.223	-1047704.006	-642841.85	-1047796.88	6.815
-725957.19	-1071372.88	-726412.52	-1070532.723	23.7344
-787860.82	-978850.27	-788632.81	-979612.71	21.7877
-664640.67	-1051052.65	-665321.897	-1052204.756	15.6145
-716040.63	-1064652.88	-714992.26	-1064696.34	17.584
-775807.257	-1014701.919	-775409.33	-1012503.54	27.0777
-647883.61	-1059352.33	-647774.02	-1059233.54	3.2633
-727355.342	-1055096.643	-727335.155	-1055066.018	0.9295
-704002.618	-1055416.614	-702216.03	-1056459.18	30.5284
-650365.17	-1017742.53	-649508.86	-1018964.207	16.815
-772186.4	-1069039.25	-773681.35	-1068461.09	22.2602
-772371.88	-1055560.94	-772590.59	-1057139.05	22.3194
-678035.842	-1088468.6	-682236.742	-1091181.041	58.973
-848962.91	-1010196.535	-848965.971	-1010131.521	4.5868
-753219.263	-1011090.832	-752788.817	-1011632.078	8.4513
-820596.573	-1063508.757	-820796.02	-1063693.532	3.33
-800155.86	-986999.15	-798000.79	-986310.91	25.3583
-763530.548	-1022285.521	-763417.35	-1022304.798	1.2759
-685123.6	-1043129.11	-685684.47	-1041534.47	18.9926
-648150.16	-1066740.416	-648196.224	-1067247.528	10.2037
-727793.899	-1040572.963	-727719.25	-1040456.16	1.5724
-753492.002	-1050068.921	-752734.577	-1049409.519	21.5183
-731542.33	-1042118.76	-730879.83	-1042076.474	13.277
-836114.539	-1065585.291	-836762.77	-1065574.434	7.2036
-749437.266	-1033909.1	-749323.33	-1033889.64	2.3387
-784559.29	-1007554.27	-784579.81	-1007557.27	0.2488
-673712.95	-1006603.35	-672725.33	-1007905.78	20.4945
-791858.12	-976182.05	-791844.85	-976260.45	1.8033
-679242.718	-1019204.26	-680626.31	-1018394.21	18.0423
-740137.48	-1011440.94	-740011.94	-1011514.41	2.9156
-852989.94	-1010517.63	-853201.371	-1010579.777	4.5049
-754336.728	-1045687.211	-754326.98	-1045709.048	0.523
-734745.125	-1042155.188	-734930.34	-1043352.34	26.1251
-792103.448	-986597.519	-794526.144	-986574.626	29.4316
-751353.632	-1060553.196	-750676.456	-1060986.532	16.1904
-761412.54	-996633.82	-761435.475	-996574.575	0.7059
-727371.092	-1055082.893	-728017.161	-1055341.844	15.6622
-677292.97	-1020091.06	-679242.718	-1019204.26	27.0942
-702667.689	-1022336.44	-700407.19	-1022786.15	26.3025
-712411.89	-1079010.44	-712332.49	-1078923.97	1.3186
-672424.206	-1008814.981	-672142.31	-1009768.45	11.0777
-651397.732	-1057855.359	-651414.86	-1057894.12	0.8734
-643557.271	-1045951.086	-643748.704	-1046709.3	15.6618
-881678.038	-1022283.404	-881703.433	-1022270.161	0.4716
-725728.64	-1047988.15	-725759.39	-1048014.72	0.8128
-653288.69	-1021283.75	-653953.22	-1019479.01	23.2406
-767952.16	-1018202.72	-767938.33	-1019675.92	16.5914
-799501.05	-1001491.58	-799384.86	-1001553.15	1.0115
-781108.19	-994530.19	-780793.58	-993776.99	10.278
-752335.49	-1043007.45	-752283.773	-1042999.425	4.3555
-819856.95	-1074319.47	-819832.02	-1074318.32	0.5257
-767282.221	-980308.449	-767157.87	-980471.898	1.8763
-778981.648	-981746.448	-779061.296	-981747.373	1.739
-792197.43	-1041123.19	-792160.977	-1042685.461	19.5208
-718061.147	-1070291.681	-717576.54	-1071020.05	11.6125
-766544.821	-1023277.347	-766628.606	-1023246.233	2.9217
-819811.51	-1075616.07	-819851.38	-1075578.98	1.3364
-747325.9	-1023919.35	-747419.441	-1023887.103	2.6113
-705123.87	-1050335.6	-707080.209	-1050289.257	22.2351
-805540.33	-989168.23	-804946.338	-989020.174	12.2945
-717632.68	-1027691.75	-716892.06	-1028325.35	11.3291
-722367.371	-1006034.439	-723303.99	-1003392.09	36.5976
-765174.24	-1037748.31	-764673.68	-1036205.79	18.5229
-768199.24	-1036525.0	-768767.21	-1035843.27	17.8073
-779860.566	-982997.266	-779918.002	-983002.261	0.7563
-831771.87	-1022224.438	-833174.947	-1023365.051	27.3536
-874121.601	-1018592.013	-874197.908	-1018506.375	2.4978
-740470.232	-1080930.537	-741865.394	-1082445.309	23.4172
-663566.08	-1037782.32	-662491.9	-1039150.784	23.5037
-772512.536	-996030.911	-772632.881	-995574.369	5.2712
-685192.968	-993757.56	-685133.178	-993721.288	1.4342
-797214.213	-1068891.346	-797380.64	-1068995.27	3.9242
-665214.42	-1066320.27	-666698.84	-1064869.95	23.3671
-658819.536	-1094454.4	-658812.188	-1094158.133	22.1742
-878239.65	-1027464.47	-878319.919	-1027277.494	2.261
-867167.828	-1010925.707	-868497.133	-1010424.36	18.6313
-670331.365	-992443.953	-670581.47	-992525.33	17.9699
-856558.174	-1056633.315	-856671.547	-1056578.81	2.5393
-887873.551	-1019022.036	-888826.21	-1016921.504	28.5459
-659290.395	-1054466.073	-659141.502	-1054020.948	7.0327
-825532.634	-1016158.117	-825471.49	-1016156.886	0.7618
-876537.832	-1030754.157	-876735.812	-1034362.82	47.0396
-771848.74	-1029133.44	-770955.98	-1029438.48	10.6139
-641261.701	-1065502.962	-643467.953	-1062808.251	42.1589
-736039.136	-1010015.649	-736056.775	-1009654.387	7.3362
-724991.13	-1067014.4	-724755.096	-1067022.753	4.7286
-782127.93	-989879.61	-783131.41	-990621.49	14.0199
-680572.645	-1066722.428	-680276.02	-1067212.39	11.4583
-654392.692	-1054642.076	-654382.464	-1054649.897	0.1776
-726227.69	-981373.9	-726045.008	-980908.376	10.216
-751684.279	-986129.648	-751945.629	-984673.444	17.0526
-801698.213	-1026307.738	-803597.372	-1026385.44	21.4424
-848449.58	-1008274.1	-847235.691	-1007495.607	16.1645
-640457.476	-1043228.455	-640498.45	-1043240.46	0.859
-820086.51	-1026747.71	-818565.298	-1026762.006	17.6601
-826437.994	-1068327.778	-826510.959	-1068335.296	1.4866
-758970.228	-988249.682	-757786.655	-988530.705	13.9578
-732453.52	-1040841.31	-732287.17	-1040885.55	3.447
-644822.508	-1038732.068	-644318.761	-1038051.714	6.5482
-798438.216	-1001761.199	-797880.15	-1001128.93	9.5466
-791097.96	-1010612.87	-791870.0	-1012130.96	20.1083
-785167.69	-1014849.55	-784732.25	-1013582.64	16.4715
-677223.02	-1004343.34	-677014.66	-1004511.1	2.9959
-765090.921	-974748.817	-765080.703	-974789.501	0.5837
-764550.697	-1059651.999	-764591.72	-1060064.19	8.5772
-647779.42	-1029670.83	-647419.75	-1029728.563	4.068
-736056.775	-1009654.387	-736050.663	-1009638.721	0.3583
-748764.256	-989288.169	-749047.29	-987905.98	18.893
-767230.195	-980431.316	-767157.87	-980471.898	1.0097
-709967.89	-1041512.11	-708489.08	-1041820.11	16.8343
-680164.18	-1003734.49	-680366.89	-1001046.11	44.6826
-678590.879	-1024845.262	-677792.44	-1026214.67	19.0873
-740947.378	-1048931.179	-741076.525	-1048949.527	3.1096
-756555.36	-1034379.13	-757599.465	-1034395.045	11.6026
-772546.91	-983665.96	-772656.07	-983709.93	1.3205
-784379.863	-1006932.783	-786323.786	-1007089.214	21.942
-745958.08	-987636.28	-748223.85	-988263.016	28.3223
-738778.9	-1032624.5	-738971.93	-1033494.27	10.801
-699077.33	-1070595.49	-699057.01	-1070584.67	0.2558
-786887.737	-989073.619	-783901.73	-988367.12	40.4388
-714915.84	-1038608.6	-713242.06	-1039074.99	19.7292
-737304.085	-1057980.39	-736200.24	-1059961.11	25.4786
-667348.92	-1060124.02	-666384.15	-1058993.096	16.6287
-760708.45	-1061819.03	-761019.6	-1062391.89	7.623
-741532.85	-1042058.86	-741322.22	-1041999.96	4.3929
-736039.136	-1010015.649	-735808.48	-1009613.24	10.1486
-642375.112	-1071148.054	-640839.104	-1070655.431	20.9318
-721792.87	-1032929.71	-721831.82	-1032837.54	2.422
-789558.28	-989147.0	-789730.284	-989177.428	4.7661
-670881.948	-1069497.115	-670591.351	-1068779.942	9.1075
-764877.662	-1004163.078	-764873.57	-1004102.66	1.2357
-714290.31	-1043555.4	-712016.9	-1044548.09	28.7803
-887947.324	-1019600.704	-887978.012	-1019360.905	2.7071
-766813.624	-1037065.826	-766803.76	-1037074.27	0.2854
-701719.02	-1012444.79	-701746.877	-1012354.194	1.903
-786898.14	-991274.68	-787054.4	-991129.28	3.1719
-689375.05	-998992.22	-688376.03	-1000484.46	23.9739
-655206.639	-1024478.076	-654802.8	-1024660.04	9.2558
-774286.71	-1047019.56	-773808.417	-1047373.8	8.5544
-675684.47	-1060626.73	-674304.001	-1060024.199	17.2481
-768977.65	-1052734.135	-769566.17	-1053026.82	13.1735
-684434.355	-1081436.478	-684146.999	-1080120.62	15.1148
-723059.71	-974092.99	-724274.798	-973246.14	17.5234
-787838.72	-1006690.14	-788963.31	-1005173.23	22.6477
-828618.95	-1072041.44	-826755.049	-1070898.934	24.5801
-712005.61	-1022127.72	-713528.78	-1021332.54	19.9687
-758309.8	-973475.47	-758250.72	-973553.41	1.0978
-645186.686	-1071405.017	-645304.913	-1071479.305	1.8571
-646469.519	-1071658.796	-646458.253	-1071655.82	0.2426
-696660.57	-1001127.39	-696666.688	-1001067.998	1.2111
-697541.012	-1035978.822	-697424.697	-1035914.68	1.52
-653765.968	-1024185.397	-653565.93	-1024325.48	6.7991
-646592.33	-1073974.543	-646202.866	-1074027.276	8.3079
-648841.5	-1058041.29	-648846.44	-1057921.15	2.4827
-736631.28	-985374.91	-733803.798	-985254.066	34.1924
-649566.83	-1020996.73	-649268.93	-1019995.56	11.8417
-699977.91	-1071763.11	-697391.442	-1072062.306	31.0106
-869783.194	-1015873.868	-869335.04	-1015775.02	9.6664
-814616.84	-977853.587	-819306.997	-979429.212	57.3547
-746116.811	-973842.852	-745741.58	-974318.97	6.921
-844388.004	-1021825.916	-843640.906	-1021731.064	8.415
-721120.86	-1008565.41	-721040.362	-1008710.019	1.8443
-820611.661	-1069858.811	-817533.88	-1070541.42	35.0892
-778002.79	-972273.81	-778570.39	-973306.93	14.1531
-735898.12	-1075663.65	-735491.943	-1077107.534	17.1406
-661634.62	-1045289.7	-657381.271	-1045152.373	47.4737
-688948.56	-990840.02	-689296.35	-990787.73	4.0174
-788657.3	-989779.55	-789489.75	-989260.36	10.9701
-724042.005	-1034642.051	-723719.58	-1035551.59	20.0747
-776923.94	-1056108.34	-774496.01	-1055892.09	28.7823
-781352.95	-1020016.67	-781640.64	-1020253.82	4.7942
-858595.02	-1055299.8	-860758.589	-1054468.445	35.1399
-787163.7	-989120.96	-786555.91	-988698.93	8.4019
-806475.01	-1072614.425	-806612.26	-1072467.08	4.0299
-644501.1	-1038399.972	-644277.949	-1038606.572	3.5562
-681810.686	-1088876.854	-679247.175	-1087907.718	34.965
-843047.942	-1002069.217	-842868.84	-1002004.93	2.115
-708535.462	-1020863.121	-707915.61	-1021166.69	16.161
-723646.226	-1036720.831	-723658.439	-1036741.984	0.5298
-699987.12	-1040664.48	-697267.039	-1038802.186	42.3481
-763413.28	-977112.81	-763397.24	-977099.53	0.4556
-692539.763	-1058560.784	-693561.4	-1056600.7	28.3928
-749047.29	-987905.98	-748055.993	-984815.748	47.0843
-781180.42	-1031701.87	-780777.03	-1031469.54	9.4881
-747595.566	-1068754.193	-749292.52	-1068631.911	29.7468
-739362.188	-1033725.438	-739344.58	-1033713.78	0.453
-741719.28	-980863.58	-739577.587	-982765.461	35.5759
-752823.9	-997573.587	-752387.289	-997589.747	5.005
-770368.74	-975848.84	-767759.585	-973602.723	56.724
-715081.37	-1007332.61	-718256.376	-1004401.106	56.0715
-677020.49	-1000618.96	-676418.41	-999892.37	11.8033
-739772.07	-983203.74	-740449.38	-984069.56	13.1988
-644872.92	-1030385.35	-646665.5	-1030270.69	20.6328
-641307.625	-1073543.848	-641003.486	-1073021.745	6.7733
-752240.69	-1042987.36	-752136.14	-1042822.68	3.9017
-762740.32	-973602.78	-762800.39	-973592.59	1.3389
-753610.332	-1055794.016	-757249.19	-1054548.64	48.591
-664865.23	-1026806.1	-664863.81	-1026418.11	4.3412
-738345.836	-968782.306	-738198.444	-968078.757	46.8496
-772344.634	-1081828.37	-772337.871	-1081854.175	0.3169
-732562.34	-1053986.92	-731354.323	-1054921.893	18.9565
-746446.577	-1053783.202	-746258.323	-1053932.187	1.847
-787213.5	-1068343.1	-786726.05	-1069976.2	19.1916
-813856.39	-1055683.49	-814860.03	-1055938.19	12.0145
-802526.42	-998748.09	-802447.37	-998738.56	0.94
-734888.653	-1083229.687	-734598.58	-1083230.584	3.2264
-683625.743	-987671.092	-684524.22	-989344.01	32.4758
-808531.881	-1048741.992	-809437.625	-1049733.25	17.4746
-762389.33	-1024817.88	-761666.724	-1024862.228	8.0511
-730085.58	-1041031.44	-730328.32	-1041089.88	1.9206
-854887.4	-1011083.73	-857799.223	-1012554.283	38.3204
-808386.509	-1029996.246	-808440.439	-1030227.676	2.6429
-804793.658	-1019770.362	-805026.8	-1019625.807	3.3464
-645231.86	-1043705.2	-645722.138	-1045375.351	19.3481
-655208.08	-1037168.666	-654962.858	-1035433.944	20.9199
-807569.633	-1014178.413	-804239.62	-1015362.907	41.5446
-754466.028	-1035771.512	-754537.15	-1035708.28	1.9034
-797607.34	-1069337.13	-799499.894	-1069937.277	22.7709
-765617.17	-990627.35	-765694.119	-990470.415	1.3473
-672504.88	-1008570.86	-672424.206	-1008814.981	2.8567
-764187.59	-993195.93	-765097.702	-992648.157	12.6084
-666463.19	-1011202.75	-666173.04	-1011510.76	5.2757
-682046.789	-1075733.534	-683369.132	-1076733.495	18.482
-793170.24	-983172.03	-793186.073	-983160.595	0.2355
-705511.49	-1044535.7	-705211.72	-1044587.42	3.9377
-807727.166	-1053405.654	-805998.918	-1054670.326	43.4274
-737239.85	-1035895.127	-737247.074	-1035840.859	1.0949
-766150.46	-1076233.34	-766069.463	-1076129.668	1.5056
-697349.47	-1017397.28	-698207.843	-1015617.906	24.5255
-698328.194	-1080327.111	-696604.529	-1081439.528	23.0876
-716776.47	-1028470.23	-716764.61	-1028476.85	0.1509
-843193.936	-1016635.188	-842649.229	-1017088.561	9.8308
-810575.11	-991741.91	-810659.26	-991757.7	1.0379
-852595.394	-1008648.411	-852583.012	-1008637.457	0.4167
-747391.63	-1054904.92	-747480.01	-1054992.19	2.4846
-649359.526	-1060736.691	-649046.44	-1058285.21	28.623
-734442.59	-1013574.83	-735273.672	-1013274.098	20.6629
-701426.13	-1012166.332	-700939.169	-1010810.479	28.9092
-758598.97	-1005216.97	-757502.92	-1005108.84	12.5097
-744576.17	-1048048.97	-744578.02	-1047859.85	5.8526
-681325.635	-1064380.716	-681321.048	-1064389.756	0.2027
-767019.3	-982605.74	-767432.3	-983270.12	9.1325
-854683.06	-1026353.42	-849304.122	-1028940.798	73.458
-745989.314	-1053778.021	-746255.238	-1054054.79	7.7315
-768683.02	-1017643.4	-767952.16	-1018202.72	10.3403
-653164.16	-1023179.49	-652984.634	-1022955.491	5.77
-768948.186	-1044541.868	-768661.98	-1046136.751	20.3375
-752141.41	-1023976.24	-749021.91	-1023132.2	38.5278
-878446.41	-1011882.071	-880146.31	-1011719.17	19.2462
-756273.1	-1041563.77	-757420.204	-1040997.825	14.72
-645748.625	-1090647.177	-644938.05	-1088958.605	27.4749
-770825.356	-973347.704	-770582.61	-973150.378	3.496
-670581.47	-992525.33	-670490.861	-992638.106	2.0503
-867786.715	-1015660.673	-869236.02	-1015892.63	17.4108
-719846.08	-1013478.47	-721122.653	-1013634.872	14.9487
-724923.796	-1067210.738	-725001.818	-1067251.493	1.941
-705027.205	-1015047.464	-704915.13	-1014967.32	1.06
-685993.25	-993477.375	-685945.277	-993525.079	1.4284
-771691.03	-1056741.32	-771810.65	-1055290.41	19.9409
-737128.25	-1038566.78	-736864.95	-1038384.1	11.5743
-687053.694	-1078761.021	-684434.355	-1081436.478	46.9048
-806612.26	-1072467.08	-807290.045	-1072485.448	16.327
-701750.961	-1012322.66	-701772.784	-1012310.807	0.5032
-820017.319	-1026392.266	-820018.496	-1026412.247	0.4446
-679923.719	-1092241.38	-679534.169	-1092199.13	23.9182
-774185.228	-1032849.771	-775431.892	-1032659.27	14.013
-799522.46	-1026495.415	-799769.16	-1026441.49	2.8088
-797594.76	-986146.4	-797794.885	-986178.028	2.2537
-776389.105	-977198.922	-776434.28	-976007.81	26.3853
-808399.37	-1071299.43	-812658.25	-1072236.5	33.891
-861498.81	-1046321.03	-859409.09	-1043331.37	45.4122
-718357.44	-1057583.87	-718298.05	-1057596.86	1.2161
-649621.6	-1029185.54	-649085.77	-1029046.31	6.4838
-651050.31	-1030179.44	-649967.98	-1030992.87	15.0436
-645341.34	-1028549.0	-645810.0	-1027252.38	17.1238
-822102.87	-1063625.95	-821956.529	-1064924.03	14.515
-641872.24	-1042982.81	-641797.64	-1041826.898	24.6256
-656800.363	-1089957.688	-655377.614	-1092181.303	41.9702
-788144.83	-990291.65	-788342.61	-990271.92	4.1286
-806887.597	-1006244.926	-807132.5	-1007093.48	9.9128
-771589.277	-973799.939	-771953.17	-972150.1	24.0509
-689435.69	-1044244.64	-689653.334	-1044546.832	4.2929
-823470.46	-1076465.18	-820845.98	-1077385.69	21.8207
-654719.39	-1037412.38	-654291.117	-1037485.592	8.9612
-752242.07	-1042958.93	-752374.83	-1043146.66	4.5988
-780671.08	-973834.67	-780145.673	-975109.629	15.547
-890271.421	-1011767.347	-892676.167	-1011872.797	41.1243
-668957.03	-1014140.25	-666466.26	-1013751.01	28.126
-777612.74	-1081883.74	-777582.191	-1081879.582	0.9349
-810632.11	-991820.38	-810720.961	-991913.489	1.4316
-681443.886	-1016580.791	-682436.42	-1018093.72	23.2555
-785318.801	-978173.796	-783380.611	-977760.113	22.348
-762633.19	-1038581.89	-762618.34	-1038545.51	0.4382
-660237.998	-1086828.299	-660268.625	-1087255.908	5.4347
-680243.275	-1067444.876	-680266.044	-1067450.627	0.6298
-724891.11	-1066813.89	-724890.77	-1066904.85	1.8192
-659898.244	-1090702.716	-658728.705	-1091432.642	17.4309
-806814.73	-996266.87	-806963.57	-996427.91	2.4366
-648800.13	-1013239.62	-647902.974	-1014483.905	20.2886
-658601.6	-1029590.43	-658344.16	-1029084.93	6.3798
-750228.414	-988919.972	-750239.63	-989819.6	10.3431
-737576.263	-1021220.559	-735617.1	-1020584.03	28.9171
-774965.76	-975159.46	-774521.08	-975012.85	9.3848
-887125.029	-1021561.269	-885893.23	-1020667.615	21.0931
-851170.803	-1009143.361	-851158.788	-1009138.871	0.2726
-744578.02	-1047859.85	-744598.1	-1047894.96	0.8097
-870593.16	-1017566.94	-870390.26	-1017949.34	5.0109
-740272.384	-1048755.058	-740125.388	-1048803.266	4.7094
-667425.69	-1031463.45	-667902.946	-1031529.89	5.3651
-809493.61	-993562.76	-809500.35	-993536.53	0.6448
-686608.81	-1054660.12	-686999.902	-1053728.82	30.274
-810055.65	-1032263.64	-809998.836	-1033109.54	17.1389
-761089.62	-1070721.24	-762901.1	-1072249.81	18.5202
-790952.09	-1034494.9	-790941.96	-1034484.23	0.3176
-776494.34	-975986.92	-776446.43	-976006.71	1.096
-783934.565	-977004.164	-784099.891	-975185.692	42.3222
-644749.721	-1037931.006	-644735.557	-1037979.395	0.5602
-823979.116	-1021458.512	-823153.795	-1025080.218	48.0257
-701732.53	-1010033.69	-701224.85	-1010374.38	12.245
-756270.569	-975799.295	-756414.14	-974699.551	25.6108
-709648.23	-1055155.331	-708863.65	-1054156.14	14.3801
-745761.813	-1003659.195	-746484.32	-1003203.2	17.1565
-780229.26	-1009888.51	-779991.583	-1010006.41	3.2797
-713174.681	-1044932.987	-712016.9	-1044548.09	13.9918
-708202.91	-1085272.06	-708041.22	-1085387.634	1.5294
-804760.361	-1075172.719	-804666.5	-1074796.581	14.4548
-643811.132	-1022184.146	-644095.23	-1021816.32	5.276
-840063.257	-1048225.046	-839929.261	-1048122.673	1.8872
-777924.71	-976226.2	-780131.226	-975110.78	34.6273
-836045.875	-1043452.688	-839894.429	-1041506.852	52.0617
-746316.93	-1007009.61	-746148.845	-1007124.227	2.2617
-726703.865	-1086219.003	-725939.51	-1087057.78	12.8314
-698568.47	-1004508.36	-698530.61	-1004621.99	1.6441
-821804.609	-1066679.277	-822661.746	-1066512.685	17.5461
-778150.952	-981922.887	-778145.757	-981936.077	0.3785
-732422.28	-1084313.689	-731167.427	-1084387.649	14.1255
-872303.667	-1001395.343	-873249.245	-998338.337	39.2858
-754478.268	-1002091.131	-754721.465	-1001870.286	3.6638
-843921.816	-1058030.155	-844537.935	-1058693.552	10.2998
-781065.17	-989219.41	-782127.93	-989879.61	14.7604
-684519.98	-1034864.07	-687620.21	-1037379.38	45.6408
-645063.36	-1049850.29	-644993.93	-1049839.45	1.4337
-660127.47	-1052094.61	-661891.39	-1051662.77	20.9001
-827049.41	-1054625.63	-826213.02	-1052725.02	23.6121
-645714.994	-1045400.989	-645118.9	-1045890.91	8.8252
-713707.54	-1041568.84	-712005.82	-1041598.33	13.2476
-765183.32	-1037756.4	-766794.91	-1037066.09	19.4911
-721694.51	-1079694.03	-720890.49	-1078565.08	21.783
-706057.394	-1063749.005	-704866.76	-1061699.46	30.4984
-763676.81	-1040275.56	-763794.948	-1040182.246	3.1064
-657774.214	-1064956.032	-656076.017	-1066182.731	29.3256
-809200.05	-983720.888	-810032.78	-985827.55	27.6874
-716401.15	-1060900.03	-714141.655	-1058451.069	44.5902
-758222.11	-1020120.63	-755450.54	-1019550.08	33.3333
-694645.17	-1041725.22	-694245.25	-1043998.03	25.7158
-762395.665	-993304.982	-761510.266	-993283.083	19.3491
-721593.39	-1032506.03	-721756.482	-1032562.996	1.97
-794445.41	-1003817.64	-794596.07	-1003843.11	1.7646
-727943.789	-1072192.206	-727827.35	-1072053.3	3.9225
-820018.496	-1026412.247	-820001.306	-1026390.182	0.9996
-883289.645	-1027547.259	-881432.276	-1028474.542	24.5217
-704744.62	-1069437.54	-704510.14	-1069420.73	2.7662
-724347.08	-1030566.65	-723872.477	-1031530.568	12.4062
-823153.795	-1025080.218	-823456.88	-1025260.68	4.0137
-827131.62	-1039311.71	-826335.15	-1037293.3	25.045
-731447.732	-1056741.118	-730929.889	-1057204.495	8.251
-707509.96	-1045530.05	-707322.4	-1045354.97	5.1378
-698428.52	-1089773.763	-698265.972	-1089942.663	2.6076
-659267.839	-1056959.012	-657424.799	-1057490.718	23.4588
-781330.99	-1062207.01	-781669.484	-1061354.464	14.0034
-690526.88	-1056042.24	-690427.58	-1056053.09	1.11
-756802.63	-1032153.56	-755938.32	-1031830.57	10.2833
-813867.769	-1067703.753	-814421.534	-1067757.618	11.3322
-730919.125	-1057401.375	-730830.32	-1057375.1	1.4242
-711965.234	-1040703.688	-711973.004	-1040687.026	0.2266
-773932.95	-996987.53	-773921.32	-996305.2	13.7515
-823855.72	-1069646.52	-824369.557	-1069640.862	11.3316
-782476.56	-998778.02	-782433.38	-997528.55	13.8915
-764091.206	-1035010.138	-763339.8	-1034082.64	25.0611
-742598.169	-1046020.775	-742599.176	-1046079.724	1.6407
-746278.879	-1054177.747	-746254.654	-1054216.692	0.9385
-819859.81	-1075632.48	-819811.51	-1075616.07	1.1897
-748260.33	-1030616.4	-750067.87	-1029770.46	25.8493
-737060.725	-1070363.495	-737068.94	-1070351.39	0.3199
-770038.14	-1016369.75	-769501.759	-1016717.413	13.7398
-645969.2	-1026861.65	-647401.8	-1028096.74	22.9569
-759343.85	-1055717.92	-759329.17	-1055975.42	5.1842
-784669.925	-1007684.127	-784700.689	-1007690.017	0.4176
-845167.583	-1031769.793	-845062.714	-1031835.4	2.6811
-741318.219	-1026828.168	-741289.261	-1026790.821	0.9452
-741267.695	-1055336.117	-740185.497	-1055522.067	8.527
-757198.72	-1025175.29	-757514.647	-1024827.762	10.4355
-854389.39	-1011463.21	-852965.23	-1010593.78	17.3203
-717476.215	-1074203.095	-717503.863	-1074135.453	0.8549
-778265.78	-1058963.422	-778337.704	-1058911.818	1.1156
-655208.774	-1044304.982	-654226.65	-1044422.6	20.2947
-721590.121	-1050351.776	-722600.52	-1050767.77	22.9289
-794505.491	-1003988.539	-795581.52	-1003424.16	13.5552
-674568.236	-1003643.118	-674923.8	-1005690.43	24.3383
-749702.71	-1050186.84	-749716.36	-1051238.55	8.1311
-814433.931	-1063888.09	-812289.554	-1062962.548	28.5636
-697516.782	-1035928.448	-697477.333	-1035907.731	0.5794
-786859.78	-1010704.2	-787882.07	-1011363.32	15.9403
-686814.436	-1088817.32	-687845.183	-1091410.723	33.7568
-671820.9	-1073411.8	-671829.67	-1073691.16	3.1166
-645345.71	-1071388.114	-645063.453	-1071395.993	3.1376
-795476.89	-985874.3	-795545.325	-986086.86	2.5331
-762243.624	-1057488.376	-762330.98	-1057704.171	4.6596
-771339.95	-1043067.31	-771416.56	-1042704.81	4.1168
-821061.59	-1071473.86	-821079.97	-1071519.75	1.0817
-873308.551	-1034078.501	-872116.886	-1034067.855	13.5731
-763505.9	-1033868.07	-764153.58	-1033532.2	14.7651
-767742.987	-973600.962	-764891.389	-975526.452	39.1359
-762936.56	-992381.36	-762915.919	-992362.478	0.7735
-705454.27	-1037701.34	-703635.91	-1037363.33	21.2588
-759160.487	-993225.74	-759215.6	-993272.15	0.8878
-779155.01	-1043480.64	-780380.209	-1045978.14	45.5878
-678232.017	-1006361.03	-675803.06	-1008342.46	45.9412
-803671.697	-1011987.269	-804404.726	-1013302.48	17.1779
-735842.58	-1031440.26	-735845.84	-1031792.66	7.4782
-807972.849	-1018567.797	-807975.59	-1019026.288	5.2374
-640259.405	-1041768.162	-640134.866	-1041917.212	3.8951
-662122.61	-1026540.04	-662006.84	-1026065.79	5.5274
-663645.33	-1047815.73	-664058.97	-1047818.75	3.1875
-705725.959	-1070298.695	-705326.633	-1070015.861	5.6082
-847327.469	-1050227.846	-847221.274	-1051212.9	11.2404
-726639.21	-1036007.9	-727397.58	-1033927.5	25.9675
-755938.32	-1031830.57	-754461.07	-1031778.15	16.6221
-739209.05	-1021968.58	-741783.23	-1022223.97	31.6023
-647404.039	-1082012.827	-647752.667	-1082966.945	20.4947
-720671.855	-1036824.384	-719061.461	-1038404.118	25.3963
-843184.454	-1035767.624	-842488.834	-1036834.753	14.1918
-790944.406	-1021661.805	-789466.13	-1020968.258	21.3247
-782549.33	-1000589.99	-782498.15	-999336.2	13.9427
-814418.061	-1013904.695	-814533.496	-1013896.626	1.2881
-717562.46	-1042859.42	-719830.39	-1043692.55	31.1986
-738065.85	-1057077.11	-737648.76	-1057596.41	13.4965
-713258.3	-1040346.94	-713080.6	-1040301.81	2.0422
-762941.79	-992367.91	-762936.56	-992381.36	0.3032
-810333.785	-991622.577	-810575.11	-991741.91	3.1976
-769501.759	-1016717.413	-768683.02	-1017643.4	13.9299
-807937.656	-1073945.98	-806619.044	-1074946.343	18.81
-648867.65	-1037515.07	-647866.94	-1037895.92	12.3641
-790480.61	-1040594.07	-790450.96	-1040318.98	3.1945
-814810.843	-1006381.65	-816170.84	-1003904.37	34.0409
-781686.39	-976700.47	-783751.065	-977170.142	23.9496
-670936.937	-1070587.999	-670833.536	-1070603.537	2.0914
-741384.0	-1047519.75	-741296.341	-1047700.338	4.0776
-757583.42	-1052769.48	-759455.821	-1051347.97	29.7278
-719467.12	-1030538.8	-719546.69	-1030627.19	1.3416
-648176.324	-1058521.286	-647851.998	-1059211.296	15.9903
-744444.64	-1041362.66	-744427.01	-1041940.53	11.9399
-855036.52	-1011397.23	-857428.93	-1011866.86	18.9189
-745284.26	-1030042.76	-747299.88	-1028248.63	34.9526
-816893.762	-1069517.321	-818904.75	-1068921.1	25.0694
-787808.86	-1055696.75	-784673.308	-1054472.311	40.5165
-829852.643	-1031299.919	-832038.178	-1033984.11	45.2782
-649971.71	-1026167.52	-650216.23	-1026314.9	3.4163
-748333.149	-980555.381	-749676.91	-981210.14	23.3323
-754971.456	-975079.693	-754937.18	-975076.31	0.6904
-865411.578	-1006956.737	-866375.51	-1007319.368	11.5202
-665321.897	-1052204.756	-664626.215	-1052690.262	9.7467
-853654.412	-1058927.71	-854631.34	-1058176.35	13.6939
-695908.221	-1034530.867	-696578.34	-1035525.04	21.1915
-725021.263	-1065471.044	-725002.733	-1065593.652	2.4974
-753812.483	-1045788.277	-753921.36	-1045635.63	10.4456
-695063.902	-1044379.414	-695093.919	-1044393.153	0.3802
-822523.291	-1068631.884	-822804.131	-1068212.539	10.1713
-841116.01	-1031187.07	-840193.184	-1031849.07	13.0165
-795739.55	-1037356.85	-794052.3	-1037127.69	19.4768
-707894.669	-1073609.691	-707917.295	-1073589.318	0.3383
-700570.04	-1072108.74	-700174.9	-1071901.69	9.009
-650947.633	-1072394.133	-652966.576	-1073400.519	26.9471
-672750.27	-997377.3	-672608.33	-995756.58	26.5794
-740088.274	-1048662.678	-740041.62	-1048597.98	3.1736
-669529.45	-1013894.36	-671318.326	-1013380.851	38.0672
-718544.501	-1008651.76	-718209.98	-1009687.69	13.6947
-767429.581	-1048595.732	-763337.111	-1048754.536	47.7526
-869236.02	-1015892.63	-870593.16	-1017566.94	24.9439
-771921.41	-1023846.07	-771612.37	-1023803.49	3.4663
-739928.36	-1082451.5	-739659.583	-1081234.351	14.3818
-684506.17	-994253.69	-684543.09	-994078.52	3.6088
-722543.63	-1041395.05	-722260.469	-1041371.975	3.1567
-757577.549	-1039736.157	-757705.96	-1039765.18	1.5632
-782291.96	-1079148.93	-782323.51	-1079136.2	0.6814
-721999.135	-1032679.218	-722004.478	-1032704.204	0.5531
-728304.675	-994065.09	-727363.065	-993004.762	16.1368
-773499.14	-985346.785	-772600.85	-983797.65	23.7986
-791304.19	-1038656.42	-791814.44	-1039505.59	21.7914
-724283.282	-1037360.78	-724272.84	-1037388.347	0.6102
-749777.772	-1043408.442	-750715.12	-1043202.08	19.2482
-651631.14	-1029572.69	-651050.31	-1030179.44	9.3801
-844038.724	-1005104.052	-844031.05	-1005115.65	0.1555
-853567.4	-1004294.55	-852926.407	-1003453.801	12.4995
-724158.64	-1023620.51	-723465.22	-1024603.52	13.6844
-867850.362	-1017308.357	-869488.51	-1017847.787	20.8763
-751695.64	-1006990.75	-751923.796	-1006801.927	3.3918
-730585.623	-1042051.149	-730621.63	-1042047.58	0.7237
-812925.859	-1049067.757	-812708.61	-1047177.08	22.5908
-726502.432	-1070523.304	-727861.38	-1071800.64	20.8106
-742534.2	-1030094.56	-740152.75	-1030507.52	29.1049
-684486.446	-1065823.749	-684489.68	-1065834.781	0.2342
-724561.98	-1065478.333	-724991.13	-1067014.4	23.946
-687027.526	-1041754.471	-685770.02	-1039929.89	25.4027
-755235.77	-1036429.56	-755698.61	-1036277.05	10.7069
-729919.902	-1076529.723	-729948.9	-1077657.6	13.8349
-871098.782	-1032753.124	-870492.524	-1035159.228	32.4342
-652959.885	-1081153.486	-652463.268	-1080231.127	16.2253
-825972.997	-1025706.344	-826011.05	-1025891.49	2.1128
-840909.551	-1048925.369	-840063.257	-1048225.046	12.2963
-707875.92	-1039742.88	-707018.55	-1039608.68	9.6867
-819160.85	-1074892.36	-819202.2	-1075234.67	4.1823
-740535.992	-1073513.374	-740377.782	-1074139.706	13.4307
-663828.882	-1070724.962	-664377.16	-1070698.33	6.0993
-809998.836	-1033109.54	-811490.408	-1036375.623	42.214
-650579.291	-1050632.471	-651645.49	-1049416.39	17.9853
-840120.3	-1063468.548	-840107.51	-1065084.419	21.1387
-712611.26	-1078889.11	-712411.89	-1079010.44	2.6587
-835407.871	-1058766.318	-835682.17	-1057889.6	10.749
-802394.538	-986811.308	-802761.633	-986688.835	4.3128
-800013.98	-1055415.21	-801209.974	-1056833.204	22.199
-817424.87	-1024213.2	-818615.033	-1025318.297	22.9463
-716764.61	-1028476.85	-715734.85	-1028532.58	11.6526
-717563.66	-1074422.293	-717820.5	-1074317.38	3.2386
-644735.557	-1037979.395	-644757.665	-1038531.886	6.1986
-798534.1	-1000291.87	-799245.125	-1001368.678	14.425
-758455.89	-1012416.89	-758296.68	-1012253.36	2.5578
-682345.069	-994468.994	-681797.21	-993912.17	8.9863
-700885.09	-1064746.32	-701195.68	-1063753.9	11.8165
-793175.91	-983188.02	-793170.24	-983172.03	0.199
-885684.34	-1018888.909	-887234.909	-1018191.043	20.5626
-758683.014	-992295.674	-757885.401	-991724.861	11.0072
-656777.827	-1049209.982	-656226.72	-1048857.1	7.329
-856228.099	-1066366.466	-856643.815	-1066591.971	5.255
-775083.88	-1043492.9	-774286.71	-1047019.56	55.0579
-742088.056	-1027627.493	-742304.79	-1027347.65	7.0895
-730613.51	-976931.21	-730247.242	-979495.286	31.7217
-776861.68	-975078.71	-776724.47	-975367.25	6.3926
-707322.4	-1045354.97	-705511.49	-1044535.7	22.7458
-784013.34	-988230.4	-783982.72	-988290.11	0.7567
-720342.2	-975390.91	-719322.357	-974855.527	34.763
-795516.13	-1059115.1	-796566.87	-1057287.99	31.2993
-822622.41	-1076194.66	-822047.0	-1072227.13	49.8857
-770259.89	-1018648.16	-770958.45	-1020244.89	30.6799
-732562.453	-1055095.45	-732571.382	-1055125.922	0.9973
-791191.58	-1065090.32	-792434.79	-1065584.39	14.8996
-646932.84	-1040943.51	-645656.76	-1038237.91	33.9304
-821832.261	-1069947.466	-821862.611	-1070180.329	4.8363
-877826.08	-1014802.63	-878282.351	-1013601.323	15.1379
-766458.499	-972340.383	-765350.228	-974439.336	18.647
-737854.217	-1050792.84	-737651.041	-1050958.164	5.2388
-731090.94	-1063326.74	-731988.718	-1063624.377	10.9726
-780209.19	-1052580.14	-776899.44	-1052308.473	37.6514
-754962.86	-1023735.53	-755689.59	-1023919.41	8.6645
-730736.98	-1045388.49	-730832.41	-1045592.97	1.736
-759847.685	-994666.142	-759844.263	-994650.504	0.1968
-653190.51	-1023454.51	-653408.243	-1023374.751	4.6395
-711566.197	-1014286.525	-711292.841	-1012313.368	22.4892
-809621.157	-1053842.133	-808543.513	-1054491.325	14.9166
-861128.379	-1005824.81	-861213.19	-1005760.69	1.1905
-829057.641	-1032575.254	-826654.644	-1032180.645	28.9308
-711242.04	-1034382.06	-706759.61	-1036013.73	53.6208
-755380.16	-1051435.53	-753492.002	-1050068.921	28.2575
-802794.93	-1024854.449	-801753.438	-1023673.569	18.2608
-641514.85	-1023473.3	-640620.04	-1024377.18	14.4849
-702807.89	-1029484.95	-702777.85	-1027874.37	18.3843
-788632.81	-979612.71	-788804.87	-979200.83	9.0125
-642606.26	-1037329.69	-642538.07	-1037184.04	3.2165
-778693.313	-997118.305	-779250.426	-997226.575	11.5806
-690126.81	-1039073.55	-689710.27	-1038191.64	11.9618
-742420.7	-1049165.78	-742089.043	-1049140.504	6.7265
-641543.114	-1068176.51	-640758.72	-1069107.283	14.6205
-777159.31	-993635.49	-776977.4	-994336.9	8.1178
-653951.972	-1045922.459	-654532.0	-1044940.38	13.5142
-829272.95	-1074236.02	-829974.814	-1072884.661	12.0361
-755901.06	-991045.05	-755895.05	-991026.57	0.4224
-725347.879	-978456.084	-725329.222	-978326.922	2.6101
-805045.35	-988740.989	-805166.54	-988816.775	3.0415
-687513.392	-1055979.94	-687445.825	-1055917.373	2.7161
-779381.15	-979709.15	-779107.83	-979354.97	5.2247
-797183.36	-980928.33	-799942.26	-982573.71	39.4638
-754963.37	-1063474.75	-756883.813	-1065377.25	21.9648
-872464.669	-1032874.098	-871283.725	-1032561.522	17.0965
-866261.592	-1002064.318	-864394.36	-1003404.61	26.3019
-784559.29	-1007554.27	-784355.32	-1006965.74	6.9622
-701160.682	-1050315.687	-701179.42	-1050315.94	0.51
-719610.632	-1066956.199	-717819.526	-1067200.885	23.596
-749097.12	-1045584.78	-749113.432	-1045638.107	1.1165
-652296.28	-1047526.95	-652635.83	-1046852.48	8.9567
-729485.542	-1080870.234	-729237.237	-1080921.973	5.1046
-813476.289	-1065972.225	-813460.061	-1065957.135	0.6174
-856054.003	-1059724.33	-856585.843	-1059688.89	6.9874
-773240.26	-1065794.28	-773836.33	-1065074.73	21.1355
-653397.894	-1094012.823	-653060.158	-1093797.093	4.6882
-685851.711	-1089622.672	-685163.706	-1088508.084	15.5752
-651393.89	-1017218.95	-650365.17	-1017742.53	13.1558
-640127.301	-1041929.691	-640134.866	-1041917.212	0.2919
-754757.688	-1002042.938	-754829.201	-1002021.875	0.8479
-699566.74	-1000140.02	-700853.71	-998518.14	23.1218
-725939.51	-1087057.78	-725513.61	-1087363.32	6.679
-654291.117	-1037485.592	-653323.78	-1036128.19	19.8977
-811154.989	-992037.432	-810815.883	-991813.005	4.7583
-748162.565	-1005349.258	-748158.512	-1005367.104	0.3959
-675579.44	-1033002.51	-678883.548	-1033468.819	38.994
-802530.611	-1003046.286	-802646.786	-1001873.885	13.3284
-694891.714	-1038189.519	-694069.151	-1040314.036	27.8046
-758970.228	-988249.682	-760366.64	-987873.39	18.843
-724693.77	-1051072.26	-724540.752	-1053298.081	25.8702
-810621.584	-991824.357	-810535.47	-991855.28	1.166
-708515.93	-1020597.24	-708535.462	-1020863.121	5.7313
-640127.301	-1041929.691	-640016.423	-1042136.147	4.6873
-665257.477	-1030252.494	-665109.738	-1030269.571	3.1991
-784901.71	-1064680.23	-784339.78	-1064535.65	11.9043
-761924.936	-1026064.781	-762082.323	-1026352.017	6.5778
-759355.124	-1056085.696	-761148.58	-1059030.53	45.8915
-711251.968	-1079633.447	-709975.95	-1078585.03	37.8704
-651926.66	-1019772.51	-651393.89	-1017218.95	32.2763
-683200.4	-1012392.12	-683038.65	-1012391.7	1.8235
-759598.97	-1042857.56	-759767.89	-1042817.03	1.9432
-866462.663	-1041892.823	-866585.404	-1040998.766	10.0273
-738666.473	-1086081.519	-738150.745	-1085874.268	30.0469
-824913.522	-997340.039	-822224.908	-996407.815	31.8683
-744913.19	-983035.98	-742481.38	-983608.42	38.7988
-646478.203	-1068568.501	-646575.845	-1068613.119	1.4551
-649297.606	-1061776.981	-649294.156	-1061839.107	1.2514
-789897.46	-1010678.27	-787023.28	-1009846.62	34.4353
-748497.66	-993196.31	-750636.83	-992905.25	24.7267
-732459.994	-1052408.904	-732591.292	-1053824.167	16.2881
-665737.91	-1047301.884	-664402.25	-1047829.813	16.0584
-714747.487	-1020317.35	-717390.824	-1021655.853	34.7001
-759089.587	-1047792.853	-759044.19	-1047918.202	2.6684
-666364.99	-1013740.04	-666386.09	-1013742.47	0.3046
-762387.286	-1038759.76	-758973.93	-1039874.05	28.0789
-806773.384	-1059233.434	-806814.361	-1057381.18	20.9258
-680931.996	-991412.351	-681215.726	-990968.822	14.2348
-717024.659	-1053704.13	-717724.11	-1053686.03	8.3042
-773698.411	-1055768.005	-773719.778	-1055932.824	3.5679
-856579.444	-1030950.584	-852030.17	-1033083.54	68.232
-806611.073	-1055694.866	-805577.899	-1055617.327	14.0023
-746947.0	-1017091.25	-746888.09	-1017286.08	1.5661
-688957.83	-1056736.91	-688460.23	-1057346.561	16.3465
-687620.21	-1037379.38	-687756.53	-1038174.74	9.17
-756227.79	-991806.51	-755901.06	-991045.05	20.0161
-741925.422	-1082482.181	-744416.779	-1083885.415	43.5117
-658011.731	-1080796.942	-657987.986	-1081750.887	19.316
-770289.72	-1006260.186	-769146.62	-1004870.94	23.3825
-822296.228	-994827.281	-822691.204	-993747.305	13.4311
-815590.582	-1043950.418	-816075.114	-1043253.19	11.2434
-847348.937	-1070561.21	-847194.103	-1070434.811	2.6481
-662783.192	-1048928.588	-662362.855	-1049139.007	5.5254
-641666.023	-1068164.226	-641586.119	-1068128.802	0.9717
-645304.913	-1071479.305	-645235.552	-1071608.008	1.8095
-752902.44	-1021343.86	-752939.55	-1021062.22	3.1574
-711654.17	-1022257.4	-709790.885	-1022701.685	21.5474
-709558.1	-1002063.35	-707604.21	-1003401.36	26.859
-795034.18	-1026868.87	-794811.08	-1026343.35	6.4832
-785022.91	-1050875.34	-784561.37	-1050591.4	6.1508
-784673.308	-1054472.311	-782921.24	-1054037.589	20.0595
-710963.818	-1027337.27	-710900.688	-1025940.774	15.6055
-743175.9	-979324.29	-742706.84	-978617.51	17.0269
-748571.79	-989246.96	-748264.337	-988628.245	8.1393
-690663.34	-1082367.123	-690630.034	-1083921.78	18.9745
-766746.83	-1036733.97	-766537.28	-1036636.062	4.716
-738583.816	-1049577.088	-738706.48	-1049145.221	9.0554
-855921.459	-1019949.745	-853349.944	-1018427.34	41.1671
-657987.986	-1081750.887	-657664.08	-1082227.05	6.9247
-784730.27	-1053910.04	-784673.308	-1054472.311	6.7087
-782959.33	-996490.55	-783209.77	-996298.28	3.5091
-788459.55	-1072267.42	-788372.41	-1071905.55	7.6307
-876254.449	-1021586.131	-876248.094	-1021616.472	0.5459
-881684.648	-1007478.419	-881849.902	-1006983.169	5.8947
-736684.973	-985093.694	-736667.864	-983719.336	15.7874
-748398.11	-1043188.53	-749139.867	-1044020.697	33.8621
-751727.92	-1056190.59	-755911.964	-1059127.866	61.5327
-773571.182	-1068163.625	-773681.35	-1068461.09	6.4959
-727179.101	-1060948.226	-727438.719	-1062037.833	23.493
-721373.47	-1060629.82	-721245.934	-1060993.837	7.7142
-733936.866	-1056558.047	-733685.284	-1057740.41	13.8291
-767628.303	-1064543.423	-766812.753	-1064680.846	11.7581
-757405.719	-976101.992	-757436.213	-976113.333	0.727
-802655.752	-986806.555	-802503.633	-986813.347	1.6934
-757602.58	-1040026.348	-757617.9	-1040036.349	0.3979
-776368.4	-975487.15	-774965.76	-975159.46	33.2666
-762922.81	-1072426.15	-763160.673	-1072458.821	2.8292
-735648.061	-1031206.468	-735658.926	-1031187.02	0.4989
-822526.13	-1016545.87	-822074.13	-1016009.95	8.0293
-758019.15	-1006862.84	-757499.79	-1009071.74	33.9297
-826671.121	-1062964.062	-826550.943	-1061782.575	16.8534
-765572.3	-1028412.02	-767709.808	-1028302.294	25.2224
-674341.718	-1057174.539	-674341.034	-1057156.147	0.2269
-645186.686	-1071405.017	-645235.552	-1071608.008	2.3199
-726689.4	-990317.24	-726002.57	-988861.01	19.1995
-864394.36	-1003404.61	-861480.547	-1005436.37	45.4115
-875933.168	-1013508.261	-873603.06	-1012639.49	28.7945
-759136.529	-1047758.6	-759284.026	-1047928.139	4.4944
-644980.185	-1057370.44	-644668.77	-1056301.76	22.4487
-712902.686	-983324.48	-712883.468	-982937.197	8.0976
-770635.2	-979600.35	-770761.02	-979548.54	1.5131
-865931.325	-1046316.317	-865944.702	-1046034.631	5.6806
-772489.2	-1081807.14	-772344.634	-1081828.37	1.6256
-697681.065	-1037708.139	-697686.311	-1037723.137	0.3584
-876206.304	-1021352.709	-876254.449	-1021586.131	2.6851
-646650.06	-1019270.7	-645261.5	-1019198.11	15.9795
-646416.591	-1068698.913	-645117.992	-1071120.304	34.5763
-672642.55	-1014807.25	-672386.15	-1014641.12	6.2726
-701716.99	-1010012.84	-701749.24	-1009988.77	0.9577
-645555.73	-1052928.7	-645494.06	-1052835.43	1.0168
-726392.56	-980215.84	-728993.509	-979673.837	36.9152
-848715.44	-1050724.55	-849443.05	-1051363.71	20.7802
-802127.752	-1008368.964	-803589.727	-1011292.965	38.126
-757436.213	-976113.333	-757394.943	-976131.008	1.4082
-799458.422	-1001714.616	-799447.07	-1001740.2	0.3445
-654392.692	-1054642.076	-654394.282	-1054653.301	0.1448
-771062.56	-986449.233	-770401.64	-988243.48	21.7454
-658860.17	-1023337.73	-658912.297	-1021936.138	19.0701
-800457.397	-1013147.446	-801255.009	-1013122.702	10.3139
-790962.445	-1034475.468	-791434.04	-1034401.32	11.5853
-856631.99	-1026652.92	-855417.63	-1026729.69	18.6544
-794526.144	-986574.626	-794666.078	-986619.372	1.6486
-849442.97	-1002464.87	-849463.51	-1002474.76	0.4847
-686449.841	-1071523.354	-685568.523	-1071855.137	19.6397
-839424.901	-1075430.39	-839352.775	-1075523.388	25.3654
-869916.774	-1037512.068	-870010.123	-1037498.621	2.0024
-845783.24	-1007906.04	-845775.84	-1007964.6	0.7843
-859334.96	-1031935.4	-859296.61	-1031466.39	5.2576
-759835.39	-1029274.97	-763808.35	-1031004.17	49.1565
-713785.282	-1051216.456	-713784.454	-1051227.776	0.1499
-746980.67	-1058663.82	-748241.04	-1061951.15	56.0408
-746484.32	-1003203.2	-744730.982	-1001506.622	27.7506
-650028.63	-1050827.27	-649858.43	-1049355.31	17.3807
-657115.409	-1031419.73	-657604.594	-1030395.592	14.2917
-785017.657	-1004174.603	-784542.341	-1004527.927	11.8952
-661223.042	-998680.16	-661131.88	-999947.81	24.9593
-819971.552	-1074390.409	-819889.406	-1074361.676	2.1128
-734179.118	-976020.254	-734539.895	-974968.556	12.5726
-670263.038	-1053337.584	-667732.27	-1052888.66	32.6911
-732551.961	-1055116.211	-732252.61	-1055216.55	6.4924
-767282.221	-980308.449	-767230.195	-980431.316	1.6339
-741595.796	-1042546.691	-741595.338	-1042667.249	2.4117
-687329.116	-1078734.987	-688864.228	-1079452.576	24.8484
-646817.027	-1070110.852	-647353.082	-1070283.365	11.7977
-879438.102	-1019193.057	-880246.238	-1019134.669	10.9835
-704435.36	-1073675.45	-704659.5	-1074280.317	8.9088
-740777.512	-1027762.545	-739485.75	-1029242.48	23.5626
-735658.926	-1031187.02	-735445.09	-1030178.68	11.4736
-666718.32	-1008677.68	-667586.42	-1009685.03	18.319
-784989.074	-1052835.696	-783961.55	-1053084.29	12.5837
-683702.25	-1051214.375	-683665.563	-1050408.426	9.1335
-678242.44	-1074125.29	-678393.98	-1074104.77	1.7626
-700883.381	-1010387.523	-701061.351	-1010492.143	4.5755
-649004.93	-1028340.18	-649134.45	-1027880.01	5.3949
-820208.116	-1060539.986	-820973.902	-1062163.172	20.7444
-692393.91	-1046471.76	-692536.03	-1046146.19	3.9985
-707724.571	-1058643.109	-707832.949	-1057289.458	15.2502
-689352.65	-1029592.58	-689305.54	-1029964.54	9.464
-641125.062	-1075815.382	-641808.58	-1076501.209	20.4813
-719505.542	-992802.08	-719497.051	-992828.454	0.5542
-661397.46	-1034322.3	-660761.31	-1032147.72	25.2907
-699841.41	-1066810.69	-699360.43	-1065723.06	13.5887
-752473.827	-1048687.075	-752384.46	-1048708.75	1.8396
-806734.91	-996474.84	-806811.551	-996407.544	0.7846
-718403.15	-1049828.81	-719227.699	-1050025.693	9.4293
-770863.616	-1010070.631	-770831.342	-1010431.064	7.7542
-681159.99	-1013190.94	-680306.44	-1012811.78	12.042
-789545.41	-1002070.51	-789556.34	-1003330.81	14.2865
-674111.71	-1002397.2	-674568.236	-1003643.118	25.3508
-763662.27	-983166.21	-763706.99	-983102.71	0.9536
-669926.958	-1088201.107	-671756.449	-1089521.72	29.6829
-757415.611	-994125.242	-756996.81	-993384.67	9.459
-824685.53	-1076388.79	-825606.63	-1076554.83	7.2112
-780590.831	-987038.492	-779356.136	-988610.229	23.4699
-647598.453	-1070426.818	-647586.316	-1070406.09	0.5607
-767078.49	-980952.572	-766981.251	-980976.408	1.3479
-725158.78	-1040229.56	-725845.5	-1038792.9	19.0909
-742207.66	-971373.38	-745741.58	-974318.97	61.0701
-754466.028	-1035771.512	-752082.5	-1036255.65	27.8658
-659261.68	-1070362.596	-660121.15	-1072061.71	22.5329
-762680.47	-1060588.85	-762913.58	-1060092.25	6.9851
-734987.129	-1043424.159	-734881.98	-1043480.92	2.5739
-689305.54	-1029964.54	-687271.32	-1031795.99	35.682
-828137.112	-1042932.596	-827544.59	-1045209.14	28.0032
-810667.0	-1045722.86	-809789.61	-1048129.71	34.5342
-729368.5	-1079393.96	-729458.7	-1079294.71	3.0171
-828839.53	-1072102.6	-828815.243	-1072228.758	1.432
-652077.08	-1016925.91	-653033.34	-1013150.34	45.8682
-856691.375	-1008970.875	-856665.76	-1008971.6	0.2847
-670559.87	-1029061.34	-668323.698	-1030236.112	30.9142
-746991.912	-1017329.52	-746888.09	-1017286.08	1.9413
-828173.691	-1024778.486	-828432.897	-1025096.197	4.7443
-801106.335	-1059646.571	-800730.13	-1062538.77	33.6116
-688233.175	-1046546.614	-688156.23	-1046374.04	3.9421
-776401.92	-975501.85	-776368.4	-975487.15	1.3308
-664184.063	-1047903.25	-664104.224	-1047930.346	0.9368
-808153.22	-1071282.18	-808219.18	-1071172.18	1.862
-863519.187	-1044414.338	-864091.237	-1044544.766	8.003
-755058.7	-975070.59	-755038.409	-975123.909	1.2504
-712005.82	-1041598.33	-711838.68	-1041659.91	1.3704
-797314.08	-1068968.18	-797207.638	-1068902.189	2.5049
-640100.993	-1084722.279	-639925.31	-1084924.85	5.8176
-769566.17	-1053026.82	-771695.42	-1051177.63	44.6516
-814392.773	-988063.794	-813597.246	-987269.873	12.9524
-774972.65	-1033732.19	-775023.929	-1033730.424	1.4226
-781330.99	-1062207.01	-781179.2	-1062387.13	5.4566
-819832.02	-1074318.32	-819849.45	-1074283.26	1.094
-760277.5	-1018634.36	-761156.009	-1019960.611	18.6453
-753430.208	-1045790.014	-751554.189	-1045703.322	20.8931
-731996.41	-998262.67	-731762.1	-997719.45	7.6504
-781263.042	-985714.254	-781255.659	-985725.951	0.3128
-716853.89	-1028471.05	-716840.05	-1028417.8	0.6526
-700386.34	-1017542.52	-700355.51	-1017085.84	9.2134
-725770.197	-1069696.402	-725743.309	-1069594.423	1.3413
-766488.889	-972130.108	-766564.93	-972272.11	1.855
-656632.919	-1092332.619	-656389.608	-1092581.695	8.113
-887150.256	-1006146.517	-887686.7	-1006062.205	12.1738
-876163.857	-997949.568	-874589.614	-996794.932	31.7207
-876129.73	-1021550.52	-876236.391	-1021602.8	1.3701
-866204.489	-1052538.586	-866169.213	-1052989.588	5.7048
-798000.79	-986310.91	-797631.422	-986169.56	4.3951
-753219.263	-1011090.832	-753152.938	-1010980.073	1.4358
-639919.818	-1082699.884	-640022.314	-1082782.538	8.5385
-875219.812	-1019175.928	-874099.09	-1020900.9	24.5845
-753059.5	-1037273.11	-752930.2	-1037432.22	4.2238
-690535.648	-1088628.29	-691592.123	-1088514.346	13.1387
-753040.459	-1019526.941	-753082.234	-1019438.929	1.9485
-822200.559	-1065744.456	-822661.746	-1066512.685	17.9755
-759913.851	-973080.106	-761882.31	-972778.63	28.5316
-644812.162	-1073412.044	-644363.219	-1074429.349	22.7241
-643748.704	-1046709.3	-644103.839	-1047463.345	7.5825
-867418.721	-1014610.622	-867507.198	-1013624.953	20.7153
-782967.24	-1065482.01	-782395.67	-1066785.34	16.2331
-715691.24	-1003004.78	-715951.33	-1001441.12	18.0487
-746977.513	-1004054.933	-746484.32	-1003203.2	23.2704
-658706.819	-1064884.091	-658394.989	-1065056.914	8.1036
-679703.97	-1011880.87	-679909.523	-1012266.417	9.5754
-773059.94	-1031306.33	-773047.06	-1031228.34	1.7546
-887976.316	-1019880.503	-887903.565	-1019841.518	3.0375
-706622.38	-1065074.64	-706035.183	-1064141.522	12.8708
-730929.889	-1057204.495	-730919.125	-1057401.375	2.2243
-728499.427	-1060787.66	-728506.879	-1060761.621	0.3326
-737593.42	-1057813.32	-737772.44	-1057837.93	3.6141
-683310.861	-1065188.496	-683290.106	-1065208.565	0.6615
-773868.5	-1048439.4	-776915.671	-1046531.655	42.6999
-665845.857	-1046282.575	-665866.61	-1046285.2	0.29
-679442.077	-1037644.774	-679435.957	-1037621.039	0.5799
-867349.757	-1013015.043	-867329.599	-1013014.407	0.4393
-820086.52	-1072965.37	-819966.14	-1074245.14	26.6235
-717819.526	-1067200.885	-717942.7	-1065613.26	19.1592
-743779.81	-1021375.72	-743594.29	-1020628.84	8.5951
-806173.04	-1047531.5	-807106.486	-1046978.31	12.1555
-651393.89	-1017218.95	-651046.35	-1014975.04	29.9267
-838341.13	-1022100.99	-835207.3	-1018503.79	61.9463
-780380.209	-1045978.14	-779003.02	-1044883.657	35.9643
-727329.243	-1001120.375	-727307.445	-1006654.372	70.0382
-782640.97	-1043028.23	-783028.45	-1041392.85	25.382
-815739.139	-1013793.564	-816506.95	-1014116.78	9.3832
-882384.904	-1003135.151	-884310.109	-999386.775	48.4133
-844537.935	-1058693.552	-844969.57	-1058467.247	5.4477
-758355.348	-1040652.328	-759820.913	-1039943.303	18.0926
-759541.615	-970262.409	-759785.967	-969832.926	20.5935
-790944.406	-1021661.805	-793468.02	-1021853.9	31.5352
-669501.06	-1013878.65	-669529.45	-1013894.36	0.7174
-714899.37	-1050012.82	-715273.42	-1049983.72	4.2021
-671986.186	-1050016.153	-670852.196	-1050857.433	17.2164
-662887.259	-1058841.278	-662912.41	-1058845.404	0.5948
-686974.19	-990374.36	-686512.37	-990518.63	5.4938
-791606.75	-1071129.55	-792002.03	-1071349.26	5.0403
-819732.27	-1074394.07	-819830.35	-1074417.23	2.4967
-763384.83	-1022384.29	-763343.522	-1022249.458	1.5669
-778975.07	-1043223.18	-779116.42	-1042743.98	5.6927
-660812.51	-1002511.21	-660948.93	-1001902.42	12.4952
-846651.96	-1041338.72	-845547.732	-1039891.091	25.3469
-710303.846	-1051630.394	-710981.52	-1050935.5	11.6089
-788774.22	-1016148.65	-787841.5	-1017293.11	17.9975
-756989.6	-1032397.03	-757108.177	-1032272.941	2.1069
-653706.307	-1024163.142	-653765.968	-1024185.397	1.2806
-734045.773	-1053350.17	-733747.465	-1053566.844	7.3849
-748006.352	-968875.732	-742958.3	-969312.55	103.86
-840433.73	-1018874.53	-839760.29	-1017971.78	13.1875
-779130.4	-989055.72	-779123.07	-989122.53	0.7539
-763002.36	-1036772.169	-762551.91	-1038286.19	19.7778
-719846.08	-1013478.47	-720730.33	-1012025.78	21.4734
-779438.186	-982631.217	-781065.88	-981370.39	24.3769
-654719.39	-1037412.38	-654718.673	-1037444.872	0.6523
-694355.705	-1089393.858	-694564.952	-1089620.098	3.4939
-732450.528	-1054772.006	-732430.487	-1054769.329	0.438
-772609.3	-1076770.52	-773947.18	-1077064.38	15.7637
-855018.39	-1044644.42	-854418.07	-1042733.21	24.7233
-755871.129	-995504.851	-755855.912	-995499.119	0.3629
-716310.31	-1022614.45	-713721.63	-1023784.7	31.8151
-726600.6	-984492.426	-726406.08	-983408.89	23.2344
-766842.694	-1009923.787	-766712.9	-1011101.83	14.7542
-790958.663	-987876.982	-791001.246	-987901.667	1.2495
-777841.63	-980174.42	-778018.52	-980258.925	2.1792
-713318.64	-1057596.11	-712989.358	-1057493.433	7.0836
-757404.5	-1048501.98	-757506.533	-1048248.178	5.6424
-668848.3	-1010056.22	-668996.86	-1009376.63	14.094
-888826.21	-1016921.504	-889229.403	-1015636.114	27.5963
-742529.131	-1056866.745	-742437.62	-1057025.58	3.7338
-645481.3	-1052903.41	-645381.39	-1052938.51	1.1767
-846070.357	-1044381.777	-846347.928	-1044004.569	6.3135
-742515.947	-998100.753	-743391.442	-995400.328	34.914
-767239.894	-971117.325	-767218.369	-971343.443	4.7404
-739747.415	-1081055.814	-739522.69	-1081106.92	4.7367
-881703.433	-1022270.161	-881697.608	-1022289.692	0.2444
-830707.165	-996960.852	-830303.18	-997579.08	15.3068
-828884.152	-1069456.919	-827430.283	-1067909.972	24.0864
-826985.449	-1046822.132	-827544.59	-1045209.14	19.1523
-762817.16	-1050840.94	-760139.68	-1048725.207	26.6477
-752010.11	-1038510.68	-751970.65	-1038533.5	0.9725
-786726.05	-1069976.2	-786472.791	-1072032.018	24.3789
-790965.977	-987948.854	-789598.91	-989195.65	37.1005
-683918.584	-995065.001	-683735.34	-994876.812	5.2815
-674130.7	-1047102.27	-674014.12	-1047280.44	4.2948
-656968.22	-1068227.05	-656862.505	-1068150.743	1.5441
-821591.64	-1013904.94	-823868.38	-1013022.22	30.2063
-724970.52	-1074858.62	-724352.404	-1073798.137	17.0568
-794870.63	-1058854.38	-795516.13	-1059115.1	10.7961
-686455.58	-1070686.79	-686449.841	-1071523.354	17.3856
-771527.21	-1009234.35	-771042.303	-1006967.94	27.2034
-786222.78	-992025.7	-785924.5	-993271.36	20.9367
-674727.057	-1092641.383	-674920.11	-1092527.843	2.502
-705224.412	-1082573.949	-704097.718	-1083231.961	34.346
-795993.19	-1049532.23	-796209.77	-1049662.93	2.8514
-883593.847	-1017580.316	-882091.044	-1017735.02	17.5675
-782150.44	-1060844.24	-783526.28	-1061170.79	29.736
-792596.012	-979641.183	-792554.569	-979614.516	0.5476
-774043.413	-1053278.193	-775336.739	-1053372.468	14.6819
-660750.09	-1001499.58	-660582.24	-1001564.12	2.0775
-749437.266	-1033909.1	-749451.37	-1033883.77	0.5798
-685892.135	-1053690.929	-685946.901	-1053736.888	1.6934
-731518.85	-1042053.79	-731552.55	-1042108.1	1.4641
-685892.135	-1053690.929	-684797.95	-1052891.12	29.3295
-783521.92	-1051834.58	-783961.55	-1053084.29	15.028
-683702.637	-993016.242	-683695.36	-992998.26	0.4242
-743460.973	-1015310.216	-744064.938	-1015927.5	9.668
-768742.989	-972186.687	-768716.02	-972195.887	0.3691
-762679.08	-1053440.43	-762339.98	-1051545.548	32.4129
-785969.35	-1018223.45	-785947.35	-1018199.65	0.3601
-768031.975	-1063196.66	-768780.443	-1061241.466	27.1356
-788446.462	-990047.331	-788251.41	-989855.27	6.2448
-791151.33	-978540.3	-792375.04	-979389.02	34.1957
-726793.67	-1060789.397	-727756.552	-1059544.567	18.729
-726066.38	-1020719.64	-726005.712	-1020273.05	9.2853
-719830.39	-1043692.55	-719843.172	-1044008.229	3.5746
-724270.15	-973222.03	-724460.498	-973010.865	21.9357
-664878.977	-1059238.198	-663166.08	-1058879.59	19.9065
-640286.278	-1073530.947	-639898.414	-1074029.895	9.9474
-689899.342	-995399.552	-687791.452	-994894.186	47.196
-830942.768	-1065061.502	-831028.103	-1064975.89	2.5242
-715513.44	-1040586.49	-717595.02	-1042830.33	39.5523
-656883.547	-1052673.686	-655096.03	-1054199.71	26.2554
-658954.63	-1042252.27	-661002.806	-1043241.153	26.3464
-729086.02	-1078563.0	-729135.715	-1078700.134	2.9173
-724890.77	-1066904.85	-724923.796	-1067210.738	6.1892
-696810.82	-1070133.72	-694188.084	-1070765.684	30.746
-739238.46	-1040119.82	-739090.289	-1040263.729	4.4165
-826717.326	-1029086.403	-828832.036	-1030165.093	29.0226
-770241.279	-1050249.373	-769039.66	-1051459.32	22.2691
-783901.73	-988367.12	-783838.86	-988399.59	0.7864
-819302.55	-1075496.64	-818981.927	-1075199.379	5.1162
-797794.885	-986178.028	-798085.15	-986328.76	3.6381
-765059.6	-974782.79	-765065.607	-974746.125	0.4776
-808437.59	-1071316.06	-808185.557	-1071296.55	1.9447
-713550.47	-1017791.14	-712344.92	-1015969.21	24.4824
-833813.423	-1072429.324	-833825.94	-1072470.482	1.0075
-696916.247	-991912.948	-695512.23	-990571.86	28.2206
-743792.838	-1038469.445	-743809.013	-1038461.768	0.4201
-822489.045	-1069168.568	-822399.257	-1068941.538	4.9009
-721968.829	-1032704.001	-721976.964	-1032677.576	0.6083
-740173.965	-1056481.452	-741909.34	-1056805.55	19.7775
-655818.302	-1080134.738	-655740.759	-1079064.003	12.9756
-763664.0	-1062929.15	-765581.53	-1063635.1	23.0598
-729283.327	-971279.404	-728567.02	-972171.56	53.0604
-752764.758	-1074806.328	-753127.601	-1073868.503	13.3274
-673983.56	-1071086.53	-671820.9	-1073411.8	36.399
-776116.328	-1014689.396	-776106.232	-1014749.764	0.7177
-665620.22	-1081677.52	-662921.774	-1081765.354	35.4881
-816650.416	-1075683.859	-819849.45	-1074283.26	47.436
-737250.813	-1035813.563	-737072.77	-1034203.55	32.6119
-782981.17	-1000789.0	-782549.33	-1000589.99	5.3135
-721909.138	-1036103.039	-720671.855	-1036824.384	16.9453
-726412.52	-1070532.723	-726383.719	-1070435.076	2.2037
-740411.92	-987030.62	-739943.73	-986995.68	9.4276
-769917.4	-981147.39	-767662.53	-981154.36	26.7785
-754869.91	-1046408.2	-754779.968	-1047520.095	12.4266
-671544.788	-1049045.428	-675383.234	-1049879.299	49.9419
-863131.408	-1037983.994	-862990.333	-1037035.084	10.9234
-650826.289	-1093442.774	-651162.811	-1092883.23	7.3359
-679399.801	-1079914.55	-677372.075	-1077135.169	42.0224
-774589.68	-1037732.32	-771941.93	-1037507.11	30.0187
-713596.42	-1070205.29	-712241.19	-1070905.53	26.3311
-727814.301	-1074191.455	-727734.171	-1074184.599	1.6085
-760260.421	-1021845.213	-760586.316	-1021465.402	5.6163
-778900.318	-1029531.5	-779038.47	-1029561.661	3.0536
-778382.944	-1059000.148	-778433.87	-1059119.98	1.4529
-828815.243	-1072228.758	-828618.95	-1072041.44	3.0294
-730363.36	-1084639.28	-729858.077	-1087005.182	41.3499
-825097.083	-1064708.498	-825105.07	-1064563.95	2.9256
-810544.373	-991914.911	-810535.47	-991855.28	0.6947
-707740.78	-1020386.26	-705718.77	-1015755.28	59.5516
-737068.94	-1070351.39	-737082.62	-1070361.22	0.3835
-731562.956	-1056376.26	-731447.732	-1056741.118	4.851
-667146.26	-1024482.707	-667520.15	-1022804.81	24.1558
-792360.12	-979425.55	-792428.59	-979461.55	1.5611
-690298.86	-1066702.72	-690169.154	-1066692.639	1.4508
-734732.83	-1043650.65	-734799.24	-1043636.72	1.5925
-747850.94	-1037441.67	-748101.88	-1037194.88	7.0406
-857554.503	-1066769.628	-857589.02	-1066880.62	1.6932
-741483.047	-984171.128	-741438.097	-984864.973	7.859
-808575.344	-1000665.039	-808251.99	-998862.84	23.6603
-748497.66	-993196.31	-748187.82	-992702.66	7.4082
-810664.83	-991921.07	-810780.18	-991970.74	3.4968
-734496.32	-1045714.14	-734764.112	-1045640.265	6.3882
-730210.16	-1057359.89	-730428.745	-1057413.053	2.4996
-798692.94	-1034078.43	-798662.382	-1037329.219	40.4495
-751415.81	-988789.17	-751442.58	-989970.89	13.2645
-819271.979	-1075735.204	-819281.972	-1075718.149	0.4325
-693520.0	-1034325.96	-693563.782	-1034271.513	0.8097
-726561.98	-1072141.25	-726393.89	-1073258.642	16.9301
-719664.66	-1030725.65	-721519.313	-1032410.851	19.3362
-744365.01	-1047609.77	-744578.02	-1047859.85	6.5863
-838593.93	-1021984.24	-839314.316	-1021318.603	19.6475
-757077.25	-1043105.17	-759598.97	-1042857.56	28.8466
-783269.69	-1012154.03	-783244.85	-1011887.99	3.01
-739793.524	-1062973.819	-741081.32	-1061607.38	28.85
-844142.467	-1066285.323	-843404.881	-1067301.967	15.2153
-671554.241	-1012972.103	-671574.495	-1012976.737	0.8654
-686155.73	-989128.63	-686691.567	-986570.42	37.6822
-734056.437	-1031412.866	-733709.44	-1030190.23	14.3373
-725860.458	-1083649.246	-725289.41	-1085667.7	24.239
-732450.31	-1054985.68	-732252.61	-1055216.55	6.0791
-815495.249	-1077006.108	-815134.535	-1078062.953	25.3708
-757599.465	-1034395.045	-757841.67	-1033524.501	10.0488
-662153.973	-1068753.801	-662514.505	-1069345.192	7.8595
-794127.69	-1003786.15	-793463.21	-1003661.43	7.9512
-829679.437	-1060371.719	-829202.567	-1059275.791	13.7277
-724437.183	-1041554.406	-725161.86	-1040315.19	16.3677
-717534.646	-1074139.58	-717538.757	-1074174.434	0.4058
-828344.886	-1060176.523	-829202.567	-1059275.791	13.8452
-671688.297	-1026646.767	-670075.92	-1024746.12	31.6688
-684500.3	-994629.26	-684501.01	-994670.16	0.9115
-747426.456	-1023928.438	-747371.97	-1023961.73	1.4541
-815227.57	-1011989.75	-816164.41	-1011933.429	10.609
-731827.37	-1056765.91	-731589.929	-1056706.085	4.8976
-641685.442	-1075561.728	-641454.015	-1075722.184	5.655
-766150.46	-1076233.34	-766189.5	-1076373.07	1.6831
-854631.34	-1058176.35	-855040.471	-1058442.668	5.5729
-661002.806	-1043241.153	-661494.437	-1043198.104	5.8507
-849094.251	-1010304.331	-848997.797	-1010235.95	2.3652
-686512.37	-990518.63	-686457.96	-990915.576	4.4525
-787548.72	-1001738.92	-785017.657	-1004174.603	42.2788
-699228.75	-1084220.74	-700600.749	-1084504.712	16.4475
-715499.81	-1046015.41	-718045.351	-1046662.504	30.8665
-757592.42	-1040046.747	-757370.05	-1040129.007	4.7848
-686738.235	-993832.623	-686740.46	-994862.24	22.0544
-650411.51	-1026049.54	-652045.78	-1024674.21	24.7632
-734667.725	-1041598.981	-734745.125	-1042155.188	11.2848
-808335.0	-991040.78	-807693.375	-990365.75	19.2537
-792434.79	-1065584.39	-792559.55	-1065629.64	2.6543
-749132.32	-1035837.82	-751346.75	-1034441.65	30.8688
-837774.837	-994412.178	-832347.8	-993046.63	73.2527
-687258.963	-1071987.155	-686986.884	-1071591.448	5.4296
-712016.9	-1044548.09	-711726.01	-1044957.93	10.4167
-807937.656	-1073945.98	-807951.231	-1072505.626	31.1306
-709080.19	-1051104.7	-708245.433	-1051580.466	10.7059
-653274.017	-1030254.879	-652790.576	-1028728.644	17.8317
-876486.02	-1026238.44	-877455.749	-1028168.893	25.982
-777064.67	-1012698.41	-777297.98	-1013203.73	6.5154
-674603.26	-1085170.42	-675351.76	-1084599.4	10.9725
-643393.56	-1020051.71	-643597.021	-1018905.238	25.5494
-780447.34	-1052568.44	-780917.64	-1051279.978	16.2174
-808219.18	-1071172.18	-808399.37	-1071299.43	2.5443
-824118.398	-1073716.33	-824204.364	-1073767.68	1.4302
-753368.02	-1048765.39	-753427.9	-1049000.73	4.8716
-712611.26	-1078889.11	-712801.03	-1078872.18	2.1932
-652600.61	-1037242.8	-651099.35	-1036057.73	22.0845
-806965.18	-989759.4	-807695.027	-990255.374	18.558
-824368.015	-1061111.425	-823355.76	-1063565.55	31.429
-764003.61	-1024125.807	-764031.53	-1023816.45	6.2168
-741398.951	-1001930.92	-740938.607	-1004291.748	27.4731
-845241.937	-1014450.711	-847022.035	-1013573.709	22.7061
-710918.126	-1025929.913	-710900.688	-1025940.774	0.4392
-755911.964	-1059127.866	-757128.242	-1059507.045	14.3184
-728993.509	-979673.837	-730247.242	-979495.286	16.1795
-715650.83	-1032190.21	-713680.036	-1033381.515	27.7862
-733574.37	-1041925.75	-733200.063	-1042131.375	8.9448
-704824.513	-1057697.425	-704514.881	-1058537.38	20.8042
-789149.05	-990849.48	-789184.38	-990848.56	0.7952
-869760.72	-1037812.227	-869924.911	-1037581.435	5.6956
-759071.725	-1047704.779	-758938.02	-1047552.36	4.0558
-790421.73	-1064163.29	-797214.213	-1068891.346	66.9536
-694177.33	-1002782.15	-697966.78	-1002610.83	45.2676
-812660.89	-1072249.56	-808437.59	-1071316.06	33.62
-884366.997	-1021690.341	-884000.584	-1021660.832	4.1845
-687972.84	-1011065.64	-685682.71	-1014792.46	56.1561
-758371.92	-1040714.05	-760607.55	-1040804.24	24.8718
-811109.853	-1063053.73	-810770.95	-1063249.68	5.0929
-746382.521	-1054216.087	-746310.408	-1054210.684	1.4512
-771813.517	-1038836.782	-771941.93	-1037507.11	14.9393
-773187.92	-1058004.16	-774153.25	-1059067.97	29.3822
-731587.42	-976384.81	-728374.028	-974653.538	47.4361
-741813.07	-1047094.23	-741669.495	-1047218.903	3.8076
-668332.53	-1025413.37	-670075.92	-1024746.12	21.9029
-717820.5	-1074317.38	-717615.03	-1074166.97	2.8318
-815526.063	-1070891.9	-817229.42	-1070591.25	15.7254
-751241.934	-1074165.482	-751460.039	-1074464.813	4.1773
-827757.15	-1034938.74	-828147.172	-1034491.817	6.6971
-685497.87	-1023511.15	-686097.313	-1024010.399	10.3254
-666672.44	-1064648.55	-666698.84	-1064869.95	2.5321
-644718.554	-1037970.142	-644749.721	-1037931.006	0.5561
-764793.8	-994787.52	-764178.213	-995931.718	26.9669
-699845.446	-1030267.007	-698080.568	-1031875.656	26.545
-739238.46	-1040119.82	-738750.231	-1040041.52	10.119
-681114.349	-1082188.818	-682872.293	-1084756.083	37.1764
-847137.84	-1070687.912	-847103.331	-1070324.09	4.0676
-835240.575	-1040178.658	-840756.407	-1039033.045	69.2303
-822158.563	-1069502.375	-821832.261	-1069947.466	11.561
-781482.919	-985956.992	-781255.659	-985725.951	6.6578
-750830.51	-1029174.17	-751934.718	-1029089.783	12.4698
-819030.08	-1043568.33	-819610.11	-1043267.663	7.9563
-773690.064	-977974.951	-771050.13	-979400.91	38.1854
-669535.23	-1044445.601	-669508.322	-1044456.713	0.743
-738973.364	-1084211.183	-738207.314	-1083871.579	9.6283
-653901.604	-1029503.98	-654577.54	-1028792.8	11.5124
-808575.344	-1000665.039	-818573.03	-999187.48	126.2907
-800604.538	-1003260.473	-800458.83	-1005123.939	20.9152
-747360.061	-1036303.743	-748103.01	-1035830.68	9.8268
-796744.169	-1050356.163	-797410.36	-1052229.11	27.1758
-714899.37	-1050012.82	-714955.33	-1050127.92	1.4355
-833504.056	-1025748.803	-834057.502	-1024380.541	17.4454
-796895.697	-1025195.084	-798094.67	-1025262.18	13.667
-856665.76	-1008971.6	-855562.12	-1009290.98	13.7319
-835429.046	-1033696.089	-833920.868	-1033591.514	17.8066
-770616.68	-1049952.96	-768661.98	-1046136.751	54.1147
-788623.02	-1030555.81	-787246.81	-1029350.39	28.2268
-789545.41	-1002070.51	-787548.72	-1001738.92	23.3649
-700201.196	-1053736.21	-700206.943	-1053697.575	0.7818
-732571.382	-1055125.922	-733117.23	-1056173.189	16.2271
-727896.4	-1074256.85	-727814.301	-1074191.455	2.1593
-694891.714	-1038189.519	-694823.848	-1038077.865	1.8938
-701654.7	-1012344.5	-701519.75	-1012381.313	2.8071
-772813.618	-1055319.761	-772734.437	-1055317.123	1.9985
-716573.27	-1009828.58	-716176.26	-1010552.6	9.2503
-748753.9	-989283.07	-748571.79	-989246.96	2.0929
-777963.57	-980328.72	-775704.41	-982371.16	39.4204
-752482.88	-1043314.671	-752253.935	-1043211.332	5.1161
-656255.699	-1070045.007	-656633.86	-1070308.88	9.4961
-728346.01	-993979.719	-730145.688	-993169.063	23.9666
-697368.527	-1026667.204	-697482.489	-1026804.253	3.5658
-803296.964	-1079135.312	-803299.082	-1079241.065	2.1399
-757820.929	-971443.006	-757859.17	-971476.34	0.5664
-681338.634	-1047574.395	-681292.92	-1047433.68	1.6458
-775534.44	-1012209.17	-777064.67	-1012698.41	18.4663
-757885.401	-991724.861	-756227.79	-991806.51	19.087
-646669.286	-1068695.164	-646639.676	-1068713.803	0.5936
-805095.286	-990190.91	-805021.72	-990150.88	1.7181
-828396.58	-1041206.93	-829589.15	-1040948.8	25.4437
-684448.47	-990115.0	-684434.33	-990100.31	0.4992
-695047.376	-1044391.963	-695063.902	-1044379.414	0.2465
-731289.347	-998442.003	-730683.99	-998307.58	7.748
-820923.25	-1012044.48	-824002.89	-1011428.37	36.0935
-843706.44	-1002673.06	-843047.942	-1002069.217	10.1155
-791244.52	-1014809.47	-789054.08	-1013997.06	26.4744
-891555.769	-1013828.242	-891372.25	-1013131.45	11.1452
-695749.54	-993803.93	-694254.45	-993618.94	17.6425
-770406.95	-1016484.18	-771738.96	-1017773.69	22.2025
-733583.706	-1053257.457	-733650.642	-1053310.708	1.7112
-736065.216	-1009628.72	-736077.828	-1009641.7	0.3928
-782644.121	-1018033.388	-783920.11	-1019150.09	19.906
-649508.54	-1081915.849	-649074.482	-1081102.697	13.0111
-785885.74	-1031657.91	-783587.85	-1031452.41	25.8535
-740125.388	-1048803.266	-740042.682	-1048803.266	1.6555
-717724.11	-1053686.03	-718568.57	-1054861.25	16.7314
-881270.899	-1001368.533	-881210.251	-1001344.506	0.7331
-689627.423	-1035843.007	-687620.21	-1037379.38	28.4365
-807092.05	-996176.3	-807022.055	-996238.78	1.8765
-739293.69	-1047605.51	-739242.04	-1047530.36	1.8253
-645298.82	-1050454.711	-645349.0	-1052717.95	25.2347
-671788.98	-1013525.17	-672286.57	-1013430.14	15.3756
-858595.02	-1055299.8	-859532.03	-1055809.39	12.8942
-721454.452	-1056887.26	-721480.646	-1056896.706	0.633
-646201.83	-1070762.882	-646804.66	-1070126.4	19.317
-753337.621	-1047834.546	-753409.091	-1047702.378	3.2368
-759136.529	-1047758.6	-759256.31	-1047754.756	3.0201
-824112.13	-1074957.2	-824116.77	-1073873.79	9.8584
-760190.23	-1045290.85	-759955.845	-1045151.847	6.2674
-777043.735	-988866.738	-775491.055	-988500.27	17.9702
-656284.52	-1048566.54	-656108.2	-1048690.63	2.4606
-802162.267	-989165.468	-799213.12	-993419.47	74.3376
-733117.23	-1056173.189	-733400.347	-1056074.989	6.5293
-641686.481	-1076916.245	-640971.591	-1080795.556	44.8736
-754010.53	-1061799.67	-754188.564	-1061390.249	5.3105
-696209.569	-1034541.427	-696253.724	-1034613.635	1.6956
-753492.002	-1050068.921	-754037.11	-1054324.91	55.4823
-709908.03	-1003993.08	-709619.48	-1003555.71	6.5784
-682600.335	-1089721.639	-681810.686	-1088876.854	13.457
-771030.72	-982739.75	-770839.14	-983575.63	12.0738
-716840.05	-1028417.8	-716828.42	-1028430.58	0.192
-740146.63	-1048765.45	-739994.945	-1048588.533	4.704
-776116.121	-1014573.075	-776027.577	-1014675.413	1.0411
-752141.41	-1023976.24	-753113.08	-1024805.07	14.3093
-866860.328	-998552.66	-863279.16	-998718.49	48.9769
-751995.4	-1034166.44	-751764.57	-1033120.59	14.3006
-654997.148	-1068694.178	-654938.746	-1068629.13	0.9714
-797546.47	-1028510.29	-796933.467	-1026340.879	25.644
-663440.572	-1005056.297	-661295.15	-1005380.04	28.2638
-762240.73	-1026225.87	-762182.323	-1026283.08	0.9614
-773578.204	-1055794.147	-770529.093	-1053950.334	27.8253
-773501.44	-983276.18	-773180.24	-982370.02	15.1284
-762633.19	-1038581.89	-762732.21	-1038615.428	1.2697
-692138.97	-1053501.65	-690566.15	-1055814.5	31.3138
-680386.462	-1069039.757	-681856.875	-1067973.625	21.3948
-821862.611	-1070180.329	-821506.23	-1071709.92	32.1452
-767603.85	-1046005.37	-767684.069	-1045925.507	2.2758
-710400.32	-1017303.91	-708116.272	-1016039.129	30.9446
-761207.79	-1034014.75	-762955.47	-1033824.97	19.645
-794505.491	-1003988.539	-794506.51	-1004011.49	0.2851
-869866.398	-1037678.079	-869854.923	-1037688.21	0.3121
-840637.765	-1068920.25	-842300.635	-1068760.687	20.3888
-758598.97	-1005216.97	-758019.15	-1006862.84	23.1659
-726002.57	-988861.01	-723759.896	-987216.172	32.7118
-664659.973	-1053339.834	-663044.42	-1054468.82	25.2976
-771899.49	-1025011.53	-771921.41	-1023846.07	17.1953
-725596.87	-1048814.21	-725622.34	-1048876.6	1.401
-814649.04	-1070090.53	-814570.55	-1070242.4	3.6008
-655865.063	-1048396.514	-655883.891	-1048425.175	0.9856
-743307.88	-1019662.27	-741471.85	-1019735.03	21.1038
-737336.38	-1046672.94	-737520.29	-1046623.77	3.8091
-761077.286	-994700.252	-761057.6	-994731.297	0.4084
-679466.541	-989570.958	-678701.39	-989733.15	13.2174
-731110.039	-1075403.317	-730455.262	-1075272.068	10.0377
-652512.268	-1066003.798	-652521.772	-1066017.858	0.2092
-713537.88	-1023025.75	-713721.63	-1023784.7	10.4307
-797225.383	-1069033.488	-797224.579	-1068798.163	5.8249
-667352.5	-1033680.38	-667623.97	-1033602.94	3.2441
-774940.581	-1017890.853	-776007.615	-1018697.758	16.6704
-825967.52	-1025677.531	-825983.792	-1025686.738	0.2252
-757880.474	-1066161.822	-760445.88	-1067488.56	34.8002
-735050.321	-973748.849	-734660.609	-972473.815	15.3849
-759887.37	-972841.89	-759866.87	-972977.63	2.7551
-774118.63	-1065131.66	-775736.2	-1064261.9	22.2756
-726557.64	-1030504.07	-726456.847	-1029809.252	18.8892
-700396.442	-1053492.855	-700390.17	-1053493.403	0.1259
-660410.858	-1057065.693	-659267.839	-1056959.012	12.8919
-651799.729	-1090349.683	-655377.614	-1092181.303	57.7309
-797207.371	-1069075.147	-797204.328	-1069117.112	0.9698
-810418.986	-1013689.3	-812433.03	-1013933.23	22.8017
-712210.494	-1019124.038	-712204.06	-1019056.16	1.374
-807591.864	-1048105.356	-807985.91	-1047762.37	6.0387
-686974.19	-990374.36	-687479.09	-993081.86	31.473
-768538.32	-1082897.61	-767814.271	-1083025.033	120.0006
-650254.698	-1066684.671	-650316.67	-1066703.03	0.7212
-867798.626	-1006764.106	-867839.488	-1006747.598	0.7002
-750373.074	-1005566.807	-750036.931	-1005704.222	7.2794
-704097.718	-1083231.961	-699925.36	-1080109.3	70.6589
-838923.649	-993377.246	-837774.837	-994412.178	21.2327
-696311.254	-1045338.548	-696490.038	-1045413.991	2.2699
-734050.012	-1072617.244	-733970.648	-1070529.113	24.4028
-733677.42	-1004492.76	-733066.43	-1000888.03	45.0598
-806550.624	-1067938.374	-810633.478	-1066041.128	53.1953
-865343.62	-1006940.56	-865411.578	-1006956.737	0.7762
-783879.003	-1065274.767	-783872.32	-1065262.31	0.3066
-858225.57	-999249.575	-859456.5	-996748.5	37.2001
-775046.211	-985303.495	-775538.857	-986019.904	10.1655
-673359.17	-1017298.72	-673341.23	-1017237.57	0.7081
-874197.908	-1018506.375	-874192.144	-1018571.621	1.317
-733649.399	-1015348.684	-732619.431	-1016119.27	25.7474
-659044.87	-1026072.16	-657177.89	-1027416.55	26.0116
-691751.348	-1059652.052	-692291.01	-1058643.01	13.8024
-815771.685	-1067602.218	-818904.75	-1068921.1	39.5843
-799468.95	-1001575.88	-799458.422	-1001714.616	1.9835
-696417.162	-1054119.286	-696167.44	-1054213.12	2.9641
-776638.812	-975624.141	-776578.17	-975595.74	1.3599
-817485.111	-1070669.022	-817346.88	-1070461.227	2.7732
-767046.6	-980774.5	-764320.223	-977229.243	37.31
-768031.975	-1063196.66	-768305.47	-1063499.85	5.2736
-692916.61	-1031763.95	-693762.45	-1032418.66	23.4028
-744240.355	-1085497.033	-744377.89	-1084946.37	11.9057
-702096.308	-1043248.3	-702113.22	-1043229.82	0.5718
-757947.029	-1040305.397	-757895.356	-1040240.583	1.6718
-853375.746	-1035763.744	-852011.72	-1033267.21	33.7023
-777841.63	-980174.42	-778176.07	-980434.35	4.7066
-652519.065	-1021392.956	-652439.7	-1021371.68	0.9305
-730540.16	-987872.41	-729778.3	-987713.52	9.111
-748555.73	-1024956.416	-748538.162	-1024960.596	0.4143
-650914.341	-1085126.981	-652355.284	-1084513.846	18.2695
-688033.65	-1008448.13	-687696.8	-1010183.68	21.9662
-809815.994	-1032117.026	-808551.193	-1032080.837	14.806
-804069.414	-1048124.188	-806168.665	-1048980.607	26.6019
-878446.41	-1011882.071	-880052.498	-1008271.662	46.6627
-667750.276	-1083553.552	-667401.048	-1083330.838	11.6696
-795520.982	-1003368.997	-795614.34	-1002370.711	13.4222
-777744.03	-1031926.26	-778723.324	-1030379.705	22.3357
-749256.54	-1044624.59	-749191.481	-1044352.66	5.6186
-722713.49	-1064471.921	-721028.2	-1065276.8	22.2729
-760235.44	-976189.76	-760426.849	-976146.255	4.1928
-647242.168	-1071682.457	-647250.053	-1071710.344	0.7626
-766747.32	-1037626.07	-766820.366	-1037693.14	2.449
-752438.325	-1042831.478	-753237.13	-1041854.936	10.1543
-765780.46	-1025889.75	-765605.87	-1025824.37	4.2601
-840403.074	-1070447.272	-833749.287	-1072545.879	57.1051
-761891.2	-972771.3	-761804.098	-971881.321	18.1606
-723694.18	-1014270.44	-722332.58	-1017137.68	44.7104
-653299.13	-1023139.24	-653279.646	-1022982.362	3.1626
-753649.53	-976729.2	-751476.087	-976015.903	26.8011
-741810.06	-1048888.99	-741825.869	-1048828.06	1.2619
-787917.19	-1061122.81	-786559.102	-1061340.464	28.0383
-655306.9	-1041293.601	-658954.63	-1042252.27	48.212
-666466.26	-1013751.01	-669096.11	-1014095.01	29.7048
-723719.58	-1035551.59	-723735.714	-1035565.991	0.4736
-730531.813	-1057439.07	-730487.222	-1057428.568	0.7853
-817226.33	-1047661.17	-818342.922	-1049312.599	36.8254
-707917.295	-1073589.318	-710188.717	-1074373.94	43.8248
-850202.22	-1042068.29	-850050.84	-1043723.36	19.4042
-678311.67	-995246.51	-678265.186	-995168.713	1.0167
-770463.62	-1042976.09	-768948.186	-1044541.868	24.2419
-809522.65	-993549.24	-810488.627	-992101.06	19.7983
-694046.537	-1040418.3	-693636.81	-1041161.74	17.1865
-876124.29	-1021139.59	-876112.84	-1021128.58	0.2015
-695019.57	-988728.24	-693984.34	-985511.09	43.8338
-805529.791	-990380.262	-805510.798	-990388.968	0.4476
-670413.35	-1020801.35	-669911.48	-1020070.35	9.8651
-777378.72	-1032412.01	-778489.776	-1032605.109	24.2135
-653565.93	-1024325.48	-653293.436	-1024341.269	5.4618
-740013.875	-1032677.758	-740024.072	-1032667.759	0.1695
-792127.679	-1002992.899	-792631.3	-1002145.56	11.0701
-717563.66	-1074422.293	-717389.507	-1074398.742	2.0074
-654259.08	-1033888.45	-654058.89	-1033547.74	4.8587
-732453.52	-1040841.31	-732359.224	-1040961.372	3.2207
-809115.507	-1021031.276	-811576.772	-1017603.739	49.0546
-713070.7	-998912.01	-710920.88	-999919.92	27.1122
-847178.331	-1068827.432	-844823.27	-1068111.92	29.2361
-705326.633	-1070015.861	-704744.62	-1069437.54	9.5029
-823930.49	-1009103.738	-825505.903	-1008939.286	17.6842
-753061.938	-983354.114	-753007.42	-983585.66	2.6502
-731613.902	-1021278.732	-731367.55	-1022331.55	12.2175
-724307.441	-1034485.543	-724042.005	-1034642.051	6.208
-712423.517	-983605.22	-712420.272	-983594.696	0.23
-739918.12	-1078945.14	-738499.524	-1076315.869	36.8852
-668845.316	-1003441.49	-664760.619	-1005645.69	56.8643
-696115.69	-1045320.03	-696029.607	-1045263.951	1.1417
-763662.27	-983166.21	-763256.913	-983643.9	6.9823
-824257.03	-1076464.14	-824311.496	-1076401.374	2.7966
-750249.562	-981741.692	-751048.998	-981028.811	13.0205
-813328.04	-1072109.909	-813432.107	-1071990.126	3.1735
-781791.85	-1046868.86	-780380.209	-1045978.14	19.4316
-741581.782	-1042671.899	-741577.379	-1042544.644	2.5466
-769294.599	-971517.262	-768483.18	-971363.18	10.7561
-799253.133	-1001546.675	-799240.82	-1001410.07	1.7696
-822590.536	-1059214.552	-825495.86	-1053317.43	78.6382
-778280.43	-1058590.03	-781101.27	-1058535.42	32.9952
-787525.92	-984347.2	-787293.151	-984422.672	2.7575
-664710.698	-1068052.491	-664802.221	-1069038.226	11.6095
-722663.507	-1006396.818	-721120.86	-1008565.41	30.5597
-857444.77	-1011887.79	-854983.08	-1011413.61	19.4694
-755657.198	-1013741.211	-754867.81	-1012840.6	13.3763
-658351.659	-1088861.398	-657814.005	-1088461.195	15.0725
-647475.185	-1033811.312	-647120.25	-1032718.03	15.3066
-889453.857	-1014761.091	-890271.421	-1011767.347	34.5268
-799468.95	-1001575.88	-799384.86	-1001553.15	1.0488
-740947.378	-1048931.179	-740880.85	-1048875.87	1.8047
-759479.25	-1029428.5	-759592.03	-1029256.06	4.4391
-803797.57	-976894.27	-806348.696	-973616.541	97.0185
-697451.56	-1052233.88	-698320.9	-1050777.39	22.9128
-725880.561	-1051661.289	-726094.73	-1051630.11	4.3367
-751198.453	-988540.539	-751217.73	-988675.46	1.5318
-673065.66	-1012180.91	-673065.06	-1012192.51	0.2553
-648257.58	-1038522.22	-646932.84	-1040943.51	30.9726
-645231.86	-1043705.2	-646910.36	-1044622.04	22.6728
-710963.47	-1025595.143	-710947.454	-1025580.954	0.5014
-648607.985	-1058257.75	-648638.888	-1058260.078	0.6621
-774198.39	-1077281.62	-776058.3	-1081472.38	53.0341
-725957.19	-1071372.88	-723704.206	-1068892.094	42.216
-781140.14	-990701.09	-779963.1	-991110.24	14.1761
-820718.29	-1063652.81	-820796.02	-1063693.532	1.4037
-804693.493	-987935.87	-802162.267	-989165.468	37.4632
-709619.48	-1003555.71	-709558.1	-1002063.35	21.2705
-698822.003	-1079576.361	-699925.36	-1080109.3	14.9615
-747339.63	-1036309.707	-746280.4	-1034524.79	55.0949
-887878.164	-1019149.612	-887705.176	-1018981.939	2.6796
-771235.7	-1064736.98	-772204.52	-1063079.85	24.9287
-771416.56	-1042704.81	-770463.62	-1042976.09	11.1739
-847713.155	-1066306.545	-847800.16	-1065492.66	9.5173
-693271.926	-1078184.103	-692763.123	-1078645.94	11.2926
-684827.173	-1062061.435	-685046.02	-1064092.0	27.0103
-797753.763	-986251.175	-797631.422	-986169.56	1.6349
-688866.45	-1008086.58	-688769.71	-1008043.16	1.1782
-770078.492	-995111.435	-770497.113	-994660.992	7.2017
-754937.18	-975076.31	-753815.92	-975963.16	31.5531
-689416.53	-1041345.84	-689276.02	-1041251.79	3.5194
-835900.88	-1032638.99	-835871.16	-1032618.1	0.4085
-686191.04	-1091584.179	-685851.711	-1089622.672	63.3586
-695686.799	-1034349.98	-695908.221	-1034530.867	5.8877
-688715.174	-998245.553	-687631.02	-997626.25	14.0279
-791844.85	-976260.45	-791785.451	-976203.762	1.6458
-807147.564	-993035.497	-809493.61	-993562.76	28.178
-753858.425	-1046002.964	-753724.11	-1045846.48	4.1637
-739172.11	-1048818.336	-739271.562	-1048878.5	4.9258
-692763.123	-1078645.94	-689663.127	-1077650.329	40.179
-726227.69	-981373.9	-726336.23	-981775.91	8.391
-768014.7	-995202.91	-766350.084	-995474.104	34.2235
-716119.768	-1048477.837	-715974.36	-1048190.05	3.6329
-648919.929	-1048245.544	-648522.29	-1048170.92	4.5507
-649071.447	-1067541.708	-649397.09	-1068087.73	9.2727
-828665.07	-1071994.602	-828839.53	-1072102.6	2.4558
-670142.063	-1047849.688	-669943.33	-1047802.91	2.4238
-651198.62	-1043181.88	-652839.646	-1042012.519	23.5602
-763612.14	-977687.04	-763420.63	-977212.93	10.9197
-707094.49	-1015993.99	-706560.61	-1015673.42	13.1079
-773947.18	-1077064.38	-773974.94	-1077094.81	0.8248
-816263.175	-1064382.149	-819253.223	-1065170.414	37.9345
-728573.213	-1056053.118	-728602.923	-1056061.229	0.8306
-781276.156	-1065205.766	-781754.44	-1063223.71	24.4975
-674162.497	-1089510.348	-673073.732	-1090434.747	31.2997
-783351.96	-1064711.49	-781754.44	-1063223.71	27.6155
-760171.191	-983620.658	-760108.1	-976669.03	95.5292
-685921.25	-993492.0	-686350.07	-993429.47	8.756
-788645.545	-989800.028	-788251.41	-989855.27	7.9796
-757147.235	-1059510.985	-758715.209	-1060308.79	20.9867
-867868.668	-1006968.329	-867902.159	-1006942.079	0.6191
-754717.26	-1002056.5	-754757.688	-1002042.938	0.4866
-668977.106	-1067594.311	-668752.667	-1067421.221	3.1602
-767013.48	-1037675.4	-766842.83	-1037701.77	3.4536
-683717.457	-992989.128	-683724.11	-993007.49	0.4221
-757548.021	-1039738.009	-757559.425	-1039723.96	0.2171
-776297.19	-977282.515	-776172.608	-977550.484	6.1967
-665026.707	-1061746.48	-665548.329	-1061307.756	10.8154
-792028.132	-986651.745	-792028.321	-986617.401	0.6957
-747166.779	-980982.656	-747934.61	-980092.39	13.7351
-714655.015	-1056038.843	-714569.04	-1056043.87	0.957
-696253.724	-1034613.635	-696578.34	-1035525.04	19.3942
-878239.65	-1027464.47	-878517.858	-1029977.437	33.7959
-753002.54	-1060673.47	-751611.11	-1061840.96	22.3984
-740517.97	-1040263.89	-740620.803	-1040195.542	3.9599
-665198.39	-1036833.92	-664820.182	-1035921.943	19.7737
-807739.25	-990341.35	-807784.6	-990413.55	1.713
-669326.41	-1035475.04	-669456.93	-1033427.32	25.1681
-728770.004	-1058806.072	-727830.699	-1058743.388	10.7249
-817626.397	-1008079.578	-819612.782	-1008068.581	22.4559
-726010.753	-980867.59	-726168.492	-980888.314	3.8376
-816857.025	-1037346.024	-816360.47	-1040386.63	44.215
-717389.507	-1074398.742	-712833.882	-1078862.126	50.671
-777903.87	-1064534.52	-777561.69	-1064473.0	7.7524
-752854.23	-988519.06	-751415.81	-988789.17	17.6671
-751658.12	-1038043.98	-752759.25	-1037250.66	16.4245
-680301.305	-1006924.26	-684041.72	-1005087.56	51.6987
-726227.69	-981373.9	-726241.65	-980397.73	19.8526
-804188.94	-1040938.13	-803996.26	-1040348.68	14.4009
-789783.118	-1027080.451	-789661.866	-1027019.796	1.6502
-762561.091	-992047.749	-762564.02	-992066.04	0.4133
-758737.32	-1005167.35	-758598.97	-1005216.97	2.9577
-639883.684	-1068063.349	-640533.9	-1067549.89	11.7649
-784270.171	-1026762.041	-784290.356	-1026763.126	0.433
-734246.2	-1078918.72	-736609.04	-1078600.46	27.3988
-751575.41	-1034443.519	-751346.75	-1034441.65	2.6771
-768249.083	-1007290.14	-768246.13	-1007091.41	2.2345
-839061.481	-993065.451	-836254.049	-989704.778	51.6368
-752145.81	-1038511.65	-751920.53	-1038841.4	7.9894
-806746.5	-996395.04	-806814.73	-996266.87	1.7859
-847221.274	-1051212.9	-847130.532	-1051437.448	2.8149
-762395.665	-993304.982	-762406.196	-993291.541	0.3847
-810032.78	-985827.55	-810681.831	-985609.893	7.7466
-841388.927	-1061952.353	-842065.68	-1062036.111	7.6473
-675351.76	-1084599.4	-676923.61	-1083106.525	24.3977
-854631.34	-1058176.35	-856558.174	-1056633.315	29.501
-720323.832	-1071070.678	-720245.62	-1070992.61	1.3589
-739376.2	-1047664.69	-739501.61	-1047742.46	2.9563
-727688.935	-1050148.581	-726880.78	-1049460.86	12.1592
-653653.858	-1031493.301	-653423.62	-1030555.827	10.7387
-704193.873	-1008993.01	-704179.784	-1009008.677	0.4766
-697475.25	-1022769.4	-697320.24	-1023642.9	10.3868
-863264.03	-1049360.0	-864705.822	-1049523.913	16.9314
-756261.917	-1021338.145	-755689.59	-1023919.41	29.8489
-737206.749	-1023015.723	-735617.1	-1020584.03	32.8821
-652521.772	-1066017.858	-652507.712	-1066027.362	0.2092
-694429.348	-1089271.621	-694564.952	-1089620.098	5.9784
-876427.652	-1014297.283	-876719.98	-1013377.32	10.8921
-733060.69	-1035355.42	-732027.544	-1034837.103	23.9748
-746954.522	-1004054.132	-746977.513	-1004054.933	0.5639
-667520.15	-1022804.81	-665902.039	-1022897.606	20.5656
-645150.432	-1074275.491	-645162.571	-1074255.841	0.5118
-760898.023	-1060233.296	-762680.47	-1060588.85	21.1672
-688503.019	-1011193.9	-691878.43	-1009643.53	45.1185
-731373.413	-1012206.889	-729872.994	-1011869.243	17.5924
-683211.26	-994632.66	-683198.19	-994624.7	0.4329
-689380.018	-1029127.238	-689352.65	-1029592.58	9.334
-720526.708	-1056117.042	-720485.953	-1057079.4	19.3454
-780297.889	-1009729.113	-779194.03	-1007236.81	36.3279
-842542.325	-992122.825	-842537.83	-992099.058	0.2908
-749676.91	-981210.14	-750249.562	-981741.692	9.8497
-759651.598	-976154.419	-760110.712	-976177.525	9.2256
-689787.748	-1046554.727	-692271.419	-1046317.644	19.2239
-724943.03	-1065253.85	-725151.135	-1065325.721	4.6503
-647873.143	-1067710.293	-647880.34	-1067696.773	0.3294
-727431.61	-994557.49	-727729.53	-994278.84	8.4096
-683656.306	-1066705.409	-683537.01	-1066911.67	4.7782
-873364.742	-1015038.539	-872762.304	-1016603.019	19.7189
-641021.02	-1067058.85	-641261.701	-1065502.962	17.7575
-697590.28	-995685.43	-698168.294	-995083.306	9.403
-720890.49	-1078565.08	-722757.1	-1078973.23	23.6894
-776164.42	-977575.59	-775923.936	-977266.63	7.9912
-760844.771	-1070553.569	-760870.94	-1070667.92	2.3983
-645182.381	-1074268.023	-645150.432	-1074275.491	1.0308
-772671.65	-1017061.6	-772145.95	-1016289.6	10.6316
-743760.77	-1021515.3	-743779.81	-1021375.72	1.6174
-744268.68	-1027560.53	-743164.59	-1026492.03	18.8077
-729948.9	-1077657.6	-729466.74	-1078252.51	8.6213
-673109.289	-1077823.336	-674637.39	-1078055.65	18.0346
-820681.82	-1077421.557	-820826.716	-1077466.061	21.0401
-678335.849	-1048911.227	-680697.38	-1050051.66	34.7577
-683963.034	-995271.046	-683977.01	-995256.53	0.4588
-810418.986	-1013689.3	-809721.09	-1010756.479	45.6049
-777043.735	-988866.738	-777556.591	-991207.669	29.8679
-826550.943	-1061782.575	-824671.62	-1061033.041	24.0538
-748398.11	-1043188.53	-749777.772	-1043408.442	28.1416
-811223.903	-1036708.357	-811581.538	-1037657.666	11.278
-734123.51	-1053289.092	-734824.7	-1052989.06	15.2572
-824860.766	-1067179.646	-825005.885	-1067224.436	3.1601
-737072.78	-1070373.015	-737060.725	-1070363.495	0.3399
-797207.638	-1068902.189	-790420.8	-1064175.72	66.9071
-832903.841	-1031528.395	-832980.335	-1031827.115	3.4441
-654532.0	-1044940.38	-652800.92	-1044778.31	19.3185
-651444.72	-1037641.76	-651463.758	-1038354.516	7.9487
-680229.76	-988998.78	-680199.317	-988901.225	34.2833
-797220.522	-1023550.419	-798712.282	-1022813.845	21.8279
-826780.701	-1046935.199	-827280.978	-1047253.275	6.6209
-755814.649	-1034625.46	-755939.14	-1034460.74	1.5886
-738672.355	-985890.635	-738659.24	-985876.91	0.2109
-864054.601	-1052240.451	-865314.314	-1050375.508	26.5526
-657405.41	-1068717.74	-657427.6	-1068641.36	0.8866
-781273.163	-1004046.684	-777829.486	-1003324.989	41.0135
-759295.33	-1068468.69	-760445.88	-1067488.56	16.9896
-651464.06	-1069077.527	-651380.482	-1069460.765	4.9371
-789466.776	-1027126.16	-784908.833	-1026959.149	35.6319
-822648.96	-1061866.51	-821898.958	-1062434.179	21.1237
-643945.735	-1040608.472	-643935.977	-1040626.868	0.4722
-810388.016	-982868.027	-812850.46	-977718.32	74.2077
-721508.26	-1032421.66	-719510.87	-1030611.7	20.8007
-705497.782	-1055305.569	-706833.082	-1051923.937	46.7839
-801209.974	-1056833.204	-801191.019	-1056920.709	1.1513
-757583.917	-1052823.372	-757583.42	-1052769.48	0.6063
-824238.73	-1076359.83	-824204.8	-1076334.16	3.634
-748046.626	-992743.35	-748187.82	-992702.66	1.6337
-836762.77	-1065574.434	-838504.902	-1065598.13	19.5917
-685993.25	-993477.375	-685904.886	-993511.359	1.8938
-740074.415	-1078259.978	-740651.915	-1078101.492	6.8099
-791957.075	-1004787.086	-793250.807	-1004363.66	15.1264
-739534.3	-982791.08	-739772.07	-983203.74	5.6305
-823245.745	-1071548.892	-822634.434	-1069568.19	41.7039
-766384.884	-1060137.681	-768780.443	-1061241.466	33.1943
-772421.69	-1081831.94	-765963.41	-1076199.13	67.5895
-727729.53	-994278.84	-727611.89	-994246.69	2.4774
-831269.153	-1066433.159	-831260.444	-1066449.913	0.395
-821832.261	-1069947.466	-822158.563	-1069502.375	11.7624
-813598.366	-1066082.57	-813798.296	-1067557.869	18.2965
-778211.76	-1058921.72	-778265.78	-1058963.422	0.779
-826615.211	-1068384.514	-827414.04	-1067905.869	18.6252
-816418.066	-1076253.124	-819271.979	-1075735.204	32.8805
-783901.62	-988451.57	-783570.89	-988845.43	6.0521
-699819.01	-1059099.45	-700697.591	-1059932.68	18.5494
-747627.572	-1019790.469	-747540.75	-1019621.563	2.4488
-651645.49	-1049416.39	-652523.86	-1048050.08	19.9633
-760898.023	-1060233.296	-762853.52	-1061995.16	30.2241
-708419.227	-991662.736	-708400.425	-991677.132	0.7117
-754607.573	-1035644.477	-754661.9	-1035714.99	2.3486
-694401.055	-1065921.44	-693268.136	-1066214.459	13.5378
-778723.324	-1030379.705	-778936.284	-1029982.018	9.5957
-851461.777	-1014494.652	-853349.944	-1018427.34	64.3362
-643687.778	-1034975.692	-643669.343	-1034932.529	0.5215
-788332.392	-1032922.155	-787766.2	-1033212.73	13.4399
-782736.302	-987635.37	-783870.85	-988372.22	16.6239
-740272.384	-1048755.058	-740406.404	-1048873.624	3.8581
-736699.04	-1038234.44	-736870.83	-1038210.02	4.5802
-653540.239	-1071735.365	-653346.678	-1072095.968	4.5713
-717476.215	-1074203.095	-717538.757	-1074174.434	0.7644
-821508.375	-996043.109	-821533.491	-996041.098	0.301
-818596.165	-1001266.455	-818143.903	-1000977.137	6.2175
-708187.83	-1075244.96	-706944.713	-1074501.568	16.4728
-856579.444	-1030950.584	-856064.434	-1028473.607	40.1721
-739994.945	-1048588.533	-739867.417	-1048497.285	3.2663
-804790.97	-1042344.4	-803294.68	-1043446.53	24.9928
-735842.58	-1031440.26	-735668.52	-1031215.732	5.8229
-747786.218	-1026682.429	-745799.149	-1027516.933	24.7792
-754661.9	-1035714.99	-755147.31	-1035277.21	13.0734
-665198.39	-1036833.92	-665458.76	-1039205.67	36.0272
-849059.247	-1002323.581	-849027.94	-1002337.53	0.7802
-754631.91	-1063279.292	-754553.75	-1063526.759	5.2244
-833254.123	-1074912.867	-832798.094	-1075548.017	9.0012
-817696.777	-1044028.456	-819030.08	-1043568.33	20.2593
-667559.74	-1021705.03	-668898.705	-1022840.572	22.3655
-729935.223	-1083577.678	-730063.5	-1083120.83	5.3584
-735491.943	-1077107.534	-738499.524	-1076315.869	39.9864
-646151.41	-1071145.95	-646201.83	-1070762.882	8.0154
-746262.613	-1053881.415	-746303.829	-1053861.234	0.9183
-765617.17	-990627.35	-765609.7	-990470.42	1.7824
-771549.54	-982560.38	-771284.976	-982536.094	3.313
-849304.122	-1028940.798	-851565.631	-1031001.201	36.7357
-687384.526	-1016486.276	-684319.74	-1018289.441	45.8553
-810771.91	-991753.27	-810737.74	-991815.48	0.6453
-683537.01	-1066911.67	-682819.282	-1070271.519	42.7911
-769152.14	-996777.53	-768014.7	-995202.91	35.4364
-666179.303	-1087368.634	-664519.478	-1089063.209	31.9928
-799448.64	-1054475.6	-800013.98	-1055415.21	15.0482
-675211.97	-1066793.444	-674573.09	-1067736.05	22.9849
-834024.087	-983878.067	-833866.458	-983008.338	21.6304
-774673.57	-1000296.917	-774546.59	-1000258.14	1.4922
-757573.93	-1017125.61	-757944.57	-1018902.47	20.3277
-671985.3	-1052255.57	-671676.996	-1053675.005	17.2087
-785903.44	-1018138.51	-785167.69	-1014849.55	41.9
-641716.414	-1058532.561	-641712.611	-1058542.261	0.2249
-721659.61	-1005327.96	-720560.46	-1005519.18	13.9139
-817533.88	-1070541.42	-817446.39	-1070558.94	0.9914
-757072.35	-1036920.75	-757134.9	-1036802.08	1.5067
-761119.495	-1000997.084	-761091.792	-1000899.314	1.1318
-688454.182	-1070263.786	-688230.339	-1070099.683	5.6708
-768216.533	-1064805.843	-768588.55	-1063775.18	12.1835
-739381.44	-1034615.21	-739353.38	-1033785.91	16.6196
-726488.977	-1026838.942	-725335.37	-1028213.23	20.3076
-801385.012	-1015485.742	-801707.081	-1017934.201	32.0149
-778900.318	-1029531.5	-778689.66	-1029545.02	4.4315
-876337.987	-998291.201	-878042.415	-1004389.221	85.0071
-852299.85	-1041099.68	-853489.03	-1040574.85	14.7185
-805024.92	-990252.48	-805021.72	-990150.88	2.0331
-710952.04	-1025721.06	-711124.62	-1025831.21	4.0954
-791926.92	-991043.66	-791943.37	-991093.07	1.4411
-774162.8	-1021173.806	-770958.45	-1020244.89	41.3082
-864037.296	-1042424.275	-864299.585	-1043361.079	18.9598
-714641.39	-1027861.81	-713269.49	-1028283.25	16.1375
-652594.109	-1064384.139	-652582.161	-1064374.38	0.3347
-890038.394	-1016476.536	-889507.769	-1016414.484	55.644
-687479.09	-993081.86	-687422.664	-993904.781	9.7993
-890271.421	-1011767.347	-890238.16	-1011002.09	9.1434
-710963.47	-1025595.143	-710944.524	-1025605.087	0.5014
-690397.806	-1020396.222	-689876.75	-1020687.77	6.6638
-810719.239	-1064866.097	-810633.478	-1066041.128	14.3829
-678318.291	-1002398.486	-678306.819	-1002377.18	0.3018
-821635.354	-990593.979	-820673.12	-989381.2	24.9181
-768181.129	-1028084.705	-767805.41	-1026068.54	27.3884
-641808.58	-1076501.209	-641686.481	-1076916.245	8.8555
-792232.22	-1046092.91	-792298.458	-1045843.765	2.8971
-757394.943	-976131.008	-756270.569	-975799.295	24.5419
-688864.228	-1079452.576	-690164.81	-1079502.753	14.5066
-797410.36	-1052229.11	-793287.43	-1051912.18	53.6441
-755185.5	-1028876.24	-757922.63	-1027951.45	32.2757
-733323.88	-1057749.755	-732406.261	-1057487.646	21.2278
-698814.062	-1012645.207	-697498.543	-1012712.62	14.8141
-769146.62	-1004870.94	-764877.662	-1004163.078	50.0196
-683574.671	-1062240.606	-682690.358	-1063043.568	13.2977
-641361.511	-1092462.084	-640071.145	-1093682.786	39.7816
-829335.9	-1067212.49	-831365.121	-1070584.323	48.5846
-824118.398	-1073716.33	-824128.174	-1073878.554	1.4774
-746382.521	-1054216.087	-746346.505	-1054248.18	1.0171
-840471.692	-1045622.968	-839929.261	-1048122.673	29.9467
-667163.557	-1083642.392	-663966.307	-1086317.794	46.5777
-731354.323	-1054921.893	-730212.23	-1055927.94	17.6036
-643295.63	-1079918.169	-641563.12	-1081473.4	27.2794
-845082.797	-994053.104	-843367.441	-992167.464	30.1452
-797014.828	-1029002.774	-797109.25	-1029037.248	2.0105
-648218.351	-1064155.734	-648319.994	-1064139.615	2.8574
-758239.87	-1016193.82	-757209.257	-1016685.09	23.789
-666372.05	-1013756.79	-665985.665	-1014190.974	6.6034
-664237.125	-1047754.375	-664261.049	-1047852.715	1.3232
-725564.36	-1087039.45	-725513.61	-1087363.32	5.3829
-805494.47	-978668.481	-803803.869	-976929.666	37.7454
-827952.099	-1041307.414	-828396.58	-1041206.93	9.6852
-783209.77	-996298.28	-784018.32	-995398.78	13.9741
-691828.6	-1064899.158	-690803.052	-1065148.176	21.6921
-640017.94	-1042964.66	-640083.291	-1042985.593	1.3991
-690414.26	-1069784.24	-691963.5	-1070968.111	27.9967
-704497.25	-1019010.64	-704080.94	-1018633.22	6.3224
-740190.65	-1048779.76	-740272.384	-1048755.058	2.0342
-705461.23	-1010278.36	-705932.86	-1013325.98	49.173
-755595.06	-1042268.62	-756211.766	-1042483.919	13.5133
-819199.368	-993790.579	-821635.354	-990593.979	74.6411
-765579.51	-1074243.31	-765511.99	-1074354.51	2.7799
-802399.077	-1055590.677	-802308.357	-1054114.598	16.5586
-751804.13	-1004450.95	-750401.242	-1005557.255	20.9548
-820566.613	-1067436.695	-821804.609	-1066679.277	16.438
-807952.239	-1072477.849	-807965.166	-1072493.025	0.4542
-725021.263	-1065471.044	-724859.589	-1065156.77	7.1555
-829335.9	-1067212.49	-831249.446	-1066452.545	22.962
-781654.106	-998471.269	-782476.56	-998778.02	9.8018
-776024.673	-1034689.134	-776149.73	-1034943.3	5.8591
-850050.84	-1043723.36	-849181.34	-1044137.53	11.2414
-883700.873	-1019663.734	-882376.558	-1020884.772	21.6271
-748255.783	-1030596.93	-748217.911	-1030589.276	0.7799
-710303.846	-1051630.394	-709951.15	-1050590.55	12.2016
-784665.876	-1007701.217	-784669.925	-1007684.127	0.2035
-848435.252	-1010297.065	-848523.626	-1010330.793	2.042
-802871.193	-986653.772	-802714.763	-985660.004	31.9954
-808747.18	-1000847.45	-809147.1	-1002775.783	22.129
-753657.17	-1045323.18	-753616.119	-1045385.081	0.9506
-671334.839	-1013380.04	-671788.98	-1013525.17	13.2063
-786838.58	-1010464.74	-786859.78	-1010704.2	3.5332
-840168.712	-1056740.328	-840184.431	-1056729.852	0.4337
-693555.67	-1004756.118	-693299.572	-1004550.262	6.6214
-685814.433	-987154.905	-686113.07	-989171.44	27.641
-740074.415	-1078259.978	-739918.12	-1078945.14	8.2301
-676250.16	-1042634.43	-675978.208	-1041097.886	18.6014
-743670.905	-1024947.276	-743547.913	-1024927.2	4.1706
-694877.07	-1064101.78	-693322.025	-1064570.064	18.3658
-700407.19	-1022786.15	-700408.53	-1022894.48	1.2131
-646784.63	-1016584.72	-647615.4	-1015915.48	12.1356
-729305.28	-1069793.18	-728360.75	-1071940.41	30.3018
-881697.608	-1022289.692	-881678.038	-1022283.404	0.252
-832266.026	-999844.423	-831240.458	-999151.728	16.5593
-727177.87	-1031218.1	-726557.64	-1030504.07	10.5463
-693497.58	-1083700.93	-695974.948	-1082369.357	53.7077
-825471.49	-1016156.886	-825515.288	-1016140.978	0.5197
-747394.36	-1062818.558	-747718.385	-1062503.67	9.1303
-819966.14	-1074245.14	-819971.552	-1074390.409	2.9802
-762941.79	-992367.91	-763545.25	-992093.52	20.0364
-688797.379	-1076150.545	-688002.282	-1075181.562	14.0247
-674315.48	-997936.62	-672915.76	-998637.81	18.2615
-686529.58	-1059643.5	-684480.035	-1061627.586	32.2293
-762111.172	-1026167.991	-761924.936	-1026064.781	4.7501
-806575.888	-983341.554	-806862.02	-982792.324	7.6134
-690768.7	-1059262.202	-691751.348	-1059652.052	13.7712
-726045.008	-980908.376	-726227.69	-981373.9	10.4282
-719475.96	-1030489.794	-719642.0	-1030529.89	1.9148
-847178.331	-1068827.432	-848314.87	-1067025.917	25.1842
-685014.38	-1032689.79	-685019.57	-1032596.64	1.8914
-739522.69	-1081106.92	-738250.259	-1080728.609	16.1341
-672036.466	-1050055.869	-671986.186	-1050016.153	0.7119
-737630.74	-984117.39	-736690.38	-983714.019	11.4625
-669313.43	-1014057.66	-669296.23	-1014157.35	2.6417
-747371.97	-1023961.73	-747362.12	-1023959.97	0.2001
-644066.097	-1023903.328	-643049.81	-1024267.01	15.0887
-647349.661	-1081907.056	-647441.596	-1082008.575	2.7651
-688414.053	-1061323.311	-688417.72	-1061391.853	1.3732
-687404.89	-1055806.78	-686608.81	-1054660.12	15.5468
-834359.548	-1024053.119	-836164.17	-1022988.813	23.8409
-853619.73	-1041936.38	-853122.407	-1044067.769	26.5668
-703394.236	-1088879.85	-703550.361	-1088756.538	2.3271
-745486.072	-1084388.131	-746412.986	-1085269.207	30.092
-680447.44	-1045990.77	-680325.31	-1045859.18	2.0218
-758629.38	-1022029.92	-756447.96	-1021323.23	25.7165
-773582.53	-1064914.68	-772204.52	-1063079.85	33.633
-713775.639	-1051218.491	-713785.282	-1051216.456	0.123
-773801.94	-1073410.82	-773306.16	-1076127.14	32.241
-790712.739	-1005042.198	-790785.313	-1005010.651	0.9346
-659857.84	-1075610.74	-660641.29	-1076203.42	19.7258
-821882.09	-997704.088	-821930.923	-997708.197	0.5445
-722106.46	-1087702.35	-722223.096	-1087805.798	17.2044
-740515.12	-1057578.56	-740529.23	-1057581.17	0.3179
-676899.047	-1057192.153	-676583.8	-1056954.83	8.0228
-729704.351	-1034249.238	-727749.77	-1033945.99	22.5736
-851153.587	-1009157.697	-849434.18	-1008755.3	40.6401
-812059.04	-1017095.62	-812045.072	-1017091.715	0.3237
-719291.016	-1050167.408	-719048.93	-1050490.37	4.5768
-710545.48	-1069947.576	-710154.438	-1069709.127	5.1508
-645095.13	-1025657.86	-644812.45	-1025224.76	6.0821
-769874.09	-1015908.58	-768444.371	-1016274.293	18.2119
-808621.52	-991377.83	-808335.0	-991040.78	9.1513
-752150.8	-1042812.48	-752326.98	-1042897.041	4.04
-647923.93	-1094532.48	-647066.388	-1095686.854	19.4757
-749717.98	-974722.78	-749022.214	-972993.748	23.5376
-645414.186	-1049574.493	-645145.99	-1049725.66	6.1712
-718478.89	-1046912.61	-718912.187	-1047953.389	12.9298
-765350.228	-974439.336	-765332.98	-974699.53	2.9224
-688899.04	-1008101.45	-688866.45	-1008086.58	0.398
-775337.088	-1066406.687	-773571.182	-1068163.625	30.2086
-740446.603	-1063779.451	-740602.21	-1064877.74	25.744
-730882.08	-1042065.154	-731430.45	-1042100.23	10.9899
-721284.824	-1039170.312	-720440.86	-1041212.08	25.9783
-677372.075	-1077135.169	-677952.795	-1077247.229	6.7149
-783244.85	-1011887.99	-782067.999	-1010291.553	23.2172
-792554.569	-979614.516	-792375.04	-979389.02	3.3787
-790012.06	-1060982.27	-789754.63	-1061227.5	3.9617
-847800.16	-1065492.66	-849144.74	-1065966.23	17.5325
-652055.19	-1026467.11	-650411.51	-1026049.54	19.7289
-724973.922	-1064515.522	-728304.716	-1060992.768	38.6627
-779540.85	-972090.25	-779572.42	-972133.54	0.6058
-669086.92	-1017098.64	-669312.259	-1016992.142	2.7871
-718256.376	-1004401.106	-718653.77	-1004325.26	4.8696
-680357.0	-1083620.75	-680353.748	-1082497.976	12.9649
-739365.02	-1054324.082	-738953.985	-1055720.43	16.1756
-763429.67	-977100.61	-763413.28	-977112.81	0.4376
-742070.951	-1057036.488	-742517.724	-1056857.1	10.2019
-738239.28	-1046740.78	-738085.855	-1046751.762	3.1566
-748398.11	-1043188.53	-745720.029	-1042594.344	55.532
-652384.421	-1032220.303	-649928.66	-1031448.47	32.4684
-641514.71	-1041514.6	-641431.4	-1041477.92	1.8307
-747409.95	-1034670.67	-747854.476	-1033972.682	25.6121
-739161.336	-1047787.293	-739209.899	-1047653.54	2.8928
-684217.86	-1042855.28	-682609.21	-1044783.43	29.69
-834866.785	-1038392.737	-833713.936	-1039020.694	16.0675
-835207.3	-1018503.79	-839036.637	-1018937.763	46.3982
-692452.786	-1046276.343	-696275.836	-1045441.325	30.1936
-707915.843	-1046963.972	-707043.145	-1047369.448	19.571
-869488.51	-1017847.787	-869448.36	-1018125.62	3.1341
-883936.157	-1021566.292	-884024.5	-1021641.205	1.9957
-639956.58	-1043068.73	-640185.87	-1043001.059	4.9112
-758309.37	-1034186.71	-758836.53	-1033845.27	12.5616
-715499.81	-1046015.41	-715974.36	-1048190.05	26.2164
-701513.43	-1053251.23	-700396.442	-1053492.855	12.7101
-750114.58	-1032506.51	-750386.47	-1031592.81	10.5923
-772512.536	-996030.911	-771432.875	-995747.64	12.4026
-753803.99	-1024166.82	-754962.86	-1023735.53	14.9787
-648850.296	-1057904.804	-649055.45	-1058279.95	8.5516
-689446.59	-994859.59	-690266.139	-995239.285	6.996
-740880.67	-1001694.33	-740813.729	-1001758.382	2.1335
-641712.611	-1058542.261	-641702.953	-1058528.436	0.5051
-778018.52	-980258.925	-778176.07	-980434.35	2.6199
-691002.18	-995246.83	-691047.04	-995263.18	0.5309
-668266.098	-1045163.806	-667109.46	-1045866.59	16.314
-689683.664	-1046665.256	-689587.82	-1046577.01	1.8253
-748187.82	-992702.66	-749120.289	-990973.438	22.4916
-691007.84	-1035833.65	-689398.461	-1033181.24	36.8631
-740446.603	-1063779.451	-740467.752	-1063760.859	0.8778
-755872.151	-995485.295	-756190.559	-993844.372	19.5018
-644825.501	-1073404.509	-644812.162	-1073412.044	0.3486
-651162.811	-1092883.23	-652104.411	-1093179.3	13.7001
-791567.2	-1023807.89	-793468.02	-1021853.9	33.6387
-765867.335	-1076221.509	-765814.94	-1076101.44	1.513
-645150.432	-1074275.491	-645050.708	-1074298.705	2.0479
-740354.81	-1066732.65	-740344.53	-1066968.13	2.9384
-640378.25	-1031819.25	-642344.92	-1030653.09	29.1316
-727983.52	-1072141.29	-728001.33	-1072269.86	2.5972
-741046.815	-1048810.985	-741196.784	-1048787.996	3.039
-661988.42	-1039509.63	-661403.04	-1040077.11	10.0195
-770981.026	-975646.851	-770368.74	-975848.84	7.2198
-867018.375	-1013995.532	-867147.162	-1013544.136	9.6987
-815971.38	-1064373.54	-815590.857	-1064630.056	9.2097
-665392.81	-1046161.73	-665473.336	-1046184.516	0.9325
-681215.726	-990968.822	-680409.556	-989585.247	20.832
-824204.364	-1073767.68	-824215.654	-1073699.333	0.7868
-771941.93	-1037507.11	-770954.56	-1034522.777	37.3287
-840193.184	-1031849.07	-840195.47	-1031903.58	0.6116
-671373.9	-1036765.69	-670645.41	-1038343.34	25.0399
-640324.19	-1071316.33	-639891.218	-1071115.129	7.7309
-785062.0	-1058418.22	-783516.82	-1058617.82	18.8489
-730629.17	-1041975.49	-730555.63	-1041606.57	7.5277
-817243.65	-1024194.83	-817424.87	-1024213.2	2.0327
-771087.984	-1050192.956	-770241.279	-1050249.373	18.0863
-756011.86	-980087.45	-755611.131	-980195.085	5.0115
-731953.91	-1056749.85	-732349.208	-1056858.918	8.2168
-813680.81	-1027925.43	-813480.23	-1029791.613	21.917
-866590.83	-1040958.4	-866604.105	-1040990.974	0.4723
-762856.494	-1050845.201	-763105.738	-1050918.699	5.2073
-732619.431	-1016119.27	-730970.659	-1017482.306	24.747
-796789.29	-1057104.37	-798227.54	-1058686.04	27.0659
-808569.944	-991227.261	-808515.85	-991162.91	4.2925
-779991.27	-1060768.32	-781511.97	-1060800.29	17.5235
-705269.645	-1054728.144	-704060.581	-1055618.998	17.4386
-645481.3	-1052903.41	-645494.06	-1052835.43	0.8472
-653715.262	-1078892.329	-652839.2	-1078377.746	11.6131
-682176.13	-1042240.81	-680011.47	-1041710.69	24.8486
-742437.62	-1057025.58	-742447.92	-1057030.3	0.2355
-770186.892	-1039543.124	-770306.11	-1039368.94	2.5877
-718061.147	-1070291.681	-715468.534	-1070056.504	41.7375
-786856.04	-1001095.15	-786012.37	-999649.04	22.398
-674890.948	-1013709.212	-673875.25	-1014053.5	12.1792
-759400.55	-1009589.78	-757914.398	-1010094.6	18.0132
-691533.43	-993770.01	-691422.51	-993829.52	1.4203
-694308.4	-991617.43	-694056.868	-991633.331	2.8053
-887835.846	-1019891.347	-887868.082	-1019945.383	2.4814
-737866.679	-1005571.421	-738037.11	-1005368.743	2.9712
-773026.593	-1055087.224	-773612.564	-1055454.584	13.8325
-731062.81	-1041276.39	-730548.07	-1041502.46	7.807
-854902.93	-1038237.73	-854753.94	-1038523.71	6.7851
-693911.362	-1072521.499	-694089.33	-1072562.65	2.0821
-698057.21	-1068369.48	-697479.08	-1067461.79	11.965
-789491.698	-1064086.379	-789687.46	-1064102.65	1.5111
-668550.57	-1078945.44	-667418.895	-1078112.421	17.4769
-784308.318	-1006952.804	-783086.29	-1007065.1	14.2091
-640898.56	-1041492.96	-640309.724	-1041728.531	12.7511
-646256.609	-1063843.229	-646321.017	-1065809.304	22.3625
-646932.84	-1040943.51	-646889.99	-1040994.64	1.3342
-881522.812	-1014064.165	-881536.443	-1014161.893	1.107
-759767.89	-1042817.03	-761033.05	-1042194.675	15.8528
-678701.39	-989733.15	-677697.483	-990880.701	28.5169
-773044.12	-1058324.22	-773126.11	-1059054.9	15.4026
-649508.86	-1018964.207	-649092.16	-1019581.26	17.1888
-800393.896	-1046174.13	-801280.396	-1045311.331	20.6978
-688722.566	-1058549.16	-688732.223	-1058533.682	0.3952
-717937.101	-978584.615	-720342.2	-975390.91	46.7186
-765065.607	-974746.125	-765090.921	-974748.817	0.2991
-732459.994	-1052408.904	-733583.706	-1053257.457	16.2484
-707604.21	-1003401.36	-707517.7	-1004096.04	14.1032
-700439.49	-1021063.54	-698678.517	-1022574.473	27.0167
-760199.36	-1045401.17	-760190.23	-1045290.85	2.2165
-800495.161	-978110.673	-802084.92	-976761.77	24.1771
-834020.95	-990593.56	-833817.48	-990512.85	4.4103
-655809.629	-1042983.528	-655208.774	-1044304.982	23.1208
-665473.336	-1046184.516	-665395.172	-1046191.379	0.8739
-737128.122	-1057813.029	-734334.88	-1057371.39	22.499
-649508.54	-1081915.849	-651549.386	-1081039.563	29.8587
-851565.631	-1031001.201	-854860.172	-1026873.445	75.9377
-701519.75	-1012381.313	-701519.57	-1012451.9	1.8153
-674909.751	-1073907.919	-675167.148	-1074093.622	3.68
-699093.76	-1035168.08	-698496.31	-1035648.844	8.5209
-726330.742	-988719.655	-728916.517	-986860.571	40.8891
-851078.489	-1018209.76	-849819.671	-1016364.861	29.2675
-767603.85	-1046005.37	-767615.32	-1045923.917	1.8638
-800087.013	-1021806.933	-799641.456	-1019865.034	23.1936
-695512.23	-990571.86	-693587.23	-991321.44	26.3315
-703745.04	-1004196.03	-701332.32	-1004961.69	34.6837
-744268.68	-1027560.53	-744897.887	-1026833.986	21.1888
-729305.28	-1069793.18	-727668.723	-1068945.166	24.3635
-691755.48	-989824.26	-690363.5	-989936.5	16.619
-859614.98	-1012914.35	-864248.86	-1014682.19	38.9474
-716181.54	-1053143.76	-717024.659	-1053704.13	11.2853
-808721.81	-991258.59	-809326.78	-991755.48	15.6597
-701160.682	-1050315.687	-700513.57	-1049666.632	18.4528
-806168.665	-1048980.607	-806860.08	-1048701.62	8.8624
-866462.663	-1041892.823	-864815.75	-1042914.0	23.8979
-774619.24	-1081896.47	-772489.2	-1081807.14	23.6973
-761137.06	-1053405.7	-760968.3	-1053414.23	1.9043
-765950.851	-985926.107	-766173.214	-985751.872	3.8223
-840326.19	-1008863.21	-838390.651	-1009034.884	24.1967
-694827.08	-1052421.2	-694455.13	-1052575.23	8.0867
-783028.45	-1041392.85	-783166.92	-1041604.48	3.0101
-764366.745	-1004081.947	-762732.99	-1003869.0	19.6367
-866869.598	-1018950.646	-867684.29	-1017483.61	20.9673
-756731.393	-987706.568	-756124.753	-984755.3	41.2967
-771612.37	-1023803.49	-770273.005	-1024610.855	17.9514
-694245.25	-1043998.03	-694141.41	-1044339.51	7.1403
-777829.486	-1003324.989	-777659.539	-1002051.994	18.3068
-828432.897	-1025096.197	-828650.137	-1025051.101	2.4653
-698150.83	-1081315.17	-698771.08	-1081531.451	7.4606
-648566.084	-1065178.916	-648119.937	-1065264.0	9.0841
-652463.268	-1080231.127	-653588.193	-1079864.762	14.9203
-824650.02	-990103.79	-820673.12	-989381.2	45.5291
-642538.07	-1037184.04	-642027.43	-1036100.23	23.9616
-663313.095	-1007489.1	-664179.01	-1008798.93	25.0509
-805954.77	-1050242.381	-803940.6	-1052533.188	41.6844
-687394.269	-1004382.516	-687480.32	-1004428.3	1.0831
-653220.938	-1089309.626	-654180.21	-1089468.97	11.694
-700671.615	-1011555.74	-700213.91	-1012677.63	15.1859
-742088.056	-1027627.493	-741289.93	-1026954.677	23.5953
-733530.165	-1061873.5	-734422.781	-1059485.825	29.9475
-826171.662	-1052692.013	-825810.194	-1048982.067	42.9074
-672286.57	-1013430.14	-672280.13	-1014291.26	17.3567
-859143.877	-1042936.492	-857538.356	-1040343.281	35.6313
-814420.08	-988131.19	-814839.921	-988809.402	12.3206
-700407.19	-1022786.15	-700439.49	-1021063.54	20.4554
-766999.39	-1030292.96	-765746.49	-1029031.38	22.0235
-731587.42	-976384.81	-733481.924	-975306.942	24.9559
-864091.237	-1044544.766	-864972.286	-1044654.765	13.3419
-681393.7	-1012890.33	-681443.886	-1016580.791	49.0296
-658280.32	-1017825.24	-658260.77	-1017886.87	0.7185
-644363.219	-1074429.349	-644353.789	-1074449.201	0.452
-722757.1	-1078973.23	-724949.56	-1079714.09	38.796
-663264.53	-1025565.94	-662979.82	-1024072.22	17.6309
-750239.63	-989819.6	-748764.256	-989288.169	18.9527
-647365.34	-1018527.4	-646650.06	-1019270.7	11.5649
-867147.162	-1013544.136	-867547.61	-1013539.782	13.3643
-649004.93	-1028340.18	-648783.95	-1028159.26	3.1755
-765350.228	-974439.336	-765196.794	-974682.32	2.214
-664760.619	-1005645.69	-664871.25	-1006255.21	7.2403
-641666.023	-1068164.226	-641599.391	-1068082.144	1.1748
-760694.235	-976579.692	-760798.366	-976523.528	2.4395
-682349.499	-1071601.107	-681718.699	-1074114.982	43.3063
-676105.99	-1015473.53	-676351.61	-1015305.71	3.4886
-729042.743	-1056568.722	-729539.891	-1057128.264	8.848
-680031.91	-999395.38	-681588.08	-1000094.86	23.3096
-725713.35	-1066651.34	-727132.41	-1066612.92	16.0523
-746310.913	-1054405.049	-746269.1	-1055406.65	20.2031
-772312.553	-1081854.452	-772898.05	-1082491.94	19.9904
-663846.34	-1076975.045	-662271.655	-1077069.689	24.8932
-859274.95	-1010955.36	-861061.81	-1008985.666	36.9619
-687763.22	-1003297.52	-687748.17	-1003345.14	0.5556
-754115.375	-1075575.309	-752443.436	-1076156.027	20.5553
-847821.052	-1049826.281	-848484.179	-1047673.023	27.0019
-881270.899	-1001368.533	-880386.519	-998153.313	40.8817
-658306.13	-1063995.3	-658843.14	-1062367.399	20.5197
-816506.95	-1014116.78	-816811.814	-1014494.023	5.8286
-762732.21	-1038615.428	-766632.26	-1037720.18	30.8752
-844989.76	-994076.91	-845082.797	-994053.104	1.0672
-754159.21	-1045757.76	-754247.98	-1045748.46	1.7851
-697181.498	-1087404.295	-696961.711	-1087392.507	2.5002
-831589.265	-996343.731	-830707.165	-996960.852	13.4636
-859296.61	-1031466.39	-858499.59	-1030226.35	17.4345
-663566.08	-1037782.32	-660445.077	-1038492.609	36.5904
-756345.75	-1076171.42	-756448.302	-1074838.025	15.7373
-730585.623	-1042051.149	-730643.52	-1042110.79	7.1499
-684519.98	-1034864.07	-684442.55	-1035071.69	2.5265
-817229.42	-1070591.25	-817287.37	-1070532.94	0.9665
-809200.05	-983720.888	-810388.016	-982868.027	17.5493
-711342.154	-1053447.008	-709648.23	-1055155.331	31.4611
-750975.981	-1073886.309	-749577.765	-1073879.55	16.4905
-746638.009	-1054351.695	-745951.264	-1053740.124	10.3028
-754578.32	-1033875.92	-753947.112	-1033697.12	7.674
-669508.322	-1044456.713	-669510.703	-1044432.663	0.5523
-887705.176	-1018981.939	-887693.209	-1018971.361	0.1775
-645182.125	-1042740.125	-645183.938	-1042723.0	0.3762
-700939.169	-1010810.479	-700845.442	-1010328.436	3.7784
-840490.431	-1056312.086	-840184.431	-1056729.852	10.5326
-655262.94	-1011065.55	-655219.841	-1011057.936	0.4863
-654976.495	-1070115.663	-654990.782	-1070102.447	0.238
-741585.11	-1042462.899	-741534.32	-1042066.38	8.0111
-782560.4	-996870.19	-782077.75	-996422.43	8.2498
-724592.087	-974878.778	-724274.798	-973246.14	18.48
-640439.987	-1043269.29	-640457.476	-1043228.455	0.8973
-648257.58	-1038522.22	-649442.672	-1038916.292	15.1322
-696834.484	-1074781.516	-697918.251	-1075416.571	14.7139
-736287.503	-989378.611	-736230.98	-988464.838	10.6582
-772848.964	-1031590.826	-772764.25	-1031598.74	0.9664
-681935.961	-1061186.303	-681692.29	-1059999.27	14.0254
-733935.276	-1053561.424	-733935.061	-1053545.826	0.3517
-741788.86	-1047093.87	-741757.33	-1047020.69	2.1301
-646362.235	-1071521.322	-646380.531	-1071538.825	0.7712
-649786.847	-1070020.187	-647612.939	-1070404.522	26.9659
-734924.513	-978114.676	-734124.18	-979885.81	23.4537
-876401.821	-1018512.434	-877339.234	-1015828.577	42.0054
-694782.795	-1076077.692	-694237.635	-1076391.482	7.2551
-640566.277	-1033777.102	-640183.975	-1033551.803	4.9336
-879869.627	-1020640.931	-879585.58	-1020819.82	4.7251
-768683.02	-1017643.4	-768444.371	-1016274.293	15.6928
-644872.92	-1030385.35	-644855.32	-1030334.57	0.5973
-686814.436	-1088817.32	-685851.711	-1089622.672	14.1562
-721746.25	-1079696.64	-722757.1	-1078973.23	19.6797
-774848.379	-1008981.515	-774403.2	-1006979.17	24.2115
-829918.574	-1070530.916	-828839.53	-1072102.6	23.6071
-661656.125	-1025070.62	-659044.87	-1026072.16	32.454
-688742.145	-1058541.222	-688732.547	-1058555.025	0.36
-687699.089	-997235.854	-685867.365	-996829.746	21.8761
-711857.938	-1061987.625	-711983.39	-1063980.96	22.8167
-854856.57	-1011412.45	-854925.579	-1011335.927	2.54
-773603.548	-1016350.258	-774390.93	-1015793.852	10.7447
-709267.717	-1068318.769	-709665.003	-1067962.98	5.9324
-740102.41	-1080931.31	-740470.232	-1080930.537	7.5621
-653444.512	-1071622.173	-653540.239	-1071735.365	1.6709
-751424.034	-1004313.261	-750081.461	-1003938.849	16.2641
-685241.56	-1009201.33	-686096.57	-1010712.31	25.8864
-847167.96	-1070922.91	-847132.19	-1070954.17	0.7089
-757518.776	-989583.235	-758970.228	-988249.682	22.3725
-675086.15	-1054222.99	-672648.861	-1053832.57	27.9874
-779123.07	-989122.53	-777556.591	-991207.669	31.9772
-654697.149	-1037545.137	-649679.88	-1041503.66	81.1822
-864282.1	-1014847.23	-864442.09	-1014849.73	3.2011
-731443.062	-970504.03	-731035.755	-971957.39	34.2278
-744438.125	-1041269.582	-744366.4	-1040022.85	25.1868
-759913.851	-973080.106	-760915.44	-974214.23	17.9398
-673675.724	-1027299.289	-671635.205	-1028230.794	27.634
-755875.499	-1034440.47	-756367.68	-1034367.46	6.5816
-856671.547	-1056578.81	-856461.245	-1058546.125	22.9727
-663449.618	-1063010.571	-665214.42	-1066320.27	44.2078
-680661.217	-1062984.287	-681561.263	-1061778.063	17.7041
-780777.03	-1031469.54	-780224.15	-1030413.4	13.3718
-656946.47	-1021838.67	-656727.03	-1020335.23	19.5466
-722774.5	-1086079.5	-722106.46	-1087702.35	21.366
-778075.03	-979356.371	-776088.61	-978656.5	37.2111
-748439.313	-1025122.257	-748452.384	-1025120.881	0.282
-686035.449	-1086673.004	-686491.08	-1087690.05	13.1004
-732726.814	-1084027.306	-732422.28	-1084313.689	4.7913
-800877.604	-1076633.122	-801452.53	-1076304.46	14.4523
-850620.762	-1036813.505	-854511.14	-1037818.87	47.9341
-751583.2	-1027700.11	-750462.95	-1027278.04	29.2283
-770489.81	-1000173.05	-771474.379	-1001227.935	17.0034
-852251.87	-1010228.49	-852196.714	-1010420.746	4.6244
-649315.954	-1060816.827	-649316.891	-1061705.052	18.3196
-683941.278	-995272.125	-683963.034	-995271.046	0.4357
-732551.005	-1019593.952	-731613.902	-1021278.732	21.4971
-648080.19	-1047698.91	-646786.441	-1046280.427	14.8442
-734556.24	-1065456.473	-734336.53	-1066592.6	15.757
-736631.28	-985374.91	-736684.973	-985093.694	3.307
-825930.867	-1025606.763	-826558.4	-1025562.106	4.8475
-799422.03	-1018359.27	-800071.814	-1017257.071	14.8593
-775553.045	-1033605.881	-775431.892	-1032659.27	10.6403
-746280.4	-1034524.79	-747409.95	-1034670.67	22.948
-698678.517	-1022574.473	-697475.25	-1022769.4	13.8787
-762913.58	-1060092.25	-764591.72	-1060064.19	19.1012
-777169.55	-1026711.9	-778073.878	-1024982.951	26.5483
-853489.03	-1040574.85	-854300.61	-1040188.13	10.216
-817346.88	-1070461.227	-816882.103	-1069528.576	11.916
-721765.39	-1072001.18	-721102.6	-1072331.29	8.521
-679164.725	-1024308.852	-679181.045	-1024007.542	6.0562
-670075.92	-1024746.12	-672429.127	-1024177.313	33.881
-764716.53	-1060653.17	-765106.286	-1060529.073	8.253
-822804.131	-1068212.539	-821804.609	-1066679.277	37.0262
-787651.31	-989675.49	-787163.7	-989120.96	15.8545
-807951.231	-1072505.626	-807938.866	-1072495.803	0.3414
-704175.774	-1004746.363	-704091.21	-1004679.2	1.227
-795766.35	-1003959.98	-795656.41	-1004109.75	2.1434
-704367.28	-1004604.22	-704175.774	-1004746.363	2.6685
-686461.341	-1063475.722	-686757.612	-1063015.078	6.345
-696167.44	-1054213.12	-694827.08	-1052421.2	24.987
-793153.111	-983230.444	-792265.291	-984819.119	20.2428
-750699.51	-1059660.66	-751385.125	-1060360.375	20.8122
-823431.822	-1046861.01	-823054.383	-1047606.95	10.505
-796572.45	-1009553.07	-796592.857	-1009438.693	1.291
-669471.047	-1013784.39	-669458.876	-1013775.064	0.3422
-781397.95	-995265.53	-781300.55	-995123.38	1.9146
-759803.72	-1011182.22	-759401.46	-1010266.64	11.1702
-675167.148	-1074093.622	-676234.284	-1075886.608	24.0611
-651945.4	-1078839.629	-652004.862	-1078833.61	0.6641
-792398.72	-978527.25	-794155.71	-978814.24	37.183
-654803.713	-1030631.429	-654626.586	-1030590.14	2.1629
-679112.792	-1023693.859	-679069.798	-1023497.251	4.1999
-877326.558	-1024920.661	-877281.783	-1023219.796	25.0954
-654962.858	-1035433.944	-655924.49	-1033728.83	22.5721
-681114.349	-1082188.818	-684146.999	-1080120.62	48.0041
-678978.25	-1073020.88	-678393.98	-1074104.77	14.8397
-704824.513	-1057697.425	-707724.571	-1058643.109	36.7025
-749777.772	-1043408.442	-748398.11	-1043188.53	28.2608
-714027.24	-1005063.45	-715004.37	-1003747.86	18.9339
-733626.52	-1042062.24	-734745.125	-1042155.188	22.686
-758289.66	-1037634.71	-761571.97	-1037412.88	37.3451
-798767.887	-1067314.515	-799716.584	-1069154.146	23.4708
-737762.72	-1046569.09	-738224.31	-1046716.3	9.8133
-653664.313	-1055811.375	-653646.188	-1055821.75	0.4693
-800013.98	-1055415.21	-800880.408	-1054551.349	17.021
-658407.59	-1015441.63	-658280.32	-1017825.24	31.4016
-814616.84	-977853.587	-814202.35	-978549.136	9.212
-756261.917	-1021338.145	-755466.457	-1021017.746	9.9715
-780671.08	-973834.67	-778935.19	-972928.14	26.443
-686631.93	-1059677.05	-686529.58	-1059643.5	1.2205
-780690.837	-1009425.779	-781072.968	-1009265.796	3.191
-764949.17	-1011425.65	-764688.91	-1010131.04	18.1448
-770028.61	-1016007.78	-769874.09	-1015908.58	3.7588
-644600.75	-1041860.375	-643935.977	-1040626.868	15.6549
-806962.59	-989767.32	-806921.609	-989798.425	1.4423
-786314.85	-1063861.96	-786455.105	-1064322.263	5.4347
-685712.89	-1068641.545	-685318.93	-1069051.32	6.4194
-756225.859	-1053549.114	-757583.917	-1052823.372	18.3438
-774774.294	-996211.913	-774412.19	-996205.84	7.2939
-725335.37	-1028213.23	-724411.356	-1029278.365	15.7807
-763334.63	-1040409.66	-763676.81	-1040275.56	7.5813
-773631.891	-1055891.607	-773549.494	-1055894.737	1.6653
-739755.26	-1030281.81	-739485.75	-1029242.48	34.2631
-664350.516	-1031558.539	-665898.745	-1032132.011	20.093
-691545.33	-1060270.24	-690768.7	-1059262.202	14.1391
-754787.94	-1042029.07	-755725.81	-1041750.45	20.6285
-790045.962	-1008333.498	-788049.75	-1006847.45	35.5017
-755561.139	-1048762.837	-753427.9	-1049000.73	26.48
-783901.73	-988367.12	-783886.97	-988418.09	0.6264
-823878.304	-1066514.863	-823944.91	-1066493.496	1.6032
-652582.161	-1064374.38	-652591.71	-1064360.351	0.3765
-711597.156	-1048385.964	-710578.734	-1048053.536	21.8996
-746130.65	-999990.9	-745540.524	-1000588.297	9.6932
-697196.144	-1038949.392	-697195.262	-1038979.307	0.7429
-689412.387	-1087492.913	-689965.324	-1088969.229	20.832
-768005.2	-1028115.04	-765903.621	-1026097.409	32.8397
-711847.499	-1040364.743	-710708.604	-1038545.761	24.1998
-655546.801	-1084139.926	-652831.073	-1086445.285	43.4358
-725151.135	-1065325.721	-724881.914	-1065404.299	5.7475
-681393.7	-1012890.33	-681159.99	-1013190.94	4.6625
-683200.4	-1012392.12	-684786.33	-1015128.74	42.4028
-750162.817	-1005349.323	-749538.31	-1004515.68	20.9072
-847974.88	-1040961.91	-846651.96	-1041338.72	16.8377
-748757.994	-1014323.258	-749402.86	-1012697.61	19.455
-807573.92	-1026105.01	-811609.18	-1024678.44	53.2873
-806265.291	-1006396.704	-807132.5	-1007093.48	12.3851
-748922.553	-1064209.42	-752258.777	-1068963.017	69.1974
-642283.77	-1055533.05	-640681.278	-1054853.099	20.0267
-753117.8	-1020971.36	-752939.55	-1021062.22	3.0276
-648846.44	-1057921.15	-647716.73	-1054208.63	36.4184
-754294.301	-1046395.686	-754233.047	-1046633.889	5.0042
-697633.81	-1063728.76	-696412.493	-1063921.756	13.8699
-685901.05	-1019332.07	-685794.23	-1019181.53	2.051
-772671.65	-1017061.6	-773603.548	-1016350.258	13.0394
-706035.183	-1064141.522	-705153.44	-1065116.36	16.038
-722098.15	-993211.14	-719811.36	-993031.51	26.2295
-859734.14	-1012932.79	-859427.42	-1012915.85	6.1439
-703462.71	-1043125.21	-703440.6	-1044823.18	42.6026
-700502.25	-1049339.19	-703193.08	-1047787.47	34.8022
-641431.4	-1041477.92	-640898.56	-1041492.96	10.7513
-683372.708	-1070340.875	-683965.035	-1071510.03	14.9581
-739377.625	-1033703.063	-740022.484	-1032690.58	14.4341
-769681.56	-980106.11	-770029.944	-979827.303	5.0138
-696319.73	-1000896.59	-692383.73	-998440.59	35.8506
-740565.003	-1075583.468	-740731.098	-1076827.058	15.9001
-717780.376	-980064.821	-717801.722	-979961.24	2.1498
-740728.766	-1032572.313	-742803.47	-1032645.08	25.2424
-754937.18	-975076.31	-755003.782	-975027.435	1.6883
-799844.276	-1011794.855	-799117.246	-1012274.415	11.3542
-668127.32	-1007452.69	-668422.09	-1005060.78	30.9706
-798710.683	-1005533.253	-795656.41	-1004109.75	38.0742
-694611.91	-1062657.07	-694468.471	-1062559.232	1.9292
-754845.73	-1063381.37	-754811.591	-1063320.883	1.4145
-876185.879	-1021345.18	-876194.256	-1021323.626	0.2894
-762049.51	-1026217.24	-762162.709	-1026211.738	2.2678
-740037.024	-1032679.043	-740728.766	-1032572.313	7.8228
-872762.508	-995169.136	-872090.564	-991735.472	42.1325
-669366.41	-1063884.53	-666672.44	-1064648.55	31.3859
-773862.08	-982143.2	-773180.24	-982370.02	8.312
-745272.24	-1081404.02	-745476.507	-1081316.924	2.4724
-827430.283	-1067909.972	-827414.04	-1067905.869	0.371
-839929.261	-1048122.673	-836603.408	-1051931.422	56.5342
-662710.47	-1064560.79	-663227.05	-1065826.86	16.4966
-807299.173	-1072508.732	-807290.045	-1072485.448	0.6979
-787566.74	-1006937.87	-787709.5	-1006785.75	2.3204
-661522.78	-1043425.9	-661494.437	-1043198.104	2.6382
-650216.23	-1026314.9	-650411.51	-1026049.54	3.8055
-727371.092	-1055082.893	-727355.342	-1055096.643	0.4407
-702113.22	-1043229.82	-702127.568	-1043243.394	0.4236
-672247.067	-1089901.6	-673073.732	-1090434.747	11.1748
-660054.538	-1076258.042	-659981.157	-1076134.679	2.9074
-790784.875	-1005217.062	-790798.577	-1005026.94	2.1181
-693410.063	-1025499.188	-693463.932	-1026383.908	10.4151
-741039.44	-1041681.01	-741322.22	-1041999.96	8.8938
-825528.77	-1025668.121	-820159.666	-1026203.015	42.4008
-674826.215	-1092413.034	-674920.11	-1092527.843	1.6559
-815342.16	-1071045.65	-815242.161	-1070957.669	3.3862
-699040.425	-1004400.43	-698737.223	-1004659.148	4.4336
-658795.39	-1011722.96	-658900.48	-1012054.78	3.9417
-715594.97	-1078158.25	-715157.975	-1080069.009	22.2988
-751597.63	-1041115.54	-751636.521	-1041297.117	3.7143
-682293.429	-1035791.976	-683890.59	-1036417.26	23.9914
-711983.39	-1063980.96	-711784.0	-1064749.93	9.0227
-823879.001	-1066547.6	-823878.304	-1066514.863	0.6714
-751995.4	-1034166.44	-751575.41	-1034443.519	5.6502
-784622.64	-1025930.58	-784289.56	-1025579.42	12.6501
-740467.752	-1063760.859	-740469.115	-1063777.416	0.3535
-727729.53	-994278.84	-728346.01	-993979.719	14.1089
-748267.22	-1058020.13	-748206.389	-1057935.111	1.2453
-764086.605	-977019.472	-764075.567	-977066.577	1.0796
-787676.69	-1068629.84	-788952.78	-1072079.93	42.1628
-711845.47	-1040741.69	-711847.499	-1040364.743	4.2797
-828147.172	-1034491.817	-828066.378	-1034119.544	4.2785
-675509.289	-1054207.776	-675086.15	-1054222.99	8.493
-721740.02	-1083953.92	-721620.81	-1084025.82	1.5468
-778315.6	-1058863.87	-778137.77	-1058760.2	1.5834
-766350.084	-995474.104	-766078.87	-995475.49	3.0368
-765780.46	-1025889.75	-766544.821	-1023277.347	31.2194
-799530.056	-1001960.022	-800604.538	-1003260.473	25.8111
-823855.72	-1069646.52	-824094.906	-1069738.914	5.1323
-692500.234	-1046056.225	-692580.496	-1046095.138	1.0293
-810964.063	-1057350.887	-813336.573	-1055487.559	34.5449
-776446.43	-976006.71	-776434.877	-977166.515	25.449
-777982.972	-1024849.3	-777928.09	-1024717.17	3.3277
-797063.54	-980056.2	-797337.54	-979437.12	7.575
-692059.289	-1043683.795	-689389.55	-1041615.82	38.6379
-770330.57	-1029140.02	-768447.69	-1028149.04	23.784
-817241.266	-1019931.56	-814942.43	-1022106.92	35.956
-646300.86	-1046567.36	-644849.066	-1047152.556	20.8242
-808139.24	-1000748.08	-808575.344	-1000665.039	4.9327
-723713.141	-1035582.541	-723680.889	-1036185.247	6.7192
-728209.958	-1022949.572	-730701.736	-1024118.019	33.4115
-692414.164	-1070981.013	-691963.5	-1070968.111	5.0274
-790785.313	-1005010.651	-790815.001	-1005014.454	0.5342
-734559.509	-1029374.867	-733956.16	-1028843.1	9.4066
-878319.919	-1027277.494	-879860.945	-1024818.193	33.0282
-866570.558	-1040967.68	-866590.83	-1040958.4	0.262
-787374.96	-1062889.98	-787445.176	-1062920.408	1.5305
-883936.157	-1021566.292	-884366.997	-1021690.341	5.4117
-887831.657	-1019223.541	-887873.551	-1019022.036	2.7291
-761179.81	-994753.86	-761263.61	-994584.576	1.453
-867827.291	-1017310.473	-867825.597	-1017288.354	0.4887
-685318.93	-1069051.32	-684936.41	-1068925.74	4.4841
-770659.27	-1011468.3	-770124.43	-1011939.43	8.0683
-730095.279	-1055932.911	-728602.923	-1056061.229	17.2106
-796789.29	-1057104.37	-797022.73	-1056600.4	6.4415
-716319.893	-1056857.227	-714655.015	-1056038.843	23.9964
-685133.178	-993721.288	-684840.14	-993780.57	6.0059
-716574.81	-1028251.62	-711170.12	-1025870.9	45.9644
-710920.578	-1035454.223	-710240.621	-1036353.305	22.61
-653828.341	-1023515.8	-653812.476	-1023484.643	0.7714
-695452.509	-1075684.577	-694782.795	-1076077.692	8.9789
-824650.02	-990103.79	-821635.354	-990593.979	48.3691
-694805.3	-995371.38	-696422.04	-996113.99	20.8743
-825934.937	-1025464.152	-825938.281	-1025490.443	0.4476
-866590.83	-1040958.4	-866877.057	-1038926.835	41.0675
-651734.767	-1081204.567	-651289.106	-1082357.524	15.5427
-731367.55	-1022331.55	-730701.736	-1024118.019	21.4455
-766295.11	-1043629.66	-766220.87	-1042900.42	9.6793
-704891.302	-1081539.256	-703758.381	-1079749.097	28.9165
-783961.55	-1053084.29	-784730.27	-1053910.04	22.69
-685921.25	-993492.0	-686041.36	-993242.57	6.262
-681168.472	-1029384.679	-682692.846	-1028346.69	21.2117
-647883.61	-1059352.33	-647806.841	-1060485.976	22.771
-674365.546	-1057198.808	-674341.718	-1057174.539	0.3786
-815421.1	-1032960.99	-815676.12	-1031636.57	15.8374
-779191.24	-1014972.48	-779957.29	-1013277.41	22.0063
-724831.883	-1065115.588	-724973.922	-1064515.522	14.462
-794217.912	-1010748.602	-791097.96	-1010612.87	35.123
-678344.066	-1069057.355	-678275.815	-1069146.017	1.2606
-794481.072	-1003988.877	-794505.491	-1003988.539	0.3001
-754478.53	-1063405.59	-754368.65	-1063473.26	3.4562
-770201.52	-1018458.77	-770259.89	-1018648.16	2.2039
-816146.27	-1064197.64	-816263.175	-1064382.149	4.5113
-730473.09	-1057922.22	-731080.52	-1056883.61	9.256
-784732.25	-1013582.64	-785863.25	-1013207.41	13.6224
-673383.37	-1012036.57	-673314.3	-1012103.57	1.9247
-741466.708	-1058907.94	-741472.762	-1058921.539	0.3462
-743809.013	-1038461.768	-746536.61	-1036540.22	38.9641
-842568.76	-992116.35	-842542.325	-992122.825	0.3351
-824507.7	-1076400.89	-824368.01	-1076678.07	4.0438
-664350.516	-1031558.539	-664839.942	-1030463.206	13.5583
-806729.222	-1027010.489	-807838.519	-1027990.408	18.9895
-704166.528	-1008995.424	-703306.824	-1009040.946	17.2342
-751335.31	-1060211.99	-751262.25	-1060150.06	1.9537
-756734.07	-1035038.43	-758956.4	-1035015.73	25.8517
-662364.104	-1027433.998	-662122.61	-1026540.04	10.3407
-673341.23	-1017237.57	-673060.629	-1016547.86	8.3788
-755091.9	-973220.77	-756458.593	-974627.332	28.3016
-753963.84	-971700.12	-755562.866	-970576.235	22.9174
-848807.265	-1010205.507	-848950.995	-1010127.127	3.2745
-744525.976	-985518.231	-744414.405	-984314.431	14.3253
-717553.41	-1023644.14	-716310.31	-1022614.45	19.4907
-810697.322	-1060921.874	-806535.56	-1061593.257	64.8701
-858289.002	-999646.275	-860818.36	-1003349.69	63.3196
-765863.91	-983645.747	-764243.32	-984430.27	14.0564
-682236.742	-1091181.041	-683345.123	-1091882.606	19.0185
-725279.685	-978455.469	-725329.222	-978326.922	2.7783
-684424.781	-1065700.399	-684409.04	-1065821.75	2.4672
-808145.48	-991727.01	-808223.01	-991554.91	4.1326
-790769.08	-1005236.152	-790784.875	-1005217.062	0.3231
-730452.94	-1043164.54	-730570.9	-1042956.27	2.6888
-672392.3	-1065459.41	-671926.45	-1066273.52	11.435
-783166.92	-1041604.48	-784808.85	-1041929.78	19.7821
-725605.77	-1048990.89	-725622.34	-1048876.6	2.3558
-781180.42	-1031701.87	-780539.67	-1031900.51	13.8275
-794034.2	-999569.77	-796617.37	-1002849.98	56.3169
-741456.828	-1058912.339	-741466.708	-1058907.94	0.2308
-739793.524	-1062973.819	-740467.752	-1063760.859	23.371
-644781.85	-1019489.29	-643453.965	-1020103.131	16.9726
-674891.2	-1005857.53	-674924.1	-1006230.06	8.6896
-684613.46	-993964.07	-684564.84	-994047.521	1.935
-782611.28	-1001090.23	-782549.33	-1000589.99	5.6009
-842488.834	-1036834.753	-841650.69	-1038035.14	16.2672
-652693.444	-1028466.555	-652893.41	-1026318.93	28.5916
-803282.683	-1012488.552	-803671.697	-1011987.269	7.2958
-684442.55	-1035071.69	-684305.309	-1035339.364	3.4295
-737685.69	-1039179.09	-737510.46	-1039031.0	4.5886
-678247.19	-995262.6	-678265.186	-995168.713	1.0724
-729298.04	-1084653.56	-729227.91	-1084557.39	1.3861
-773921.32	-996305.2	-772512.536	-996030.911	16.3495
-807591.864	-1048105.356	-808531.881	-1048741.992	13.227
-758440.286	-1032985.845	-758073.07	-1032937.02	7.4212
-863328.538	-1047075.128	-865933.64	-1046371.91	31.3108
-762524.04	-1062470.43	-762853.52	-1061995.16	6.9349
-858746.6	-1009335.38	-858733.91	-1009309.47	1.1501
-727648.121	-1080709.565	-725980.5	-1083703.27	41.7224
-713218.389	-1049521.645	-714899.37	-1050012.82	19.6728
-756570.584	-990579.448	-756545.25	-990581.42	0.5968
-728001.33	-1072269.86	-727943.789	-1072192.206	1.9717
-853619.73	-1041936.38	-852632.716	-1042017.148	11.0353
-725721.914	-1069587.758	-725612.025	-1069674.855	1.559
-722238.804	-1041749.558	-722191.33	-1041984.3	4.7918
-746935.15	-1017088.725	-749132.46	-1012149.8	42.5496
-756367.68	-1034367.46	-756555.36	-1034379.13	2.09
-803608.21	-1077857.96	-803529.555	-1076977.362	23.0494
-676514.22	-1056253.98	-675688.767	-1054501.648	22.4416
-716828.42	-1028430.58	-716780.121	-1028419.632	0.5665
-758836.53	-1033845.27	-760606.221	-1034962.461	23.4661
-730433.77	-1043884.81	-730477.06	-1043448.93	3.3717
-711055.301	-1025126.549	-711054.399	-1025067.317	1.3447
-679021.72	-1023490.794	-679242.718	-1019204.26	50.1121
-666295.02	-1041249.02	-664716.84	-1041425.61	19.022
-647869.94	-1054301.764	-648070.028	-1054469.218	2.9297
-826755.049	-1070898.934	-828544.984	-1071974.834	23.4779
-669313.43	-1014057.66	-669115.19	-1014089.95	4.0253
-675164.0	-992953.53	-674878.64	-996275.35	62.3556
-756982.34	-1032183.619	-757016.2	-1032067.97	2.4101
-774412.19	-996205.84	-773921.32	-996305.2	10.0577
-712270.797	-1048925.539	-712807.668	-1049340.283	13.6957
-774185.228	-1032849.771	-774178.584	-1032863.322	0.3213
-760651.171	-1053384.15	-759076.96	-1053893.65	19.056
-845746.3	-1007961.96	-845567.78	-1007928.33	2.0424
-830648.017	-1024637.152	-831841.063	-1024543.551	13.375
-769380.29	-972521.91	-768742.989	-972186.687	8.0081
-757518.776	-989583.235	-757786.655	-988530.705	13.1544
-853839.06	-1024392.81	-854376.18	-1025217.55	11.9895
-748604.8	-1003219.44	-746130.65	-999990.9	48.9389
-669597.07	-1002026.89	-669164.547	-1002715.107	16.3608
-678090.67	-994050.34	-678016.52	-992385.78	19.2472
-718403.15	-1049828.81	-719048.93	-1050490.37	18.6058
-790815.001	-1005014.454	-791957.075	-1004787.086	13.2234
-730585.623	-1042051.149	-725420.66	-1041660.07	57.868
-727177.87	-1031218.1	-727095.671	-1031375.294	1.9731
-697370.174	-1000296.322	-697437.04	-999782.5	12.1809
-773146.15	-978644.96	-773554.847	-978844.404	9.1608
-659849.537	-1068544.077	-660661.6	-1069779.97	17.4611
-756952.07	-1032323.67	-756917.591	-1032428.333	0.8477
-712258.79	-1048727.42	-714659.241	-1048748.234	27.9561
-736077.828	-1009641.7	-737033.73	-1010214.122	28.4084
-645093.092	-1076178.564	-645584.93	-1076519.18	6.7207
-722226.76	-1072826.32	-721765.39	-1072001.18	10.918
-758959.408	-996318.164	-757415.611	-994125.242	30.688
-819878.633	-1026225.081	-819782.143	-1026288.38	2.4333
-741438.097	-984864.973	-740670.36	-985860.8	14.3487
-648052.94	-1054485.999	-648070.028	-1054469.218	0.479
-681391.128	-1033570.804	-681459.617	-1034108.067	7.0187
-734699.83	-1045946.208	-734574.82	-1045751.64	5.1522
-730464.91	-1043698.48	-730736.98	-1045388.49	13.3023
-664327.03	-1047880.92	-663643.54	-1047828.42	5.2988
-856671.547	-1056578.81	-858595.02	-1055299.8	25.7371
-864299.585	-1043361.079	-864301.648	-1043408.757	0.5404
-726880.78	-1049460.86	-725971.83	-1049155.86	10.682
-741616.98	-1043059.21	-741581.782	-1042671.899	7.7844
-767905.56	-1059790.08	-769974.29	-1058239.67	29.9725
-773661.384	-1019334.181	-772385.81	-1018391.77	18.2123
-659358.945	-1030264.62	-657536.88	-1031376.23	24.0886
-647752.667	-1082966.945	-646849.159	-1084496.077	20.424
-697605.124	-1088095.737	-697519.84	-1088124.39	1.0002
-687324.26	-1004263.0	-687394.269	-1004382.516	1.5917
-670302.753	-1047033.774	-670733.3	-1045837.43	14.2389
-744515.11	-1048334.02	-744067.25	-1049103.77	21.0933
-694611.91	-1062657.07	-694877.07	-1064101.78	20.0123
-676726.07	-1006264.05	-675234.35	-1007214.66	19.974
-649353.23	-1072219.672	-649162.702	-1072381.248	2.9099
-795102.787	-1028956.598	-795034.18	-1026868.87	23.2599
-804793.658	-1019770.362	-805933.271	-1023474.187	48.4497
-689375.05	-998992.22	-688715.174	-998245.553	11.0897
-729880.485	-980588.693	-731116.63	-981112.06	15.8647
-728821.246	-1077875.478	-728612.038	-1078621.824	16.6176
-684393.618	-994662.914	-684373.94	-994673.519	0.5045
-672313.263	-1012618.788	-671574.495	-1012976.737	18.2997
-652047.5	-1023327.26	-650405.97	-1022066.09	28.9903
-729942.52	-1083605.87	-729935.223	-1083577.678	0.5893
-643588.187	-1083031.45	-643243.894	-1082911.687	4.1003
-723686.422	-987174.238	-723719.755	-987123.519	1.2138
-691216.627	-1081881.763	-690676.192	-1082340.194	7.952
-712664.34	-1078996.14	-708202.91	-1085272.06	61.6773
-742545.072	-1015029.101	-741881.759	-1014936.346	7.4859
-646734.244	-1068620.938	-646669.286	-1068695.164	1.1528
-709276.209	-1059920.284	-709840.532	-1059128.884	11.7922
-760986.04	-1026533.61	-762422.17	-1027892.26	23.8986
-696930.45	-1054809.26	-696891.54	-1055061.82	3.1973
-773306.16	-1076127.14	-773947.18	-1077064.38	23.6386
-797859.59	-1000584.11	-798447.91	-999886.06	10.3648
-804402.802	-1069236.047	-802663.404	-1071055.267	29.0263
-751132.379	-983338.102	-751081.699	-983234.876	1.3593
-828059.577	-997223.52	-824913.522	-997340.039	36.0088
-770572.788	-1067179.634	-770611.794	-1066935.832	2.7521
-788893.92	-1033754.56	-788332.392	-1032922.155	13.14
-763472.347	-1022342.542	-763384.83	-1022384.29	1.1201
-758826.12	-1005172.76	-758737.32	-1005167.35	1.7868
-689202.67	-993214.61	-687422.664	-993904.781	21.5182
-876134.38	-1021131.71	-876455.253	-1021280.48	3.9585
-762339.98	-1051545.548	-760675.221	-1052259.156	25.589
-829758.922	-1053034.519	-829560.729	-1055503.286	32.3456
-847511.823	-1052531.185	-848715.44	-1050724.55	31.5147
-712270.797	-1048925.539	-712680.04	-1051246.1	28.4143
-721975.74	-1041876.18	-722148.55	-1041869.95	3.4585
-757389.967	-1047968.234	-757868.27	-1048074.85	9.8254
-756527.4	-1068275.05	-756662.9	-1065875.93	33.6791
-756555.36	-1034379.13	-756553.69	-1034846.22	5.2103
-752028.65	-1007752.13	-752021.69	-1007728.89	0.3143
-714820.38	-1007312.86	-715081.37	-1007332.61	3.4776
-645200.794	-1049985.649	-645348.96	-1052271.34	20.9733
-641425.24	-1041454.88	-641469.563	-1041469.75	0.9511
-769529.73	-980208.64	-769396.62	-980211.07	1.4811
-740024.072	-1032667.759	-740037.024	-1032679.043	0.2134
-804735.243	-1026440.667	-806104.28	-1026783.59	16.0296
-736957.143	-973227.07	-738259.6	-972740.61	24.8641
-653588.193	-1079864.762	-654041.209	-1081129.494	21.5712
-770611.794	-1066935.832	-770734.458	-1066240.568	8.1416
-692598.754	-1080646.661	-692591.102	-1080615.148	0.6487
-689565.56	-1046565.28	-689787.748	-1046554.727	1.7111
-678925.5	-1039515.25	-679257.94	-1038219.08	15.1212
-837490.184	-1064292.459	-838402.846	-1065280.683	15.4394
-735161.18	-1040923.29	-735076.04	-1040992.76	1.221
-651145.068	-1076608.201	-652026.81	-1076336.44	11.115
-640431.28	-1026551.76	-639780.718	-1026355.101	9.2425
-753975.13	-1045790.96	-753562.08	-1045802.37	3.1833
-698401.21	-1004629.35	-698458.8	-1004746.19	1.5341
-686757.612	-1063015.078	-686738.011	-1062853.464	1.8923
-668898.705	-1022840.572	-670413.35	-1020801.35	31.0373
-712807.668	-1049340.283	-712882.343	-1049711.431	7.8503
-693921.379	-1074516.569	-694916.365	-1073152.797	19.8328
-741046.815	-1048810.985	-741063.502	-1048724.768	2.127
-752443.436	-1076156.027	-750593.342	-1076454.824	21.7984
-738154.158	-1062918.564	-735851.303	-1064178.222	37.5303
-812883.77	-1012420.54	-812873.32	-1012034.53	4.2907
-732840.55	-1019601.95	-733915.5	-1019343.063	14.1856
-806738.412	-1068728.082	-808771.898	-1069374.469	24.7361
-734764.112	-1045640.265	-734766.043	-1043710.238	39.6937
-825336.372	-1064370.67	-826617.415	-1064975.428	39.3363
-761892.92	-972790.19	-761882.31	-972778.63	0.3559
-713677.27	-1008804.24	-712793.96	-1009995.02	21.8921
-824335.17	-1076643.87	-823930.32	-1076414.79	5.3696
-683163.78	-1018221.69	-685366.11	-1014977.7	45.6538
-823979.73	-1021365.602	-823938.6	-1021455.54	1.1005
-824111.37	-1071479.55	-824242.78	-1071919.35	9.4003
-771129.77	-1013837.5	-775409.33	-1012503.54	51.9338
-663693.88	-1014805.29	-662744.92	-1014180.03	23.9047
-780793.557	-989314.909	-779200.26	-990148.94	20.6024
-758157.58	-1033374.13	-758097.64	-1033403.64	1.3367
-648741.2	-1030486.44	-649468.97	-1031387.77	12.8936
-645952.536	-1042994.418	-645989.413	-1043086.399	2.0645
-738706.48	-1049145.221	-738730.478	-1049064.169	1.703
-647953.556	-1063944.924	-647971.86	-1063967.988	0.7112
-732075.87	-1005296.73	-731469.808	-1006230.185	16.1749
-744817.388	-1031217.957	-745130.41	-1030301.18	21.7271
-639794.232	-1031829.053	-640310.55	-1031771.38	7.0887
-781754.44	-1063223.71	-781179.2	-1062387.13	20.4623
-859405.76	-1012005.62	-859419.45	-1012013.5	0.3378
-831257.801	-1066428.576	-830984.252	-1065332.792	13.2436
-737492.29	-1046651.8	-737336.209	-1046745.719	3.7565
-713269.49	-1028283.25	-713290.45	-1029306.03	12.5302
-701202.59	-1012387.6	-701391.16	-1012222.38	2.988
-776241.58	-1030084.29	-772848.17	-1031515.65	28.9562
-762049.51	-1026217.24	-762111.172	-1026167.991	1.6393
-755096.69	-1017217.62	-755041.005	-1016854.325	7.351
-845192.436	-1044716.941	-843305.65	-1042644.378	33.7463
-690427.58	-1056053.09	-690263.36	-1056070.48	1.8349
-802717.786	-1056064.686	-801209.974	-1056833.204	19.8346
-748223.85	-988263.016	-749047.29	-987905.98	10.2781
-876959.91	-1015765.98	-875221.39	-1015757.36	20.2369
-757885.401	-991724.861	-757882.5	-991091.75	7.2622
-844537.935	-1058693.552	-845737.637	-1059391.351	17.7171
-799432.633	-1001702.665	-799458.422	-1001714.616	0.3503
-693922.137	-1084612.263	-693617.036	-1085212.682	9.5215
-789054.08	-1013997.06	-792004.99	-1012400.74	39.1596
-696701.07	-994294.03	-696636.6	-994249.17	0.873
-699459.57	-1038695.07	-697829.1	-1037717.32	24.3627
-764891.389	-975526.452	-765059.6	-974782.79	8.5695
-689519.15	-1046326.769	-688718.603	-1043774.139	30.2552
-835231.406	-1039871.309	-833713.936	-1039020.694	21.2078
-728805.03	-1039018.55	-728843.855	-1039330.22	6.3211
-757373.21	-1040388.77	-757596.625	-1040210.5	5.832
-752279.89	-1043061.71	-752335.49	-1043007.45	1.5543
-820396.702	-1012136.434	-819918.122	-1008593.736	46.1841
-787761.3	-1006940.55	-787739.253	-1006851.018	1.0265
-844142.467	-1066285.323	-846047.345	-1066714.436	21.9908
-762038.22	-973337.892	-762740.32	-973602.78	15.7723
-677505.54	-1057711.0	-677387.567	-1057538.417	5.0277
-706685.6	-1037092.63	-706759.61	-1036013.73	12.641
-680779.96	-1046931.63	-680447.44	-1045990.77	12.6762
-796303.62	-1037484.85	-795739.55	-1037356.85	6.7164
-664687.413	-1089591.815	-665793.867	-1091448.356	26.1915
-667943.849	-1059113.16	-666384.15	-1058993.096	17.4942
-767684.069	-1045925.507	-767759.019	-1045524.815	8.4572
-767063.123	-980589.59	-767069.968	-980582.558	0.109
-741692.335	-1033085.037	-739381.44	-1034615.21	34.4487
-651407.68	-1046722.97	-651145.588	-1045325.774	15.8792
-759256.31	-1047754.756	-759284.026	-1047928.139	3.7713
-774178.584	-1032863.322	-774158.39	-1032853.55	0.527
-825231.354	-998609.884	-827140.58	-1001144.76	47.0013
-740785.3	-970692.25	-742207.66	-971373.38	21.5225
-769598.02	-1020036.67	-767938.33	-1019675.92	19.9803
-766483.586	-982856.956	-767159.847	-981022.984	15.4907
-720785.16	-1016735.96	-720032.57	-1016718.64	8.3646
-757404.5	-1048501.98	-757549.968	-1049067.836	11.9192
-747983.512	-984649.72	-748228.245	-984805.298	3.2523
-642228.31	-1028441.14	-642344.92	-1030653.09	26.6964
-641536.53	-1036240.3	-641656.13	-1036998.19	15.8027
-802394.538	-986811.308	-802665.56	-986793.53	3.0186
-713721.63	-1023784.7	-713662.754	-1023813.781	0.7296
-774654.557	-988981.697	-773753.99	-990806.97	24.3986
-767289.523	-1030419.662	-765373.3	-1031314.94	30.2403
-731110.039	-1075403.317	-730634.055	-1076690.313	15.5607
-764436.4	-977167.332	-764348.989	-977294.751	3.285
-800161.702	-1023518.787	-800168.47	-1023525.4	0.1106
-827131.62	-1039311.71	-826273.015	-1039690.663	10.9093
-759160.487	-993225.74	-758683.014	-992295.674	11.9638
-734107.555	-983034.011	-732274.605	-983184.859	21.9116
-725596.87	-1048814.21	-725693.65	-1048762.59	2.2476
-788981.45	-1005130.06	-785017.657	-1004174.603	49.3795
-751970.65	-1038533.5	-751991.82	-1038509.22	0.7481
-765921.79	-990097.51	-765555.283	-989751.387	5.8796
-690803.052	-1065148.176	-691133.201	-1066124.921	11.7053
-712770.01	-1027092.35	-713269.49	-1028283.25	14.7812
-802127.752	-1008368.964	-804764.793	-1009088.787	33.0033
-664095.85	-1018703.97	-663359.46	-1018151.53	10.406
-657068.638	-1061265.033	-656123.371	-1061794.799	12.0401
-711838.68	-1041659.91	-705427.24	-1044468.27	54.4747
-751335.55	-1025384.98	-751477.25	-1025474.99	2.2679
-672288.651	-1079657.96	-672177.473	-1080155.063	5.6599
-790474.46	-1026767.65	-791412.01	-1026696.42	10.4474
-797380.64	-1068995.27	-808153.22	-1071282.18	86.8654
-712801.03	-1078872.18	-717320.02	-1074418.83	50.3865
-782395.67	-1066785.34	-783093.52	-1067530.6	11.508
-690263.36	-1056070.48	-690428.86	-1055963.47	2.1969
-643596.482	-1045856.711	-643557.271	-1045951.086	2.2132
-695271.118	-1026511.729	-695735.76	-1026015.665	8.7847
-669312.259	-1016992.142	-669539.228	-1017678.899	8.3227
-748079.4	-1036770.72	-748103.01	-1035830.68	10.4967
-653039.41	-1067906.69	-651464.06	-1069077.527	22.2918
-723878.43	-1036574.34	-727727.2	-1040446.25	42.6796
-787766.2	-1033212.73	-785885.74	-1031657.91	28.6678
-758324.992	-1040666.032	-758333.318	-1040644.002	0.5217
-863459.709	-1029550.184	-862971.997	-1029304.174	6.8501
-730886.13	-1045286.84	-730532.79	-1045370.4	4.0392
-753059.5	-1037273.11	-753162.621	-1037241.517	2.3259
-750386.47	-1031592.81	-750067.87	-1029770.46	21.0574
-856641.138	-1042678.189	-857202.56	-1043599.95	12.8484
-682106.05	-1000197.06	-683860.022	-1002954.881	63.5697
-773902.9	-997205.3	-773932.95	-996987.53	4.4039
-889229.403	-1015636.114	-889453.857	-1014761.091	10.0375
-710920.88	-999919.92	-709961.951	-1000727.635	14.4372
-774165.979	-1032839.506	-774185.228	-1032849.771	0.5081
-842537.83	-992099.058	-842289.641	-991938.875	3.3375
-717029.302	-1073941.21	-714181.98	-1073425.977	35.0819
-763794.948	-1040182.246	-764193.53	-1038106.57	24.5429
-792357.45	-1006464.49	-791555.94	-1006296.02	9.2276
-740215.99	-1079494.81	-744416.2	-1077545.95	55.3234
-727858.62	-1074147.72	-727896.4	-1074256.85	2.3097
-777582.191	-1081879.582	-777599.05	-1081865.48	0.4882
-736884.91	-1028307.24	-736492.71	-1028281.71	7.8767
-844110.592	-1005120.302	-844142.491	-1005285.144	1.8656
-707251.36	-1077892.46	-706198.54	-1077282.85	14.5879
-725759.39	-1048014.72	-725754.37	-1047964.009	1.0192
-782023.23	-1007416.47	-781999.68	-1007407.95	0.6019
-696412.493	-1063921.756	-695848.88	-1063391.09	9.0906
-751477.25	-1025474.99	-751493.688	-1025809.188	3.7233
-773379.95	-1082441.407	-772523.117	-1081971.363	30.5906
-797314.08	-1068968.18	-797242.374	-1068992.553	1.6094
-775439.69	-1043294.95	-778975.07	-1043223.18	54.2124
-849144.74	-1065966.23	-849281.083	-1065563.125	8.5944
-740009.513	-1048529.159	-740041.62	-1048597.98	1.7162
-773839.37	-1032477.27	-774508.13	-1029300.61	43.466
-840495.22	-1001101.04	-838369.06	-1001460.2	25.8783
-716968.387	-978496.964	-713162.22	-977605.93	48.301
-640652.89	-1029012.59	-639787.886	-1029258.536	11.9187
-868650.468	-1043225.142	-869300.93	-1043031.21	8.4353
-687696.8	-1010183.68	-687244.819	-1009882.046	11.1224
-824649.107	-1077065.239	-824424.66	-1076786.93	23.7453
-701776.229	-1012321.091	-701750.961	-1012322.66	0.5137
-797839.792	-1021276.945	-797323.691	-1021577.978	6.8572
-745735.447	-977153.325	-744795.512	-975428.606	23.7457
-767507.91	-1078990.72	-769519.22	-1080204.5	26.4465
-864054.601	-1052240.451	-863918.227	-1051685.566	6.9013
-748538.162	-1024960.596	-748544.882	-1024940.17	0.5552
-667304.361	-1041101.153	-666295.02	-1041249.02	20.621
-813336.061	-1072569.408	-813339.22	-1072490.63	0.876
-691966.805	-1064852.333	-691847.25	-1063408.12	16.3005
-812211.605	-1044382.774	-814934.646	-1044042.706	31.3961
-780328.82	-979904.55	-779381.15	-979709.15	13.0337
-769518.938	-1054142.75	-770118.517	-1053941.916	19.3652
-648151.964	-1054522.278	-648749.4	-1054639.83	7.205
-682113.01	-996984.028	-681402.836	-996373.122	10.8859
-879869.627	-1020640.931	-880457.418	-1019613.337	13.5665
-789555.135	-1064020.58	-789557.904	-1063972.015	0.5405
-766845.368	-1037438.243	-766858.763	-1037423.041	0.4599
-664794.345	-1035907.611	-663771.536	-1036203.713	21.3083
-822685.42	-1024554.84	-823153.795	-1025080.218	8.4408
-659044.87	-1026072.16	-658804.05	-1025491.79	7.9031
-693563.782	-1034271.513	-693730.615	-1032430.836	23.6682
-712891.898	-982747.303	-717780.376	-980064.821	63.8238
-746740.18	-989425.29	-745060.155	-988699.985	20.7844
-741757.33	-1047020.69	-741842.018	-1047250.734	6.9599
-752328.935	-1043033.012	-752288.159	-1043073.247	1.1458
-640309.724	-1041728.531	-640898.56	-1041492.96	12.8278
-797061.3	-1028774.628	-797114.443	-1028734.905	1.3299
-650914.341	-1085126.981	-649175.674	-1083114.173	33.4877
-778879.455	-981677.522	-778531.494	-981681.515	8.8256
-804444.718	-1038920.636	-809998.836	-1033109.54	107.7792
-679725.44	-1007082.48	-678232.017	-1006361.03	19.3933
-723759.896	-987216.172	-723695.477	-987199.538	1.331
-643604.91	-1039469.98	-642606.26	-1037329.69	26.243
-703583.63	-1089168.3	-703433.588	-1089277.166	2.153
-658843.558	-1036421.033	-657729.773	-1036434.307	12.6644
-707251.36	-1077892.46	-708800.374	-1075110.976	42.6837
-820469.461	-1007315.819	-819639.065	-1007333.371	16.8037
-747362.12	-1023959.97	-747325.9	-1023919.35	1.198
-658306.13	-1063995.3	-658424.33	-1064450.19	5.2556
-780578.77	-1062574.61	-781022.69	-1062431.11	10.4269
-824759.717	-1069691.343	-824369.557	-1069640.862	7.9524
-726241.65	-980397.73	-726392.56	-980215.84	4.7858
-716581.29	-1028241.72	-717024.88	-1028516.25	4.0154
-848599.913	-1010322.541	-848442.37	-1010351.507	3.2162
-804737.03	-1062302.394	-803947.883	-1061268.828	15.4667
-683386.861	-1034885.469	-683566.397	-1034493.712	4.7895
-700932.587	-1010576.171	-700948.227	-1010726.782	3.0297
-689398.461	-1033181.24	-693730.615	-1032430.836	65.7603
-755694.86	-1025391.36	-757198.72	-1025175.29	16.9445
-859622.546	-1013029.012	-859584.221	-1013023.281	0.9325
-778531.494	-981681.515	-778150.952	-981922.887	9.817
-760664.788	-1039529.696	-757993.91	-1037860.61	36.755
-773868.5	-1048439.4	-773797.75	-1048215.04	4.7127
-764250.32	-1023773.75	-763636.11	-1023108.7	19.021
-786921.49	-991263.0	-786898.14	-991274.68	0.2901
-655924.49	-1033728.83	-656218.933	-1033673.179	3.5977
-669523.053	-1091902.984	-669759.314	-1093268.536	17.3466
-771235.7	-1064736.98	-771035.44	-1064934.89	3.4361
-812896.76	-1013097.99	-812610.62	-1012827.58	4.8391
-865107.322	-1015804.24	-865301.54	-1016244.292	9.6566
-783550.27	-991778.68	-783344.28	-992083.03	5.0608
-831124.176	-1037368.061	-831484.068	-1037952.979	7.7448
-718816.05	-1080246.1	-717660.877	-1080102.827	13.6015
-699059.06	-1044114.19	-699225.47	-1045795.5	18.8941
-759622.695	-990240.968	-756970.51	-990925.64	31.8385
-758956.4	-1035015.73	-758309.37	-1034186.71	13.4573
-775538.857	-986019.904	-777842.114	-985595.75	27.0804
-752716.919	-1009641.85	-752753.485	-1009535.044	2.5135
-758973.93	-1039874.05	-757841.8	-1039899.77	8.9002
-696760.706	-1013421.934	-696827.82	-1012290.25	23.6923
-740600.709	-1070713.525	-738930.214	-1070969.271	21.0587
-760694.235	-976579.692	-760235.44	-976189.76	12.3932
-765605.87	-1025824.37	-764433.573	-1024042.286	25.3137
-774306.54	-1039273.79	-771785.16	-1039028.54	29.0646
-867355.248	-1013000.322	-867483.791	-1012854.693	4.3432
-764413.7	-1043941.75	-766544.31	-1045271.07	29.9236
-840141.402	-1031858.768	-835900.88	-1032638.99	52.7472
-766564.93	-972272.11	-766626.437	-972314.671	0.8311
-764527.141	-1019209.479	-763026.768	-1018099.673	22.4721
-676991.84	-1056752.87	-678565.68	-1054345.3	32.4557
-836164.17	-1022988.813	-836642.303	-1026081.168	39.4302
-655124.918	-1068254.416	-654752.092	-1068261.201	4.2698
-787253.25	-1019605.16	-786279.05	-1018486.27	17.4804
-819950.948	-1074462.728	-819953.225	-1074481.211	0.3886
-850224.24	-1010661.535	-850337.604	-1010705.599	2.4352
-887873.551	-1019022.036	-887943.857	-1019216.675	2.3117
-740272.67	-1068698.72	-740370.9	-1068792.036	2.7585
-775924.651	-978539.38	-776022.78	-978391.97	3.5673
-757866.583	-1040250.534	-757855.65	-1040223.969	0.6314
-740628.86	-1074654.03	-741446.68	-1074949.16	9.8459
-790803.19	-1005131.05	-790265.88	-1005024.77	4.2265
-685181.368	-1066206.294	-685044.6	-1065769.01	9.1991
-724960.719	-1065516.106	-725021.263	-1065471.044	1.7395
-681215.231	-994266.449	-681240.77	-993505.54	9.5556
-675241.22	-1000267.97	-674885.08	-1001016.38	10.4219
-655425.148	-1070143.698	-655042.068	-1068759.884	16.9461
-813343.929	-1072387.496	-813320.04	-1072261.68	1.4414
-740035.91	-1048705.8	-740095.437	-1048765.803	3.0433
-689587.498	-1046417.111	-689787.748	-1046554.727	2.8047
-885481.877	-1015697.164	-884830.029	-1014703.753	17.2568
-755071.627	-972993.598	-755091.9	-973220.77	2.5944
-784013.34	-988230.4	-784300.96	-988109.78	3.6771
-812613.446	-1005240.202	-812592.933	-1005045.049	2.1813
-672288.39	-1046316.36	-672068.23	-1045290.33	14.2676
-708340.625	-1014167.897	-707107.89	-1015925.36	31.8946
-717615.03	-1074166.97	-717534.646	-1074139.58	0.9493
-752253.935	-1043211.332	-752069.84	-1043174.12	3.7754
-804134.69	-996514.12	-803926.953	-996263.408	3.693
-767372.422	-1024243.024	-767494.606	-1023226.062	11.4614
-691771.528	-1023419.177	-689532.0	-1025551.84	35.8312
-860758.589	-1054468.445	-860752.797	-1055011.592	6.4023
-661491.52	-1046295.0	-661634.62	-1045289.7	11.4444
-769022.858	-1065177.67	-770605.67	-1066032.74	21.7012
-786445.15	-1042487.17	-790480.61	-1040594.07	51.8349
-805529.791	-990380.262	-806011.406	-989458.381	22.392
-724969.71	-1067325.084	-725649.28	-1069064.77	21.041
-731187.241	-1056627.94	-731485.306	-1056196.984	5.8806
-869154.819	-1038271.982	-870492.524	-1035159.228	40.0791
-645063.453	-1071395.993	-645035.518	-1071764.984	4.2062
-672579.95	-1062530.59	-674915.84	-1061397.35	29.3401
-802866.19	-998231.72	-804256.144	-996697.82	23.0009
-754627.801	-1043168.476	-754540.55	-1042087.55	21.8033
-763174.39	-993076.53	-761165.56	-994823.376	20.9726
-822549.266	-1049264.447	-819714.003	-1048704.219	33.2767
-647483.293	-1054008.443	-645555.73	-1052928.7	20.3221
-724498.258	-1009402.075	-723472.047	-1009554.734	12.0549
-701896.658	-1058378.527	-699888.738	-1058195.5	26.7663
-674339.35	-1042416.56	-673546.85	-1042976.667	11.04
-791609.69	-1007895.0	-791555.94	-1006296.02	18.2327
-740237.39	-1030261.3	-739755.26	-1030281.81	9.9916
-721440.643	-1056896.976	-721454.452	-1056887.26	0.3535
-648800.13	-1013239.62	-648731.631	-1013013.501	13.7819
-720704.68	-1050757.53	-719962.98	-1050499.82	9.2144
-651380.482	-1069460.765	-649906.662	-1069949.529	17.3532
-736877.894	-1032374.731	-736772.874	-1032130.157	5.3354
-687693.614	-1057572.291	-687848.521	-1056929.249	13.772
-784784.39	-1023650.31	-784289.56	-1025579.42	26.6519
-652396.83	-1062308.24	-652491.095	-1062328.171	1.0707
-749703.59	-1051448.73	-749702.51	-1051274.86	3.4822
-818748.281	-1056974.29	-817678.144	-1054560.091	30.1369
-804085.47	-991997.42	-805024.92	-990252.48	23.6043
-709840.532	-1059128.884	-709629.64	-1058421.81	8.3749
-719549.768	-1051776.667	-720053.11	-1052878.23	14.1784
-859419.45	-1012013.5	-860534.036	-1012923.266	42.0752
-730145.688	-993169.063	-732770.34	-993991.07	35.1297
-807102.733	-1044347.395	-806165.628	-1044338.021	19.0213
-665985.665	-1014190.974	-665794.8	-1014294.06	2.4103
-697472.53	-1017427.37	-700047.39	-1016971.25	30.5086
-690356.566	-1079498.692	-690542.42	-1081541.74	25.0076
-687353.344	-1004362.122	-687394.269	-1004382.516	0.5081
-770085.383	-988416.706	-767102.18	-989078.35	37.0762
-677687.25	-996269.53	-674878.64	-996275.35	39.9697
-860013.131	-1026158.307	-859299.634	-1026141.144	9.8631
-675361.237	-1049640.643	-677347.68	-1048432.16	27.1274
-753384.83	-1041809.36	-753447.75	-1041691.59	3.5372
-648879.304	-1057930.777	-649055.257	-1058143.084	6.7268
-766384.884	-1060137.681	-767245.15	-1059854.23	10.7391
-774972.65	-1033732.19	-774178.584	-1032863.322	13.1671
-665512.361	-1062368.242	-665214.845	-1063308.083	13.07
-842349.978	-1046613.751	-842369.133	-1046673.381	0.6959
-829698.373	-1073153.348	-829239.63	-1074397.57	10.2725
-748079.4	-1036770.72	-747359.43	-1036333.52	17.0082
-685429.765	-987023.424	-685814.433	-987154.905	38.3432
-784995.338	-1007564.853	-784354.602	-1007709.4	5.0583
-760052.26	-1029217.17	-762929.756	-1028472.199	36.1576
-740011.94	-1011514.41	-736379.617	-1013751.113	50.0314
-704645.72	-1007854.94	-704847.721	-1008039.339	5.7411
-876337.987	-998291.201	-876163.857	-997949.568	4.2669
-689435.69	-1044244.64	-689070.72	-1043744.36	6.9304
-648804.6	-1029120.41	-648762.2	-1029133.73	0.4938
-739327.79	-1033613.66	-739356.313	-1033691.125	1.6663
-865107.322	-1015804.24	-865278.305	-1015964.147	4.8317
-743387.82	-1016957.55	-741011.44	-1016680.83	27.6525
-644700.4	-1050094.82	-645478.566	-1049546.01	19.5036
-844751.554	-1064224.993	-847800.16	-1065492.66	41.6125
-759869.32	-1006681.27	-759269.75	-1006895.26	7.7125
-759329.17	-1055975.42	-759345.19	-1056031.723	1.1761
-676514.22	-1056253.98	-674462.4	-1055955.03	23.8856
-749522.02	-1004515.02	-748162.565	-1005349.258	32.5273
-745780.31	-982643.215	-745782.97	-982628.93	0.1794
-699977.91	-1071763.11	-699963.086	-1071719.372	0.9236
-759835.39	-1029274.97	-760052.26	-1029217.17	5.1307
-738855.642	-1048756.217	-738807.796	-1048949.172	4.4929
-742304.79	-1027347.65	-742912.944	-1026773.713	16.7446
-696561.63	-996196.47	-697590.28	-995685.43	15.2699
-779540.85	-972090.25	-779600.3	-972100.91	0.6711
-805026.8	-1019625.807	-806336.448	-1016737.023	43.4951
-701964.71	-1056572.05	-699514.43	-1057402.52	33.0181
-642347.908	-1024567.607	-642715.14	-1025985.37	17.8332
-687669.082	-1057604.876	-687693.614	-1057572.291	1.0909
-731318.491	-1081395.334	-730687.99	-1081563.35	7.3248
-702673.44	-997200.48	-704751.8	-996618.02	25.0152
-713993.34	-1063567.17	-714274.947	-1062350.567	15.0236
-738659.24	-985876.91	-739456.77	-984455.4	19.7156
-657273.806	-1003211.734	-660240.66	-1003312.06	51.5872
-644160.599	-1059706.294	-644185.343	-1059721.922	0.9139
-730862.52	-1043140.22	-730920.508	-1043034.826	2.4091
-665395.172	-1046191.379	-664103.73	-1045863.71	15.6899
-804764.793	-1009088.787	-804998.523	-1009348.06	4.2917
-703635.91	-1037363.33	-702967.37	-1037506.31	13.729
-753922.75	-1045903.46	-753975.13	-1045790.96	5.9989
-686113.07	-989171.44	-686094.88	-989268.7	1.0995
-783644.43	-1014052.56	-783269.69	-1012154.03	22.0955
-659721.31	-1032357.81	-657536.88	-1031376.23	26.8734
-678311.67	-995246.51	-678247.19	-995262.6	0.7549
-738584.083	-1048691.147	-738647.803	-1048576.402	2.68
-750585.66	-982197.15	-751081.699	-983234.876	13.1907
-733371.256	-1053884.618	-733891.89	-1053407.48	14.23
-783623.3	-991692.49	-783550.27	-991778.68	1.3045
-659884.474	-1065080.258	-661510.83	-1064983.96	18.4198
-757016.2	-1032067.97	-762049.51	-1026217.24	62.3015
-872090.564	-991735.472	-865689.492	-991806.891	88.8418
-674162.497	-1089510.348	-672313.35	-1089677.56	21.3117
-646345.149	-1062385.989	-646333.375	-1062376.067	0.341
-717660.877	-1080102.827	-717887.556	-1079769.993	6.0191
-792625.32	-979606.04	-792596.012	-979641.183	0.607
-696654.25	-1086644.32	-693922.137	-1084612.263	41.4305
-791846.26	-1069890.07	-791840.28	-1069934.22	0.8947
-712035.9	-1041732.29	-711838.68	-1041659.91	2.4661
-648218.351	-1064155.734	-648277.846	-1064324.543	3.5854
-688233.261	-1086832.798	-689412.387	-1087492.913	15.6548
-785273.716	-1036927.343	-783587.85	-1031452.41	67.3528
-653666.516	-1024174.205	-653654.524	-1024225.887	1.0611
-740137.48	-1011440.94	-742265.16	-1013559.67	35.2441
-764527.141	-1019209.479	-764857.312	-1020603.85	17.2914
-782508.45	-1049591.91	-781677.917	-1049785.142	10.0339
-827545.17	-1070090.91	-829697.252	-1070349.003	24.2878
-666452.53	-998977.14	-666097.53	-999186.01	9.7988
-825445.484	-995866.382	-822296.228	-994827.281	38.3766
-736143.428	-1010295.467	-736039.136	-1010015.649	5.9838
-784706.56	-1026266.96	-784622.64	-1025930.58	7.0747
-775553.045	-1033605.881	-775574.553	-1033623.234	0.5995
-644945.99	-1049785.66	-644939.06	-1049741.53	0.9003
-653299.13	-1023139.24	-653164.16	-1023179.49	2.8916
-770212.7	-1053784.19	-770210.38	-1053816.77	0.732
-854740.22	-1011317.25	-854925.579	-1011335.927	3.8576
-703259.82	-1045208.71	-702392.08	-1045953.55	14.0313
-824671.62	-1061033.041	-824668.188	-1060950.97	1.6455
-861522.08	-1027500.9	-860013.131	-1026158.307	23.0938
-861926.052	-1054000.596	-861799.911	-1054303.145	4.356
-800110.031	-1046514.29	-798894.516	-1045971.325	15.723
-773823.199	-1056068.979	-773589.565	-1055806.896	7.0224
-712002.982	-1034390.585	-711242.04	-1034382.06	15.8063
-761950.31	-1041800.06	-762845.67	-1041021.22	13.8194
-738085.855	-1046751.762	-738090.59	-1046668.11	2.4236
-760254.55	-1018376.922	-760308.23	-1018604.28	2.6127
-751637.02	-1038034.94	-752225.81	-1036646.64	17.6917
-653033.816	-1077141.936	-653997.465	-1078928.095	27.3303
-662491.9	-1039150.784	-661988.42	-1039509.63	6.9406
-829963.059	-1073058.576	-829983.056	-1072969.188	1.1508
-845372.99	-1063113.76	-844761.51	-1063921.26	12.4445
-804946.338	-989020.174	-804924.075	-989096.845	2.0177
-848442.37	-1010351.507	-848523.626	-1010330.793	1.6815
-697604.62	-999528.62	-697658.14	-999543.02	1.1343
-706905.87	-1028430.1	-704198.73	-1030521.64	38.7167
-842743.14	-1009995.94	-844032.088	-1007884.776	30.9235
-705346.77	-1052287.05	-704605.586	-1052472.046	8.4881
-728572.896	-1056069.171	-728573.213	-1056053.118	0.3366
-712841.43	-982561.72	-711225.74	-979518.69	39.5193
-779946.4	-1012986.89	-778688.11	-1011687.44	21.5749
-672345.041	-1046919.799	-672288.39	-1046316.36	8.9042
-794368.184	-1015294.909	-795607.24	-1018154.0	47.5277
-688376.03	-1000484.46	-687667.211	-1000580.893	8.0365
-787980.79	-990434.66	-786921.49	-991263.0	15.6353
-733927.121	-1056517.774	-733400.347	-1056074.989	13.9101
-801945.574	-1007922.918	-801505.879	-1008101.374	10.3709
-789495.16	-1019934.7	-788322.62	-1018466.92	22.385
-868550.73	-1025322.24	-868712.059	-1021790.194	41.844
-757211.063	-1037791.513	-756885.578	-1037955.246	9.6208
-838203.824	-999193.543	-836583.294	-999159.054	26.0185
-771474.379	-1001227.935	-772678.17	-999480.46	27.0899
-684413.066	-994587.854	-684461.282	-994562.374	1.1315
-658306.16	-1050447.947	-658701.88	-1049611.13	13.9405
-684470.02	-993800.9	-683724.11	-993007.49	22.0625
-764258.19	-1033081.62	-763563.12	-1031604.49	20.6754
-652893.41	-1026318.93	-652273.806	-1026372.473	7.0787
-846637.22	-1002556.99	-843135.49	-1000536.953	54.7484
-675285.676	-1056729.511	-675054.525	-1056705.405	2.6268
-727465.293	-1006781.635	-728996.04	-1005550.439	32.7063
-880263.144	-1007673.309	-880320.311	-1006223.434	17.3035
-810964.063	-1057350.887	-809621.157	-1053842.133	51.7461
-763638.895	-976417.956	-763628.32	-976556.84	3.2258
-739755.26	-1030281.81	-738145.34	-1030593.02	19.4244
-773974.94	-1077094.81	-774198.39	-1077281.62	5.8876
-764637.1	-1030011.46	-765373.3	-1031314.94	18.0356
-728301.83	-1039146.96	-728504.4	-1038825.74	8.0285
-830110.31	-1073052.819	-830082.597	-1073037.995	0.3546
-745018.289	-1060369.947	-746377.475	-1063377.128	41.1063
-749522.02	-1004515.02	-749525.97	-1004500.69	0.3337
-658843.14	-1062367.399	-661247.788	-1060001.457	43.5411
-778211.76	-1058921.72	-778137.77	-1058760.2	2.0546
-791903.53	-991074.62	-791926.92	-991043.66	0.8536
-756563.61	-990560.26	-756570.584	-990579.448	0.4484
-715796.757	-1040254.964	-715820.768	-1040249.342	0.5612
-743875.53	-1025696.44	-744322.67	-1025324.1	6.7482
-833794.117	-1072679.423	-833797.667	-1072485.553	2.1704
-741398.042	-1014878.314	-740567.913	-1014769.19	9.3031
-747540.75	-1019621.563	-747554.85	-1019566.23	0.6346
-725244.182	-978527.548	-725462.663	-978511.852	4.3823
-644165.523	-1059726.601	-644160.599	-1059706.294	0.4637
-700648.69	-1029373.56	-699845.446	-1030267.007	13.5313
-764548.0	-1023889.301	-764433.573	-1024042.286	3.8332
-775090.288	-1043059.483	-775439.69	-1043294.95	5.1407
-739048.14	-1033896.2	-739191.32	-1033635.28	5.9538
-760675.221	-1052259.156	-760651.171	-1053384.15	14.9107
-747299.88	-1028248.63	-747395.28	-1027586.476	7.6279
-832599.1	-1057956.73	-835407.871	-1058766.318	36.5308
-742706.84	-978617.51	-742420.28	-978651.65	5.7961
-864700.48	-1059564.14	-864909.972	-1059365.861	3.8254
-665902.039	-1022897.606	-664512.06	-1020715.93	31.1607
-696152.46	-1045284.59	-696115.69	-1045320.03	0.5674
-739994.945	-1048588.533	-739293.69	-1047605.51	26.1624
-820036.979	-1026366.183	-819959.831	-1026300.162	2.6202
-863895.585	-1041876.362	-862885.436	-1042004.846	13.754
-678565.68	-1054345.3	-675849.46	-1054214.26	33.3461
-808494.3	-991275.362	-808335.0	-991040.78	6.5701
-777701.42	-1060876.17	-778337.115	-1058982.337	22.6025
-730642.02	-1024217.53	-729694.704	-1025204.159	28.845
-718298.05	-1057596.86	-718092.222	-1057709.63	4.7115
-703348.626	-1076577.81	-702956.135	-1076208.755	5.9961
-749390.03	-1020284.95	-747627.572	-1019790.469	26.8145
-735677.204	-1031198.34	-735668.52	-1031215.732	0.4217
-701739.26	-1008956.69	-698314.12	-1008460.98	41.6796
-806580.366	-1062053.822	-806535.56	-1061593.257	9.5588
-792631.3	-1002145.56	-793542.74	-999883.96	30.4913
-671011.67	-1048336.21	-670378.25	-1048213.313	9.4007
-727784.73	-1073939.35	-727858.62	-1074147.72	4.4217
-740537.23	-1069677.13	-740600.709	-1070713.525	14.0211
-757564.373	-1039753.091	-757548.021	-1039738.009	0.2799
-819878.633	-1026225.081	-819884.348	-1026205.872	0.4443
-761435.475	-996574.575	-761466.601	-996551.08	0.4363
-733491.88	-1064878.34	-734262.605	-1065215.685	19.9895
-693704.61	-1044343.74	-693574.45	-1045192.32	23.5196
-642583.084	-1075093.771	-643005.177	-1076838.307	20.6177
-865264.7	-1006922.21	-861192.21	-1005818.49	48.1897
-664626.215	-1052690.262	-664659.973	-1053339.834	7.31
-721751.87	-992468.98	-719811.36	-993031.51	25.7332
-720744.89	-1017999.41	-719458.421	-1019071.828	22.6297
-785318.801	-978173.796	-784870.45	-977006.62	14.9586
-771921.115	-1041128.653	-771785.16	-1039028.54	26.2774
-664878.977	-1059238.198	-665591.971	-1060245.276	14.8164
-824103.65	-1075094.96	-824112.13	-1074957.2	2.7604
-755763.53	-1034878.28	-756553.69	-1034846.22	9.1534
-802655.752	-986806.555	-802627.311	-986851.019	0.7485
-887831.657	-1019223.541	-887878.164	-1019149.612	1.5077
-875862.03	-1021140.17	-876112.84	-1021128.58	2.7901
-799499.894	-1069937.277	-802663.404	-1071055.267	37.7947
-673016.767	-1047473.554	-673780.16	-1046991.36	22.5538
-758585.865	-1058784.774	-757140.049	-1059498.17	19.059
-643467.953	-1062808.251	-643740.101	-1062714.823	5.7556
-728591.498	-1056076.54	-729042.743	-1056568.722	7.4689
-767159.847	-981022.984	-767078.49	-980952.572	1.2173
-786504.24	-985626.52	-784013.34	-988230.4	44.3413
-672257.813	-1089760.551	-672247.067	-1089901.6	2.8308
-741663.03	-1042064.37	-741322.22	-1041999.96	6.9937
-808586.509	-1021248.665	-809115.507	-1021031.276	6.9126
-640478.578	-1043279.784	-640041.2	-1044758.34	31.137
-672432.67	-1063550.16	-673757.12	-1065065.67	23.6648
-639989.465	-1068443.161	-640719.926	-1069143.105	11.6474
-642784.249	-1071121.019	-642893.841	-1071604.898	10.0763
-733927.121	-1056517.774	-733956.33	-1056531.734	0.7344
-734995.56	-1025187.18	-734591.1	-1022240.55	33.0746
-772541.83	-980125.34	-772480.194	-979481.156	7.506
-842288.806	-991923.967	-842537.83	-992099.058	3.427
-859240.91	-1037850.75	-855530.25	-1036701.857	60.9221
-733678.335	-1015348.638	-733649.399	-1015348.684	0.6416
-718378.04	-1017929.97	-718316.58	-1019140.73	20.8125
-648522.29	-1048170.92	-648237.49	-1048240.12	3.3282
-674014.12	-1047280.44	-674679.59	-1048054.11	11.4696
-746987.53	-995071.76	-748497.66	-993196.31	29.9408
-772734.437	-1055317.123	-772072.604	-1055109.476	13.92
-724042.189	-1042852.331	-724027.637	-1042840.928	0.4178
-645066.18	-1061855.84	-645901.135	-1061451.155	18.6986
-752939.66	-1019805.72	-753040.459	-1019526.941	6.0369
-770317.013	-1053596.458	-772370.063	-1054697.184	26.5467
-653679.07	-1024120.953	-653666.516	-1024174.205	1.0942
-829800.781	-1072833.673	-828956.99	-1072259.026	11.3685
-798613.63	-1020661.06	-799422.03	-1018359.27	42.421
-715796.757	-1040254.964	-714240.58	-1040116.44	17.7186
-650589.631	-1078457.129	-651945.4	-1078839.629	16.0209
-701015.15	-997671.7	-699748.77	-997757.04	14.9189
-736125.971	-1057023.562	-737585.966	-1057622.357	18.2387
-670303.75	-1014305.27	-668632.14	-1015097.96	20.9939
-689416.53	-1041345.84	-690988.11	-1040220.55	22.8629
-648561.92	-1095210.25	-650826.289	-1093442.774	34.8587
-799769.16	-1026441.49	-801698.213	-1026307.738	21.4871
-847022.035	-1013573.709	-847951.238	-1010723.822	51.6717
-646916.449	-1057818.684	-647774.02	-1059233.54	19.028
-812658.25	-1072236.5	-813718.777	-1072673.812	8.9251
-709951.15	-1050590.55	-709080.19	-1051104.7	11.238
-766277.31	-1038549.28	-766796.12	-1037801.07	10.1402
-693806.39	-995922.48	-694096.634	-996623.53	11.3341
-753922.75	-1045903.46	-754080.85	-1046117.36	5.3236
-781022.69	-1062431.11	-779991.27	-1060768.32	23.9875
-697633.81	-1063728.76	-697552.19	-1066062.58	26.8054
-734520.128	-1012602.924	-734527.133	-1012633.693	0.6986
-869488.51	-1017847.787	-870106.383	-1018127.974	8.171
-730549.63	-1057384.57	-730701.69	-1057315.94	1.8537
-700323.46	-1005801.32	-700310.18	-1005653.43	1.717
-866525.734	-1053699.208	-866204.489	-1052538.586	14.3384
-840195.47	-1031903.58	-838695.195	-1035629.537	49.593
-805521.1	-990411.345	-805510.798	-990388.968	0.5427
-759224.355	-1068507.43	-759244.033	-1068497.749	0.2437
-848807.265	-1010205.507	-848739.752	-1010044.489	4.1812
-764814.858	-987645.533	-767026.934	-988599.297	28.7794
-688329.48	-1023091.54	-690976.164	-1022440.541	31.6669
-822158.563	-1069502.375	-822396.22	-1069384.95	5.3036
-740190.11	-1003507.66	-740158.762	-1003494.466	0.3838
-812896.76	-1013097.99	-812888.94	-1012511.32	6.5692
-694069.151	-1040314.036	-694182.92	-1040208.12	2.4945
-813598.366	-1066082.57	-815771.685	-1067602.218	30.0532
-725693.65	-1048762.59	-725773.61	-1048589.77	3.8211
-643543.881	-1062297.469	-643747.476	-1062699.874	9.328
-644939.06	-1049741.53	-644951.37	-1049697.6	0.9202
-692939.02	-990204.98	-691755.48	-989824.26	16.0758
-679486.459	-1043293.085	-679258.65	-1041636.42	19.3737
-795219.54	-1011981.77	-795237.549	-1012020.629	0.48
-706833.082	-1051923.937	-705346.77	-1052287.05	17.0006
-817904.49	-1002212.89	-815260.939	-1001669.498	32.3824
-764426.058	-977139.381	-764086.605	-977019.472	7.7412
-805540.33	-989168.23	-805580.55	-989185.89	1.2934
-719857.435	-1084645.331	-717824.84	-1083021.34	32.1331
-770259.89	-1018648.16	-769598.02	-1020036.67	18.6231
-749465.23	-1050122.22	-749742.1	-1050014.13	3.7799
-680026.004	-1086237.334	-680357.0	-1083620.75	33.9005
-702967.37	-1037506.31	-701544.95	-1038146.17	17.4153
-772551.76	-997799.62	-773932.95	-996987.53	22.4909
-842446.245	-1001920.005	-840495.22	-1001101.04	23.998
-763051.01	-1010558.8	-762972.68	-1010383.12	2.1731
-738660.45	-1001178.32	-736715.438	-999326.162	31.4984
-814570.55	-1070242.4	-813780.37	-1071218.9	14.3549
-787928.47	-977004.18	-787458.04	-976936.43	5.2844
-686053.85	-993238.91	-686232.83	-993436.49	11.8734
-810719.239	-1064866.097	-811922.17	-1065456.546	18.9951
-750699.369	-993068.138	-750636.83	-992905.25	3.4897
-665026.707	-1061746.48	-665512.361	-1062368.242	9.5412
-738778.9	-1032624.5	-740013.875	-1032677.758	14.0672
-670302.753	-1047033.774	-668266.098	-1045163.806	31.506
-724831.883	-1065115.588	-724372.57	-1065211.67	9.9572
-673551.919	-1051826.761	-673145.17	-1051190.82	8.4888
-819969.08	-998246.88	-821252.392	-996441.12	25.926
-721949.012	-1059070.728	-725145.027	-1060895.97	46.0072
-707454.24	-1021457.44	-707385.36	-1021461.53	1.5122
-656675.335	-1070374.031	-657595.4	-1071887.45	20.2462
-787163.7	-989120.96	-787090.31	-989195.54	2.097
-705261.63	-1044465.61	-705583.77	-1044359.47	4.4734
-722600.52	-1050767.77	-721396.0	-1052860.8	29.8841
-677687.25	-996269.53	-678247.19	-995262.6	12.9678
-826550.943	-1061782.575	-828344.886	-1060176.523	28.8819
-826558.4	-1025562.106	-826207.223	-1025611.665	2.7638
-749471.42	-1026367.62	-749809.887	-1025988.112	10.9859
-740880.85	-1048875.87	-740252.159	-1048828.77	12.9445
-738145.34	-1030593.02	-736914.79	-1030879.55	26.3808
-839748.459	-1074640.306	-839424.901	-1075430.39	9.7459
-740649.04	-1040932.12	-740981.82	-1040767.63	7.6425
-743809.013	-1038461.768	-743808.587	-1038480.382	0.4504
-748267.22	-1058020.13	-748323.25	-1058021.77	0.6871
-733690.027	-1053341.801	-733650.642	-1053310.708	1.5131
-770502.676	-1069954.578	-765579.51	-1074243.31	79.0256
-704508.11	-1057325.301	-703931.569	-1057508.405	13.7086
-817251.698	-1072627.624	-817267.198	-1072637.414	0.415
-770078.492	-995111.435	-769214.1	-993589.54	20.4482
-725699.807	-1069669.236	-725612.025	-1069674.855	1.368
-656933.304	-1077510.975	-655740.759	-1079064.003	22.3064
-780328.82	-979904.55	-779922.456	-980230.417	5.8922
-710766.209	-1070158.688	-710545.48	-1069947.576	11.0784
-690263.36	-1056070.48	-688957.83	-1056736.91	16.8826
-813343.929	-1072387.496	-813718.777	-1072673.812	5.2553
-708212.788	-1085402.243	-708393.03	-1085245.969	2.9436
-766189.5	-1076373.07	-772310.27	-1081676.44	63.9435
-662554.79	-1022817.848	-662153.77	-1022912.68	4.5983
-714992.26	-1064696.34	-713993.34	-1063567.17	17.4341
-776525.65	-975733.18	-776481.04	-975542.86	4.6032
-823868.38	-1013022.22	-824394.555	-1013845.961	12.3506
-718188.94	-1031888.47	-717993.595	-1033135.318	14.0237
-752759.25	-1037250.66	-752930.2	-1037432.22	5.3729
-760815.72	-976474.535	-760837.709	-976497.676	0.6812
-640719.926	-1069143.105	-639886.92	-1069374.095	12.0675
-864299.585	-1043361.079	-864330.796	-1043368.391	0.3562
-724303.808	-1063006.377	-722713.49	-1064471.921	25.3228
-821832.261	-1069947.466	-820611.661	-1069858.811	24.7179
-666179.303	-1087368.634	-666976.85	-1084987.33	31.2386
-855562.12	-1009290.98	-854887.4	-1011083.73	24.0024
-784700.689	-1007690.017	-784697.145	-1007708.705	0.2223
-787970.43	-1063151.69	-787590.19	-1062308.66	19.0529
-708596.11	-1049854.13	-708564.782	-1048502.058	15.5396
-798366.93	-999644.1	-798425.685	-999791.675	1.7865
-792232.22	-1046092.91	-791408.81	-1045872.74	9.5064
-767014.699	-983745.344	-765863.485	-983721.005	13.6047
-858749.02	-1009317.91	-861061.81	-1008985.666	29.2545
-696604.529	-1081439.528	-695521.784	-1081674.409	12.7393
-754070.889	-1046354.239	-754124.329	-1046418.054	1.8401
-737630.74	-984117.39	-736684.973	-985093.694	15.6099
-817287.37	-1070532.94	-817346.88	-1070461.227	1.1024
-725845.5	-1038792.9	-726016.3	-1037837.02	11.1281
-671462.93	-994729.683	-671452.788	-994742.089	0.3309
-707983.12	-1065331.4	-707013.649	-1066206.357	15.0174
-783934.565	-977004.164	-784870.45	-977006.62	19.5734
-706480.287	-1083116.055	-705224.412	-1082573.949	15.4318
-649047.638	-1047670.39	-648357.04	-1047628.54	7.7324
-889507.769	-1016414.484	-888826.21	-1016921.504	18.0558
-731057.466	-1050887.188	-727294.932	-1054418.92	60.5813
-659267.448	-1021680.819	-658912.297	-1021936.138	9.5181
-819264.862	-1075594.778	-819281.972	-1075718.149	2.5395
-762800.511	-973664.528	-762740.32	-973602.78	2.2621
-773249.142	-978438.85	-773237.107	-978438.398	0.249
-852941.13	-1003389.92	-850259.53	-1002106.96	36.0955
-703355.628	-1047922.307	-704737.523	-1048621.589	19.1111
-787615.208	-989710.969	-787424.51	-989781.65	4.6151
-641294.357	-1074313.305	-641307.625	-1073543.848	9.0333
-690459.05	-1018887.38	-690397.806	-1020396.222	17.7888
-676418.41	-999892.37	-675241.22	-1000267.97	14.9637
-744530.99	-1048990.456	-744457.86	-1048976.82	1.5853
-727397.58	-1033927.5	-724852.45	-1034098.14	28.7799
-689576.86	-994911.26	-686915.85	-993725.67	22.5661
-708524.63	-1046732.8	-707509.96	-1045530.05	17.8181
-675640.02	-1070644.17	-675298.665	-1071534.53	10.8127
-740185.497	-1055522.067	-740126.039	-1055086.99	10.6486
-809128.779	-1074842.045	-807261.441	-1077681.501	51.0342
-825412.87	-1058791.226	-826137.341	-1057679.481	16.0336
-748055.993	-984815.748	-748228.245	-984805.298	1.925
-655730.76	-1022583.71	-656153.82	-1021977.87	8.4099
-745964.069	-1053779.076	-745951.264	-1053740.124	0.8211
-753877.82	-1066653.36	-752258.777	-1068963.017	37.2785
-760789.082	-981676.851	-760499.83	-982699.16	12.2833
-651162.811	-1092883.23	-651799.729	-1090349.683	30.8184
-819693.42	-1074553.76	-819732.27	-1074394.07	3.4781
-660641.29	-1076203.42	-660136.76	-1076192.93	10.4321
-743525.683	-1024934.562	-743547.913	-1024927.2	0.5187
-757583.917	-1052823.372	-758171.547	-1053690.762	12.3965
-759716.49	-970904.67	-759887.37	-972841.89	24.403
-668447.737	-1026624.005	-668596.42	-1026512.986	2.1033
-691534.38	-1027957.92	-689380.018	-1029127.238	29.249
-737250.813	-1035813.563	-737490.74	-1035633.23	6.006
-829965.826	-1060342.269	-829788.412	-1060553.525	3.0677
-779356.136	-988610.229	-779121.43	-989023.46	5.6704
-760586.316	-1021465.402	-761076.54	-1020198.18	15.4253
-779918.002	-983002.261	-779881.856	-982902.461	1.343
-780799.07	-998071.35	-780287.5	-995623.64	30.8471
-816857.025	-1037346.024	-817594.573	-1036995.655	18.4725
-645244.928	-1060424.71	-644185.343	-1059721.922	25.4855
-754124.329	-1046418.054	-754294.301	-1046395.686	3.4296
-743918.15	-1021441.07	-743779.81	-1021375.72	1.7711
-779922.456	-980230.417	-779381.15	-979709.15	9.073
-811094.85	-992035.86	-810863.52	-992009.87	2.6131
-774118.63	-1065131.66	-773836.33	-1065074.73	5.7878
-681644.438	-1064569.375	-681376.088	-1064537.425	5.4051
-687619.14	-1008415.69	-687171.65	-1008606.97	5.4183
-811490.408	-1036375.623	-811223.903	-1036708.357	4.9167
-876248.094	-1021616.472	-876236.391	-1021602.8	0.2111
-760736.63	-1031935.29	-759470.21	-1031669.35	14.9646
-753616.119	-1045385.081	-753727.9	-1045596.83	2.6702
-761019.6	-1062391.89	-762262.08	-1062353.09	15.2695
-822661.746	-1066512.685	-822200.559	-1065744.456	18.0566
-772010.09	-974008.95	-771589.277	-973799.939	5.2207
-764366.745	-1004081.947	-764623.63	-1001464.13	30.6292
-838923.649	-993377.246	-835716.726	-990384.662	61.5588
-859400.19	-1012778.21	-859427.814	-1012787.461	0.6314
-758956.4	-1035015.73	-760255.56	-1034967.11	14.6225
-683965.035	-1071510.03	-685086.342	-1072947.949	21.0558
-678978.25	-1073020.88	-681819.424	-1075513.693	43.3734
-704510.52	-1016457.09	-704080.94	-1018633.22	24.6503
-726561.98	-1072141.25	-726496.4	-1072033.33	2.5734
-742811.99	-976078.34	-741544.581	-976482.751	15.4222
-795673.01	-1028932.49	-795102.787	-1028956.598	11.693
-806165.628	-1044338.021	-804849.234	-1045543.833	21.6438
-753040.459	-1019526.941	-752007.346	-1018911.755	13.6899
-668752.667	-1067421.221	-667043.204	-1067308.969	20.1554
-688769.71	-1008043.16	-687619.14	-1008415.69	14.4539
-858880.97	-1012255.26	-859395.01	-1012018.42	11.8075
-814788.862	-1065223.28	-813476.993	-1065953.547	18.7773
-800076.476	-1021913.816	-800161.702	-1023518.787	19.5144
-858316.24	-1008677.03	-857617.02	-1008873.03	14.559
-737060.725	-1070363.495	-734125.148	-1068801.398	49.3021
-738150.745	-1085874.268	-738253.96	-1085565.87	4.0033
-645475.79	-1042722.862	-645678.184	-1042706.549	4.0617
-735879.16	-989987.13	-736287.503	-989378.611	8.4162
-764234.519	-975925.19	-764454.035	-977118.755	14.2291
-739376.2	-1047664.69	-739456.84	-1047650.3	2.0184
-714409.72	-1045048.01	-714320.133	-1045224.548	2.2108
-644328.519	-1038041.66	-644892.875	-1038839.148	7.5607
-648462.99	-1018258.48	-649246.15	-1014449.91	46.3531
-711054.399	-1025067.317	-711277.73	-1024644.39	9.9996
-741521.63	-1042009.24	-741507.759	-1041996.034	0.383
-831028.103	-1064975.89	-833176.461	-1061835.712	46.5187
-793349.32	-1072590.22	-793329.19	-1072623.79	0.4349
-738742.718	-1048731.333	-738774.46	-1048789.538	1.326
-682263.2	-1045314.88	-682386.51	-1045201.04	1.9049
-795889.11	-1075753.77	-795488.087	-1076319.696	8.0891
-701746.877	-1012354.194	-701654.7	-1012344.5	2.3879
-741364.58	-1001918.11	-740559.251	-1001796.456	16.5188
-768538.32	-1082897.61	-767940.059	-1080699.253	27.3773
-655096.03	-1054199.71	-655189.404	-1051871.198	26.1131
-761348.047	-1083662.227	-761333.416	-1083704.626	74.7186
-805046.157	-988856.915	-805166.54	-988816.775	2.538
-765159.83	-1037765.08	-765174.24	-1037748.31	0.5413
-718653.77	-1004325.26	-719197.733	-1004911.061	8.9076
-719738.436	-1066678.565	-717942.7	-1065613.26	36.5664
-783554.64	-1066015.71	-785537.256	-1068426.964	42.0961
-793187.14	-1052087.32	-791576.552	-1052055.955	24.9101
-803296.964	-1079135.312	-803608.21	-1077857.96	14.8784
-848703.204	-1010018.227	-848631.622	-1009970.503	1.7213
-686056.885	-993614.347	-686065.342	-993601.918	0.3515
-824983.948	-1067325.925	-824874.679	-1067330.845	2.514
-756148.73	-993317.52	-756164.6	-993304.1	0.4598
-731834.33	-1029703.1	-730954.25	-1028290.05	18.793
-688414.053	-1061323.311	-689233.07	-1061404.75	9.1461
-753494.85	-1045784.36	-753645.24	-1045631.4	2.7518
-733117.23	-1056173.189	-732788.99	-1056914.48	18.2372
-659467.018	-1008866.672	-659370.678	-1008787.28	2.5255
-781142.37	-1024346.29	-781818.55	-1022920.8	29.6536
-799321.21	-1056571.07	-797022.73	-1056600.4	31.8615
-689070.72	-1043744.36	-689389.55	-1041615.82	25.3087
-665628.1	-1030560.71	-665257.477	-1030252.494	9.8782
-771030.72	-982739.75	-771284.976	-982536.094	3.6541
-845238.05	-1031751.382	-845230.462	-1031772.156	0.4423
-728821.533	-1061055.103	-728835.734	-1061059.869	0.175
-762901.1	-1072249.81	-763306.519	-1072853.719	5.645
-851262.609	-1068848.27	-850124.003	-1069427.642	15.7962
-772075.41	-980658.1	-771050.13	-979400.91	23.4705
-736667.864	-983719.336	-736662.005	-983697.37	0.4991
-660136.76	-1076192.93	-660054.538	-1076258.042	2.2989
-802503.633	-986813.347	-800155.86	-986999.15	26.171
-769681.56	-980106.11	-770761.02	-979548.54	11.0983
-775549.611	-1033649.768	-775531.069	-1033630.147	0.5826
-884923.621	-1017017.813	-883593.847	-1017580.316	16.8263
-747432.66	-989582.63	-746740.18	-989425.29	7.8914
-680625.78	-989592.65	-680409.556	-989585.247	2.8118
-702516.565	-1010261.375	-702320.32	-1009965.34	7.1586
-854461.66	-1011514.51	-854389.39	-1011463.21	1.8942
-802646.786	-1001873.885	-802728.095	-1001775.969	1.5802
-774305.718	-1021278.4	-772252.958	-1022494.152	33.8601
-687136.67	-1063104.96	-686757.612	-1063015.078	4.7241
-752954.53	-1020913.44	-752939.66	-1019805.72	22.2463
-746255.238	-1054054.79	-746258.323	-1053932.187	5.4994
-755522.83	-1026223.0	-757717.93	-1027868.5	32.1378
-858578.479	-1008620.268	-858585.0	-1008652.824	0.9761
-656801.134	-1030373.695	-654803.713	-1030631.429	24.4248
-807285.49	-1049727.11	-805954.77	-1050242.381	16.2246
-734158.512	-1053815.078	-734169.2	-1053825.2	0.3677
-674341.034	-1057156.147	-674324.159	-1057175.819	0.4626
-762669.225	-1039851.164	-763334.63	-1040409.66	22.2607
-667480.93	-1001337.08	-667061.9	-1000843.75	7.6879
-761057.6	-994731.297	-760994.984	-994698.074	0.7877
-770867.87	-1069625.34	-770855.944	-1069628.976	0.1385
-800201.947	-1016933.534	-801018.693	-1015691.9	17.0789
-704681.19	-1057271.49	-704508.11	-1057325.301	3.6768
-728506.95	-1073027.45	-726561.98	-1072141.25	24.4564
-807794.895	-1027397.361	-807838.519	-1027990.408	6.7262
-711034.162	-1025892.359	-710918.126	-1025929.913	2.6208
-807540.755	-1025200.449	-807658.49	-1025137.54	1.5176
-725002.733	-1065593.652	-724960.719	-1065516.106	1.9016
-742587.308	-1046018.625	-742598.169	-1046020.775	0.2214
-704510.64	-1009921.67	-705461.23	-1010278.36	19.558
-825818.437	-1025475.499	-825922.287	-1025476.985	1.154
-758683.014	-992295.674	-759610.273	-992559.043	19.7833
-736400.99	-999479.99	-735413.22	-997578.31	32.4869
-750680.81	-1076644.15	-750625.795	-1076596.379	0.8212
-671373.9	-1036765.69	-669365.819	-1036227.712	25.6499
-734107.342	-1075541.778	-735898.12	-1075663.65	22.2993
-716176.26	-1010552.6	-712227.415	-1015535.067	79.8501
-818573.03	-999187.48	-819049.11	-999147.84	9.7151
-729182.59	-1029441.25	-727808.632	-1030578.645	19.8783
-749668.16	-1075819.72	-749577.765	-1073879.55	28.3507
-812888.94	-1012511.32	-812883.77	-1012420.54	1.0119
-819154.25	-1074883.36	-819693.42	-1074553.76	12.674
-742076.679	-1057054.113	-742063.155	-1057057.881	0.2959
-849431.22	-1002496.71	-849442.97	-1002464.87	0.8108
-727029.82	-1054875.525	-727335.155	-1055066.018	7.2031
-869924.911	-1037581.435	-870010.123	-1037498.621	2.3765
-875917.834	-1018665.126	-874197.908	-1018506.375	25.1427
-763505.9	-1033868.07	-763339.8	-1034082.64	5.5668
-813432.107	-1071990.126	-813725.859	-1071652.505	8.9505
-740088.274	-1048662.678	-740263.048	-1048539.176	4.2856
-829024.303	-985564.954	-828983.675	-985529.775	0.6427
-703330.28	-1089018.46	-702989.2	-1089128.57	3.9857
-641685.442	-1075561.728	-641294.357	-1074313.305	14.8274
-825097.083	-1064708.498	-824075.44	-1066292.55	21.2353
-715946.22	-1057343.1	-715066.692	-1057435.978	9.8711
-818981.927	-1075199.379	-819154.25	-1074883.36	4.2564
-699475.68	-1000254.35	-699353.635	-999914.512	8.0739
-870636.715	-999067.61	-867678.05	-998459.66	39.6964
-797346.87	-1064462.71	-795679.997	-1064193.145	20.3003
-814806.03	-1011991.35	-816751.369	-1010628.466	37.2948
-721756.482	-1032562.996	-721976.964	-1032677.576	2.8241
-646819.494	-1068479.874	-646648.193	-1068574.051	2.172
-674573.09	-1067736.05	-673976.137	-1069265.756	18.3773
-753521.58	-1045244.16	-753503.25	-1044967.41	5.5701
-649575.23	-1031531.19	-649898.54	-1031791.11	4.61
-727815.05	-1083942.25	-729935.223	-1083577.678	33.6699
-760452.39	-1052233.11	-760611.745	-1052040.79	3.4603
-869924.911	-1037581.435	-869916.774	-1037512.068	1.6526
-764947.994	-1011560.44	-764886.883	-1011569.505	0.7086
-807022.055	-996238.78	-802539.96	-998661.72	39.9919
-718092.222	-1057709.63	-716966.12	-1059997.85	42.1586
-769111.6	-1007999.37	-768260.833	-1007314.323	12.2182
-691979.36	-989142.98	-690753.69	-988616.63	18.0877
-693617.036	-1085212.682	-693471.355	-1086672.673	25.3216
-771778.16	-1003400.94	-771139.03	-1003724.68	8.7662
-673780.16	-1046991.36	-674130.7	-1047102.27	7.5815
-693305.03	-1004407.28	-694177.33	-1002782.15	20.5344
-673863.231	-1030835.681	-673352.86	-1032759.32	23.7383
-673303.995	-1012046.221	-673103.375	-1012159.25	4.6056
-653812.476	-1023484.643	-653437.442	-1023375.294	7.8132
-690355.329	-995681.431	-690314.82	-995625.48	0.7676
-793857.24	-1066268.77	-794692.01	-1067810.067	19.6467
-847170.479	-1007441.499	-846072.799	-1007934.831	15.2255
-710920.578	-1035454.223	-711242.04	-1034382.06	23.1369
-813422.626	-1072143.35	-813320.04	-1072261.68	3.1676
-692480.86	-1046486.89	-692358.68	-1046574.8	1.7503
-677503.27	-996654.83	-680910.023	-998142.572	57.5539
-885481.877	-1015697.164	-885460.917	-1015775.731	0.9072
-657774.214	-1064956.032	-657761.727	-1064862.846	1.0448
-646257.99	-1035696.78	-645953.826	-1035165.121	7.2117
-647875.307	-1027737.863	-648220.07	-1027573.9	8.2991
-689790.54	-1015301.08	-687384.526	-1016486.276	37.2321
-678419.702	-991168.547	-678624.99	-990974.629	5.7731
-811223.903	-1036708.357	-810812.074	-1036876.588	5.0338
-696522.08	-1001091.07	-696674.938	-1001265.563	4.6397
-741735.77	-987581.701	-742927.19	-985833.76	24.2096
-704866.76	-1061699.46	-703392.676	-1059769.677	28.0507
-643499.44	-1034658.75	-641922.82	-1033394.04	23.9303
-857682.671	-1066757.76	-860889.384	-1066222.927	37.4088
-844281.09	-1007844.36	-844496.82	-1006056.77	24.8344
-744957.53	-1008093.73	-744236.42	-1009120.34	14.1267
-847289.002	-1070296.975	-847461.853	-1070382.288	2.2208
-712989.358	-1057493.433	-712627.804	-1058483.095	21.3409
-640946.109	-1062588.507	-639871.678	-1063200.061	16.1039
-874312.717	-1007284.93	-873415.431	-1004544.129	35.7945
-711292.841	-1012313.368	-711918.85	-1011810.7	8.9483
-677619.43	-1058850.1	-677505.54	-1057711.0	26.3487
-767138.17	-980622.421	-766953.473	-981111.047	8.3478
-746249.934	-999007.937	-745202.35	-996460.85	34.3131
-754771.353	-1047530.553	-754779.968	-1047520.095	0.3108
-756634.32	-999950.65	-757186.395	-999324.849	16.9668
-741081.32	-1061607.38	-741460.669	-1058925.122	36.5467
-725860.458	-1083649.246	-724274.98	-1081959.74	30.5344
-765278.81	-985166.48	-765950.851	-985926.107	11.7638
-728376.395	-1025974.213	-727802.84	-1023207.34	32.4234
-740189.09	-1055208.574	-739933.37	-1055698.36	9.3829
-822397.442	-1068849.655	-822523.291	-1068631.884	5.0852
-800110.031	-1046514.29	-800393.896	-1046174.13	5.0594
-668682.99	-1092390.839	-668640.97	-1092650.74	3.5141
-658011.731	-1080796.942	-657094.999	-1080603.56	10.8421
-687696.8	-1010183.68	-687771.26	-1010935.02	15.3203
-766913.952	-1052125.544	-768841.781	-1052658.302	22.5179
-733329.33	-1042060.1	-733405.4	-1042025.81	1.6688
-702320.32	-1009965.34	-702190.758	-1009785.457	4.451
-789709.144	-1064199.061	-789574.91	-1064106.02	1.8834
-683038.65	-1012391.7	-681800.77	-1011449.95	20.4495
-749402.86	-1012697.61	-749552.75	-1012219.86	5.5635
-801758.959	-1048034.473	-804069.414	-1048124.188	31.4643
-737520.52	-1039020.19	-737699.125	-1039070.813	4.6158
-749112.72	-1053953.78	-750796.39	-1054270.21	21.5315
-711225.74	-979518.69	-710258.205	-978109.679	25.9554
-728238.84	-1027416.73	-728376.395	-1025974.213	16.129
-794479.43	-1042272.98	-796386.26	-1042773.31	24.1105
-757206.81	-969692.0	-757309.065	-969631.656	2.838
-787374.96	-1062889.98	-786314.85	-1063861.96	17.5886
-759094.45	-1068657.76	-756880.218	-1065422.555	31.1765
-751353.632	-1060553.196	-751262.25	-1060150.06	8.833
-746258.323	-1053932.187	-746013.188	-1054135.162	6.3654
-659042.13	-1085714.88	-660644.73	-1082561.32	47.3227
-802871.193	-986653.772	-802860.579	-986687.947	0.9556
-690223.07	-997143.8	-690215.99	-997210.744	1.3502
-751459.03	-1041048.354	-751550.16	-1040812.85	5.1807
-773059.94	-1031306.33	-773146.172	-1031233.812	2.2534
-725001.818	-1067251.493	-724969.71	-1067325.084	1.7379
-873787.501	-1008866.41	-874032.452	-1008795.661	5.2552
-679247.175	-1087907.718	-680026.004	-1086237.334	22.7263
-672609.87	-1068687.87	-672661.78	-1068657.88	0.6662
-769396.62	-980211.07	-768945.24	-980157.05	4.1425
-723084.786	-984234.215	-726406.08	-983408.89	45.1156
-781250.658	-985708.254	-780519.769	-983807.611	41.561
-863828.17	-1026295.33	-862138.977	-1025229.767	24.1037
-702142.2	-1009771.98	-702192.06	-1009742.2	1.59
-644095.23	-1021816.32	-643453.965	-1020103.131	26.8184
-799287.83	-1001381.43	-802057.3	-999091.98	42.311
-708112.032	-1070038.448	-708783.763	-1071503.143	19.7598
-806461.386	-1072628.937	-806461.312	-1072615.239	0.3014
-801122.233	-1042749.785	-800845.07	-1040057.81	32.772
-885102.897	-1016857.919	-884923.621	-1017017.813	2.758
-779548.5	-1080217.57	-782291.96	-1079148.93	33.8386
-825240.835	-1064319.423	-825097.083	-1064708.498	8.3036
-864362.282	-1016657.851	-865130.137	-1016067.314	11.2378
-731693.313	-1055903.791	-731557.09	-1056137.15	5.4156
-642136.07	-1059290.71	-641830.694	-1058978.996	8.8654
-772075.41	-980658.1	-772332.79	-979864.87	10.5868
-696549.32	-1013687.83	-695212.53	-1017529.26	81.4229
-815304.577	-1028287.612	-817960.152	-1028163.25	30.9974
-737154.375	-1038631.313	-736873.15	-1038074.36	12.5145
-697845.08	-1024251.81	-697320.24	-1023642.9	11.1299
-648566.084	-1065178.916	-647915.562	-1066970.75	38.9866
-821382.33	-1027097.97	-822878.48	-1028293.28	22.7797
-734081.86	-980868.34	-731701.37	-980759.98	27.3944
-708524.63	-1046732.8	-708095.34	-1046824.52	9.2806
-779507.38	-1077682.8	-782323.51	-1079136.2	44.8615
-776666.55	-975479.07	-776457.57	-975926.16	9.886
-669109.184	-1010833.617	-668900.263	-1010304.089	6.3265
-751454.25	-1041126.938	-744488.19	-1041311.68	140.6646
-775167.6	-1015207.98	-774963.8	-1017368.62	33.3038
-784878.66	-1007574.2	-786539.735	-1007070.139	13.475
-648327.05	-1036020.26	-645846.83	-1036798.13	30.1348
-787221.94	-989369.96	-787060.19	-989261.78	3.8942
-809822.205	-1004207.396	-809767.319	-1004181.139	0.7164
-791151.273	-987552.659	-790965.977	-987948.854	8.9768
-856042.08	-1020233.6	-857821.396	-1017685.681	36.3994
-697195.262	-1038979.307	-697904.966	-1041996.604	34.8711
-742129.808	-1080899.379	-745272.24	-1081404.02	36.4606
-679399.801	-1079914.55	-679368.474	-1080256.883	3.9557
-751669.33	-1007020.21	-751695.64	-1006990.75	0.4457
-751860.75	-1007434.16	-751827.94	-1007443.5	0.3852
-763147.8	-1010545.38	-763051.01	-1010558.8	1.091
-668332.53	-1025413.37	-668306.47	-1025376.41	0.9093
-671859.83	-999802.66	-670055.86	-1000818.7	23.59
-657595.4	-1071887.45	-657418.496	-1072252.147	8.33
-718430.87	-1007597.36	-718702.93	-1008044.22	6.6897
-658954.63	-1042252.27	-660036.46	-1041105.61	18.5002
-834017.16	-1072558.02	-840004.527	-1070667.351	51.4841
-643453.965	-1020103.131	-643393.56	-1020051.71	0.8873
-824027.093	-1021446.928	-825205.903	-1022313.492	19.4903
-745098.936	-1048384.833	-749450.96	-1050111.98	57.3427
-730477.06	-1043448.93	-730506.49	-1043283.22	1.2947
-711292.841	-1012313.368	-711131.66	-1011675.56	11.9139
-741552.15	-1064581.77	-742239.83	-1065297.46	11.2155
-746585.71	-1053649.2	-749703.59	-1051448.73	32.8505
-683582.63	-994793.68	-683211.26	-994632.66	8.1224
-714104.234	-1058377.424	-713461.529	-1057701.511	10.7251
-759592.03	-1029256.06	-759835.39	-1029274.97	4.922
-779014.383	-981884.226	-778989.21	-981896.88	0.5635
-701519.75	-1012381.313	-701362.057	-1012418.346	3.2397
-788144.53	-1012423.94	-788459.966	-1013937.498	20.7068
-887784.316	-1012581.551	-889453.857	-1014761.091	33.3777
-766311.67	-980211.76	-766766.386	-980503.856	4.182
-669365.819	-1036227.712	-668782.662	-1036107.387	6.6445
-647866.94	-1037895.92	-646485.39	-1037826.33	17.7963
-644527.52	-1038188.014	-644574.533	-1038186.069	0.5264
-847461.853	-1070382.288	-857573.863	-1066733.292	86.0769
-834476.86	-1034461.395	-835436.002	-1033713.723	13.6316
-757602.79	-971436.4	-757820.929	-971443.006	2.5367
-712793.96	-1009995.02	-711918.85	-1011810.7	23.8498
-740286.062	-1067041.588	-740886.277	-1067628.7	9.9244
-710944.524	-1025605.087	-710947.454	-1025580.954	0.6268
-773039.903	-1027849.428	-773101.66	-1027226.3	7.1854
-744769.542	-981619.002	-744994.012	-981390.69	4.7089
-727802.84	-1023207.34	-728209.958	-1022949.572	9.6547
-730634.055	-1076690.313	-730242.39	-1077387.21	8.9722
-688277.3	-989840.08	-686974.19	-990374.36	17.3092
-649434.39	-1031417.11	-649575.23	-1031531.19	2.0139
-741640.709	-1042597.162	-741506.63	-1042461.87	15.9551
-667768.771	-1055949.579	-665556.808	-1056922.381	28.0186
-808621.52	-991377.83	-808471.63	-991328.41	4.9347
-778945.801	-1029679.128	-778803.67	-1029766.5	3.4884
-842414.62	-1068541.16	-842300.635	-1068760.687	2.8786
-758959.408	-996318.164	-756485.88	-996910.85	29.7997
-698814.062	-1012645.207	-698831.482	-1012630.365	0.2798
-753649.53	-976729.2	-753333.535	-979268.124	32.1561
-661522.78	-1043425.9	-661002.806	-1043241.153	6.4869
-785863.25	-1013207.41	-785849.91	-1013090.69	1.3463
-727373.78	-1001091.72	-727329.243	-1001120.375	0.5905
-761459.77	-1049754.57	-762550.42	-1050258.3	13.7304
-709859.31	-1013013.28	-709548.831	-1013318.313	5.0874
-756216.449	-1043874.105	-756259.96	-1043181.71	14.7222
-881536.443	-1014161.893	-882642.087	-1015832.189	23.2925
-640361.277	-1057046.56	-640025.74	-1055326.843	19.4726
-693806.39	-995922.48	-694006.079	-995200.362	8.8061
-693818.89	-1055083.13	-691882.63	-1055588.49	22.2581
-650947.633	-1072394.133	-652212.116	-1071839.695	15.5699
-690988.11	-1040220.55	-690126.81	-1039073.55	16.3984
-795656.41	-1004109.75	-794506.51	-1004011.49	13.042
-847235.691	-1007495.607	-848826.603	-1006137.521	24.422
-776845.82	-1057733.48	-776968.747	-1057934.746	5.3706
-833891.103	-1071345.312	-833948.712	-1071199.905	7.0764
-686476.08	-990166.38	-686512.37	-990518.63	3.9354
-671795.61	-1060828.448	-669423.182	-1060972.228	27.197
-887150.256	-1006146.517	-887155.508	-1006158.106	0.2739
-672120.642	-1089643.44	-671275.98	-1092124.2	29.5972
-791434.04	-1034401.32	-791767.762	-1034268.061	7.1906
-828657.82	-1075487.98	-829926.46	-1075626.49	14.3021
-700438.95	-1088340.9	-700441.78	-1088317.93	0.2677
-761729.69	-1057200.32	-759329.17	-1055975.42	44.2008
-819160.85	-1074892.36	-818876.91	-1074880.42	11.2971
-792028.132	-986651.745	-791823.188	-986770.938	4.8752
-697181.498	-1087404.295	-697605.124	-1088095.737	13.6526
-776022.78	-978391.97	-776164.42	-977575.59	16.8053
-682430.78	-1018853.25	-681529.022	-1022174.331	44.1675
-856995.99	-1007466.21	-856520.89	-1006898.548	15.362
-752438.699	-1038144.74	-752145.81	-1038511.65	5.2168
-671795.61	-1060828.448	-673489.357	-1059464.553	30.5327
-684053.62	-1032015.32	-683820.559	-1032132.705	3.4257
-819069.756	-999150.362	-819049.11	-999147.84	0.4539
-644522.792	-1078228.107	-643295.63	-1079918.169	34.5276
-700885.09	-1064746.32	-701583.21	-1066071.1	18.0318
-854549.78	-1038901.8	-852656.05	-1038915.62	22.1757
-752483.391	-1077454.372	-753544.297	-1078888.772	21.0006
-688698.887	-1043756.642	-687528.37	-1043792.04	13.0199
-845669.45	-1007913.1	-845775.84	-1007964.6	1.3133
-753717.24	-1030695.05	-753336.78	-1029263.22	22.9253
-764623.63	-1001464.13	-762872.288	-999971.451	28.398
-758024.031	-1040462.154	-757947.029	-1040305.397	3.5238
-854281.48	-992394.52	-854712.44	-992471.85	8.7588
-730063.5	-1083120.83	-731000.5	-1084154.49	16.4442
-734378.01	-1013701.963	-734280.716	-1013780.281	2.5191
-803594.969	-1011418.323	-803671.697	-1011987.269	6.5602
-652077.08	-1016925.91	-651393.89	-1017218.95	8.2605
-721515.93	-1016968.04	-720785.16	-1016735.96	9.3945
-779039.88	-1014928.06	-779191.24	-1014972.48	1.7875
-801452.53	-1076304.46	-802769.264	-1075821.103	16.244
-763429.67	-977100.61	-763754.5	-977158.688	6.629
-704769.23	-1071747.73	-705005.65	-1072665.03	11.175
-712046.546	-1006565.202	-712394.631	-1007056.945	12.1842
-751544.04	-1040573.99	-752070.68	-1038599.17	23.2614
-748374.24	-1028407.63	-748350.67	-1028308.63	1.1308
-710303.846	-1051630.394	-709849.16	-1052104.16	7.5129
-750021.242	-1005725.692	-750010.571	-1005717.902	0.2732
-791147.957	-1033581.961	-791139.94	-1033601.8	0.4796
-685366.11	-1014977.7	-684786.33	-1015128.74	6.8706
-653645.72	-1010375.37	-653289.56	-1010452.73	7.787
-874060.667	-995595.356	-876160.187	-992838.813	41.647
-655915.64	-1010865.18	-655262.94	-1011065.55	7.6607
-817267.198	-1072637.414	-819336.57	-1071831.53	25.0181
-659290.395	-1054466.073	-659564.47	-1054034.521	5.7971
-827877.321	-1041525.222	-828137.112	-1042932.596	16.2876
-778166.761	-980439.448	-777834.01	-980181.6	4.6774
-753550.831	-1045351.972	-753486.91	-1045306.78	0.9318
-749347.726	-1004401.908	-749350.147	-1004412.107	0.2478
-808223.01	-991554.91	-808214.44	-991501.83	1.3628
-719056.33	-1041002.22	-717595.02	-1042830.33	27.2407
-731697.787	-1086019.632	-731823.631	-1086799.071	8.9376
-670102.2	-996675.926	-671452.788	-994742.089	30.9326
-701438.597	-1012158.402	-701568.13	-1012234.63	3.0281
-763277.081	-977146.599	-761907.571	-976770.73	28.6082
-757859.17	-971476.34	-757897.741	-971877.005	4.8541
-844061.86	-1004805.8	-843965.27	-1003002.31	25.4927
-681547.55	-1054896.15	-679172.1	-1053437.78	31.8763
-766442.505	-972340.414	-765938.858	-970332.9	43.7584
-859409.09	-1043331.37	-863519.187	-1044414.338	57.2689
-745795.512	-982630.319	-746750.122	-981687.967	15.7305
-698038.13	-1031923.59	-697822.59	-1034061.34	24.5308
-734699.83	-1045946.208	-731057.466	-1050887.188	68.8497
-767180.05	-980595.401	-767241.0	-980439.39	1.9972
-678537.852	-989497.714	-678701.39	-989733.15	34.1445
-648762.2	-1029133.73	-647779.42	-1029670.83	13.1191
-755344.83	-1071368.742	-754847.44	-1070690.26	9.7127
-784379.863	-1006932.783	-784355.32	-1006965.74	0.4783
-746130.65	-999990.9	-746249.934	-999007.937	11.3443
-787208.275	-1066172.509	-788287.5	-1065353.53	18.757
-754086.46	-996755.94	-753595.4	-994051.75	31.0256
-691963.5	-1070968.111	-688454.182	-1070263.786	43.0458
-819903.121	-1026210.436	-820237.415	-1025735.818	11.8765
-705605.06	-1036556.55	-703635.862	-1037189.932	23.4755
-767399.782	-1024261.277	-767372.422	-1024243.024	0.3654
-774310.46	-1006853.04	-773879.42	-1006095.68	9.8237
-723723.65	-1036423.04	-723878.43	-1036574.34	4.3293
-658812.188	-1094158.133	-656632.919	-1092332.619	35.424
-794397.695	-1023702.711	-792498.23	-1026614.33	41.3215
-792004.99	-1012400.74	-793309.705	-1013657.208	21.2722
-832504.574	-1028511.063	-832911.048	-1027494.357	12.6061
-797706.25	-1070400.74	-797324.339	-1071693.987	16.1826
-679690.661	-1023594.594	-679069.798	-1023497.251	12.5691
-826213.02	-1052725.02	-827341.07	-1052243.08	14.6326
-778126.39	-1049842.83	-777218.53	-1048643.03	22.6934
-854740.22	-1011317.25	-854800.89	-1011123.46	4.1069
-766233.713	-972616.784	-766626.437	-972314.671	5.7371
-746339.26	-1055479.06	-746269.1	-1055406.65	2.3827
-844330.373	-1033732.859	-841667.02	-1034790.51	39.9486
-825532.634	-1016158.117	-825723.42	-1016329.95	2.9182
-727690.78	-1068634.18	-726648.74	-1068045.3	14.0534
-690475.514	-993524.549	-689507.87	-993288.37	11.136
-795330.43	-1055353.6	-793331.332	-1053364.365	36.4583
-779356.136	-988610.229	-777842.114	-985595.75	38.9697
-783086.29	-1007065.1	-783050.58	-1007080.54	0.7781
-772932.614	-1055580.24	-773333.358	-1056036.651	12.2042
-830057.621	-1024759.739	-830319.0	-1023231.16	18.4908
-743808.587	-1038480.382	-743792.838	-1038469.445	0.4738
-821898.958	-1062434.179	-822102.87	-1063625.95	14.7849
-763397.24	-977099.53	-763419.86	-977081.8	0.6953
-776622.26	-1058346.08	-773187.92	-1058004.16	41.8918
-690377.59	-997946.71	-691574.05	-997582.71	14.5221
-844514.39	-1014430.18	-842791.18	-1011168.97	56.029
-668686.058	-1026754.601	-668447.737	-1026624.005	3.0896
-770067.387	-1057302.856	-769365.932	-1057150.421	8.6836
-685241.56	-1009201.33	-684709.56	-1008697.17	8.182
-770529.093	-1053950.334	-770329.688	-1053957.625	4.0324
-661439.501	-1059459.582	-658791.001	-1060312.349	31.1826
-827434.463	-1067893.731	-828518.24	-1067452.957	13.0142
-684006.087	-995110.848	-683909.275	-995204.688	2.7097
-645490.003	-1023171.5	-645129.9	-1025038.52	22.296
-882364.974	-1021867.773	-882622.57	-1021971.004	3.1855
-731988.718	-1063624.377	-731328.11	-1065320.52	22.2946
-778348.44	-1058916.35	-778337.115	-1058982.337	0.7518
-743164.59	-1026492.03	-743875.53	-1025696.44	12.0363
-692539.763	-1058560.784	-694090.198	-1059571.054	22.9262
-725347.879	-978456.084	-725279.685	-978455.469	1.7585
-857068.072	-1034191.237	-856287.79	-1033851.59	10.5227
-730916.04	-1057545.2	-730891.19	-1057518.92	0.4442
-770815.922	-979561.149	-770547.6	-979716.0	3.4425
-670733.3	-1045837.43	-670614.25	-1045185.875	7.7808
-763664.655	-1024288.954	-762389.33	-1024817.88	15.6024
-722062.83	-1058441.364	-721949.012	-1059070.728	13.0834
-693799.008	-985409.631	-693156.931	-984249.267	27.8164
-864577.617	-1039218.412	-863895.585	-1041876.362	36.9794
-679021.72	-1023490.794	-678869.3	-1023471.75	3.1048
-680325.31	-1045859.18	-675277.496	-1046282.022	59.369
-717846.36	-1002316.8	-717811.44	-1001502.344	11.6975
-821222.81	-1072426.52	-822047.0	-1072227.13	17.2724
-817507.47	-1070601.77	-817485.111	-1070669.022	0.8738
-680276.02	-1067212.39	-680107.004	-1067418.19	5.3263
-802773.366	-977149.587	-803916.314	-975935.411	20.4016
-707917.65	-1044556.38	-708489.08	-1041820.11	37.1799
-765183.32	-1037756.4	-765168.47	-1037772.7	0.5385
-740024.072	-1032667.759	-740152.75	-1030507.52	24.0731
-880457.418	-1019613.337	-880246.238	-1019134.669	5.8595
-870321.99	-1018228.45	-870305.37	-1018279.86	0.6003
-799239.44	-973963.82	-799339.474	-973819.372	3.0225
-664351.125	-1047977.938	-664327.03	-1047880.92	1.2977
-641922.82	-1033394.04	-641391.58	-1033562.7	6.2215
-843694.07	-1002627.92	-843796.78	-1002800.22	4.0125
-736756.4	-1038537.2	-736753.35	-1038293.37	5.2959
-776968.747	-1057934.746	-777018.73	-1057926.76	1.0247
-887868.082	-1019945.383	-887892.627	-1019817.324	1.4497
-744416.2	-1077545.95	-746852.39	-1075754.27	36.7744
-811727.31	-1017339.867	-811732.45	-1017293.0	0.943
-835682.17	-1057889.6	-835477.14	-1057950.473	2.4622
-848703.204	-1010018.227	-848599.115	-1010014.034	2.1514
-653293.436	-1024341.269	-652788.52	-1024989.77	11.4823
-807377.17	-1078876.403	-807210.486	-1077866.641	34.7254
-777284.456	-996509.71	-775685.57	-995993.75	20.1949
-752209.276	-1038805.816	-751920.53	-1038841.4	6.5601
-724861.717	-1064740.481	-724827.534	-1065091.835	10.8017
-778688.11	-1011687.44	-780229.26	-1009888.51	26.5937
-749612.02	-998037.06	-749725.905	-1000535.001	28.3658
-673875.25	-1014053.5	-672642.55	-1014807.25	16.8897
-720875.398	-1063968.73	-721028.2	-1065276.8	14.7299
-661510.83	-1064983.96	-662710.47	-1064560.79	14.4971
-732788.99	-1056914.48	-733915.431	-1056541.625	23.7378
-787709.5	-1006785.75	-787391.852	-1006496.439	5.0478
-672318.158	-1012604.435	-672110.66	-1011490.64	23.1333
-663394.55	-1018058.15	-663359.46	-1018151.53	1.1115
-761435.475	-996574.575	-761471.89	-996476.41	1.1634
-802761.633	-986688.835	-802843.522	-986670.819	1.7368
-663166.08	-1058879.59	-665026.707	-1061746.48	39.1378
-672725.33	-1007905.78	-672504.88	-1008570.86	7.7853
-771307.799	-1010415.405	-775534.44	-1012209.17	57.3632
-696916.247	-991912.948	-697451.938	-991365.813	14.9684
-799418.873	-1028890.233	-799989.731	-1028725.366	11.948
-684840.14	-993780.57	-684613.46	-993964.07	5.909
-749451.37	-1033883.77	-749519.933	-1033738.228	3.2606
-761091.792	-1000899.314	-760864.513	-1000583.034	4.5215
-887834.629	-1020295.463	-887868.082	-1019945.383	3.9082
-833871.032	-1033541.857	-833920.868	-1033591.514	0.7948
-728692.032	-1060906.438	-728821.533	-1061055.103	2.2573
-817904.49	-1002212.89	-818542.134	-1001330.982	13.7432
-722238.804	-1041749.558	-722148.55	-1041869.95	5.6505
-649205.63	-1061116.033	-649180.66	-1061116.009	0.562
-772186.4	-1069039.25	-770867.87	-1069625.34	16.2692
-712893.52	-982436.991	-713295.679	-978166.798	49.7611
-783093.52	-1067530.6	-783276.82	-1068232.67	16.7559
-660725.035	-1020574.153	-661677.75	-1019517.07	20.4049
-671371.183	-1047810.527	-671933.94	-1047172.02	11.18
-867009.472	-1014018.47	-867018.375	-1013995.532	0.5529
-683503.31	-1066511.71	-683482.151	-1066506.534	0.4614
-837774.837	-994412.178	-837528.25	-994688.83	4.118
-739747.415	-1081055.814	-739659.583	-1081234.351	4.0706
-817960.152	-1028163.25	-814454.41	-1025832.225	54.1064
-734833.8	-1053003.25	-734045.773	-1053350.17	17.2316
-742912.944	-1026773.713	-742907.985	-1026755.457	0.4212
-789709.144	-1064199.061	-789839.955	-1064168.588	1.8085
-768977.62	-1034588.88	-769100.28	-1034464.36	1.952
-772487.21	-1006107.28	-772148.64	-1005443.07	8.3985
-671452.788	-994742.089	-671429.964	-994727.192	0.6112
-769163.84	-1004787.03	-769146.62	-1004870.94	0.9808
-669510.703	-1044432.663	-671719.93	-1041676.199	42.4567
-740955.439	-1048852.577	-740947.378	-1048931.179	1.6257
-744457.86	-1048976.82	-744067.25	-1049103.77	8.7398
-711784.0	-1064749.93	-711393.28	-1065750.8	12.739
-773348.35	-978281.86	-773690.064	-977974.951	9.2313
-813337.29	-1072126.97	-812660.89	-1072249.56	18.1293
-650963.85	-1089493.64	-651460.323	-1090112.656	9.7017
-753237.843	-981234.533	-752687.05	-982562.7	17.0173
-756029.13	-1036151.93	-756325.51	-1036183.84	6.1702
-644786.662	-1049401.287	-645008.33	-1049648.67	6.744
-651397.732	-1057855.359	-651301.86	-1057897.46	2.104
-754805.789	-981132.737	-754777.421	-980689.617	5.3497
-777297.98	-1013203.73	-779039.88	-1014928.06	28.7122
-788859.04	-1062251.69	-788217.74	-1063335.14	17.3578
-721544.88	-1026313.21	-720584.34	-1026957.95	15.0079
-679435.957	-1037621.039	-678883.548	-1033468.819	50.9267
-821804.609	-1066679.277	-820566.613	-1067436.695	16.4245
-726703.865	-1086219.003	-725289.41	-1085667.7	17.7074
-649269.754	-1061986.387	-648184.802	-1063849.961	24.8456
-759048.524	-1047938.092	-759026.545	-1047924.626	0.7473
-655865.063	-1048396.514	-655104.85	-1047159.706	30.1833
-815759.271	-1031571.235	-815722.086	-1031559.484	0.4463
-768249.083	-1007290.14	-766569.98	-1006757.01	19.7167
-840433.73	-1018874.53	-839036.637	-1018937.763	15.6766
-788632.81	-979612.71	-789012.52	-981479.23	26.3143
-712117.51	-1071221.702	-710956.923	-1075870.449	70.3797
-760061.61	-1045933.24	-760199.36	-1045401.17	11.1355
-642862.219	-1071659.45	-642906.509	-1071913.977	5.3914
-684524.76	-993875.02	-684470.02	-993800.9	1.8432
-671637.894	-1028205.686	-668686.058	-1026754.601	37.7978
-665277.647	-1035791.801	-664834.165	-1035894.813	9.1633
-726644.58	-1011861.32	-727207.25	-1013923.12	24.6099
-778533.64	-996703.6	-777284.456	-996509.71	25.5595
-730328.32	-1041089.88	-731099.497	-1041271.31	6.0948
-692215.46	-998369.85	-692271.29	-998306.92	1.2887
-768913.823	-991587.479	-769898.37	-991447.69	11.1073
-700513.57	-1049666.632	-700205.53	-1049396.229	8.4351
-834368.509	-984071.789	-834379.642	-987116.702	35.5856
-671513.114	-994230.191	-671529.156	-994215.846	0.4807
-740469.115	-1063777.416	-740446.603	-1063779.451	0.5258
-758984.96	-1060306.05	-759651.247	-1059692.039	20.4999
-767978.65	-1046123.455	-767759.019	-1045524.815	14.2126
-696311.254	-1045338.548	-696152.46	-1045284.59	1.9533
-751869.49	-1007496.09	-751827.94	-1007443.5	0.7928
-724949.56	-1079714.09	-725756.82	-1080639.05	19.576
-688460.23	-1057346.561	-687707.323	-1057595.839	16.2014
-679845.96	-1010291.61	-679748.9	-1010316.53	1.1142
-726406.08	-983408.89	-726336.23	-981775.91	18.3626
-820159.666	-1026203.015	-819959.831	-1026300.162	4.4514
-735845.84	-1031792.66	-735859.82	-1031839.76	0.9826
-698057.21	-1068369.48	-696105.69	-1068556.318	21.8592
-714141.655	-1058451.069	-714104.234	-1058377.424	0.9193
-824133.78	-1076090.16	-824204.8	-1076334.16	2.3119
-866877.057	-1038926.835	-869144.766	-1038281.722	34.3929
-811490.408	-1036375.623	-812219.241	-1036962.531	12.4911
-766165.82	-991342.19	-766624.0	-992178.92	12.6536
-680469.593	-1048668.601	-680697.38	-1050051.66	16.109
-729538.036	-1058695.777	-728835.734	-1061059.869	39.4065
-834410.647	-1056690.533	-833691.9	-1057019.08	8.781
-685770.02	-1039929.89	-685239.92	-1038361.6	18.5087
-790958.663	-987876.982	-791120.757	-987839.057	4.1976
-775491.055	-988500.27	-774654.557	-988981.697	11.0098
-720584.34	-1026957.95	-720536.65	-1026893.42	0.8923
-672280.13	-1014291.26	-672388.42	-1014268.33	2.3829
-684561.603	-994651.643	-684501.01	-994670.16	1.2675
-701874.05	-1068123.94	-700619.652	-1070088.575	27.2896
-722762.63	-1039605.41	-722543.63	-1041395.05	20.3755
-683163.78	-1018221.69	-682468.58	-1018683.79	18.5443
-724274.98	-1081959.74	-723603.11	-1082662.2	10.8295
-808585.606	-991258.913	-809318.62	-991774.95	20.8122
-697691.297	-1074154.362	-697287.6	-1072560.2	19.9389
-648187.866	-1058462.408	-648316.398	-1058421.523	2.7023
-686233.544	-986734.857	-685814.433	-987154.905	21.3591
-857821.396	-1017685.681	-858726.45	-1014810.57	37.6092
-783892.43	-1065270.8	-784199.89	-1065298.81	6.2087
-762182.323	-1026283.08	-762082.323	-1026352.017	2.5997
-712989.358	-1057493.433	-712180.97	-1055894.97	26.3435
-734814.96	-1045808.9	-734905.92	-1045834.99	1.8926
-729082.113	-1079284.231	-729458.7	-1079294.71	7.6354
-752512.984	-999850.382	-750766.055	-999807.791	20.3535
-646202.371	-1042722.936	-646065.072	-1042716.985	2.7486
-829353.772	-1063700.731	-828296.695	-1062804.135	15.4954
-707313.21	-1045782.24	-706426.48	-1046260.97	20.613
-793254.17	-1060405.44	-793599.0	-1059065.25	16.0572
-724027.895	-1056719.96	-724124.816	-1055002.765	19.6651
-724834.911	-1066867.274	-724755.096	-1067022.753	3.743
-733956.33	-1056531.734	-733936.866	-1056558.047	0.7515
-670217.063	-1047532.375	-670314.0	-1047546.5	1.1141
-864394.36	-1003404.61	-864774.35	-1003903.54	7.3473
-793617.229	-1013482.027	-794368.184	-1015294.909	26.9908
-668010.81	-1059402.08	-667943.849	-1059113.16	5.932
-698316.327	-1057860.241	-696713.71	-1058468.95	19.9045
-685239.92	-1038361.6	-683695.85	-1039039.86	20.7736
-721040.362	-1008710.019	-720921.3	-1011698.64	37.9105
-683855.99	-995313.98	-683530.17	-995952.62	15.2459
-836341.28	-1052408.963	-838827.113	-1054159.279	37.8853
-719510.87	-1030611.7	-719394.39	-1030514.14	1.1688
-642347.908	-1024567.607	-641514.061	-1025133.864	11.4295
-775900.9	-1024307.4	-772978.669	-1026497.713	41.4081
-792083.93	-1041155.31	-790480.61	-1040594.07	21.0111
-722238.651	-1041371.728	-722260.469	-1041371.975	0.3072
-739943.73	-986995.68	-738672.355	-985890.635	19.5127
-657349.62	-1014170.84	-656533.551	-1015712.533	20.2339
-848962.91	-1010196.535	-849099.645	-1010295.279	3.3734
-649184.804	-1019796.781	-649092.16	-1019581.26	4.7674
-813328.04	-1072109.909	-813304.15	-1072027.89	2.1524
-813304.15	-1072027.89	-813432.107	-1071990.126	2.7622
-684461.282	-994562.374	-684449.59	-994630.45	1.3816
-830987.48	-1056665.92	-829560.729	-1055503.286	24.6695
-791151.273	-987552.659	-791139.186	-987833.018	5.6134
-760534.93	-1044665.63	-759754.722	-1044467.336	16.9343
-731430.45	-1042100.23	-731518.85	-1042053.79	2.0837
-741289.93	-1026954.677	-740777.512	-1027762.545	23.4441
-780539.67	-1031900.51	-780777.03	-1031469.54	10.453
-775090.288	-1043059.483	-775083.88	-1043492.9	5.486
-751809.984	-1007105.322	-751669.33	-1007020.21	3.1438
-712882.343	-1049711.431	-713077.96	-1050386.75	7.9593
-706035.183	-1064141.522	-706057.394	-1063749.005	4.4017
-762693.647	-984241.129	-760694.235	-976579.692	123.6005
-748350.67	-1028308.63	-748577.42	-1028355.95	2.6106
-649587.99	-1028680.93	-649004.93	-1028340.18	7.7534
-753061.938	-983354.114	-752487.759	-983603.229	7.6903
-783879.003	-1065274.767	-783506.85	-1065494.96	13.0041
-745026.82	-1016248.9	-744064.938	-1015927.5	11.316
-765908.844	-1020150.942	-764527.141	-1019209.479	20.2227
-674393.059	-1065501.458	-675859.917	-1064273.924	22.8148
-641152.528	-1043280.12	-641872.24	-1042982.81	15.6064
-686629.83	-993525.39	-686232.83	-993436.49	8.2182
-770275.01	-1015936.58	-770619.171	-1014914.305	21.9741
-689284.25	-1086917.92	-690297.65	-1084598.126	32.8295
-753877.31	-1045785.8	-754159.21	-1045757.76	5.667
-760199.36	-1045401.17	-763094.49	-1046333.55	38.4438
-723198.334	-1054619.074	-722362.624	-1054556.009	19.1543
-724861.717	-1064740.481	-724973.922	-1064515.522	5.0369
-699220.65	-1048191.68	-697501.77	-1048576.23	21.3315
-646458.253	-1071655.82	-646191.925	-1074020.369	30.7185
-662928.31	-1011069.52	-663479.48	-1012953.12	23.8312
-697501.77	-1048576.23	-696673.394	-1049950.353	18.1734
-794620.463	-986556.358	-794639.386	-986543.904	0.2557
-737610.085	-1050865.03	-737569.788	-1050917.766	1.3998
-652577.566	-1044757.953	-651058.82	-1044615.54	16.9491
-754572.88	-1035795.06	-754661.9	-1035714.99	2.3946
-691592.123	-1088514.346	-692074.383	-1089342.636	12.5517
-765441.28	-1054104.82	-765177.23	-1054586.34	10.3769
-767662.53	-981154.36	-767520.721	-980927.126	3.2965
-783166.92	-1041604.48	-783399.77	-1041476.55	3.0501
-671577.98	-1006391.83	-673712.95	-1006603.35	31.7589
-684797.95	-1052891.12	-682471.77	-1053166.07	33.5844
-672330.296	-1012608.536	-672313.263	-1012618.788	0.6206
-762615.35	-1026263.42	-765780.46	-1025889.75	36.6771
-818528.084	-1013301.356	-816506.95	-1014116.78	25.4216
-681287.93	-1064461.518	-681177.192	-1064854.617	8.1919
-793087.077	-1064377.439	-792756.27	-1064989.56	7.7312
-778935.19	-972928.14	-778570.39	-973306.93	10.6548
-803996.26	-1040348.68	-804089.498	-1040368.845	1.9081
-797059.03	-1075094.57	-800877.604	-1076633.122	45.8521
-727842.643	-1040415.929	-727871.94	-1040503.61	1.1727
-788623.02	-1030555.81	-785885.74	-1031657.91	33.6974
-766131.31	-972965.24	-763739.683	-972846.408	36.0044
-763017.75	-1036763.431	-763002.36	-1036772.169	0.3928
-776091.86	-974206.31	-775193.89	-971812.77	37.0827
-864282.1	-1014847.23	-864273.56	-1014862.79	0.3612
-748452.384	-1025120.881	-748448.468	-1025141.783	0.5537
-685788.91	-993690.74	-685163.84	-994354.035	18.2387
-823938.6	-1021455.54	-822338.15	-1022359.13	22.9616
-708245.433	-1051580.466	-706833.082	-1051923.937	16.1505
-679690.661	-1023594.594	-679181.045	-1024007.542	14.0012
-865134.846	-1016050.066	-865156.072	-1016055.06	0.4908
-791084.48	-1070616.5	-791820.142	-1069886.402	12.4508
-709961.951	-1000727.635	-709955.586	-1000746.529	0.4864
-726406.08	-983408.89	-726875.0	-983234.71	10.0647
-673551.919	-1051826.761	-671985.3	-1052255.57	19.9936
-671885.08	-1064660.9	-671049.521	-1063972.753	12.0278
-763676.81	-1040275.56	-765682.58	-1040663.16	23.4439
-839305.924	-1006682.998	-840443.48	-1008932.252	43.0097
-685046.02	-1064092.0	-684496.2	-1065703.32	21.4551
-822967.682	-1019635.13	-823979.73	-1021365.602	28.767
-807543.937	-1052574.329	-807534.432	-1051274.618	20.8368
-656919.63	-1022278.57	-655730.76	-1022583.71	13.6379
-710708.604	-1038545.761	-710457.607	-1037049.321	19.9949
-733977.418	-1063555.082	-733491.88	-1064878.34	29.2785
-824131.87	-1074814.98	-824213.47	-1074941.09	3.095
-819903.121	-1026210.436	-819898.98	-1026230.286	0.4496
-734193.531	-1013919.492	-734206.583	-1013901.0	0.5883
-814978.285	-1036787.302	-816857.025	-1037346.024	22.2922
-737685.69	-1039179.09	-737541.16	-1039218.5	3.5932
-753877.31	-1045785.8	-753832.63	-1045767.94	7.1348
-759193.81	-1068765.22	-759094.45	-1068657.76	1.126
-732103.646	-1040876.88	-732174.09	-1040922.07	1.9998
-673068.91	-1012409.4	-672388.42	-1014268.33	39.6237
-697829.1	-1037717.32	-703661.58	-1035118.35	82.7488
-640946.109	-1062588.507	-639868.257	-1061814.335	17.5536
-787825.85	-1055724.62	-787808.86	-1055696.75	0.3627
-821554.948	-1048307.873	-822395.39	-1047256.619	15.3023
-819585.6	-1075741.06	-819582.875	-1075697.375	0.8756
-654593.16	-1030291.35	-654577.54	-1028792.8	16.9292
-836190.341	-989605.311	-835547.209	-989951.865	8.1613
-734545.897	-1065441.216	-734562.596	-1065442.796	0.4021
-708293.082	-1060819.934	-705984.986	-1061501.398	29.2831
-751871.27	-970107.79	-752232.22	-969283.74	10.1496
-649269.754	-1061986.387	-649281.375	-1061840.834	2.9244
-810583.34	-992016.14	-810544.373	-991914.911	1.2379
-662979.82	-1024072.22	-666994.063	-1025462.897	49.7317
-689587.82	-1046577.01	-681256.73	-1047284.67	64.9795
-873249.245	-998338.337	-870636.715	-999067.61	48.0337
-654577.54	-1028792.8	-653720.94	-1027087.75	22.5113
-678506.4	-991606.16	-678787.092	-991793.835	7.3786
-840673.835	-1019472.426	-840762.94	-1019368.88	1.519
-849463.51	-1002474.76	-850259.53	-1002106.96	11.6521
-744769.542	-981619.002	-744514.179	-981522.01	3.0766
-846637.22	-1002556.99	-849431.22	-1002496.71	32.4351
-760915.44	-974214.23	-762038.22	-973337.892	32.6123
-870321.99	-1018228.45	-870282.98	-1018113.91	1.4556
-671278.77	-994714.42	-671005.31	-994697.86	5.6247
-734496.32	-1045714.14	-734814.96	-1045808.9	6.6494
-876194.256	-1021323.626	-876206.304	-1021352.709	0.5557
-776058.3	-1081472.38	-776988.913	-1082022.756	12.3825
-749757.62	-969018.038	-749732.38	-969641.23	29.706
-720456.84	-1007740.75	-722663.507	-1006396.818	29.8681
-717194.195	-992150.664	-712873.971	-983396.929	143.2114
-754829.201	-1002021.875	-754781.524	-1001917.383	2.3121
-844027.15	-1005078.51	-844061.86	-1004805.8	3.1205
-750159.616	-1005373.797	-750027.08	-1005696.608	7.0687
-755058.7	-975070.59	-755040.592	-975073.73	0.3676
-810720.961	-991913.489	-810817.74	-991978.05	1.2969
-736840.53	-1036757.31	-736901.18	-1036837.1	2.419
-883757.002	-1021715.412	-884024.5	-1021641.205	2.1355
-662884.858	-1058858.485	-662781.884	-1058976.87	3.1976
-649422.742	-1074287.048	-648563.304	-1072847.197	19.3766
-729193.276	-1078529.174	-729076.19	-1078660.54	3.52
-756970.51	-990925.64	-757868.95	-991072.94	10.5407
-699352.38	-1057446.86	-698316.327	-1057860.241	12.455
-658077.11	-1064149.39	-658424.33	-1064450.19	5.1122
-721748.38	-1020079.11	-719856.982	-1019559.838	22.8243
-789194.89	-990872.61	-790800.756	-991445.291	21.2718
-760105.85	-976644.44	-760108.1	-976669.03	0.556
-721637.41	-1032819.07	-720771.59	-1032714.03	10.8883
-814392.773	-988063.794	-814420.08	-988131.19	0.8098
-720968.998	-1063674.369	-724167.957	-1062240.114	44.3693
-724498.258	-1009402.075	-724028.92	-1008873.53	8.0452
-735710.187	-1060683.266	-734739.342	-1062149.316	35.168
-804456.578	-996470.834	-805117.21	-995960.29	9.2956
-759059.365	-1033686.955	-758157.58	-1033374.13	19.9688
-682872.293	-1084756.083	-684821.8	-1085771.56	24.8797
-822873.489	-1066841.354	-822661.746	-1066512.685	7.9622
-709705.91	-1006779.335	-711236.63	-1008487.29	27.8034
-873737.772	-1034144.285	-873308.551	-1034078.501	5.2591
-727468.18	-1079410.892	-726218.61	-1080047.54	15.7684
-671637.894	-1028205.686	-671688.297	-1026646.767	19.6908
-752443.436	-1076156.027	-752764.758	-1074806.328	18.8647
-776714.575	-1034383.209	-776024.673	-1034689.134	15.6606
-859385.752	-1012800.02	-859400.19	-1012778.21	0.5625
-735287.43	-1013267.253	-735273.672	-1013274.098	0.3236
-772331.46	-975915.98	-773051.556	-976619.588	12.053
-682733.8	-992511.93	-681811.95	-992763.23	12.3273
-666069.34	-1063029.08	-666672.44	-1064648.55	20.0478
-842262.662	-1075218.253	-842414.01	-1074804.08	18.5346
-742671.88	-1024956.35	-742974.16	-1024658.35	8.4898
-759204.415	-1047672.559	-759115.936	-1047712.004	2.18
-822454.91	-1068924.56	-822504.08	-1069162.85	4.878
-757914.398	-1010094.6	-757499.79	-1009071.74	12.7612
-686017.889	-1029556.394	-685851.715	-1028328.107	20.3444
-760837.709	-976497.676	-761907.571	-976770.73	23.1601
-831965.824	-1053225.374	-831776.45	-1054223.17	12.2556
-758581.22	-1047649.45	-758594.475	-1047655.138	0.2885
-767901.68	-991457.23	-768394.55	-991513.293	5.5214
-703487.682	-1089002.434	-703394.236	-1088879.85	2.0025
-794059.78	-1036805.73	-794052.3	-1037127.69	7.9358
-761127.644	-1026146.311	-761924.936	-1026064.781	16.9619
-763471.794	-1006320.508	-762595.339	-1007603.092	18.1439
-727274.83	-995905.14	-728569.701	-998103.382	39.5182
-678908.429	-1075980.569	-678712.55	-1076488.263	8.1387
-728535.537	-1060780.282	-728499.427	-1060787.66	0.5443
-698173.226	-1023945.333	-697845.08	-1024251.81	5.8136
-832980.335	-1031827.115	-833871.032	-1033541.857	23.2712
-746310.913	-1054405.049	-746302.213	-1054356.205	1.1684
-686455.58	-1070686.79	-685492.765	-1070729.299	19.9204
-805549.61	-989198.8	-805540.33	-989168.23	0.7058
-849442.97	-1002464.87	-849059.247	-1002323.581	9.3845
-848408.57	-1042630.07	-850202.22	-1042068.29	21.7386
-662884.858	-1058858.485	-662887.259	-1058841.278	0.3653
-770141.46	-995998.32	-770554.816	-995687.17	6.1119
-679368.474	-1080256.883	-680185.978	-1081430.417	16.6228
-807106.486	-1046978.31	-807229.254	-1046838.007	2.1218
-806168.665	-1048980.607	-805954.77	-1050242.381	16.1099
-741660.881	-1042081.992	-741534.32	-1042066.38	2.6523
-686740.46	-994862.24	-685150.668	-994403.704	19.2854
-844032.088	-1007884.776	-844281.09	-1007844.36	2.8435
-645235.552	-1071608.008	-645058.102	-1074054.935	27.7162
-770529.093	-1053950.334	-769866.22	-1053817.49	13.5243
-806104.28	-1026783.59	-807540.755	-1025200.449	27.7651
-807695.027	-990255.374	-807705.007	-990364.568	2.1931
-751004.0	-1032435.41	-752520.607	-1031148.814	23.358
-667274.31	-1019346.6	-665865.27	-1019289.8	16.4487
-728572.896	-1056069.171	-728066.664	-1055965.989	10.4588
-682106.05	-1000197.06	-684308.453	-1001173.117	28.5667
-774616.967	-985471.357	-773501.44	-983276.18	34.7305
-657244.75	-1069515.51	-659261.68	-1070362.596	26.6634
-777860.26	-1054906.91	-773612.74	-1055153.42	49.4993
-768875.26	-1035702.9	-769898.313	-1034656.295	16.3762
-655607.26	-1048587.63	-655919.27	-1048562.33	6.2609
-833895.713	-1071419.942	-833891.103	-1071345.312	1.4954
-787548.72	-1001738.92	-787331.17	-1001536.79	3.5087
-758696.918	-1082084.258	-761348.047	-1083662.227	39.324
-819266.67	-1065155.974	-818268.597	-1063461.526	40.1942
-802994.8	-998275.28	-806734.91	-996474.84	32.5373
-701868.37	-1027853.58	-701864.5	-1027910.07	1.1483
-694245.25	-1043998.03	-695063.902	-1044379.414	11.9897
-757855.65	-1040223.969	-757895.356	-1040240.583	1.4045
-736756.4	-1038537.2	-736792.043	-1038448.971	1.9032
-724027.895	-1056719.96	-721927.56	-1056816.23	23.5684
-738992.52	-1040311.04	-739011.19	-1040229.08	1.8269
-753368.02	-1048765.39	-752685.024	-1049177.554	16.3049
-721098.21	-1003558.97	-719334.593	-1002927.581	35.7045
-782537.63	-996970.15	-782560.4	-996870.19	1.1424
-792360.12	-979425.55	-792388.063	-978534.122	19.336
-796566.87	-1057287.99	-796789.29	-1057104.37	3.2182
-817507.47	-1070601.77	-817446.39	-1070558.94	0.8599
-748101.88	-1037194.88	-748079.4	-1036770.72	8.6842
-757104.465	-1047060.626	-757066.295	-1047375.812	6.3715
-825439.162	-1058892.314	-825412.87	-1058791.226	1.1732
-856520.89	-1006898.548	-855539.19	-1006492.17	13.0857
-799539.621	-1015762.067	-799184.546	-1015725.715	3.967
-808494.3	-991275.362	-808569.944	-991227.261	1.8156
-801385.012	-1015485.742	-802459.515	-1014326.771	18.2398
-687479.09	-993081.86	-686268.84	-993149.63	14.7426
-647874.46	-1024284.84	-648133.96	-1022872.9	17.1655
-808708.01	-1000773.94	-808747.18	-1000847.45	0.9289
-761277.9	-1014712.0	-764877.03	-1012008.11	53.7041
-807693.375	-990365.75	-807685.43	-990267.62	1.9691
-739888.968	-1002305.712	-738357.946	-1002921.565	19.2682
-640758.72	-1069107.283	-640719.926	-1069143.105	0.5942
-719950.183	-1075713.04	-719914.46	-1077603.56	22.7963
-759083.146	-1033695.525	-760541.54	-1033838.85	16.2994
-755485.379	-999853.998	-755287.16	-999432.24	5.178
-736357.408	-1013749.458	-735287.43	-1013267.253	13.2348
-872964.69	-1040529.927	-872985.395	-1040333.041	2.3007
-662315.36	-1062090.09	-662711.63	-1062787.7	8.9586
-781523.51	-986006.68	-781520.077	-985990.071	0.3844
-746312.16	-1007135.22	-749257.29	-1010057.03	48.2743
-831771.87	-1022224.438	-835207.3	-1018503.79	64.3527
-728957.97	-973977.14	-728374.028	-974653.538	18.8257
-736772.874	-1032130.157	-735842.58	-1031440.26	24.4793
-671635.205	-1028230.794	-671637.894	-1028205.686	0.2806
-748849.49	-1028560.0	-749710.96	-1029340.97	13.5479
-738706.48	-1049145.221	-739066.942	-1048837.079	9.6346
-645440.32	-1052446.23	-645349.0	-1052717.95	3.3589
-870305.37	-1018279.86	-871707.33	-1019437.94	20.5621
-703712.723	-1072042.225	-702499.68	-1071902.7	13.6119
-773630.64	-1042294.64	-775090.288	-1043059.483	19.2047
-744980.439	-1059935.492	-745013.89	-1059962.63	0.8902
-736451.301	-1053655.277	-734902.885	-1053869.137	23.8867
-760827.86	-1070429.44	-759193.81	-1068765.22	17.9411
-771713.29	-1060382.695	-775933.69	-1060078.05	52.1378
-821932.121	-1008583.691	-822782.768	-1008835.327	11.2191
-778347.63	-979882.5	-779107.83	-979354.97	10.4834
-641612.66	-1058444.85	-641363.693	-1058245.202	6.4825
-729254.18	-990785.76	-729412.166	-990629.707	2.4678
-709080.19	-1051104.7	-708693.97	-1050118.96	12.1147
-744834.87	-1048200.68	-744585.4	-1048128.72	6.575
-652244.35	-1047484.7	-651500.9	-1047732.53	8.9745
-809815.994	-1032117.026	-810055.65	-1032263.64	6.1019
-783892.43	-1065270.8	-783879.003	-1065274.767	0.303
-677815.19	-1005964.39	-676726.07	-1006264.05	13.1589
-680447.44	-1045990.77	-681517.925	-1046005.473	12.567
-712609.04	-1040467.46	-711988.708	-1040692.742	7.3337
-767751.402	-973554.333	-766952.821	-971853.213	21.9208
-676085.508	-1076208.404	-675081.441	-1076381.104	20.8899
-769365.932	-1057150.421	-769427.816	-1056808.768	3.9061
-867749.501	-1015704.146	-867786.715	-1015660.673	1.1566
-853349.944	-1018427.34	-852947.58	-1019297.82	10.9583
-727438.719	-1062037.833	-727980.95	-1063807.84	22.7695
-826644.106	-1068543.16	-826525.574	-1068523.626	2.5668
-806550.624	-1067938.374	-805352.02	-1065256.11	36.183
-814934.646	-1044042.706	-815590.582	-1043950.418	7.387
-770329.688	-1053957.625	-770118.517	-1053941.916	4.4391
-657232.552	-1083432.596	-655546.801	-1084139.926	21.7492
-864779.652	-1012961.45	-860534.036	-1012923.266	51.0837
-732679.47	-1019169.05	-732551.005	-1019593.952	4.9384
-749519.933	-1033738.228	-748260.33	-1030616.4	37.9442
-836451.432	-1060362.732	-837870.45	-1059772.66	20.1152
-791576.552	-1052055.955	-790558.92	-1052852.39	19.4685
-674394.04	-1072998.88	-671829.67	-1073691.16	30.7302
-825805.007	-1025488.474	-825792.196	-1025475.053	0.2295
-697689.67	-1035007.89	-697549.715	-1035832.866	9.3289
-707477.85	-1021377.78	-707460.34	-1021447.15	1.5904
-706198.54	-1077282.85	-708187.83	-1075244.96	36.9256
-736940.38	-981618.48	-736406.053	-979182.316	33.6582
-869144.766	-1038281.722	-869154.819	-1038271.982	0.2985
-686841.974	-1066086.179	-688661.205	-1067992.973	35.9187
-819306.997	-979429.212	-819634.076	-980184.852	9.6782
-766553.95	-1001801.89	-769163.84	-1004787.03	54.7629
-648235.47	-1048205.59	-648723.39	-1048117.65	8.473
-644666.797	-1038327.29	-644757.665	-1038531.886	2.5088
-755368.419	-983684.174	-754170.984	-982983.49	19.7326
-737031.576	-1036244.314	-737108.71	-1036116.39	2.988
-648191.705	-1058473.464	-648175.388	-1058490.263	0.5155
-819395.745	-1076687.44	-819326.668	-1076797.521	1.4485
-798540.66	-1052815.28	-799258.634	-1051882.75	15.72
-750218.82	-984501.81	-750834.33	-987847.39	41.0563
-807518.2	-1026112.45	-807573.92	-1026105.01	0.6246
-778176.07	-980434.35	-778981.648	-981746.448	17.2148
-801945.574	-1007922.918	-801952.175	-1007904.1	0.4252
-652439.7	-1021371.68	-651926.66	-1019772.51	18.9653
-799539.621	-1015762.067	-801018.693	-1015691.9	17.6156
-667434.36	-1033768.44	-667352.5	-1033680.38	1.3378
-703340.707	-1054249.386	-701143.14	-1055185.74	46.9143
-806265.291	-1006396.704	-806118.682	-1006432.464	1.6768
-803916.975	-1076948.765	-803529.555	-1076977.362	7.8572
-663151.45	-1062627.46	-663449.618	-1063010.571	5.4444
-784803.47	-976863.43	-785138.66	-976815.94	6.7926
-704031.14	-1018885.86	-703972.47	-1019132.76	2.8296
-640478.578	-1043279.784	-640439.987	-1043269.29	0.801
-867026.756	-1014027.188	-867009.472	-1014018.47	0.4135
-772331.46	-975915.98	-770981.026	-975646.851	17.8795
-748452.384	-1025120.881	-748538.162	-1024960.596	3.676
-673305.6	-1012192.39	-673115.251	-1012235.584	4.8959
-767069.968	-980582.558	-768947.8	-980146.02	19.1369
-714147.66	-1008924.75	-716176.26	-1010552.6	30.9229
-762967.238	-980983.02	-760789.082	-981676.851	26.4083
-768364.62	-1028106.61	-768419.55	-1028090.41	1.1678
-676554.965	-1070748.307	-676572.772	-1070747.448	0.4041
-748241.04	-1061951.15	-747394.36	-1062818.558	24.7783
-639895.831	-1072983.534	-640286.278	-1073530.947	13.5636
-649218.969	-1061762.193	-649306.272	-1061680.99	2.6377
-745949.483	-1053736.759	-745920.493	-1052837.899	18.6372
-757974.56	-1037895.78	-757611.17	-1038996.82	23.4544
-669370.36	-996831.38	-667752.29	-998041.55	25.225
-752443.436	-1076156.027	-752530.639	-1077247.698	12.3603
-645989.413	-1043086.399	-646799.388	-1046277.294	25.7511
-751792.832	-975676.789	-752416.495	-974195.927	25.9232
-697255.32	-994348.55	-697377.527	-992277.531	26.9616
-874899.514	-1042898.616	-872964.69	-1040529.927	51.0565
-687757.878	-1028419.984	-686711.637	-1026428.942	35.7466
-823979.73	-1021365.602	-824027.093	-1021446.928	1.0799
-772442.814	-1059091.704	-773044.12	-1058324.22	22.1471
-751554.57	-1040574.17	-751597.63	-1041115.54	10.873
-756891.0	-1048656.43	-757158.87	-1048627.57	5.453
-820018.496	-1026412.247	-820436.579	-1026745.197	12.0761
-671824.35	-1045084.65	-672068.23	-1045290.33	3.5853
-741134.66	-969869.5	-740409.45	-969865.07	14.8667
-738444.54	-998239.718	-738923.023	-995382.748	34.442
-702967.37	-1037506.31	-703313.938	-1039568.727	25.2625
-788680.01	-1023327.75	-785977.28	-1023470.17	32.1044
-796386.26	-1042773.31	-797092.49	-1041981.24	14.346
-712407.94	-1019209.31	-712210.494	-1019124.038	4.4094
-642906.509	-1071913.977	-643351.07	-1073096.02	14.9815
-764710.12	-992464.87	-764187.59	-993195.93	10.306
-674130.7	-1047102.27	-674628.351	-1047374.36	6.302
-748866.98	-1053876.95	-749112.72	-1053953.78	5.2887
-660750.09	-1001499.58	-659867.64	-1000480.32	15.9509
-664716.84	-1041425.61	-662439.277	-1040682.025	30.3368
-646638.17	-1025843.13	-646776.35	-1025601.62	3.0927
-805653.795	-1009801.114	-804998.523	-1009348.06	9.5303
-752441.0	-1048737.125	-752384.46	-1048708.75	1.328
-658870.681	-1093727.726	-658812.188	-1094158.133	4.8829
-826717.326	-1029086.403	-828416.25	-1029164.0	20.1066
-770330.57	-1029140.02	-770573.97	-1029676.31	6.8965
-853804.223	-995401.259	-854281.48	-992394.52	36.1655
-851233.618	-1039149.899	-847683.183	-1038675.318	53.6543
-670142.063	-1047849.688	-670250.125	-1047850.25	1.2547
-658870.681	-1093727.726	-658728.705	-1091432.642	26.2258
-648841.5	-1058041.29	-648889.325	-1058112.566	1.7224
-815771.685	-1067602.218	-814421.534	-1067757.618	15.1427
-664806.557	-1035882.905	-664834.165	-1035894.813	0.6696
-726218.61	-1080047.54	-725756.82	-1080639.05	8.4079
-667418.895	-1078112.421	-665620.22	-1081677.52	46.3287
-761129.02	-1053513.23	-759343.85	-1055717.92	37.2341
-852839.972	-1010562.394	-853021.11	-1010598.78	3.7051
-763094.49	-1046333.55	-763337.111	-1048754.536	32.293
-685192.968	-993757.56	-685269.238	-993743.812	1.7971
-792498.23	-1026614.33	-794339.238	-1026365.099	20.8402
-758638.51	-1013428.37	-758651.08	-1013410.21	0.2486
-860160.79	-1029930.809	-858523.894	-1030182.818	31.4854
-817960.152	-1028163.25	-818778.245	-1027828.678	9.8708
-721620.81	-1084025.82	-720459.31	-1084859.54	15.9885
-776638.812	-975624.141	-776655.935	-975605.359	0.5489
-782818.71	-1003395.77	-784542.341	-1004527.927	23.8663
-782673.08	-1005657.59	-783019.1	-1007024.65	17.0117
-648151.964	-1054522.278	-648042.221	-1054519.579	2.448
-848484.179	-1047673.023	-847352.14	-1046359.12	21.6362
-826525.574	-1068523.626	-826472.441	-1068470.372	1.57
-756414.14	-974699.551	-758250.72	-973553.41	31.2046
-749380.89	-1026628.41	-749471.42	-1026367.62	5.5784
-809721.09	-1010756.479	-807572.676	-1010446.521	27.0976
-655260.99	-1026577.1	-653562.49	-1025997.17	20.3123
-691422.51	-993829.52	-691002.18	-995246.83	17.8124
-673117.27	-1077805.29	-671906.859	-1077655.554	15.6655
-760179.45	-983638.92	-759314.01	-984887.872	18.6063
-789661.866	-1027019.796	-789673.57	-1026841.604	1.9848
-798400.967	-1067562.3	-798767.887	-1067314.515	5.058
-741881.759	-1014936.346	-741398.042	-1014878.314	5.4158
-732349.208	-1056858.918	-734332.849	-1057356.188	15.7398
-833503.668	-1072522.591	-829850.651	-1072995.247	28.9984
-844409.67	-1071273.74	-847116.139	-1070917.101	30.9064
-702956.135	-1076208.755	-701335.98	-1078650.64	35.355
-726358.191	-1060831.418	-725952.316	-1059744.272	31.1055
-814269.074	-992244.015	-811154.989	-992037.432	36.0295
-658327.19	-1007363.39	-656698.214	-1008262.32	23.6261
-677070.88	-1001484.59	-675700.96	-1002830.98	22.3177
-643225.852	-1071268.715	-642784.249	-1071121.019	9.3334
-690164.81	-1079502.753	-689663.127	-1077650.329	21.7564
-687775.651	-1070719.93	-686826.375	-1070694.396	12.6478
-769152.14	-996777.53	-770141.46	-995998.32	14.1748
-839393.945	-1025218.83	-838722.298	-1026984.85	29.9561
-718092.222	-1057709.63	-715277.1	-1058561.07	34.6816
-858523.894	-1030182.818	-858499.59	-1030226.35	0.5587
-757841.67	-1033524.501	-755823.163	-1033649.546	23.6392
-717780.376	-980064.821	-723084.786	-984234.215	81.3167
-752636.513	-1048619.039	-753337.248	-1047994.104	19.1527
-762115.67	-1026223.8	-762082.4	-1026225.69	0.6666
-747627.572	-1019790.469	-747599.375	-1019617.438	1.9481
-766216.779	-972599.195	-766233.713	-972616.784	0.299
-758270.57	-972697.23	-758309.8	-973475.47	10.2928
-777218.168	-993020.447	-777159.31	-993635.49	7.6645
-757175.64	-1045058.435	-756958.69	-1044056.74	22.5656
-730634.055	-1076690.313	-734107.342	-1075541.778	44.0912
-804666.5	-1074796.581	-806461.386	-1072628.937	32.6866
-740007.973	-1073765.578	-740535.992	-1073513.374	13.7534
-813205.411	-1072126.728	-813320.04	-1072261.68	3.5487
-669241.87	-1070174.56	-668187.95	-1070197.45	11.8005
-805084.961	-988081.893	-807466.389	-988021.288	29.468
-764620.16	-1023928.55	-764548.0	-1023889.301	1.6733
-764189.86	-1017649.5	-764527.141	-1019209.479	17.9673
-826005.685	-998194.328	-826270.84	-997938.571	11.378
-660203.256	-1090906.22	-660193.355	-1090932.548	0.5626
-827686.949	-1066300.061	-826590.528	-1066929.803	14.4433
-852389.51	-1010471.46	-852196.714	-1010420.746	4.1231
-724852.45	-1034098.14	-724640.929	-1034155.105	4.3935
-740649.04	-1040932.12	-740918.56	-1040961.15	6.6215
-825938.281	-1025490.443	-825950.05	-1025569.12	0.884
-765234.64	-991502.28	-764710.12	-992464.87	12.9264
-711768.96	-1048828.93	-712141.42	-1048863.26	9.2143
-757081.252	-1016222.829	-755657.198	-1013741.211	32.2199
-652800.92	-1044778.31	-652577.566	-1044757.953	2.4921
-834020.95	-990593.56	-835716.726	-990384.662	23.5789
-754461.07	-1031778.15	-753717.24	-1030695.05	18.2751
-800168.47	-1023525.4	-799522.46	-1026495.415	41.4186
-697518.488	-1035881.249	-697516.782	-1035928.448	0.6283
-777218.168	-993020.447	-775333.78	-992378.18	24.5067
-779096.91	-1060367.77	-778917.1	-1060712.15	5.7599
-655613.228	-1024420.374	-655326.012	-1024814.439	13.1765
-753326.41	-1002532.8	-755110.84	-1000537.22	31.2272
-765903.621	-1026097.409	-765863.36	-1026064.72	0.5803
-727690.78	-1068634.18	-727132.41	-1066612.92	26.364
-797839.792	-1021276.945	-798613.63	-1020661.06	11.2097
-762330.98	-1057704.171	-762644.26	-1057670.198	6.3797
-714641.39	-1027861.81	-713163.84	-1026838.29	20.3581
-730555.63	-1041606.57	-730328.32	-1041089.88	9.3266
-645714.73	-1017890.78	-646384.95	-1016840.67	15.0467
-751198.453	-988540.539	-751893.901	-987526.245	13.9056
-712873.971	-983396.929	-712856.0	-983393.06	0.4195
-800328.892	-1048892.208	-801758.959	-1048034.473	19.5649
-783225.21	-1030316.79	-783477.939	-1030304.849	2.9196
-685728.1	-993575.39	-685921.25	-993492.0	4.2078
-747359.43	-1036333.52	-747340.192	-1036328.09	0.429
-715802.644	-1040275.867	-715796.757	-1040254.964	0.4735
-665865.27	-1019289.8	-664095.85	-1018703.97	25.2873
-764320.223	-977229.243	-764075.567	-977066.577	6.5699
-641876.179	-1076129.347	-643005.177	-1076838.307	15.5041
-778111.46	-1076900.66	-778157.4	-1075707.854	13.4056
-762975.367	-1050789.735	-762857.67	-1050705.85	2.9472
-648142.26	-1020670.59	-649076.08	-1021139.42	18.5428
-754598.61	-1047553.02	-755561.139	-1048762.837	17.8746
-701513.43	-1053251.23	-701518.7	-1053203.9	0.5995
-662781.884	-1058976.87	-663151.45	-1062627.46	42.0193
-701175.92	-1004128.59	-700477.578	-1004743.59	19.2172
-764098.369	-1035032.971	-764000.684	-1035018.239	2.2761
-707013.649	-1066206.357	-706177.089	-1067401.754	19.2707
-787694.63	-1006969.81	-787761.3	-1006940.55	0.8174
-785138.66	-976815.94	-784870.45	-977006.62	6.6028
-770807.14	-981413.88	-769917.4	-981147.39	10.7523
-868466.953	-1001996.087	-870928.851	-1000954.937	38.0532
-664421.81	-1020529.25	-665865.27	-1019289.8	23.1973
-649046.44	-1058285.21	-648995.43	-1058224.13	1.5916
-733935.276	-1053561.424	-733635.307	-1053659.701	6.8649
-670178.28	-996831.58	-669937.79	-996864.53	2.6981
-743391.442	-995400.328	-738923.023	-995382.748	50.9263
-708564.782	-1048502.058	-708282.759	-1048488.32	3.3417
-766842.83	-1037701.77	-762528.41	-1038705.278	34.1901
-762993.042	-1036759.664	-763005.62	-1036747.49	0.3867
-817234.585	-1072653.72	-813838.81	-1073966.7	42.3326
-778474.39	-1028402.49	-776634.42	-1027612.8	28.0545
-701933.768	-1018659.443	-702154.39	-1017063.32	19.8931
-800457.397	-1013147.446	-800596.166	-1012756.763	4.6769
-687972.84	-1011065.64	-688503.019	-1011193.9	11.0058
-699280.96	-1087095.96	-702741.319	-1085493.193	55.5994
-748421.62	-1058141.72	-748267.22	-1058020.13	2.1924
-692536.03	-1046146.19	-692519.521	-1046074.747	0.9041
-792851.98	-1070549.81	-796121.105	-1068873.145	46.6271
-719124.44	-1019653.71	-717444.989	-1021625.032	29.3687
-803730.46	-976981.38	-802844.27	-977135.1	10.8608
-823054.383	-1047606.95	-822395.39	-1047256.619	8.9368
-814762.766	-1060740.963	-813286.907	-1058573.84	38.1646
-674727.057	-1092641.383	-674826.215	-1092413.034	2.7689
-648196.224	-1067247.528	-649071.447	-1067541.708	20.1897
-730838.57	-1043194.93	-730385.752	-1043397.184	3.8156
-644103.839	-1047463.345	-644786.662	-1049401.287	19.9324
-753590.731	-980826.759	-753684.045	-981066.838	3.7805
-789824.762	-1062381.92	-788859.04	-1062251.69	11.5261
-855539.19	-1006492.17	-856665.76	-1008971.6	34.1096
-666388.889	-1082179.573	-666968.717	-1081010.119	14.9344
-644785.521	-1082590.738	-643588.187	-1083031.45	15.8639
-737256.925	-1010320.687	-737033.73	-1010214.122	2.7485
-744053.61	-1057667.93	-743735.74	-1058144.17	7.0029
-670988.44	-994687.59	-670866.58	-994569.28	3.4537
-704678.708	-1014785.048	-704664.51	-1014712.25	0.8292
-720348.829	-1070874.761	-720354.874	-1070956.167	0.9231
-769269.16	-1031918.29	-767740.81	-1033208.76	22.2294
-767141.08	-1033645.5	-766906.4	-1033649.9	4.6947
-721408.44	-1053712.59	-720526.708	-1056117.042	31.1442
-848711.125	-1010338.375	-848854.063	-1010324.813	3.0053
-652396.83	-1062308.24	-651687.191	-1062230.428	8.046
-755450.54	-1019550.08	-756188.18	-1019118.53	11.546
-641679.37	-1023333.67	-641514.85	-1023473.3	4.358
-705269.645	-1054728.144	-705497.782	-1055305.569	6.9992
-840184.431	-1056729.852	-840182.398	-1056753.095	0.6431
-770770.45	-1066037.26	-770734.458	-1066240.568	2.3066
-712204.06	-1019056.16	-708515.93	-1020597.24	45.4181
-767628.303	-1064543.423	-767753.343	-1064569.401	1.4241
-780224.15	-1030413.4	-780010.902	-1030546.654	3.2842
-818615.033	-1025318.297	-820192.47	-1025296.08	17.9579
-739206.313	-1033719.313	-739327.79	-1033613.66	4.2554
-862018.808	-1064807.077	-862694.64	-1064199.939	30.8003
-701533.204	-1012301.314	-701630.49	-1012426.75	3.1752
-784268.435	-1026788.976	-784270.171	-1026762.041	0.6231
-752916.78	-1033147.18	-751995.4	-1034166.44	15.4088
-748448.468	-1025141.783	-748439.313	-1025122.257	0.5758
-691161.547	-1066271.947	-691791.485	-1067486.309	15.3082
-873251.51	-1009335.742	-873220.634	-1009452.022	2.4286
-641360.995	-1058522.995	-639859.476	-1058257.416	18.9522
-748331.57	-1058014.71	-748407.4	-1058112.06	1.3739
-673065.06	-1012192.51	-673115.251	-1012235.584	1.3228
-693922.137	-1084612.263	-693497.58	-1083700.93	11.1712
-798085.15	-986328.76	-800170.94	-986983.59	24.5154
-770431.432	-1065090.428	-770605.67	-1066032.74	11.4491
-854821.13	-1011089.54	-854800.89	-1011123.46	0.9058
-704206.35	-1016297.52	-703437.747	-1015528.167	12.2343
-756947.78	-1032105.09	-757016.2	-1032067.97	1.6414
-754598.61	-1047553.02	-753368.02	-1048765.39	23.0676
-677198.54	-1010537.89	-676704.44	-1010463.18	5.5539
-757117.744	-1032239.539	-757126.745	-1032268.154	0.7242
-810544.373	-991914.911	-810652.14	-991913.8	1.3611
-747480.01	-1054992.19	-748331.57	-1058014.71	36.6956
-865156.072	-1016055.06	-865149.161	-1016075.06	0.4746
-811384.793	-1060414.363	-811109.853	-1063053.73	39.6448
-765090.921	-974748.817	-765232.67	-974584.482	2.4139
-838369.06	-1001460.2	-837072.881	-1001122.397	19.7783
-650959.93	-1034803.46	-650425.21	-1035064.42	7.3637
-714835.37	-1080351.05	-714650.501	-1080175.546	5.1609
-723253.94	-1047378.28	-723026.18	-1047430.95	2.6069
-822590.536	-1059214.552	-822438.85	-1059272.19	3.2745
-772678.17	-999480.46	-772697.187	-999447.262	0.4251
-730683.99	-998307.58	-729655.017	-1001739.13	61.571
-692637.99	-1043495.14	-692059.289	-1043683.795	12.3809
-750481.898	-1003083.552	-751462.148	-1001952.201	16.8548
-757357.537	-1039958.219	-757370.05	-1040129.007	3.4668
-722424.857	-973741.687	-723059.71	-974092.99	13.6714
-753486.91	-1045306.78	-753420.082	-1045346.639	1.7684
-670499.965	-1076816.189	-671906.859	-1077655.554	20.1986
-799508.992	-1038479.43	-799507.399	-1038462.251	0.1917
-814761.761	-1017377.469	-816772.625	-1014524.25	41.7596
-824369.557	-1069640.862	-824759.717	-1069691.343	7.8937
-757573.93	-1017125.61	-758869.214	-1018432.011	20.7585
-778018.52	-980258.925	-778347.63	-979882.5	5.6662
-745947.38	-1072309.386	-745063.567	-1074560.029	51.8357
-752070.68	-1038599.17	-752010.11	-1038510.68	3.3155
-824204.364	-1073767.68	-824128.174	-1073878.554	1.5617
-752334.938	-1043068.75	-752328.935	-1043033.012	5.294
-655357.83	-1045018.11	-654532.0	-1044940.38	16.59
-868428.83	-1050088.405	-869631.174	-1051272.688	18.8257
-846047.345	-1066714.436	-844823.27	-1068111.92	21.604
-812289.554	-1062962.548	-814547.798	-1061354.965	31.6316
-645494.06	-1052835.43	-645191.576	-1049993.142	26.3019
-684821.8	-1085771.56	-685270.97	-1085890.8	5.2174
-717396.5	-1002059.24	-716837.48	-1002128.513	7.1313
-724540.752	-1053298.081	-724166.816	-1053718.129	6.6241
-778337.115	-1058982.337	-778382.944	-1059000.148	0.5496
-753162.621	-1037241.517	-754572.88	-1035795.06	15.568
-702777.85	-1027874.37	-706905.87	-1028430.1	51.2697
-762082.4	-1026225.69	-756952.07	-1032323.67	64.4685
-778126.39	-1049842.83	-778592.53	-1048743.11	18.32
-771804.02	-1057487.437	-771691.03	-1056741.32	8.9887
-681402.836	-996373.122	-679269.108	-996435.828	27.9825
-667146.26	-1024482.707	-665902.039	-1022897.606	23.2311
-802886.96	-998364.25	-802900.18	-998268.5	1.145
-790860.627	-1002521.829	-790206.27	-1005012.06	31.4182
-797063.54	-980056.2	-797248.217	-980716.747	15.3241
-782508.45	-1049591.91	-783521.92	-1051834.58	28.2994
-692971.18	-1005051.9	-693299.572	-1004550.262	12.4806
-677292.97	-1020091.06	-677451.058	-1022228.31	24.8995
-749312.721	-1044251.85	-749223.77	-1044290.27	2.6007
-765097.63	-1039469.87	-765156.42	-1039346.91	2.7357
-727307.445	-1006654.372	-726309.65	-1005617.59	26.0216
-768403.49	-1028124.55	-768364.62	-1028106.61	0.8562
-694222.409	-1002472.161	-693857.22	-1001639.89	11.0274
-740189.09	-1055208.574	-740555.067	-1055377.392	4.8359
-835682.17	-1057889.6	-836817.298	-1056915.859	17.0868
-761165.56	-994823.376	-761216.881	-994932.114	1.6959
-752431.017	-980746.742	-753237.843	-981234.533	11.3934
-727498.09	-1055856.04	-727322.317	-1058318.754	29.9946
-707071.52	-1070293.14	-705966.084	-1071067.862	15.5076
-755694.86	-1025391.36	-755522.83	-1026223.0	9.9294
-650571.6	-1066556.63	-650316.67	-1066703.03	4.3623
-815086.286	-1064891.427	-814776.967	-1064361.641	7.0972
-645845.051	-1042802.629	-645952.536	-1042994.418	4.3971
-778138.73	-1024703.06	-777928.09	-1024717.17	4.224
-742447.92	-1057030.3	-742445.595	-1057045.698	0.3419
-719394.39	-1030514.14	-717017.97	-1028526.27	23.8359
-689493.64	-1014122.95	-694590.564	-1011296.896	71.1872
-821906.889	-1029730.126	-821382.33	-1027097.97	38.2704
-688230.339	-1070099.683	-687775.651	-1070719.93	15.962
-771050.13	-979400.91	-770815.922	-979561.149	3.1538
-826669.354	-1070793.339	-826432.35	-1070622.92	6.1235
-865292.98	-1015988.686	-865272.948	-1015986.292	0.4444
-757186.395	-999324.849	-756485.88	-996910.85	30.4369
-766343.461	-972581.316	-766216.779	-972599.195	2.972
-749552.75	-1012219.86	-750101.294	-1010966.75	15.3994
-707740.78	-1020386.26	-705779.31	-1019720.11	25.2187
-739456.84	-1047650.3	-739350.28	-1047578.09	2.793
-759401.46	-1010266.64	-759400.55	-1009589.78	13.8663
-701546.07	-1012463.02	-701519.57	-1012451.9	0.5748
-730487.222	-1057428.568	-730521.401	-1057413.653	0.469
-811367.092	-1060331.764	-811436.45	-1058332.05	33.1213
-757043.375	-1065616.625	-756963.7	-1065845.66	5.2876
-784552.08	-1000770.58	-783025.01	-1000786.78	18.0865
-739011.19	-1040229.08	-738750.231	-1040041.52	6.4425
-798811.12	-974392.15	-799239.44	-973963.82	7.4297
-671544.788	-1049045.428	-673016.767	-1047473.554	24.6704
-719702.14	-1057265.64	-718357.44	-1057583.87	15.354
-878158.696	-1013432.341	-876719.98	-1013377.32	19.369
-663394.55	-1018058.15	-660377.39	-1017385.64	37.6202
-848437.289	-1010286.293	-844844.13	-1011374.13	55.5295
-690363.5	-989936.5	-689477.71	-993270.639	42.6604
-720671.855	-1036824.384	-721284.824	-1039170.312	29.2426
-834486.639	-1073878.542	-834771.633	-1073045.663	10.5239
-751764.57	-1033120.59	-752916.78	-1033147.18	14.5965
-763264.3	-977132.65	-763754.5	-977158.688	9.8344
-653060.158	-1093797.093	-650826.289	-1093442.774	30.6199
-641612.66	-1058444.85	-641360.995	-1058522.995	5.3438
-723872.477	-1031530.568	-722700.99	-1033242.12	26.0488
-864262.65	-1014830.74	-864282.1	-1014847.23	0.3197
-767753.343	-1064569.401	-768305.47	-1063499.85	15.1469
-770317.58	-1016319.82	-770267.63	-1016474.41	3.2883
-678795.907	-990702.905	-679293.063	-990851.478	6.3429
-788405.81	-990185.11	-788342.61	-990271.92	2.1506
-806811.551	-996407.544	-809159.34	-994184.85	25.0708
-699656.9	-989234.21	-699394.9	-986624.89	32.3832
-789599.47	-989178.13	-790915.02	-987974.67	35.7563
-836650.58	-1036172.06	-836731.282	-1037842.268	19.2189
-776369.209	-975951.979	-776447.02	-975916.66	1.8348
-700575.05	-1020715.85	-700386.34	-1017542.52	35.7713
-756885.578	-1037955.246	-757072.35	-1036920.75	12.2824
-864705.822	-1049523.913	-860407.136	-1051858.455	57.7269
-788963.31	-1005173.23	-790206.27	-1005012.06	25.5897
-780145.673	-975109.629	-780146.784	-975121.456	0.2558
-801191.019	-1056920.709	-800662.705	-1059111.155	28.1983
-681395.684	-1071134.646	-681516.604	-1071396.197	3.202
-702258.08	-1062721.58	-702846.897	-1063395.999	10.3423
-804998.523	-1009348.06	-803589.727	-1011292.965	28.5161
-704310.07	-1008548.95	-701739.26	-1008956.69	29.4938
-659141.502	-1054020.948	-658927.592	-1053462.142	6.6492
-648070.13	-1064005.995	-648319.994	-1064139.615	5.8711
-776116.328	-1014689.396	-776027.577	-1014675.413	1.1089
-648220.07	-1027573.9	-649777.66	-1026307.98	23.2184
-672221.29	-1031168.84	-671256.5	-1032769.5	22.3332
-879860.945	-1024818.193	-883289.645	-1027547.259	65.1203
-801970.256	-1007936.59	-802127.752	-1008368.964	9.3363
-733405.4	-1042025.81	-733574.37	-1041925.75	3.9399
-748421.62	-1058141.72	-748323.25	-1058021.77	1.7274
-701455.724	-1063024.755	-701306.53	-1062771.45	6.3531
-732608.251	-1056995.402	-732406.261	-1057487.646	11.1502
-767245.15	-1059854.23	-767905.56	-1059790.08	7.4021
-648235.47	-1048205.59	-648166.53	-1047764.36	5.308
-792717.683	-1068085.831	-791846.26	-1069890.07	22.6867
-824185.68	-1076313.69	-824123.41	-1076094.96	2.0685
-696813.865	-1065594.502	-697552.19	-1066062.58	11.7749
-731998.558	-1034800.427	-729704.351	-1034249.238	28.1041
-872303.667	-1001395.343	-871474.565	-1005104.736	56.9298
-743575.018	-1025210.438	-742338.29	-1026873.82	15.9984
-643270.253	-1044720.053	-643196.027	-1044701.731	0.9277
-696066.6	-1032776.61	-696209.569	-1034541.427	20.1893
-758946.8	-1047715.38	-759089.587	-1047792.853	3.5554
-691937.271	-1072584.723	-691695.8	-1073983.308	16.3613
-697287.6	-1072560.2	-695654.968	-1073649.703	22.5727
-789598.91	-989195.65	-789495.07	-989274.28	2.605
-848549.27	-1008367.37	-848449.58	-1008274.1	2.7414
-756982.34	-1032183.619	-756947.78	-1032105.09	1.8397
-742518.5	-1045924.19	-742481.968	-1045891.873	1.035
-813711.95	-1072683.86	-813339.22	-1072490.63	4.6731
-794034.2	-999569.77	-794508.83	-998061.18	18.0279
-670250.125	-1047850.25	-670217.063	-1047532.375	3.5578
-707874.94	-1069852.35	-707728.379	-1069934.999	1.8695
-805037.736	-987383.888	-805039.949	-987203.021	3.8496
-743374.6	-1015246.99	-743460.973	-1015310.216	1.1917
-867814.1	-1017398.97	-865281.896	-1016221.898	23.2035
-703485.16	-1089073.21	-703433.588	-1089277.166	1.6183
-688008.062	-1091393.643	-689289.117	-1090073.041	25.4966
-825805.35	-1025515.51	-825805.007	-1025488.474	0.3004
-740286.062	-1067041.588	-740272.67	-1068698.72	21.8124
-752546.196	-1048649.874	-752574.0	-1048595.25	1.2956
-689565.56	-1046565.28	-689541.189	-1046445.739	2.6721
-645544.85	-1029412.69	-645341.34	-1028549.0	10.2042
-791835.05	-1033938.63	-793621.56	-1033086.45	22.3189
-736077.828	-1009641.7	-736056.775	-1009654.387	0.5982
-666788.659	-1075535.744	-666792.402	-1075750.654	4.3467
-725773.61	-1048589.77	-725759.39	-1048014.72	11.5504
-649412.96	-1069332.18	-651043.587	-1068475.414	21.3582
-762408.894	-993314.666	-762395.665	-993304.982	0.3623
-770273.005	-1024610.855	-767399.782	-1024261.277	32.6412
-766250.89	-1038585.87	-765271.33	-1038248.14	23.5773
-725001.818	-1067251.493	-725038.0	-1067234.92	0.7959
-699861.59	-1016544.73	-698207.843	-1015617.906	23.8114
-768716.02	-972195.887	-768713.957	-972170.981	0.3114
-757012.059	-1000191.644	-756656.04	-1001990.16	29.5417
-856641.138	-1042678.189	-854418.07	-1042733.21	25.1791
-728172.83	-1036863.76	-728311.439	-1037625.802	16.7353
-721564.055	-1069982.225	-720348.829	-1070874.761	11.8084
-802786.177	-1055892.54	-802717.786	-1056064.686	2.0871
-880905.313	-1014385.715	-881536.443	-1014161.893	8.2996
-696640.86	-1013523.41	-694056.52	-1014023.47	32.3361
-747080.21	-1022274.73	-747427.15	-1020180.7	23.9415
-701438.597	-1012158.402	-701533.204	-1012301.314	3.4315
-757183.1	-1024611.37	-757291.75	-1022892.522	21.168
-814860.03	-1055938.19	-817568.08	-1054542.07	37.1211
-683860.022	-1002954.881	-683948.34	-1002964.8	0.9918
-734820.63	-1045921.73	-734792.939	-1045834.388	1.8877
-835231.406	-1039871.309	-835240.575	-1040178.658	3.4258
-713528.78	-1021332.54	-713537.88	-1023025.75	19.3491
-797248.217	-980716.747	-797183.36	-980928.33	4.4902
-780482.395	-1009537.145	-780297.889	-1009729.113	3.2897
-824311.496	-1076401.374	-824175.43	-1076403.11	1.5121
-759592.03	-1029256.06	-757922.63	-1027951.45	25.8137
-866860.328	-998552.66	-867178.859	-1001595.783	38.1349
-717824.84	-1083021.34	-721194.68	-1082065.94	44.0926
-849281.083	-1065563.125	-849508.0	-1064854.5	28.9733
-714659.241	-1048748.234	-713218.389	-1049521.645	18.1899
-787566.74	-1006937.87	-787825.765	-1006710.999	3.8476
-861926.052	-1054000.596	-864054.601	-1052240.451	30.7931
-684465.51	-994535.698	-684461.282	-994562.374	0.5402
-689790.54	-1015301.08	-690154.749	-1015646.511	6.3545
-643963.03	-1072646.66	-642906.509	-1071913.977	14.7545
-737072.78	-1070373.015	-734645.857	-1072632.119	39.3628
-720354.874	-1070956.167	-720323.832	-1071070.678	2.268
-643005.177	-1076838.307	-643162.475	-1076986.149	2.4219
-685946.901	-1053736.888	-685914.715	-1053772.587	1.0172
-804188.94	-1040938.13	-803595.72	-1041012.29	12.6408
-829024.303	-985564.954	-829117.04	-985474.93	1.4546
-769601.84	-1030821.14	-767521.328	-1030468.912	30.025
-685969.845	-1012097.505	-683200.4	-1012392.12	36.7717
-763471.794	-1006320.508	-761330.15	-1006063.11	26.7545
-773839.37	-1032477.27	-773028.08	-1031503.21	14.0876
-770955.98	-1029438.48	-770573.97	-1029676.31	5.0541
-656800.363	-1089957.688	-657002.779	-1089741.132	3.3279
-730766.56	-1057386.58	-730868.048	-1057213.587	2.2285
-643574.344	-1062389.511	-643544.115	-1062402.097	0.9161
-876199.704	-1023680.075	-877281.783	-1023219.796	14.3274
-739242.04	-1047530.36	-738239.28	-1046740.78	32.0
-796934.15	-997600.62	-798534.1	-1000291.87	35.9408
-717185.34	-1049884.48	-716119.768	-1048477.837	21.188
-793360.15	-1072600.56	-795649.836	-1074664.57	34.4041
-743757.419	-1079304.479	-744416.2	-1077545.95	28.0743
-829852.643	-1031299.919	-830033.794	-1031139.986	2.6999
-770903.04	-979469.9	-769396.62	-980211.07	15.3834
-705180.085	-1015148.305	-705231.099	-1015094.761	1.0831
-736076.53	-1032279.74	-734657.59	-1033417.9	20.8178
-826207.223	-1025611.665	-825528.77	-1025668.121	5.2416
-833176.461	-1061835.712	-833610.148	-1061574.582	5.6715
-645117.992	-1071120.304	-645172.077	-1071344.936	4.621
-728836.996	-1077840.299	-728821.246	-1077875.478	0.8389
-725699.807	-1069669.236	-725770.197	-1069696.402	0.9237
-701618.13	-1053223.9	-701513.43	-1053251.23	1.2023
-734334.88	-1057371.39	-732106.87	-1056824.41	17.6567
-740918.56	-1040961.15	-740685.2	-1040309.9	14.0271
-666729.59	-1050581.34	-666416.596	-1051353.785	9.2618
-730642.02	-1024217.53	-732520.521	-1025437.477	27.1587
-750625.795	-1076596.379	-750593.342	-1076454.824	1.8736
-736200.24	-1059961.11	-735710.187	-1060683.266	9.7085
-685239.92	-1038361.6	-684634.01	-1036494.61	21.8433
-882768.42	-1022174.046	-882388.254	-1020937.356	14.9096
-806887.597	-1006244.926	-806265.291	-1006396.704	7.1172
-734179.267	-1073288.225	-734049.378	-1073311.299	2.64
-673049.74	-1012189.85	-672330.296	-1012608.536	16.6498
-689840.591	-1046565.689	-689587.82	-1046577.01	1.9463
-671462.93	-994729.683	-671671.17	-994217.99	13.744
-684448.74	-990093.82	-684456.68	-990102.34	0.2444
-665904.29	-1038767.04	-665783.24	-1039185.6	4.8642
-806629.323	-1056052.109	-805642.32	-1056190.567	13.3346
-697424.697	-1035914.68	-694891.714	-1038189.519	38.9956
-767078.49	-980952.572	-766954.57	-980858.748	1.7802
-704091.21	-1004679.2	-704367.28	-1004604.22	3.2237
-697248.668	-1038787.04	-697267.039	-1038802.186	0.5272
-859427.308	-1012810.473	-859403.622	-1012820.503	0.5482
-730613.51	-976931.21	-731587.42	-976384.81	12.6182
-692418.005	-1046417.51	-692483.88	-1046468.81	1.1437
-754787.94	-1042029.07	-755595.06	-1042268.62	17.326
-867507.198	-1013624.953	-867547.61	-1013539.782	1.9393
-733635.307	-1053659.701	-733502.956	-1053766.078	3.4003
-775531.069	-1033630.147	-775023.929	-1033730.424	10.3563
-673675.724	-1027299.289	-673146.848	-1025900.608	16.8865
-759859.901	-994647.082	-759863.323	-994662.72	0.1968
-824133.78	-1076090.16	-824493.68	-1076358.88	5.194
-871218.027	-1009557.177	-873151.075	-1009409.353	21.6918
-770619.171	-1014914.305	-771129.77	-1013837.5	14.9159
-682385.97	-1008835.85	-682169.978	-1009800.329	11.1365
-836841.03	-1059468.24	-837870.45	-1059772.66	12.3183
-847499.198	-1027049.942	-847631.984	-1026209.072	9.6625
-746077.791	-1054052.872	-745964.069	-1053779.076	6.0034
-823029.34	-1028479.66	-825313.57	-1029088.76	27.5605
-783506.85	-1065494.96	-782967.24	-1065482.01	11.0476
-665556.808	-1056922.381	-661534.9	-1056956.81	46.9807
-734628.322	-1073000.566	-734636.107	-1072986.567	0.3749
-749359.631	-1072003.681	-750975.981	-1073886.309	29.8986
-675281.436	-1028735.788	-674361.294	-1029465.061	13.8937
-846771.531	-1050208.283	-847221.274	-1051212.9	13.9083
-779438.186	-982631.217	-778989.21	-981896.88	9.5863
-643645.325	-1045832.171	-643736.76	-1046002.53	3.8782
-738729.596	-1048735.65	-738647.803	-1048576.402	3.5929
-681718.699	-1074114.982	-681819.424	-1075513.693	15.7044
-736973.547	-1032504.996	-736802.978	-1032360.481	4.4948
-650131.51	-1066509.43	-650214.713	-1066673.462	2.1076
-692398.456	-1061029.368	-694183.55	-1060246.47	24.1762
-824839.115	-1069927.949	-825371.854	-1070237.647	12.4769
-832038.178	-1033984.11	-831869.923	-1035242.397	15.1091
-641510.31	-1041433.74	-641469.563	-1041469.75	1.0879
-840762.94	-1019368.88	-843193.936	-1016635.188	40.881
-739293.69	-1047605.51	-739283.4	-1047695.67	3.5112
-842432.549	-1074785.903	-843630.218	-1072166.861	34.9946
-717802.91	-1000992.65	-718623.75	-999624.31	18.4029
-655104.85	-1047159.706	-655357.83	-1045018.11	25.8228
-767438.13	-1012797.07	-766845.45	-1013227.2	15.975
-690428.86	-1055963.47	-690438.47	-1055956.5	0.1319
-831249.446	-1066452.545	-831257.801	-1066428.576	0.5694
-683702.25	-1051214.375	-684554.75	-1050209.14	15.3567
-696876.45	-1050935.08	-696740.64	-1050853.74	3.176
-848817.352	-1010040.504	-848832.896	-1010100.024	1.307
-790045.962	-1008333.498	-788356.44	-1008594.32	21.2445
-784339.78	-1064535.65	-784722.5	-1063858.94	15.8411
-751684.123	-986198.741	-751684.279	-986129.648	0.7829
-843404.881	-1067301.967	-842414.62	-1068541.16	17.942
-660761.31	-1032147.72	-659721.31	-1032357.81	13.1958
-796853.478	-1023502.277	-796919.145	-1022786.604	8.1725
-676565.734	-1070767.609	-676562.503	-1071189.945	8.4843
-664329.19	-1026751.51	-663264.53	-1025565.94	19.4598
-676359.333	-1040833.919	-676199.203	-1040644.76	2.9504
-715951.33	-1001441.12	-715631.772	-1000548.948	12.5499
-681644.438	-1064569.375	-682321.453	-1062691.028	25.0019
-717931.68	-1074774.45	-718118.94	-1074538.02	3.7418
-783503.83	-1062042.29	-783270.84	-1064572.46	30.7132
-819904.908	-1026322.442	-825699.63	-1025635.04	45.9408
-663966.307	-1086317.794	-664329.433	-1088720.01	29.2207
-764160.43	-1016431.93	-764189.86	-1017649.5	13.5758
-776802.536	-1056510.053	-776923.94	-1056108.34	6.0545
-689296.152	-1058690.826	-689190.86	-1058576.02	2.2246
-843454.051	-1049428.271	-840909.551	-1048925.369	29.5399
-806738.412	-1068728.082	-804883.477	-1069352.662	23.0931
-757684.89	-1039998.96	-757617.9	-1040036.349	1.5594
-677815.19	-1005964.39	-677292.61	-1004621.31	16.8665
-793463.21	-1003661.43	-792961.46	-1003326.84	8.6437
-792692.6	-1061893.44	-792658.885	-1061574.541	6.8342
-757862.35	-1039890.22	-758964.03	-1039865.74	8.6587
-807134.893	-993003.769	-807147.564	-993035.497	0.7142
-848391.013	-1010363.56	-848435.252	-1010297.065	1.6886
-750218.82	-984501.81	-748266.93	-984834.88	22.7461
-756367.68	-1034367.46	-756000.029	-1034391.458	4.2942
-808139.24	-1000748.08	-806292.266	-1001722.804	36.644
-665866.61	-1046285.2	-665856.66	-1046300.12	0.2274
-812045.072	-1017091.715	-812053.644	-1017077.163	0.4022
-731000.5	-1084154.49	-731167.427	-1084387.649	7.0
-690566.15	-1055814.5	-690514.32	-1056005.92	2.2085
-739066.942	-1048837.079	-739324.81	-1048782.878	5.2913
-744688.54	-1048201.99	-744763.02	-1048332.52	3.0068
-679534.169	-1092199.13	-677459.533	-1091180.847	38.4231
-814942.43	-1022106.92	-815390.646	-1022572.468	12.9313
-646849.159	-1084496.077	-647294.454	-1084399.748	5.3488
-740685.2	-1040309.9	-740620.803	-1040195.542	2.6379
-701283.64	-1067708.34	-701874.05	-1068123.94	8.7816
-704454.2	-1014723.62	-704443.17	-1014666.94	0.6793
-773198.18	-978453.94	-773325.19	-978306.71	3.8923
-787213.5	-1068343.1	-787676.69	-1068629.84	11.1104
-769299.5	-971590.383	-768734.89	-972166.881	9.0822
-751204.95	-1019753.38	-748000.61	-1017992.35	42.2696
-697616.116	-1037824.725	-697606.343	-1037839.97	0.5094
-672345.041	-1046919.799	-673016.767	-1047473.554	17.5378
-845119.71	-1014533.287	-844514.39	-1014430.18	7.0586
-736684.254	-983690.416	-736596.62	-982676.97	21.8956
-744366.4	-1040022.85	-744438.125	-1041269.582	25.2008
-768005.2	-1028115.04	-767709.808	-1028302.294	8.5635
-646239.872	-1056008.99	-646911.078	-1057791.934	21.2605
-675688.767	-1054501.648	-675509.289	-1054207.776	6.9087
-773248.94	-978418.24	-773249.142	-978438.85	0.484
-721719.49	-1032667.78	-723723.65	-1036423.04	36.7116
-752548.071	-1043362.204	-753519.32	-1044963.06	14.9853
-732619.431	-1016119.27	-732279.387	-1015521.642	14.8491
-808586.509	-1021248.665	-808198.273	-1023759.267	28.6626
-765487.184	-1056779.747	-762243.624	-1057488.376	42.7901
-791568.33	-1044904.05	-791225.796	-1045018.129	4.1828
-865295.346	-1015968.513	-865292.98	-1015988.686	0.4504
-784870.45	-977006.62	-784803.47	-976863.43	3.2225
-719044.051	-1038420.258	-718388.11	-1038712.794	16.8676
-773288.74	-978357.61	-773325.19	-978306.71	1.2521
-831265.27	-1057744.68	-831489.69	-1057699.8	4.6323
-683656.306	-1066705.409	-683503.31	-1066511.71	4.9384
-661199.843	-1057677.192	-660410.858	-1057065.693	19.9648
-661295.15	-1005380.04	-660048.533	-1007516.181	28.1858
-681671.06	-1048041.65	-681338.634	-1047574.395	6.39
-662570.484	-1074158.653	-662317.088	-1075570.752	16.2503
-776923.94	-1056108.34	-777860.26	-1054906.91	24.8335
-788952.78	-1072079.93	-789047.504	-1072468.509	8.2416
-731101.12	-1041282.706	-731062.81	-1041276.39	0.7765
-776225.12	-1062572.7	-771664.289	-1062200.37	55.0833
-786539.735	-1007070.139	-787553.89	-1006945.17	11.5095
-771432.875	-995747.64	-771599.707	-995260.772	5.7934
-735402.99	-1027568.28	-735366.12	-1027297.32	5.4692
-674053.53	-1083790.15	-672245.998	-1083231.835	24.0293
-778856.69	-1029627.639	-776241.58	-1030084.29	20.4603
-664935.923	-1043309.049	-664716.84	-1041425.61	21.3593
-754614.23	-1035771.28	-754562.87	-1035818.81	1.3996
-656847.03	-1067663.14	-657654.09	-1066536.93	16.3114
-661617.63	-1011287.41	-661149.182	-1010762.684	7.8551
-869160.787	-1038295.034	-869430.152	-1039450.715	13.6033
-791555.94	-1006296.02	-788963.31	-1005173.23	41.8211
-798692.94	-1034078.43	-796891.93	-1033882.09	20.2989
-673848.98	-1000552.98	-674111.71	-1002397.2	27.0409
-756117.029	-1034221.27	-756367.68	-1034367.46	3.5075
-687080.844	-1085843.436	-687083.697	-1086022.321	2.245
-689352.65	-1029592.58	-687757.878	-1028419.984	26.9915
-795649.836	-1074664.57	-797059.03	-1075094.57	16.5355
-777867.364	-1081970.849	-777612.74	-1081883.74	22.5648
-739344.58	-1033713.78	-739356.313	-1033691.125	0.5748
-772117.211	-1018247.012	-772803.63	-1017751.8	10.5004
-819884.348	-1026205.872	-819903.121	-1026210.436	0.423
-767289.057	-1078300.438	-767507.91	-1078990.72	14.9283
-759614.391	-976477.019	-754384.573	-976431.956	67.8903
-684294.67	-1001305.09	-686813.369	-999098.413	52.1711
-671323.556	-1013361.815	-671563.284	-1012981.47	11.9352
-647971.86	-1063967.988	-648070.13	-1064005.995	2.1075
-782566.51	-972839.89	-782478.45	-972725.89	3.1016
-645058.102	-1074054.935	-645062.731	-1074192.643	2.7561
-678306.819	-1002377.18	-678335.291	-1002373.392	0.3953
-798811.049	-1001939.102	-799398.713	-1001736.838	7.2438
-760235.44	-976189.76	-760110.712	-976177.525	2.5147
-800730.13	-1062538.77	-797346.87	-1064462.71	46.611
-751354.53	-1045701.18	-749056.74	-1045692.48	45.9622
-876018.18	-1021451.31	-870422.68	-1018207.71	50.8115
-697377.527	-992277.531	-696916.247	-991912.948	7.652
-712566.42	-1009304.56	-712254.06	-1010026.6	16.8515
-741667.69	-1043280.41	-741616.98	-1043059.21	4.5707
-643621.025	-1046319.884	-643499.7	-1046185.71	3.9269
-763739.683	-972846.408	-766198.249	-972617.169	31.9759
-684501.01	-994670.16	-684393.618	-994662.914	2.1766
-653620.3	-1027061.15	-652693.444	-1028466.555	19.0452
-769366.7	-971553.53	-769299.5	-971590.383	1.5811
-850583.541	-1050505.684	-850853.76	-1050620.43	3.3713
-779253.26	-1007091.45	-773107.31	-1004082.68	91.1583
-874121.601	-1018592.013	-870593.16	-1017566.94	47.1206
-799077.81	-993548.97	-798369.909	-993481.638	8.0176
-748623.581	-1025255.676	-748503.37	-1025506.13	7.5063
-644350.08	-1074464.718	-644353.789	-1074449.201	0.4112
-731089.392	-1056745.661	-731071.433	-1056596.404	1.6706
-797204.328	-1069117.112	-797607.34	-1069337.13	5.1578
-664882.56	-1076094.25	-664324.403	-1076602.339	8.4602
-815238.312	-1070947.234	-815262.352	-1070819.168	3.6509
-817712.43	-1060613.02	-816333.79	-1059270.97	27.2765
-669370.36	-996831.38	-667781.704	-997044.63	27.2054
-731077.477	-1028160.791	-730954.25	-1028290.05	1.9845
-683295.221	-1065172.013	-683310.861	-1065188.496	0.4891
-664722.059	-1069286.88	-664530.55	-1069222.12	2.2463
-848771.631	-1050724.211	-850583.541	-1050505.684	21.8233
-721299.06	-1082392.31	-721740.02	-1083953.92	18.7273
-668163.57	-1049062.769	-666729.59	-1050581.34	23.7299
-747889.099	-1030600.482	-745978.33	-1031442.64	25.0955
-888772.284	-1015884.342	-889229.403	-1015636.114	10.4079
-869828.387	-1037680.321	-869846.944	-1037645.178	0.9744
-777773.68	-981956.07	-775704.41	-982371.16	26.0113
-695101.87	-1011495.99	-696714.09	-1009872.17	25.9175
-653047.62	-1067925.5	-654990.782	-1070102.447	32.7956
-821508.375	-996043.109	-820516.732	-995220.081	14.3495
-741595.796	-1042546.691	-741640.709	-1042597.162	1.445
-879599.56	-1020720.76	-876365.0	-1021461.157	26.0937
-697671.988	-1037727.436	-697681.065	-1037708.139	0.6523
-687324.26	-1004263.0	-687297.019	-1004332.947	0.834
-671942.405	-1039583.898	-670645.41	-1038343.34	20.4228
-812849.834	-1049467.983	-812925.859	-1049067.757	6.045
-806173.04	-1047531.5	-804849.234	-1045543.833	28.945
-757922.63	-1027951.45	-757717.93	-1027868.5	2.4601
-726502.432	-1070523.304	-726412.52	-1070532.723	2.1264
-765150.999	-983372.343	-764859.74	-983493.05	3.6877
-649095.29	-1047681.46	-649047.638	-1047670.39	0.5436
-704605.586	-1052472.046	-702984.99	-1052881.869	18.5749
-718388.11	-1038712.794	-719056.33	-1041002.22	28.663
-779866.125	-983130.25	-779864.28	-983031.63	1.1587
-869783.194	-1015873.868	-870837.45	-1016849.88	18.3559
-848944.39	-1000411.63	-853804.223	-995401.259	81.5497
-747595.566	-1068754.193	-746816.113	-1067439.618	20.0415
-803623.961	-1001321.414	-807625.76	-999569.73	52.8116
-757895.356	-1040240.583	-757866.583	-1040250.534	0.6747
-697622.34	-1037173.95	-697681.065	-1037708.139	10.9779
-743379.756	-1056348.83	-742527.18	-1056846.75	12.4373
-697475.25	-1022769.4	-697472.53	-1017427.37	62.6562
-887146.313	-1006165.878	-887135.399	-1006153.178	0.3891
-676102.921	-1060763.556	-675684.47	-1060626.73	5.1364
-671677.361	-1084068.87	-671566.691	-1083348.848	8.3185
-694183.55	-1060246.47	-694090.198	-1059571.054	8.0665
-823879.001	-1066547.6	-822661.746	-1066512.685	25.0055
-804289.254	-1076350.861	-804232.895	-1076280.818	1.8223
-796978.76	-1006899.82	-793798.06	-1006808.01	37.9152
-794092.3	-983129.35	-794154.973	-983095.205	0.802
-767089.88	-999138.78	-768950.04	-999418.05	21.8236
-739943.73	-986995.68	-738989.588	-987015.568	11.4464
-664806.557	-1035882.905	-663890.85	-1032957.57	34.4848
-740325.08	-1025842.42	-740042.44	-1023752.96	24.7141
-646910.36	-1044622.04	-648037.819	-1045341.882	15.097
-644083.61	-1053792.21	-644022.3	-1053280.01	5.8296
-825810.194	-1048982.067	-822549.266	-1049264.447	39.2015
-708340.625	-1014167.897	-707699.04	-1013592.41	13.7976
-856054.003	-1059724.33	-855315.385	-1062627.136	34.9327
-873685.2	-1034190.17	-873737.772	-1034144.285	0.7753
-716040.63	-1064652.88	-716349.222	-1061215.837	47.4971
-857589.02	-1066880.62	-857682.671	-1066757.76	1.9136
-864781.377	-1022291.407	-864728.2	-1021041.49	15.6938
-743813.524	-1069243.996	-743769.558	-1068847.742	7.1582
-867721.497	-1015612.621	-867786.715	-1015660.673	1.6658
-785295.194	-1064511.86	-784901.71	-1064680.23	8.9398
-876719.98	-1013377.32	-875290.624	-1010744.429	36.0898
-694069.151	-1040314.036	-694046.537	-1040418.3	4.2583
-741982.434	-1043721.781	-741826.92	-1043491.34	5.5824
-840443.48	-1008932.252	-840379.37	-1008893.03	1.5395
-762589.597	-1038670.466	-762732.21	-1038615.428	1.1759
-719699.97	-1085550.72	-719861.2	-1086288.44	8.668
-693741.06	-1070969.8	-693911.362	-1072521.499	18.4152
-697706.206	-999723.703	-697594.667	-999708.68	2.2884
-763796.37	-983171.0	-764859.74	-983493.05	12.8869
-681451.6	-1009391.922	-682169.978	-1009800.329	11.6612
-829250.68	-1058476.11	-829183.22	-1057270.09	13.6159
-674100.64	-991599.67	-671606.35	-994148.73	49.7167
-783872.32	-1065262.31	-783889.677	-1065255.525	0.4438
-843874.48	-1024036.87	-845865.288	-1027535.4	64.1598
-786279.05	-1018486.27	-785735.402	-1018921.227	13.4015
-763457.945	-1022252.058	-763530.548	-1022285.521	0.9421
-820718.29	-1063652.81	-820743.22	-1063814.623	1.827
-803594.969	-1011418.323	-805450.508	-1012456.415	23.6742
-740142.03	-1084688.17	-739754.02	-1084468.32	5.0877
-712241.19	-1070905.53	-710766.209	-1070158.688	22.8259
-827897.646	-1061881.878	-828344.886	-1060176.523	20.9447
-691161.547	-1066271.947	-690298.86	-1066702.72	11.1684
-755689.59	-1023919.41	-757183.1	-1024611.37	19.4737
-662554.79	-1022817.848	-660725.035	-1020574.153	33.4901
-824264.95	-1072040.14	-824233.11	-1071922.28	2.4458
-732679.47	-1019169.05	-733678.335	-1015348.638	47.7741
-695525.99	-1038429.14	-695497.4	-1038523.04	1.2633
-647874.46	-1024284.84	-649066.35	-1023932.14	13.893
-647963.442	-1054468.654	-648028.985	-1054558.072	2.2175
-837870.45	-1059772.66	-840611.07	-1059465.3	35.0445
-711034.162	-1025892.359	-711022.23	-1025781.77	2.6339
-740237.39	-1030261.3	-741678.677	-1028204.395	27.9092
-677372.075	-1077135.169	-676150.707	-1076182.597	17.3681
-640589.158	-1024405.023	-639773.159	-1023292.951	16.7681
-778021.16	-971960.759	-778007.904	-971981.198	0.6093
-668395.94	-1085313.12	-668968.561	-1086290.602	12.7909
-763361.35	-993086.1	-763174.39	-993076.53	3.992
-685365.419	-991199.758	-685505.55	-990812.11	4.5899
-755041.005	-1016854.325	-754021.26	-1013818.2	35.6248
-757062.77	-1070140.36	-756668.73	-1074707.95	60.7994
-806746.5	-996395.04	-806811.551	-996407.544	0.7927
-867341.426	-1012987.657	-867652.35	-1012406.82	13.1826
-683485.717	-1066495.028	-683290.106	-1065208.565	29.4333
-733675.105	-1015316.557	-733678.335	-1015348.638	0.733
-671756.449	-1089521.72	-669667.176	-1090853.117	28.6227
-868650.468	-1043225.142	-869054.945	-1041051.578	25.7733
-749200.17	-1044117.16	-749312.721	-1044251.85	3.6268
-773495.77	-1055868.64	-773333.358	-1056036.651	4.6764
-712180.97	-1055894.97	-711342.154	-1053447.008	28.8543
-843874.48	-1024036.87	-844388.004	-1021825.916	27.2803
-799641.456	-1019865.034	-799422.03	-1018359.27	19.82
-806838.96	-989705.95	-806965.18	-989759.4	2.7415
-687258.748	-1064722.219	-686461.341	-1063475.722	17.0663
-759083.146	-1033695.525	-759056.26	-1033704.719	0.8054
-705511.49	-1044535.7	-705261.63	-1044465.61	2.8942
-728843.855	-1039330.22	-728301.83	-1039146.96	11.4705
-776434.877	-977166.515	-776297.19	-977282.515	3.6135
-781617.16	-985767.32	-779817.024	-983152.727	43.3656
-701306.53	-1062771.45	-701597.527	-1060360.695	29.5615
-720459.31	-1084859.54	-719964.66	-1084640.61	6.5969
-653437.442	-1023375.294	-653408.243	-1023374.751	0.7487
-781617.583	-1060871.373	-781656.319	-1060949.682	0.9743
-712833.882	-1078862.126	-712776.782	-1079029.394	2.0248
-734692.347	-1043618.588	-734732.83	-1043650.65	1.0451
-854300.61	-1040188.13	-854289.81	-1040087.67	1.1419
-707704.35	-1049529.74	-708693.97	-1050118.96	14.3654
-725971.83	-1049155.86	-725605.77	-1048990.89	8.2024
-671549.72	-1006754.72	-670965.53	-1008802.41	24.659
-741909.34	-1056805.55	-742057.5	-1057042.55	5.68
-783587.85	-1031452.41	-783225.21	-1030316.79	15.0905
-681667.189	-1030216.736	-681384.234	-1030466.916	4.2257
-755110.84	-1000537.22	-755485.379	-999853.998	10.2729
-770190.57	-1053825.54	-770118.517	-1053941.916	2.8153
-645187.107	-1032010.729	-645267.57	-1031669.73	4.3201
-762921.827	-973598.762	-763739.683	-972846.408	22.326
-794125.83	-1044350.99	-794604.85	-1045594.51	17.3363
-751048.998	-981028.811	-751080.485	-980975.691	0.6912
-726485.929	-1070435.268	-726613.874	-1070501.729	3.035
-747272.377	-1064367.253	-748922.553	-1064209.42	24.2452
-782560.95	-1028351.4	-780763.21	-1026689.94	28.6611
-655878.4	-1018527.01	-655843.43	-1016058.73	29.5712
-887593.216	-1019848.564	-887848.073	-1019869.021	2.8412
-860758.589	-1054468.445	-861926.052	-1054000.596	14.0116
-783889.677	-1065255.525	-783892.43	-1065270.8	0.346
-735705.76	-1007865.98	-734667.55	-1006388.29	21.4141
-821956.529	-1064924.03	-822200.559	-1065744.456	10.2931
-805259.48	-994166.93	-807283.22	-992058.13	32.8493
-749350.147	-1004412.107	-749333.922	-1004411.141	0.3874
-640470.79	-1051656.34	-642679.84	-1051189.81	26.4356
-795883.692	-986069.676	-795545.325	-986086.86	3.806
-676072.97	-1057055.44	-675285.676	-1056729.511	9.5099
-688899.57	-989589.51	-688948.56	-990840.02	14.675
-742089.043	-1049140.504	-742010.451	-1049097.212	1.7979
-649239.558	-1060856.153	-649359.526	-1060736.691	3.3862
-758452.442	-1058156.074	-758586.27	-1057603.82	6.6657
-671788.98	-1013525.17	-671278.02	-1014903.47	17.5905
-734660.609	-972473.815	-734779.913	-971952.94	5.9898
-687615.17	-1025887.1	-687058.38	-1025912.7	11.4781
-751633.55	-1062340.88	-751611.11	-1061840.96	10.0314
-683198.19	-994624.7	-682369.656	-994478.593	17.094
-770605.67	-1066032.74	-770770.45	-1066037.26	1.8492
-792335.7	-1064165.62	-792692.6	-1061893.44	27.4077
-743505.628	-1006017.643	-745761.813	-1003659.195	39.7962
-647672.21	-1055476.25	-647715.52	-1054537.59	19.1353
-661534.9	-1056956.81	-661199.843	-1057677.192	16.3927
-730635.99	-1041909.89	-730667.11	-1042312.4	8.0822
-670357.22	-1080322.771	-668719.83	-1079577.06	34.9138
-746254.654	-1054216.692	-746224.654	-1054171.412	1.0938
-703440.6	-1044823.18	-703259.82	-1045208.71	4.8341
-645204.688	-1042734.375	-645182.125	-1042740.125	0.5931
-668761.442	-1007202.62	-670016.23	-1007047.13	16.8138
-697095.23	-996864.93	-696561.63	-996196.47	12.0598
-762482.866	-1038804.222	-762593.868	-1038824.962	1.4302
-648881.23	-1019906.8	-648142.26	-1020670.59	12.3835
-808428.86	-1008377.375	-809228.339	-1008664.888	9.4532
-711914.43	-1022050.9	-711896.42	-1021996.28	0.6391
-787970.43	-1063151.69	-788186.2	-1063310.5	5.423
-652006.89	-1070514.59	-653003.451	-1071333.469	14.7464
-761419.84	-1044328.57	-761255.95	-1042461.59	21.4944
-844159.33	-1005098.186	-844176.69	-1005150.86	0.7351
-736806.057	-1036906.288	-736800.71	-1037745.99	16.8947
-728436.074	-1061012.176	-728282.37	-1061023.04	1.8018
-748375.322	-995418.19	-746987.53	-995071.76	31.8385
-746077.791	-1054052.872	-746092.389	-1053933.229	2.4582
-669023.951	-1044630.631	-668300.58	-1045107.33	17.3276
-757786.655	-988530.705	-757507.661	-987496.265	14.052
-786786.88	-1066576.34	-787208.275	-1066172.509	12.0586
-640498.45	-1043240.46	-641152.528	-1043280.12	13.5325
-645953.826	-1035165.121	-646608.894	-1035148.209	7.3252
-681321.048	-1064389.756	-681287.458	-1064635.702	5.3408
-667752.29	-998041.55	-670055.86	-1000818.7	54.608
-736689.21	-1080041.06	-734896.444	-1079592.009	21.5078
-726648.74	-1068045.3	-725038.0	-1067234.92	23.9228
-786786.88	-1066576.34	-788124.72	-1067166.53	17.4019
-645624.534	-1084805.598	-646860.963	-1084552.205	14.2138
-791151.33	-978540.3	-791116.66	-978532.24	0.8739
-643963.03	-1072646.66	-643351.07	-1073096.02	8.5735
-711965.234	-1040703.688	-711845.47	-1040741.69	1.3963
-745929.853	-1052838.5	-746031.36	-1052928.029	2.8774
-795395.58	-979342.28	-797337.54	-979437.12	22.1324
-644167.988	-1071592.408	-643225.852	-1071268.715	11.0938
-724042.005	-1034642.051	-721909.138	-1036103.039	29.43
-735050.04	-1025264.38	-734995.56	-1025187.18	1.9091
-766353.786	-1023253.612	-765351.032	-1023102.423	11.4091
-727830.699	-1058743.388	-727756.552	-1059544.567	9.1254
-847134.79	-1070900.84	-847167.96	-1070922.91	0.4659
-819693.42	-1074553.76	-819830.35	-1074417.23	3.8717
-859427.814	-1012787.461	-859614.98	-1012914.35	4.7806
-772303.679	-1081833.637	-768538.32	-1082897.61	43.7092
-778073.878	-1024982.951	-777982.972	-1024849.3	7.1844
-645801.901	-1075686.843	-645584.93	-1076519.18	9.6217
-772848.17	-1031515.65	-772764.25	-1031598.74	0.9084
-866412.755	-1007295.052	-866304.12	-1007000.304	3.5739
-831484.068	-1037952.979	-829589.15	-1040948.8	43.2961
-775670.719	-1064925.753	-775508.24	-1065095.71	2.6254
-825237.48	-1076489.32	-825473.181	-1076978.825	9.6457
-794604.85	-1045594.51	-796118.31	-1046052.3	21.9366
-773213.54	-971852.23	-773086.617	-970913.716	127.1311
-683274.436	-1065192.111	-683295.221	-1065172.013	0.6656
-887978.012	-1019360.905	-887878.164	-1019149.612	2.6466
-741544.581	-976482.751	-738259.6	-972740.61	61.5361
-713662.754	-1023813.781	-711277.73	-1024644.39	29.8067
-771749.039	-1060604.088	-771713.29	-1060382.695	2.5042
-736357.239	-1013771.455	-736357.408	-1013749.458	0.2736
-867704.25	-1017459.2	-867827.291	-1017310.473	3.8605
-795679.997	-1064193.145	-794503.91	-1062120.49	28.0071
-781254.31	-1068262.15	-781439.88	-1068713.46	5.4221
-784901.71	-1064680.23	-784199.89	-1065298.81	11.9126
-773582.53	-1064914.68	-771235.7	-1064736.98	27.6879
-743588.968	-1006059.4	-743505.628	-1006017.643	1.8647
-646819.494	-1068479.874	-646734.244	-1068620.938	1.9141
-864273.56	-1014862.79	-864247.19	-1014848.59	0.3897
-770029.944	-979827.303	-770075.309	-979937.134	1.3203
-737780.89	-1073920.26	-737011.75	-1074812.7	14.1125
-756498.84	-1080484.19	-756787.96	-1074718.42	101.0244
-731518.85	-1042053.79	-731589.68	-1042036.91	1.5625
-656820.64	-1049277.7	-655601.323	-1051831.086	31.7679
-789851.337	-1027166.723	-794131.975	-1026382.306	33.7342
-674462.4	-1055955.03	-674109.19	-1055995.069	3.9888
-756555.782	-970472.63	-757206.81	-969692.0	11.6553
-799213.12	-993419.47	-804085.47	-991997.42	57.9748
-845669.45	-1007913.1	-845783.24	-1007906.04	1.3093
-643243.894	-1082911.687	-642120.637	-1083459.658	16.1047
-646180.626	-1074049.63	-645801.901	-1075686.843	18.8368
-700549.976	-1016985.471	-702154.39	-1017063.32	18.3331
-821898.958	-1062434.179	-820973.902	-1062163.172	19.9797
-684821.8	-1085771.56	-684605.571	-1086629.908	9.8861
-747917.66	-1033945.33	-747854.476	-1033972.682	1.4165
-783557.32	-996606.88	-784281.09	-996224.5	9.5011
-840004.527	-1070667.351	-840159.538	-1070577.962	1.3765
-830045.471	-1073007.368	-829983.056	-1072969.188	0.8221
-689507.87	-993288.37	-689477.71	-993270.639	0.3887
-837490.184	-1064292.459	-837178.639	-1063571.313	9.5581
-696029.607	-1045263.951	-696152.46	-1045284.59	1.4182
-801002.08	-1032379.022	-798692.94	-1034078.43	33.6664
-750386.47	-1031592.81	-751008.14	-1030205.85	17.1807
-670217.063	-1047532.375	-670302.753	-1047033.774	5.6467
-729975.212	-1063167.207	-730283.513	-1063285.34	8.3755
-695271.118	-1026511.729	-695425.18	-1027294.18	8.861
-743452.955	-980028.534	-746750.122	-981687.967	46.9133
-689683.664	-1046665.256	-689527.613	-1046455.283	3.9504
-686113.07	-989171.44	-686155.73	-989128.63	0.676
-859395.01	-1012018.42	-859405.76	-1012005.62	0.3703
-773612.564	-1055454.584	-773612.74	-1055153.42	6.2566
-775826.218	-1014683.062	-775845.511	-1014684.31	0.2168
-778592.53	-1048743.11	-777218.53	-1048643.03	15.3346
-880106.128	-1017037.521	-880059.211	-1017014.859	0.579
-757394.943	-976131.008	-757405.719	-976101.992	0.6822
-770582.61	-973150.378	-770343.531	-971797.563	29.8063
-855562.12	-1009290.98	-853201.371	-1010579.777	36.9276
-802221.716	-997025.126	-801455.048	-996994.848	13.562
-728916.517	-986860.571	-729566.13	-985317.67	20.5819
-753610.332	-1055794.016	-755278.67	-1057002.28	28.0565
-720771.59	-1032714.03	-718519.86	-1032019.4	27.0058
-825652.86	-990284.21	-825397.11	-990236.59	2.9592
-828092.939	-1076328.197	-827417.792	-1075394.971	24.3558
-644749.829	-1095929.772	-642292.66	-1093616.92	61.2843
-700139.11	-1067678.62	-700209.914	-1067581.49	1.3422
-673976.137	-1069265.756	-673983.56	-1071086.53	20.2335
-778936.284	-1029982.018	-778937.795	-1029962.107	0.435
-649134.45	-1027880.01	-648783.95	-1028159.26	5.0038
-834410.647	-1056690.533	-834226.849	-1055705.381	13.052
-702989.2	-1089128.57	-702961.865	-1089131.717	0.3057
-843040.578	-1020185.817	-842649.229	-1017088.561	49.8342
-757420.204	-1040997.825	-759598.97	-1042857.56	32.8209
-764178.213	-995931.718	-764512.253	-997703.884	21.4402
-725329.222	-978326.922	-725401.005	-978434.604	2.6195
-852241.709	-1051299.341	-851841.895	-1052516.61	16.171
-738953.985	-1055720.43	-740173.965	-1056481.452	18.2977
-684709.56	-1008697.17	-683525.776	-1008619.715	23.7458
-652355.284	-1084513.846	-652391.738	-1081209.243	48.0898
-687775.651	-1070719.93	-689533.77	-1072698.38	33.1665
-728409.01	-1060385.74	-728218.96	-1060617.02	3.528
-780131.226	-975110.78	-780145.673	-975109.629	0.3305
-654058.89	-1033547.74	-652384.421	-1032220.303	24.4768
-696666.688	-1001067.998	-696639.975	-1001044.38	0.8154
-661877.34	-1025173.71	-661656.125	-1025070.62	2.7212
-820192.47	-1025296.08	-822685.42	-1024554.84	33.0054
-777731.902	-1012696.134	-778014.027	-1012372.889	4.7695
-648563.304	-1072847.197	-648172.926	-1073424.829	8.7826
-741510.877	-1056076.422	-741909.34	-1056805.55	16.6831
-755153.65	-1035285.29	-754614.23	-1035771.28	14.5214
-819281.972	-1075718.149	-819300.52	-1075731.24	0.5205
-865130.137	-1016067.314	-865134.846	-1016050.066	0.3833
-652907.021	-1011415.196	-653289.56	-1010452.73	25.7733
-648119.937	-1065264.0	-646321.017	-1065809.304	21.0482
-738117.97	-1025342.62	-738223.133	-1026283.648	10.7973
-720286.94	-1041210.65	-719056.33	-1041002.22	13.9769
-689532.0	-1025551.84	-689199.57	-1027006.85	18.1553
-847130.532	-1051437.448	-845844.331	-1051867.902	16.5002
-877326.558	-1024920.661	-876292.761	-1024704.267	12.0585
-784908.833	-1026959.149	-784696.252	-1027101.178	5.1882
-858726.45	-1014810.57	-864247.19	-1014848.59	75.0313
-788332.392	-1032922.155	-788623.02	-1030555.81	29.6421
-649268.93	-1019995.56	-649184.804	-1019796.781	4.3783
-849530.54	-1064841.58	-849508.0	-1064854.5	0.5707
-820845.98	-1077385.69	-819756.53	-1076870.55	9.5352
-661439.501	-1059459.582	-661247.788	-1060001.457	11.6998
-790611.107	-1005098.447	-790781.372	-1005118.501	1.3196
-790807.11	-991409.08	-790841.527	-991416.733	0.7569
-649508.86	-1018964.207	-648462.99	-1018258.48	16.5477
-858314.518	-999543.567	-858225.57	-999249.575	6.3714
-721423.83	-1050459.84	-721590.121	-1050351.776	4.3402
-736406.053	-979182.316	-734924.513	-978114.676	22.3157
-857239.13	-1033987.9	-858426.41	-1035078.25	19.0923
-729694.704	-1025204.159	-728376.395	-1025974.213	17.6264
-757990.39	-1037666.66	-757993.91	-1037860.61	4.1651
-778337.115	-1058982.337	-778337.704	-1058911.818	0.788
-790841.527	-991416.733	-791903.53	-991074.62	23.2104
-751561.493	-1027770.122	-751583.2	-1027700.11	1.4681
-701209.452	-1012443.428	-701202.59	-1012387.6	0.625
-663359.46	-1018151.53	-661815.94	-1019747.04	24.7989
-756259.96	-1043181.71	-756262.518	-1042486.952	7.9952
-824002.89	-1011428.37	-824204.341	-1011429.901	2.2386
-684400.46	-994761.98	-684006.087	-995110.848	10.6344
-701544.95	-1038146.17	-701644.05	-1039147.18	11.7114
-887155.508	-1006158.106	-887686.7	-1006062.205	11.5565
-811581.538	-1037657.666	-812042.47	-1038338.51	9.3577
-742706.84	-978617.51	-744173.3	-977698.49	19.636
-730606.32	-1042945.66	-730320.71	-1043500.64	9.1234
-652756.916	-1044690.62	-652577.566	-1044757.953	2.1482
-815246.656	-1034011.793	-815421.1	-1032960.99	12.5414
-836254.049	-989704.778	-836190.341	-989605.311	1.3125
-718657.29	-1012418.59	-717527.23	-1013320.72	17.1096
-771884.49	-1066599.35	-773400.23	-1067433.99	19.8763
-767289.057	-1078300.438	-765916.1	-1077914.45	16.4487
-845230.462	-1031772.156	-845263.628	-1031836.868	1.5975
-794250.59	-993522.31	-793545.34	-994549.28	14.3479
-711918.85	-1011810.7	-713116.293	-1012546.008	19.4636
-873151.075	-1009409.353	-873251.51	-1009335.742	2.4954
-836451.432	-1060362.732	-836841.03	-1059468.24	11.5203
-684719.07	-993999.7	-684613.46	-993964.07	3.1952
-698639.7	-1060855.31	-697119.277	-1060869.356	18.6051
-703858.334	-1077728.229	-703733.09	-1077097.09	7.5038
-757043.375	-1065616.625	-757880.474	-1066161.822	25.8482
-750114.58	-1032506.51	-751004.0	-1032435.41	10.0271
-824204.15	-1071970.83	-824159.63	-1072003.69	1.159
-762907.221	-1050623.978	-762857.67	-1050705.85	1.9168
-766078.87	-995475.49	-766387.618	-994639.022	12.5418
-781791.85	-1046868.86	-783000.21	-1044291.56	39.3517
-785328.31	-998693.36	-786598.47	-996189.5	35.9111
-850752.894	-1062275.087	-851756.305	-1060741.82	20.6291
-779581.63	-996086.33	-778670.37	-996668.12	12.0565
-725056.337	-1061722.984	-726358.191	-1060831.418	19.3921
-645335.65	-1017763.32	-644574.91	-1017783.154	22.9777
-853804.223	-995401.259	-851345.22	-995275.32	28.2174
-776056.529	-1014620.924	-780690.837	-1009425.779	54.3135
-696713.71	-1058468.95	-695647.36	-1055686.91	39.3845
-769951.24	-995580.14	-769880.895	-995328.962	3.0003
-680357.0	-1083620.75	-681012.997	-1084397.104	12.0888
-751385.125	-1060360.375	-754722.88	-1063440.97	39.0004
-729485.542	-1080870.234	-729502.351	-1080841.587	0.7645
-828544.984	-1071974.834	-828665.07	-1071994.602	1.3678
-734745.64	-1045801.2	-734574.82	-1045751.64	3.5573
-810740.903	-1045606.441	-813176.459	-1046589.393	31.9504
-731655.538	-981365.218	-732274.605	-983184.859	22.1345
-748577.42	-1028355.95	-748666.48	-1028418.07	1.2187
-873639.53	-996190.27	-872762.508	-995169.136	16.2368
-778280.43	-1058590.03	-778327.952	-1058733.938	1.7509
-754021.26	-1013818.2	-753251.75	-1011154.9	30.8926
-726600.6	-984492.426	-726612.203	-984522.03	0.8414
-798369.909	-993481.638	-794104.53	-993257.69	55.9898
-656632.919	-1092332.619	-658009.514	-1090999.15	23.0295
-847167.96	-1070922.91	-850124.003	-1069427.642	38.4364
-706759.61	-1036013.73	-707402.253	-1032529.49	47.2813
-751869.49	-1007496.09	-751860.75	-1007434.16	0.6955
-719175.82	-1016530.84	-717856.3	-1014038.06	34.7493
-689380.5	-1058492.11	-689190.86	-1058576.02	4.1521
-643930.173	-1040600.159	-643945.735	-1040608.472	0.3821
-754998.283	-1004807.696	-752718.19	-1006076.97	31.4868
-849872.823	-1008152.813	-849514.114	-1008336.564	8.2124
-778474.39	-1028402.49	-777169.55	-1026711.9	29.3792
-657115.409	-1031419.73	-656246.977	-1031448.069	9.7951
-700207.76	-1047783.05	-699220.65	-1048191.68	29.943
-771409.02	-1011313.29	-771307.799	-1010415.405	18.116
-867829.675	-1006778.003	-867798.626	-1006764.106	0.4327
-687593.77	-1028876.38	-685851.715	-1028328.107	22.6349
-755006.918	-980759.374	-756347.37	-981644.63	20.1266
-736400.99	-999479.99	-733380.49	-1000976.91	38.4104
-653645.72	-1010375.37	-653126.72	-1010249.25	11.3978
-747683.923	-1064691.835	-747595.566	-1068754.193	50.9628
-819732.27	-1074394.07	-819832.02	-1074318.32	2.7386
-686986.884	-1071591.448	-686449.841	-1071523.354	6.6156
-764886.883	-1011569.505	-764858.67	-1011509.36	0.7869
-656108.2	-1048690.63	-656033.2	-1048570.81	2.1624
-647250.053	-1071710.344	-647278.364	-1071808.632	2.0626
-713295.679	-978166.798	-713162.22	-977605.93	6.4313
-645678.184	-1042706.549	-645849.286	-1042703.925	3.4233
-684305.309	-1035339.364	-684255.005	-1035594.066	3.4764
-759455.821	-1051347.97	-760611.745	-1052040.79	16.6025
-684254.372	-1061788.584	-682654.13	-1059857.1	29.4882
-672187.325	-1079729.021	-670729.731	-1080489.678	18.5842
-674506.896	-1042179.33	-674183.763	-1041261.532	11.1225
-778958.856	-1029962.33	-778955.724	-1029983.97	0.4848
-667401.048	-1083330.838	-668279.711	-1080673.348	32.114
-723891.868	-1036670.09	-723901.304	-1036730.429	1.2564
-751360.12	-1060296.04	-751335.31	-1060211.99	1.7537
-789573.256	-1027143.939	-789466.776	-1027126.16	0.8304
-669164.547	-1002715.107	-669134.93	-1002948.15	5.3763
-705984.986	-1061501.398	-706947.95	-1063003.73	20.6106
-775531.069	-1033630.147	-775553.045	-1033605.881	0.7396
-690737.62	-1056009.16	-690526.88	-1056042.24	2.3712
-671823.776	-1036449.887	-671373.9	-1036765.69	6.3584
-734591.1	-1022240.55	-734509.96	-1021489.88	8.4094
-726492.92	-1053565.89	-726367.226	-1053620.562	2.7936
-729237.237	-1080921.973	-729082.113	-1079284.231	38.782
-669095.228	-1010861.663	-669109.184	-1010833.617	0.6926
-711730.929	-983702.925	-706039.03	-984003.299	65.245
-701751.9	-1074551.6	-704435.36	-1073675.45	35.0098
-684564.84	-994047.521	-684506.17	-994253.69	4.3051
-807229.254	-1046838.007	-808952.21	-1046616.25	20.3975
-727363.065	-993004.762	-727201.508	-993032.23	1.865
-864909.972	-1059365.861	-866784.561	-1055673.503	46.8736
-842891.95	-1010664.03	-842743.14	-1009995.94	12.8966
-657604.594	-1030395.592	-656801.134	-1030373.695	9.3108
-779817.024	-983152.727	-779438.186	-982631.217	7.1884
-794092.27	-1044078.55	-793534.567	-1044243.719	7.2862
-699233.42	-1027118.96	-701868.37	-1027853.58	31.7221
-827571.154	-989063.969	-828138.18	-988352.21	10.8374
-667319.162	-1033690.175	-667352.5	-1033680.38	0.3866
-738606.8	-1049522.898	-738599.863	-1049584.498	1.2398
-695801.17	-1066068.47	-694942.03	-1066235.48	9.7629
-688387.54	-1023531.44	-688841.052	-1024527.626	12.4472
-736662.005	-983697.37	-736684.254	-983690.416	0.5146
-804955.382	-988969.297	-805046.157	-988856.915	3.082
-760301.72	-1080143.79	-757206.48	-1080755.63	37.0585
-794811.08	-1026343.35	-796287.08	-1026341.75	16.4001
-831254.004	-1022479.198	-830028.817	-1021447.07	21.8024
-853227.3	-1005277.26	-853238.64	-1005290.72	0.2383
-732274.605	-983184.859	-729289.497	-983206.612	34.4529
-738730.478	-1049064.169	-738729.596	-1048735.65	6.8731
-676923.61	-1083106.525	-676292.366	-1082313.565	12.4471
-762389.33	-1024817.88	-761986.299	-1025253.683	6.6511
-671541.458	-994226.952	-671513.114	-994230.191	0.9259
-734188.66	-994647.45	-733726.22	-994819.81	5.6985
-715277.1	-1058561.07	-714141.655	-1058451.069	12.9917
-754549.701	-1063563.589	-754526.906	-1063536.551	0.877
-749006.06	-998903.22	-748399.66	-995948.99	38.8131
-728304.716	-1060992.768	-728352.935	-1060877.851	1.4303
-752617.83	-1022577.89	-752902.44	-1021343.86	14.1537
-649269.117	-1061763.106	-649218.969	-1061762.193	1.0083
-681667.189	-1030216.736	-682027.42	-1029897.82	5.4137
-739172.11	-1048818.336	-738606.8	-1049522.898	19.326
-870597.7	-1010531.22	-871218.027	-1009557.177	12.8595
-648070.13	-1064005.995	-648184.802	-1063849.961	4.3718
-807299.173	-1072508.732	-806713.478	-1072855.768	15.4813
-684543.09	-994078.52	-684737.03	-993826.28	6.4491
-749525.97	-1004500.69	-749538.31	-1004515.68	0.5348
-776861.68	-975078.71	-777343.21	-973974.16	13.4251
-732252.61	-1055216.55	-731693.313	-1055903.791	17.7299
-751513.932	-1045689.238	-753429.609	-1045777.357	21.3332
-655104.85	-1047159.706	-654890.74	-1047168.19	4.5873
-792391.06	-978518.12	-792398.72	-978527.25	0.2647
-887686.7	-1006062.205	-887961.944	-1005909.762	6.4596
-753228.46	-994109.99	-752956.469	-994789.025	15.3753
-768792.382	-1052767.449	-768628.177	-1052967.403	5.2001
-772422.27	-1081689.42	-772489.2	-1081807.14	1.744
-645162.571	-1074255.841	-645182.381	-1074268.023	0.5164
-746316.93	-1007009.61	-746312.16	-1007135.22	1.4155
-670016.23	-1007047.13	-671577.98	-1006391.83	23.285
-767740.81	-1033208.76	-767141.08	-1033645.5	15.2064
-771778.16	-1003400.94	-771474.379	-1001227.935	26.2796
-733481.924	-975306.942	-734179.118	-976020.254	11.3328
-825231.354	-998609.884	-826005.685	-998194.328	11.1138
-672288.651	-1079657.96	-672187.325	-1079729.021	1.3826
-728273.927	-1055690.496	-728573.213	-1056053.118	9.4219
-804883.477	-1069352.662	-804450.558	-1069192.035	9.2791
-732372.051	-1073917.202	-731110.039	-1075403.317	22.4798
-745961.802	-1053732.583	-745989.314	-1053778.021	1.0625
-663966.307	-1086317.794	-661889.22	-1088148.474	31.2625
-773879.42	-1006095.68	-774403.2	-1006979.17	26.1526
-806475.528	-1072629.159	-806461.386	-1072628.937	0.3137
-752939.66	-1019805.72	-752755.865	-1019792.05	3.6896
-672245.998	-1083231.835	-672905.118	-1083829.117	10.0757
-699758.44	-1004067.71	-698440.11	-1003270.46	18.0763
-720813.672	-1048330.845	-720089.47	-1048745.48	10.1875
-700889.801	-1078074.226	-701335.98	-1078650.64	8.1324
-642027.43	-1036100.23	-641446.88	-1034905.08	26.5888
-714019.39	-1030869.42	-714750.98	-1029446.53	17.9376
-773612.564	-1055454.584	-773668.627	-1055483.882	1.2669
-641797.64	-1041826.898	-641872.24	-1042982.81	25.2239
-730940.9	-1057524.13	-730916.04	-1057545.2	0.3911
-737554.58	-1032825.0	-737019.67	-1032551.039	6.7175
-851507.58	-1010767.77	-850345.49	-1010731.944	23.6326
-833504.056	-1025748.803	-832638.577	-1024569.831	21.1472
-760301.72	-1080143.79	-759690.42	-1080853.77	10.7157
-788207.126	-1059604.875	-785384.123	-1060572.777	34.6372
-704510.14	-1069420.73	-703134.46	-1068229.24	21.8565
-795458.379	-985806.939	-795476.89	-985874.3	0.7762
-871098.782	-1032753.124	-867995.32	-1031386.54	44.1243
-762950.25	-987344.438	-764814.858	-987645.533	27.0185
-824346.25	-1071995.96	-824275.24	-1072041.62	1.9862
-648052.94	-1054485.999	-648028.985	-1054558.072	1.5894
-754919.423	-988119.4	-755491.16	-987131.1	14.1495
-671256.5	-1032769.5	-672598.24	-1032674.43	15.7098
-696258.275	-1045456.41	-696226.59	-1045571.556	1.6301
-743368.463	-1074569.017	-743901.651	-1074535.387	6.7198
-825205.903	-1022313.492	-825934.937	-1025464.152	39.9628
-730877.41	-1045434.47	-730886.13	-1045286.84	1.8261
-700845.442	-1010328.436	-698520.044	-1004628.598	52.7885
-682615.938	-1087826.567	-684561.902	-1087073.746	26.103
-688201.86	-1053356.66	-688813.918	-1053272.906	8.4232
-783204.779	-1043769.819	-783758.47	-1044267.37	15.8196
-664820.182	-1035921.943	-664794.345	-1035907.611	0.6561
-819889.406	-1074361.676	-819160.85	-1074892.36	18.2085
-647120.25	-1032718.03	-647990.36	-1032865.77	10.9285
-685568.523	-1071855.137	-685485.66	-1072865.66	11.7952
-800170.94	-986983.59	-802394.538	-986811.308	24.7825
-790877.898	-1005206.126	-790803.19	-1005131.05	1.3936
-740095.437	-1048765.803	-740146.63	-1048765.45	1.1123
-774963.8	-1017368.62	-774940.581	-1017890.853	5.955
-667750.276	-1083553.552	-668395.94	-1085313.12	22.0067
-669456.93	-1033427.32	-670654.23	-1032880.939	14.7387
-772454.415	-1029186.133	-773039.903	-1027849.428	16.4656
-766707.613	-1052278.382	-766498.187	-1052166.499	1.8273
-698847.622	-1012640.27	-698830.725	-1012654.719	0.2699
-847951.238	-1010723.822	-848391.013	-1010363.56	11.6204
-694782.795	-1076077.692	-693921.379	-1074516.569	20.7603
-882388.254	-1020937.356	-882361.76	-1020912.45	0.4055
-644950.75	-1026909.95	-645095.13	-1025657.86	16.453
-761263.61	-994584.576	-763475.06	-992883.25	21.796
-714104.234	-1058377.424	-713219.871	-1058449.529	9.8926
-870051.433	-1037459.188	-869866.577	-1037657.729	5.5037
-687271.32	-1031795.99	-685510.402	-1030303.126	29.9435
-755003.782	-975027.435	-755040.592	-975073.73	1.3661
-827032.435	-1043279.083	-827877.321	-1041525.222	25.4921
-685206.43	-1070551.72	-683372.708	-1070340.875	22.9504
-779194.03	-1007236.81	-774848.379	-1008981.515	57.2414
-795363.29	-973602.78	-796012.241	-972776.616	110.4783
-737214.3	-1036110.1	-737180.56	-1036101.54	0.8177
-698678.517	-1022574.473	-698173.226	-1023945.333	16.2342
-762679.08	-1053440.43	-761137.06	-1053405.7	17.7225
-674699.77	-1016080.99	-674729.5	-1016966.41	12.0642
-643742.916	-1069951.408	-640988.613	-1069351.753	32.2704
-693471.355	-1086672.673	-693651.636	-1087114.943	5.5093
-723333.95	-1036968.41	-723099.912	-1038173.839	16.9425
-764688.91	-1010131.04	-763426.98	-1010290.16	14.1431
-686457.96	-990915.576	-686415.83	-991132.39	2.4707
-673857.05	-1011738.34	-673860.1	-1011319.61	4.6913
-754384.573	-976431.956	-753649.53	-976729.2	16.3553
-867847.716	-1017285.814	-867850.362	-1017308.357	0.504
-643529.68	-1045810.428	-643557.271	-1045951.086	2.8668
-696226.59	-1045571.556	-696379.8	-1045598.58	1.9002
-734049.378	-1073311.299	-732372.051	-1073917.202	20.0538
-717185.34	-1049884.48	-718403.15	-1049828.81	13.9136
-733690.027	-1053341.801	-733935.061	-1053545.826	6.3958
-788645.545	-989800.028	-788466.315	-990034.547	6.1717
-800877.604	-1076633.122	-803296.964	-1079135.312	40.5806
-754590.79	-1035902.17	-754466.028	-1035771.512	3.6178
-741466.708	-1058907.94	-741847.992	-1057274.004	19.0397
-781439.88	-1068713.46	-780901.86	-1070007.39	16.1619
-753326.41	-1002532.8	-751462.148	-1001952.201	22.6738
-875219.812	-1019175.928	-874192.144	-1018571.621	25.259
-703550.361	-1088756.538	-708469.74	-1085004.36	55.8806
-673898.48	-1020353.88	-673873.6	-1019844.27	5.6878
-819610.11	-1043267.663	-819391.504	-1042895.331	4.9422
-692637.564	-1046241.056	-692479.53	-1046283.14	1.258
-782989.44	-1000828.26	-782611.28	-1001090.23	5.2408
-833658.629	-1072656.762	-833503.668	-1072522.591	2.4037
-679665.464	-1065415.499	-681174.132	-1065747.15	17.7979
-681218.36	-1064419.74	-681325.635	-1064380.716	2.4345
-726309.65	-1005617.59	-726485.95	-1007041.3	17.1321
-746391.984	-1054066.041	-746502.643	-1054238.287	4.1559
-671933.94	-1047172.02	-671174.85	-1047493.04	9.5573
-740689.13	-1040290.43	-740793.95	-1040702.31	8.5275
-702046.11	-1071741.6	-700570.04	-1072108.74	17.0936
-702989.2	-1089128.57	-703746.7	-1087628.1	19.8307
-873685.2	-1034190.17	-874300.557	-1035930.774	21.1432
-739283.4	-1047695.67	-739209.899	-1047653.54	1.9719
-762561.091	-992047.749	-762198.03	-990467.47	19.2901
-710708.604	-1038545.761	-713242.06	-1039074.99	33.1437
-723891.868	-1036670.09	-723981.666	-1036634.48	1.9321
-815238.312	-1070947.234	-815526.063	-1070891.9	5.8605
-753069.25	-1037372.232	-753016.49	-1037436.87	1.6687
-688156.23	-1046374.04	-686338.501	-1046474.932	21.8371
-759651.598	-976154.419	-757436.213	-976113.333	45.8477
-691950.61	-1065160.608	-691133.201	-1066124.921	14.9423
-819624.11	-1076682.22	-819395.745	-1076687.44	3.1748
-732359.224	-1040961.372	-732292.185	-1041013.616	1.7248
-768529.35	-1040347.1	-770186.892	-1039543.124	22.6805
-701749.24	-1009988.77	-702142.2	-1009771.98	9.1628
-785574.3	-991845.89	-786222.78	-992025.7	7.7885
-775870.915	-1014731.959	-775829.393	-1014756.219	0.6294
-656208.767	-1092763.429	-653761.317	-1094060.611	33.0446
-765045.05	-1039464.7	-765107.79	-1039405.41	2.3057
-830028.817	-1021447.07	-829467.527	-1020059.849	19.0751
-719060.561	-1038420.999	-719044.051	-1038420.258	0.3647
-729872.994	-1011869.243	-727975.51	-1014825.39	43.1536
-849819.671	-1016364.861	-850960.186	-1014908.947	33.1692
-678205.782	-991822.832	-678065.93	-991301.26	12.0047
-802844.27	-977135.1	-802784.597	-977214.719	1.1702
-646202.866	-1074027.276	-646180.626	-1074049.63	0.6619
-653801.06	-1046947.06	-653883.8	-1046418.99	5.9468
-839393.945	-1025218.83	-841436.05	-1026926.25	35.4113
-729081.3	-1029275.1	-728526.364	-1028355.445	21.7143
-702046.11	-1071741.6	-701469.49	-1070934.9	12.1837
-732027.544	-1034837.103	-730995.632	-1036426.044	21.7189
-710621.97	-1010386.03	-711182.08	-1008838.71	18.7045
-755466.457	-1021017.746	-753928.13	-1020771.05	17.4034
-764117.881	-991884.65	-764710.12	-992464.87	9.9189
-674393.059	-1065501.458	-675211.97	-1066793.444	17.7087
-757945.36	-1018942.46	-758222.11	-1020120.63	14.7297
-755013.192	-1017324.232	-755096.69	-1017217.62	3.0549
-713077.96	-1050386.75	-715827.967	-1053556.402	49.6553
-693680.59	-1025234.301	-693410.063	-1025499.188	4.4565
-640439.987	-1043269.29	-640123.901	-1043109.222	7.1304
-774371.24	-980479.83	-772541.83	-980125.34	23.8833
-688883.495	-1058050.177	-688460.23	-1057346.561	16.6026
-764786.263	-1013600.929	-764877.03	-1012008.11	24.7929
-867876.413	-1006927.398	-867868.668	-1006968.329	0.591
-747394.36	-1062818.558	-747272.377	-1064367.253	17.853
-726701.24	-1036094.995	-726639.21	-1036007.9	2.144
-684737.03	-993826.28	-685596.24	-993630.49	17.7938
-695912.142	-1063048.495	-696535.05	-1060849.84	27.6914
-819714.003	-1048704.219	-818811.82	-1049475.91	15.121
-641872.24	-1042982.81	-643241.65	-1044616.06	24.0289
-806698.84	-1072860.548	-806693.978	-1072845.383	0.3555
-644626.078	-1038208.679	-644666.797	-1038327.29	1.4739
-763706.99	-983102.71	-763662.27	-983166.21	0.9176
-736357.408	-1013749.458	-736379.617	-1013751.113	0.278
-814216.137	-1042267.043	-814270.804	-1042305.748	0.7676
-647826.98	-1019477.46	-647871.59	-1018667.93	11.247
-818797.56	-1019942.66	-819804.312	-1019797.74	12.3959
-700201.196	-1053736.21	-700237.043	-1054401.725	7.406
-734772.38	-1029674.17	-733709.44	-1030190.23	13.5209
-649463.246	-1060572.535	-649315.954	-1060816.827	5.7883
-791412.01	-1026696.42	-792498.23	-1026614.33	12.1037
-759059.365	-1033686.955	-759071.21	-1033683.539	0.2546
-850283.37	-1074377.188	-850128.496	-1074362.749	16.6671
-822634.434	-1069568.19	-822828.862	-1069529.776	4.0318
-763417.35	-1022304.798	-760260.421	-1021845.213	36.0643
-845099.434	-1014584.88	-845241.937	-1014450.711	2.1747
-795363.29	-973602.78	-798811.12	-974392.15	45.3613
-822634.434	-1069568.19	-822593.74	-1069482.0	1.9261
-830754.935	-1059526.568	-829965.826	-1060342.269	12.7062
-835871.16	-1032618.1	-835764.44	-1030806.54	22.3518
-669115.19	-1014089.95	-669486.06	-1013907.47	8.2983
-673831.38	-1015394.53	-673060.629	-1016547.86	15.9409
-757549.968	-1049067.836	-758678.932	-1048979.29	12.6823
-649777.66	-1026307.98	-649066.35	-1023932.14	34.2926
-855079.592	-1025327.497	-854800.58	-1025541.49	4.1416
-786012.37	-999649.04	-785338.24	-998942.01	11.2916
-730635.99	-1041909.89	-730856.62	-1042063.53	5.6233
-728834.58	-1061079.68	-728821.533	-1061055.103	0.5632
-788186.2	-1063310.5	-788217.74	-1063335.14	0.8006
-841852.61	-1052408.997	-843454.051	-1049428.271	40.8293
-794405.95	-1003945.91	-794381.63	-1004055.99	1.5531
-742604.08	-1029716.56	-745032.0	-1029600.57	30.154
-694564.952	-1089620.098	-694550.39	-1089676.0	0.6498
-641599.391	-1068082.144	-641586.119	-1068128.802	0.539
-861425.449	-1032045.825	-860277.03	-1033622.47	22.8428
-664421.81	-1020529.25	-664095.85	-1018703.97	24.3894
-830193.24	-997923.3	-828142.339	-997312.657	27.6136
-859309.08	-1012897.17	-859403.622	-1012820.503	2.7572
-756880.203	-1065655.615	-756934.11	-1065837.4	3.7983
-640681.278	-1054853.099	-640730.16	-1053153.74	20.787
-831269.153	-1066433.159	-836114.539	-1065585.291	57.27
-859257.63	-1010952.37	-858746.6	-1009335.38	19.2869
-743792.838	-1038469.445	-743740.25	-1036700.32	23.5707
-655260.99	-1026577.1	-653720.94	-1027087.75	19.0166
-725622.34	-1048876.6	-725693.65	-1048762.59	2.7546
-740603.949	-1073225.593	-742474.966	-1070295.532	42.7998
-880186.05	-1020865.91	-882299.844	-1021957.655	18.4573
-695466.04	-999732.44	-693003.18	-998300.05	32.84
-817267.198	-1072637.414	-817250.794	-1072663.047	0.6588
-783982.72	-988290.11	-783901.62	-988451.57	2.1381
-665257.477	-1030252.494	-665733.375	-1028673.938	20.1778
-813838.81	-1073966.7	-811657.056	-1075500.977	30.7132
-675383.234	-1049879.299	-675361.237	-1049640.643	2.6631
-776387.54	-975479.38	-776401.92	-975501.85	0.5895
-734820.63	-1045921.73	-734699.83	-1045946.208	2.4663
-821554.948	-1048307.873	-819714.003	-1048704.219	21.1962
-779398.2	-977284.25	-779575.13	-976375.19	19.0077
-778989.21	-981896.88	-778879.455	-981677.522	4.9068
-648232.39	-1047796.96	-648723.39	-1048117.65	4.5124
-753724.11	-1045846.48	-753645.24	-1045631.4	4.6273
-745130.41	-1030301.18	-745284.26	-1030042.76	6.2872
-766544.821	-1023277.347	-766353.786	-1023253.612	3.5365
-716937.42	-1007933.48	-716573.27	-1009828.58	22.4518
-688661.205	-1067992.973	-689784.86	-1068968.16	17.8778
-768899.02	-1037496.17	-768199.24	-1036525.0	18.3718
-647475.185	-1033811.312	-646842.755	-1034783.755	12.8899
-749113.432	-1045638.107	-749095.62	-1045762.39	2.573
-783532.06	-1061868.28	-783503.83	-1062042.29	3.526
-656033.2	-1048570.81	-648919.929	-1048245.544	56.5102
-678451.24	-1008444.26	-679741.72	-1010278.02	29.6511
-734155.582	-1053828.039	-733563.58	-1053923.28	12.5136
-739264.11	-1033483.83	-742338.099	-1026848.874	57.9554
-739191.32	-1033635.28	-739264.11	-1033483.83	3.3608
-673021.41	-1020128.33	-671537.295	-1019001.541	21.9092
-644454.839	-1038353.711	-644447.233	-1038261.923	1.0528
-672432.67	-1063550.16	-671885.08	-1064660.9	16.2984
-654890.74	-1047168.19	-653801.06	-1046947.06	12.668
-760837.709	-976497.676	-760798.366	-976523.528	1.1712
-877339.234	-1015828.577	-876959.91	-1015765.98	4.4167
-646926.16	-1019368.86	-646650.06	-1019270.7	3.3732
-659487.472	-1008874.069	-659466.97	-1008885.9	0.6097
-707996.479	-1083867.228	-706775.892	-1083266.411	17.7416
-876129.73	-1021550.52	-876018.18	-1021451.31	1.7988
-831965.824	-1053225.374	-836341.28	-1052408.963	61.234
-743307.88	-1019662.27	-743000.34	-1018311.31	16.8856
-756035.714	-978645.227	-756011.86	-980087.45	16.6774
-848819.369	-1047955.088	-848484.179	-1047673.023	12.4246
-685086.342	-1072947.949	-683899.563	-1076949.046	50.9815
-829057.641	-1032575.254	-829852.643	-1031299.919	20.0612
-730970.659	-1017482.306	-727447.57	-1019795.24	47.0434
-670991.43	-994702.16	-667476.599	-994755.203	72.8427
-715127.57	-999209.96	-714937.33	-998641.21	6.681
-815262.352	-1070819.168	-815143.711	-1070873.278	2.6817
-789419.83	-999241.0	-789545.41	-1002070.51	32.2989
-767291.194	-1078266.456	-767289.057	-1078300.438	0.681
-697689.67	-1035007.89	-698194.99	-1034920.52	10.2764
-700201.196	-1053736.21	-698131.165	-1054356.979	24.7802
-650277.2	-1065888.95	-650131.51	-1066509.43	8.0256
-833813.423	-1072429.324	-833895.713	-1071419.942	20.6363
-882299.844	-1021957.655	-882364.974	-1021867.773	1.9476
-712530.7	-1007131.23	-712745.62	-1008418.9	20.1704
-739445.764	-1039882.528	-739350.9	-1040088.34	7.2347
-649324.526	-1057870.256	-649964.51	-1055934.75	26.8391
-652006.89	-1070514.59	-653395.411	-1069833.769	17.2783
-677292.61	-1004621.31	-677223.02	-1004343.34	3.2886
-640730.16	-1053153.74	-640470.79	-1051656.34	19.7284
-845737.637	-1059391.351	-847981.715	-1062723.73	53.742
-709946.18	-1000726.775	-709250.04	-995537.72	61.6467
-726936.28	-1019982.02	-725954.836	-1019955.705	21.2193
-825408.704	-1029030.138	-826513.595	-1029200.402	23.8565
-704031.14	-1018885.86	-702747.23	-1018674.96	16.5339
-805352.02	-1065256.11	-804450.558	-1069192.035	45.595
-849508.0	-1064854.5	-849492.813	-1064832.5	0.568
-793551.607	-1019618.858	-794390.371	-1020723.153	16.2146
-813339.22	-1072490.63	-813343.929	-1072387.496	1.1471
-755669.45	-1051943.02	-755380.16	-1051435.53	8.2391
-656769.01	-1048586.36	-656284.52	-1048566.54	3.7306
-742974.16	-1024658.35	-743022.731	-1024000.975	15.5484
-682523.68	-1045236.7	-683981.04	-1045580.36	17.2636
-728218.96	-1060617.02	-728506.879	-1060761.621	3.6801
-808952.21	-1046616.25	-810667.0	-1045722.86	25.1429
-708515.93	-1020597.24	-710400.32	-1017303.91	47.4703
-764772.972	-1010050.475	-764688.91	-1010131.04	1.3416
-803299.082	-1079241.065	-803676.698	-1079264.44	14.8798
-796287.08	-1026341.75	-796933.467	-1026340.879	7.1821
-730916.56	-1057495.52	-730940.9	-1057524.13	0.4682
-842664.93	-1065638.633	-844142.467	-1066285.323	18.0026
-720730.33	-1012025.78	-720921.3	-1011698.64	4.3195
-646256.609	-1063843.229	-646259.626	-1063825.184	0.4746
-669134.93	-1002948.15	-671527.25	-1005694.29	43.969
-747362.12	-1023959.97	-747308.843	-1023989.877	1.286
-887588.336	-1017002.628	-888772.284	-1015884.342	18.1217
-712332.49	-1078923.97	-712460.667	-1076644.61	27.3013
-690266.139	-995239.285	-690535.907	-995551.564	3.1869
-691534.38	-1027957.92	-692090.239	-1029413.062	19.4446
-687691.147	-1057613.069	-687669.082	-1057604.876	0.4964
-818898.634	-1017174.524	-819105.02	-1017258.59	2.5297
-746356.47	-1011843.08	-744900.21	-1011766.54	16.418
-717819.526	-1067200.885	-715849.855	-1067543.626	25.2096
-647404.039	-1082012.827	-647441.596	-1082008.575	0.7768
-761891.2	-972771.3	-761892.92	-972790.19	0.5685
-822047.0	-1072227.13	-823245.745	-1071548.892	29.8431
-691880.813	-1019898.25	-695212.53	-1017529.26	54.4734
-672595.3	-1023240.283	-670651.509	-1021130.62	34.8814
-770903.04	-979469.9	-770815.922	-979561.149	1.4075
-654688.28	-1041606.53	-654794.2	-1037390.1	47.836
-640730.83	-1072215.52	-640620.79	-1072163.79	1.9499
-685163.84	-994354.035	-685097.516	-994424.041	1.9671
-673324.09	-1043429.71	-673270.08	-1043444.385	1.1194
-668161.61	-1016709.32	-668632.14	-1015097.96	19.0548
-751262.25	-1060150.06	-751209.618	-1060054.65	2.7229
-729076.19	-1078660.54	-728616.024	-1078644.729	12.3693
-772487.21	-1006107.28	-771042.303	-1006967.94	19.0737
-646358.425	-1071536.046	-646362.235	-1071521.322	0.3352
-773348.35	-978281.86	-773188.07	-978559.92	6.4267
-830010.454	-1073044.303	-829698.373	-1073153.348	3.7495
-698496.31	-1035648.844	-697622.34	-1037173.95	21.6175
-729289.497	-983206.612	-727547.636	-983761.853	21.5243
-814806.03	-1011991.35	-815227.57	-1011989.75	4.6886
-787709.5	-1006785.75	-787838.72	-1006690.14	1.788
-758586.27	-1057603.82	-758354.706	-1057573.373	2.597
-800880.408	-1054551.349	-802308.357	-1054114.598	18.7547
-681856.875	-1067973.625	-680658.134	-1067462.859	15.9575
-697580.815	-1001079.1	-697370.174	-1000296.322	16.342
-736792.043	-1038448.971	-736854.955	-1037974.562	7.7018
-703134.46	-1068229.24	-702545.69	-1068237.88	6.9612
-752335.49	-1043007.45	-752438.325	-1042831.478	1.5776
-846905.631	-1029704.542	-851674.691	-1031602.659	64.439
-696961.711	-1087392.507	-694960.38	-1087145.06	23.4883
-743547.913	-1024927.2	-743733.598	-1024751.968	5.4296
-663666.31	-1091817.99	-665793.867	-1091448.356	25.813
-688732.773	-1043758.172	-688718.603	-1043774.139	0.2564
-729635.775	-1008318.394	-727465.293	-1006781.635	30.5581
-733747.465	-1053566.844	-733635.307	-1053659.701	2.9123
-721423.83	-1050459.84	-720704.68	-1050757.53	16.6421
-761179.81	-994753.86	-761131.05	-994656.63	1.4951
-655812.1	-1048450.58	-655919.27	-1048562.33	4.2847
-740409.45	-969865.07	-738345.836	-968782.306	28.5337
-773639.74	-1042187.29	-773630.64	-1042294.64	1.2113
-722600.52	-1050767.77	-723899.63	-1050903.75	15.3326
-645381.39	-1052938.51	-646239.872	-1056008.99	36.6942
-729688.37	-1011027.81	-729635.775	-1008318.394	36.9332
-817568.08	-1054542.07	-817473.473	-1049653.171	62.153
-743740.25	-1036700.32	-743382.07	-1034744.24	22.6199
-748877.24	-1017607.466	-747940.297	-1017099.553	13.2005
-679257.94	-1038219.08	-682058.232	-1041108.813	46.4111
-887155.508	-1006158.106	-887146.313	-1006165.878	0.2568
-809159.34	-994184.85	-809384.25	-994087.73	4.9082
-771953.17	-972150.1	-771922.183	-971933.635	4.4011
-689398.461	-1033181.24	-689352.666	-1030052.024	36.673
-786505.52	-1066825.13	-786786.88	-1066576.34	8.6396
-663890.85	-1032957.57	-664350.516	-1031558.539	16.9507
-759070.16	-1068771.63	-759094.45	-1068657.76	1.6489
-661479.04	-1077396.65	-661219.349	-1077757.684	5.0401
-804952.408	-989107.347	-804979.672	-989061.68	1.294
-707983.12	-1065331.4	-707194.39	-1067155.22	35.2501
-794131.975	-1026382.306	-794339.238	-1026365.099	1.6014
-649777.66	-1026307.98	-649971.71	-1026167.52	3.2437
-746977.513	-1004054.933	-746969.765	-1004072.67	0.4384
-759071.21	-1033683.539	-758440.286	-1032985.845	22.1739
-700206.943	-1053697.575	-700201.993	-1053336.492	7.3419
-678787.092	-991793.835	-680988.235	-993110.658	62.8524
-658791.001	-1060312.349	-658622.933	-1059729.837	6.848
-809512.423	-993567.602	-809384.25	-994087.73	11.3742
-728484.79	-1032303.11	-727394.82	-1032823.14	13.6052
-688883.495	-1058050.177	-688883.932	-1058199.578	2.9885
-686813.369	-999098.413	-687631.02	-997626.25	25.0344
-639815.538	-1040459.733	-640259.405	-1041768.162	36.3638
-820436.579	-1026745.197	-821382.33	-1027097.97	21.9598
-831776.45	-1054223.17	-830987.48	-1056665.92	29.6656
-758296.68	-1012253.36	-757934.49	-1010342.66	21.6352
-795345.471	-1023146.204	-794397.695	-1023702.711	12.7174
-673068.91	-1012409.4	-673115.251	-1012235.584	3.7252
-757944.57	-1018902.47	-757945.36	-1018942.46	0.4452
-838402.846	-1065280.683	-838504.902	-1065598.13	3.7567
-734628.322	-1073000.566	-734179.267	-1073288.225	11.1284
-701719.961	-1012286.117	-701750.961	-1012322.66	1.0023
-821551.075	-1030096.024	-817540.37	-1031827.03	59.5206
-768483.18	-971363.18	-767239.894	-971117.325	15.9484
-752690.62	-972236.13	-753963.84	-971700.12	16.9573
-725803.749	-1022124.234	-726066.38	-1020719.64	16.5358
-652959.885	-1081153.486	-652391.738	-1081209.243	6.5122
-674365.546	-1057198.808	-674283.394	-1057230.388	1.0145
-762262.08	-1062353.09	-762524.04	-1062470.43	3.2343
-847348.937	-1070561.21	-847137.84	-1070687.912	3.056
-681174.132	-1065747.15	-680358.135	-1067527.878	21.9469
-662547.35	-1043114.02	-664935.923	-1043309.049	27.7895
-746331.456	-1054349.706	-746310.913	-1054405.049	1.9132
-771284.976	-982536.094	-770913.21	-981534.03	12.9446
-823431.822	-1046861.01	-822379.454	-1047224.059	13.081
-752483.391	-1077454.372	-751758.933	-1077986.983	11.4854
-720354.874	-1070956.167	-720302.516	-1070959.109	0.6234
-776724.47	-975367.25	-776666.55	-975479.07	2.5186
-744173.3	-977698.49	-745735.447	-977153.325	18.994
-736877.894	-1032374.731	-736994.459	-1032378.053	2.723
-736901.18	-1036837.1	-736806.057	-1036906.288	2.5885
-778372.16	-1049979.06	-778126.39	-1049842.83	5.8206
-727808.632	-1030578.645	-727177.87	-1031218.1	10.0042
-887943.857	-1019216.675	-887969.106	-1019586.53	4.2454
-843739.265	-1072584.84	-843931.125	-1074255.898	19.1131
-814433.931	-1063888.09	-814547.798	-1061354.965	29.7678
-704286.97	-1047107.97	-703355.628	-1047922.307	14.3743
-652508.028	-1051659.118	-652463.463	-1051558.487	1.2585
-699220.004	-1086836.49	-695974.948	-1082369.357	72.067
-798652.692	-1067077.747	-798767.887	-1067314.515	3.7434
-669926.958	-1088201.107	-668050.261	-1089055.576	24.0409
-698164.88	-1063584.93	-698225.61	-1063063.57	10.5967
-684605.571	-1086629.908	-684561.902	-1087073.746	5.0779
-739283.4	-1047695.67	-739350.28	-1047578.09	2.8094
-697634.39	-994570.19	-698477.336	-990974.16	50.0921
-726833.18	-1050763.96	-726152.344	-1051205.196	16.8225
-855063.7	-1001965.68	-857587.613	-999831.837	40.2556
-652984.634	-1022955.491	-652519.065	-1021392.956	22.1082
-781512.0	-1007581.01	-780897.85	-1009090.58	18.8653
-709859.31	-1013013.28	-709860.07	-1013225.01	2.5731
-759690.42	-1080853.77	-758696.918	-1082084.258	19.1363
-734725.92	-994457.21	-734188.66	-994647.45	6.4504
-730521.401	-1057413.653	-730549.63	-1057384.57	0.4521
-725714.2	-1076604.05	-719949.29	-1077840.81	72.5071
-644618.793	-1041865.152	-644614.438	-1041881.625	0.3749
-647612.939	-1070404.522	-647598.453	-1070426.818	0.6626
-770262.821	-1080426.88	-771986.75	-1079105.54	25.3533
-728352.935	-1060877.851	-728440.506	-1060914.19	1.3419
-721907.69	-1084657.76	-722190.11	-1085142.7	6.3919
-734598.58	-1083230.584	-733554.49	-1083480.28	12.8606
-769893.111	-1056003.317	-769518.938	-1054142.75	24.5456
-824371.81	-1072136.82	-824159.63	-1072003.69	5.0166
-647278.364	-1071808.632	-646592.33	-1073974.543	25.6573
-646157.913	-1071175.528	-646137.32	-1071163.56	0.5531
-753931.96	-1059191.81	-755542.317	-1059501.0	18.3399
-660600.295	-1028136.323	-662122.61	-1026540.04	25.5902
-662930.859	-1022904.339	-662554.79	-1022817.848	4.6672
-684304.861	-1040364.167	-683695.85	-1039039.86	19.2989
-732492.83	-1054910.4	-733371.256	-1053884.618	27.0108
-734246.2	-1078918.72	-731640.68	-1078966.1	29.6282
-677663.12	-1037797.67	-676885.72	-1040443.22	36.8127
-776622.26	-1058346.08	-776968.747	-1057934.746	13.7716
-729163.1	-1032025.58	-728484.79	-1032303.11	8.3634
-822782.768	-1008835.327	-822786.712	-1008871.24	0.402
-670991.43	-994702.16	-670988.44	-994687.59	0.3404
-652212.116	-1071839.695	-652966.576	-1073400.519	20.0605
-740620.803	-1040195.542	-739238.46	-1040119.82	28.989
-768028.498	-1020847.565	-770201.52	-1018458.77	36.4084
-762845.67	-1041021.22	-762849.939	-1040391.14	12.6114
-664871.25	-1006255.21	-666331.36	-1007237.53	23.0858
-816772.625	-1014524.25	-816811.814	-1014494.023	0.5559
-648596.872	-1058283.361	-648607.985	-1058257.75	0.5874
-807572.676	-1010446.521	-805653.795	-1009801.114	22.8602
-778372.16	-1049979.06	-780584.38	-1049899.73	27.0485
-810681.831	-985609.893	-810388.016	-982868.027	32.0482
-683918.584	-995065.001	-683952.742	-995065.316	0.9061
-873249.245	-998338.337	-873639.53	-996190.27	45.563
-757892.83	-1031276.15	-753717.24	-1030695.05	52.3982
-849278.494	-1001949.545	-848944.39	-1000411.63	19.4415
-653629.213	-1024181.643	-653565.93	-1024325.48	3.5722
-814810.843	-1006381.65	-814235.79	-1004758.79	23.2816
-778327.952	-1058733.938	-778348.44	-1058916.35	2.0599
-759850.619	-972865.737	-758270.57	-972697.23	18.8733
-751920.53	-1038841.4	-751554.57	-1040574.17	20.0388
-725453.136	-998817.093	-725531.932	-998701.486	1.5563
-758585.865	-1058784.774	-758452.442	-1058156.074	8.6326
-762324.87	-1040520.03	-760664.788	-1039529.696	22.3116
-674891.2	-1005857.53	-673712.95	-1006603.35	15.8372
-824233.11	-1071922.28	-824111.37	-1071479.55	9.5206
-759115.936	-1047712.004	-759130.368	-1047663.758	1.0602
-810583.34	-992016.14	-810652.14	-991913.8	1.1224
-828956.99	-1072259.026	-828815.243	-1072228.758	1.6114
-807695.027	-990255.374	-807739.25	-990341.35	1.9346
-740813.729	-1001758.382	-741343.85	-1001880.77	13.1584
-729545.024	-1037363.321	-728172.83	-1036863.76	30.8616
-853220.061	-1065083.953	-856228.099	-1066366.466	37.6293
-691966.805	-1064852.333	-691828.6	-1064899.158	2.9202
-753963.84	-971700.12	-755086.89	-972337.9	27.3092
-688757.63	-1058642.28	-688883.849	-1058534.562	3.6263
-807134.893	-993003.769	-807380.946	-992320.317	14.5603
-686065.342	-993601.918	-686073.991	-993614.154	0.3505
-767159.847	-981022.984	-767046.6	-980774.5	2.116
-674923.8	-1005690.43	-674891.2	-1005857.53	3.4385
-700186.357	-1052771.488	-700715.959	-1052395.539	13.9527
-874066.119	-996690.38	-873658.38	-996493.489	9.3944
-722790.83	-979017.63	-725244.182	-978527.548	28.9026
-708977.03	-1059101.7	-708408.027	-1058931.415	6.684
-733198.76	-1042119.31	-733329.33	-1042060.1	2.8674
-699774.69	-995359.47	-699709.298	-995267.078	1.3162
-781996.75	-994762.76	-781397.95	-995265.53	8.8935
-859403.622	-1012820.503	-859385.752	-1012800.02	0.5815
-755730.734	-1053467.832	-755669.45	-1051943.02	18.9775
-673146.848	-1025900.608	-672429.127	-1024177.313	21.1252
-647185.92	-1043354.23	-646910.36	-1044622.04	14.7954
-675017.86	-1015823.96	-675210.08	-1014770.66	13.6662
-854520.06	-1011602.93	-854518.045	-1011572.677	0.6543
-824303.713	-1075020.57	-825237.48	-1076489.32	22.5087
-744509.614	-989894.407	-742053.316	-992498.447	42.615
-741322.22	-1041999.96	-741039.44	-1041681.01	11.4531
-807938.866	-1072495.803	-807952.239	-1072477.849	0.5146
-819199.368	-993790.579	-816015.01	-992517.408	38.559
-657002.779	-1089741.132	-658326.581	-1088923.328	32.3533
-869054.945	-1041051.578	-866604.105	-1040990.974	28.7264
-647820.968	-1061964.638	-647877.341	-1062897.559	18.6931
-854520.06	-1011602.93	-851461.777	-1014494.652	57.9742
-804232.895	-1076280.818	-804760.361	-1075172.719	14.0205
-849099.645	-1010295.279	-850224.24	-1010661.535	25.8435
-833749.287	-1072545.879	-833503.668	-1072522.591	1.8979
-712873.074	-983376.143	-712902.686	-983324.48	1.1966
-753812.483	-1045788.277	-753503.25	-1044967.41	6.8679
-664324.403	-1076602.339	-663846.34	-1076975.045	6.8297
-794052.3	-1037127.69	-792277.4	-1036604.21	21.6059
-745998.38	-1054124.323	-746585.71	-1053649.2	5.8117
-728678.946	-1076993.122	-729466.74	-1078252.51	19.1322
-767157.87	-980471.898	-767083.888	-980586.629	1.2425
-644139.468	-1047621.263	-643736.04	-1046707.62	9.1003
-824264.95	-1072040.14	-824204.15	-1071970.83	2.0442
-678999.557	-991254.104	-679293.063	-990851.478	5.84
-765682.58	-1040663.16	-767346.246	-1040086.767	19.7429
-671293.0	-1070489.27	-670936.937	-1070587.999	7.4499
-665458.76	-1039205.67	-664580.31	-1040555.48	18.8781
-762422.17	-1027892.26	-762838.747	-1028415.402	14.539
-749359.631	-1072003.681	-748818.637	-1072539.24	16.742
-787553.89	-1006945.17	-787566.74	-1006937.87	0.1642
-754845.73	-1063381.37	-754963.37	-1063474.75	3.1872
-729289.497	-983206.612	-729880.485	-980588.693	36.4211
-659294.372	-1008371.005	-659288.519	-1008355.189	0.4596
-819991.97	-1052880.66	-819442.15	-1054038.5	27.6847
-743452.955	-980028.534	-741719.28	-980863.58	22.2674
-665898.745	-1032132.011	-667050.43	-1033212.56	18.3519
-792559.55	-1065629.64	-793857.24	-1066268.77	16.3297
-769111.6	-1007999.37	-766886.432	-1009875.954	32.6934
-693497.58	-1083700.93	-692961.71	-1082107.65	19.0798
-761383.292	-1015001.54	-761277.9	-1014712.0	3.442
-791408.81	-1045872.74	-790021.28	-1045768.63	15.9299
-794104.53	-993257.69	-794250.59	-993522.31	3.3584
-727879.654	-1038806.52	-726016.3	-1037837.02	23.6043
-820420.533	-1067697.474	-819274.598	-1065190.258	34.6108
-763612.14	-977687.04	-762685.372	-977846.601	23.9122
-640083.291	-1042985.593	-640061.58	-1043028.02	1.0293
-685492.765	-1070729.299	-685568.523	-1071855.137	23.8508
-701765.41	-1010006.88	-701732.53	-1010033.69	1.001
-646648.193	-1068574.051	-646575.845	-1068613.119	0.9137
-757559.425	-1039723.96	-757577.549	-1039736.157	0.2734
-697918.251	-1075416.571	-699321.98	-1074296.04	20.3956
-755562.866	-970576.235	-755086.89	-972337.9	22.2869
-789783.118	-1027080.451	-789851.337	-1027166.723	1.3094
-812826.87	-1005193.35	-812592.933	-1005045.049	3.0781
-860415.091	-1062241.287	-859132.77	-1063310.13	19.1805
-744325.313	-1039822.447	-744366.4	-1040022.85	4.1629
-851821.906	-1010497.279	-851711.984	-1010621.337	3.3453
-731675.898	-1042251.919	-731542.33	-1042118.76	5.4979
-647875.307	-1027737.863	-646638.17	-1025843.13	31.5211
-812873.32	-1012034.53	-813911.591	-1008172.417	46.1792
-692215.46	-998369.85	-692138.17	-998232.95	1.7737
-718623.75	-999624.31	-718234.8	-998122.27	19.1858
-787773.57	-978746.44	-787860.82	-978850.27	1.5069
-759114.077	-993280.853	-756996.81	-993384.67	23.6402
-729193.276	-1078529.174	-729135.715	-1078700.134	3.6081
-766794.91	-1037066.09	-766800.29	-1037056.05	0.2448
-698830.725	-1012654.719	-698814.062	-1012645.207	0.2366
-751731.718	-984231.884	-751132.379	-983338.102	12.2186
-807751.057	-1006035.309	-807656.613	-1005552.246	5.4782
-741398.042	-1014878.314	-741011.44	-1016680.83	21.7385
-833713.936	-1039020.694	-833476.732	-1038908.045	2.978
-752069.84	-1043174.12	-750715.12	-1043202.08	29.4207
-677451.058	-1022228.31	-677181.886	-1022708.512	6.4902
-723842.07	-1036401.27	-723703.199	-1036211.149	4.8544
-679461.209	-1037627.833	-682293.429	-1035791.976	37.8305
-739888.968	-1002305.712	-739949.769	-1001962.629	7.0631
-702127.568	-1043243.394	-702114.812	-1043261.196	0.483
-767520.721	-980927.126	-767418.563	-980775.831	2.0905
-646804.66	-1070126.4	-646797.905	-1070101.819	0.7059
-776744.647	-975479.767	-776655.935	-975605.359	3.347
-772454.415	-1029186.133	-771848.74	-1029133.44	6.7688
-887892.627	-1019817.324	-887848.073	-1019869.021	2.821
-769601.84	-1030821.14	-769269.16	-1031918.29	13.0249
-806442.499	-1004396.774	-806716.511	-1003168.942	14.9055
-809066.94	-1005897.9	-808859.77	-1004533.06	15.3475
-707600.53	-1021382.59	-707369.16	-1021588.3	6.2038
-657987.986	-1081750.887	-657232.552	-1083432.596	38.1703
-708489.08	-1041820.11	-707778.92	-1042034.12	8.2631
-852583.012	-1008637.457	-851170.803	-1009143.361	17.5907
-727207.25	-1013923.12	-727975.51	-1014825.39	14.4554
-755798.93	-1080711.14	-756498.84	-1080484.19	8.3497
-734005.02	-1053336.7	-734123.51	-1053289.092	2.562
-762111.172	-1026167.991	-762162.709	-1026211.738	1.4024
-797753.763	-986251.175	-795883.692	-986069.676	21.6314
-695452.509	-1075684.577	-698276.948	-1080273.486	69.5691
-792636.539	-1061564.639	-792093.47	-1061423.94	11.2323
-815525.153	-1070903.131	-815242.161	-1070957.669	5.764
-692465.41	-996307.79	-693806.39	-995922.48	15.5969
-776209.61	-979397.5	-776142.829	-979416.983	0.8543
-699256.34	-1061459.02	-700435.97	-1061059.08	13.8663
-662317.088	-1075570.752	-662271.655	-1077069.689	24.4111
-869808.32	-1041019.49	-869613.66	-1040332.96	14.3735
-749451.37	-1033883.77	-750079.66	-1033913.28	13.4603
-766869.724	-1009908.032	-766842.694	-1009923.787	0.3507
-803916.975	-1076948.765	-804289.254	-1076350.861	14.1681
-839305.924	-1006682.998	-838376.918	-1004698.806	25.9105
-707509.96	-1045530.05	-707313.21	-1045782.24	7.9559
-668323.698	-1030236.112	-666696.66	-1030678.48	18.9776
-740603.949	-1073225.593	-740535.992	-1073513.374	6.0147
-749139.867	-1044020.697	-749200.17	-1044117.16	2.2859
-801278.029	-1013124.806	-802515.946	-1014086.344	18.1275
-840637.765	-1068920.25	-840580.327	-1068644.631	3.1457
-745476.507	-1081316.924	-746446.417	-1081604.407	14.9479
-725714.2	-1076604.05	-724640.93	-1075470.51	22.2195
-799989.731	-1028725.366	-803597.372	-1026385.44	51.0226
-732840.55	-1019601.95	-732679.47	-1019169.05	5.154
-671429.964	-994727.192	-671278.77	-994714.42	3.0348
-765653.67	-1014483.26	-765648.86	-1014631.0	1.6685
-871048.19	-1046030.49	-870162.02	-1044906.49	20.1298
-687275.98	-1004384.21	-686604.15	-1005197.94	11.8821
-778002.79	-972273.81	-778007.904	-971981.198	5.8692
-787194.84	-1068117.31	-788124.72	-1067166.53	18.7032
-732538.079	-1053884.384	-732562.34	-1053986.92	2.109
-730261.132	-1037303.528	-730753.01	-1037058.017	11.6385
-655377.614	-1092181.303	-656389.608	-1092581.695	22.3501
-684936.41	-1068925.74	-683656.306	-1066705.409	28.7366
-887848.073	-1019869.021	-887976.316	-1019880.503	1.4307
-683992.398	-1063882.896	-683994.92	-1063855.331	0.725
-704514.89	-1014722.42	-704454.2	-1014723.62	0.7214
-850635.225	-1022379.352	-851033.045	-1018723.146	47.8229
-778337.704	-1058911.818	-778327.952	-1058733.938	1.995
-766906.4	-1033649.9	-765006.22	-1033381.77	39.9024
-670490.861	-992638.106	-670046.986	-992546.049	12.4833
-703864.699	-1073200.65	-704597.41	-1073576.2	9.1496
-773333.358	-1056036.651	-772590.59	-1057139.05	26.3021
-701237.46	-1003858.29	-703745.04	-1004196.03	34.3159
-778800.86	-1022489.66	-780868.79	-1023109.06	26.9229
-681292.92	-1047433.68	-681261.812	-1047100.125	3.7344
-781999.68	-1007407.95	-782026.167	-1007397.616	0.7964
-846882.735	-1029706.228	-846907.119	-1029513.505	2.1911
-786090.39	-1037006.11	-785273.716	-1036927.343	9.1224
-798613.63	-1020661.06	-799641.456	-1019865.034	15.5422
-712776.782	-1079029.394	-712664.34	-1078996.14	1.5768
-816333.79	-1059270.97	-818748.281	-1056974.29	39.9473
-700435.97	-1061059.08	-701597.527	-1060360.695	15.7572
-734509.96	-1021489.88	-733267.49	-1020351.43	18.9562
-684254.372	-1061788.584	-683869.808	-1062039.393	5.1018
-793542.74	-999883.96	-794034.2	-999569.77	6.7208
-752574.0	-1048595.25	-752636.513	-1048619.039	1.4461
-699954.06	-1000452.35	-702465.55	-1002891.55	56.3976
-870010.123	-1037498.621	-870051.433	-1037459.188	1.1422
-792653.91	-1061556.1	-793254.17	-1060405.44	14.7083
-711375.94	-1044822.95	-712045.77	-1042447.66	29.6114
-740476.177	-1085891.75	-740142.03	-1084688.17	16.8479
-828932.054	-1072228.151	-829774.868	-1072801.654	11.3278
-686794.358	-1080842.599	-687053.694	-1078761.021	25.7386
-730879.83	-1042076.474	-730585.623	-1042051.149	5.9185
-644812.45	-1025224.76	-645129.9	-1025038.52	4.1548
-660121.15	-1072061.71	-662294.7	-1072165.97	25.217
-840670.518	-1019476.288	-840673.835	-1019472.426	0.0566
-771035.44	-1064934.89	-770431.432	-1065090.428	6.9386
-734766.043	-1043710.238	-734692.347	-1043618.588	2.444
-757158.87	-1048627.57	-757404.5	-1048501.98	5.6345
-725744.18	-1069572.757	-725743.309	-1069594.423	0.2762
-683735.34	-994876.812	-683723.053	-994868.062	0.3945
-729830.25	-1033130.7	-729704.351	-1034249.238	12.6769
-691919.46	-1026567.0	-691534.38	-1027957.92	18.7305
-761330.631	-994884.53	-761283.792	-994857.136	0.6029
-819567.0	-1075685.25	-819595.188	-1075679.25	0.8701
-673073.732	-1090434.747	-674826.215	-1092413.034	31.0344
-767628.36	-1046038.68	-767978.65	-1046123.455	7.4261
-754195.55	-1037453.92	-755235.77	-1036429.56	16.3414
-840141.402	-1031858.768	-840195.47	-1031903.58	0.7811
-685596.24	-993630.49	-685728.1	-993575.39	2.8587
-822399.257	-1068941.538	-822397.442	-1068849.655	2.3834
-794870.63	-1058854.38	-796566.87	-1057287.99	40.7284
-646232.24	-1046458.52	-647719.127	-1045908.413	18.1247
-772332.79	-979864.87	-772686.635	-979904.72	4.1722
-757484.4	-1046437.29	-757175.64	-1045058.435	17.8106
-801091.063	-1008102.063	-801122.25	-1008105.063	1.1742
-690526.88	-1056042.24	-690514.32	-1056005.92	2.1841
-687513.392	-1055979.94	-687421.8	-1056195.02	4.7937
-754251.64	-1045761.339	-754073.5	-1045920.14	5.1305
-868652.32	-1010419.15	-868497.133	-1010424.36	3.077
-881849.902	-1006983.169	-881891.08	-1006954.27	0.5599
-864247.19	-1014848.59	-864262.65	-1014830.74	0.2805
-701237.46	-1003858.29	-701175.92	-1004128.59	5.5662
-645685.415	-1042500.373	-645775.844	-1042677.613	2.2113
-705123.87	-1050335.6	-705346.77	-1052287.05	21.9547
-675030.3	-1056712.274	-675054.525	-1056705.405	0.3935
-709224.21	-1087573.41	-711960.862	-1088881.913	44.7598
-698460.38	-1007973.56	-698314.12	-1008460.98	5.8299
-757947.029	-1040305.397	-758024.031	-1040462.154	3.4977
-799420.636	-1001728.866	-799432.633	-1001702.665	0.3561
-673305.6	-1012192.39	-673235.616	-1012182.841	1.552
-745978.025	-1022943.676	-747080.21	-1022274.73	26.2501
-705245.089	-1015162.207	-705231.099	-1015094.761	0.7658
-655357.83	-1045018.11	-655208.774	-1044304.982	14.6791
-689276.02	-1041251.79	-690126.81	-1039073.55	26.43
-649189.671	-1061088.354	-649189.405	-1060953.176	2.7307
-653126.72	-1010249.25	-653265.28	-1008248.86	26.754
-721040.362	-1008710.019	-718657.29	-1012418.59	59.6119
-857799.223	-1012554.283	-858391.79	-1013161.04	16.9751
-714937.33	-998641.21	-714821.655	-998230.155	4.7945
-850163.81	-1066617.882	-851262.609	-1068848.27	33.4551
-820208.116	-1060539.986	-822438.85	-1059272.19	32.2221
-680218.73	-1016899.15	-680626.31	-1018394.21	18.2981
-726358.191	-1060831.418	-726793.67	-1060789.397	10.5869
-754673.83	-1017453.87	-755013.192	-1017324.232	7.2764
-696522.08	-1001091.07	-696660.57	-1001127.39	3.3745
-781254.31	-1068262.15	-781276.156	-1065205.766	38.1244
-727896.4	-1074256.85	-728836.996	-1077840.299	41.2304
-760688.95	-998727.14	-761412.54	-996633.82	24.6522
-734066.75	-972086.58	-734779.913	-971952.94	10.8949
-802905.445	-1007319.834	-804764.793	-1009088.787	29.8286
-651701.208	-1065038.009	-652274.886	-1066104.592	13.5617
-716937.42	-1007933.48	-718430.87	-1007597.36	18.6424
-730095.279	-1055932.911	-730273.732	-1054731.599	15.3957
-746021.746	-1054033.324	-746092.389	-1053933.229	2.5168
-762482.866	-1038804.222	-762387.286	-1038759.76	1.2904
-757507.661	-987496.265	-757493.817	-987386.907	1.2294
-676150.707	-1076182.597	-676085.508	-1076208.404	1.4025
-835900.88	-1032638.99	-835866.39	-1032659.405	0.4459
-856461.245	-1058546.125	-856054.003	-1059724.33	14.8139
-876199.704	-1023680.075	-876292.761	-1024704.267	12.5078
-774148.97	-1021052.88	-774556.692	-1021132.591	4.6652
-851674.691	-1031602.659	-851565.631	-1031001.201	7.313
-686915.85	-993725.67	-686629.83	-993525.39	2.6909
-679673.73	-1071374.91	-680341.8	-1069060.17	32.1667
-770573.97	-1029676.31	-769601.84	-1030821.14	16.8219
-718702.93	-1008044.22	-718463.59	-1008380.55	4.7457
-760577.26	-1067424.49	-760660.272	-1068689.028	14.2613
-659267.839	-1056959.012	-659303.77	-1056898.26	0.7844
-842349.978	-1046613.751	-845192.436	-1044716.941	51.2467
-848997.797	-1010235.95	-848739.752	-1010044.489	6.4265
-768364.62	-1028106.61	-768181.129	-1028084.705	3.8008
-700390.17	-1053493.403	-700201.993	-1053336.492	5.1516
-779860.566	-982997.266	-779916.95	-983094.0	1.2481
-735366.12	-1027297.32	-735050.04	-1025264.38	22.9042
-707724.571	-1058643.109	-708246.42	-1058914.524	6.549
-767751.402	-973554.333	-767753.068	-973588.546	0.6855
-730452.94	-1043164.54	-730675.04	-1043358.39	5.1317
-738573.336	-1060565.649	-739793.524	-1062973.819	38.0217
-684463.163	-1008439.427	-683915.461	-1008181.114	12.7414
-666656.393	-1086639.051	-666179.303	-1087368.634	9.6889
-700346.562	-1017072.948	-700358.813	-1017067.057	0.3062
-728849.261	-1077896.152	-729086.02	-1078563.0	14.1535
-838376.918	-1004698.806	-836492.406	-1004466.01	26.0415
-762829.78	-987338.79	-762950.25	-987344.438	1.3401
-810720.961	-991913.489	-810801.26	-991902.66	1.0462
-828396.58	-1041206.93	-827131.62	-1039311.71	27.3544
-887593.216	-1019848.564	-887947.324	-1019600.704	5.0748
-683530.17	-995952.62	-682729.164	-996505.443	11.0882
-764224.07	-1060908.12	-764716.53	-1060653.17	11.5017
-645105.96	-1049663.07	-645145.99	-1049725.66	1.5183
-751335.55	-1025384.98	-752141.41	-1023976.24	18.172
-771084.12	-1044639.87	-771339.95	-1043067.31	19.3541
-685510.402	-1030303.126	-686017.889	-1029556.394	10.268
-810520.166	-1044574.254	-810552.842	-1045120.031	11.0793
-723479.16	-1003385.98	-723862.67	-1002130.34	15.3691
-711597.156	-1048385.964	-711274.29	-1046257.05	24.2533
-662570.484	-1074158.653	-663364.529	-1074122.727	9.4771
-762872.288	-999971.451	-761091.792	-1000899.314	22.9348
-668968.561	-1086290.602	-669926.958	-1088201.107	25.2128
-812708.61	-1047177.08	-813176.459	-1046589.393	8.68
-706775.892	-1083266.411	-707064.724	-1082684.737	10.0625
-771078.29	-990730.67	-770746.85	-990883.12	4.2302
-641514.85	-1023473.3	-640925.311	-1021970.907	34.6572
-750636.83	-992905.25	-750415.883	-992224.643	14.3916
-846906.763	-1052310.741	-847164.007	-1052900.35	7.184
-832703.871	-1023951.265	-833174.947	-1023365.051	8.452
-801108.0	-1008116.063	-801091.063	-1008102.063	0.4818
-644298.13	-1030761.77	-641922.82	-1033394.04	45.0671
-780447.34	-1052568.44	-780209.19	-1052580.14	2.6494
-645667.751	-1071370.708	-645345.71	-1071388.114	6.4644
-649463.246	-1060572.535	-649428.98	-1060875.631	6.1182
-719190.421	-1019607.808	-719124.44	-1019653.71	0.8931
-739143.03	-1040124.46	-739171.152	-1040027.507	4.7105
-673065.06	-1012192.51	-673049.74	-1012189.85	0.3548
-648561.92	-1095210.25	-648640.825	-1095521.756	24.4934
-807751.057	-1006035.309	-807383.57	-1006123.78	4.1999
-762979.692	-1050902.147	-762873.549	-1050943.551	2.563
-754788.077	-1001786.249	-754851.754	-1001837.015	1.0764
-642841.85	-1047796.88	-641152.528	-1043280.12	58.499
-767781.46	-1012709.8	-767704.931	-1012697.57	1.582
-776333.91	-979441.43	-776444.064	-979394.896	1.4041
-861213.19	-1005760.69	-861192.21	-1005818.49	0.6904
-714181.98	-1073425.977	-714132.725	-1073338.675	1.1142
-695463.99	-991622.97	-694308.4	-991617.43	15.2097
-780351.726	-1028866.151	-780763.21	-1026689.94	26.7423
-645970.479	-1043078.314	-645887.77	-1042954.814	2.9974
-683369.132	-1076733.495	-683899.563	-1076949.046	6.5996
-660596.22	-1003097.49	-660812.51	-1002511.21	6.9665
-750047.208	-1015408.797	-750289.565	-1015785.416	4.9816
-672326.153	-1014439.536	-671939.704	-1014790.747	11.4465
-742145.86	-1064673.33	-743483.882	-1061707.065	47.6056
-682729.164	-996505.443	-682113.01	-996984.028	8.7012
-784281.09	-996224.5	-786598.47	-996189.5	27.9755
-857625.67	-1022950.01	-856042.08	-1020233.6	38.0002
-667520.15	-1022804.81	-667559.74	-1021705.03	12.5412
-746346.505	-1054248.18	-746310.408	-1054210.684	1.0863
-714290.31	-1043555.4	-714372.074	-1044361.9	9.0493
-683723.053	-994868.062	-683582.63	-994793.68	3.1998
-663442.177	-1084581.588	-663966.307	-1086317.794	20.6665
-690190.7	-995235.01	-690031.769	-995179.741	1.8721
-845775.84	-1007964.6	-848763.027	-1010048.128	42.4639
-767595.67	-1025910.37	-767399.782	-1024261.277	18.8744
-845507.48	-1038886.21	-845456.526	-1038852.984	0.6794
-871768.572	-1048363.089	-871076.13	-1046023.98	31.9924
-873406.78	-991086.604	-873673.42	-990325.73	10.146
-789753.24	-1064120.66	-789574.91	-1064106.02	1.3764
-654890.74	-1047168.19	-653883.8	-1046418.99	16.344
-785751.46	-1023155.57	-784784.39	-1023650.31	13.94
-730244.83	-1030971.86	-730169.158	-1030836.067	1.7273
-750462.95	-1027278.04	-749380.89	-1026628.41	15.6039
-648319.994	-1064139.615	-648277.846	-1064324.543	3.8714
-842572.97	-1071217.11	-840238.82	-1073506.87	42.3075
-673145.17	-1051190.82	-672036.466	-1050055.869	18.0119
-851755.047	-1055051.776	-850853.76	-1050620.43	65.2479
-805000.518	-989097.218	-805009.831	-989120.872	0.7922
-820001.306	-1026390.182	-819898.98	-1026230.286	3.8004
-766712.9	-1011101.83	-767704.931	-1012697.57	25.96
-640183.975	-1033551.803	-640378.25	-1031819.25	21.3001
-679590.78	-1061605.57	-679031.6	-1060860.37	10.371
-675523.865	-1025031.442	-674579.81	-1020864.91	53.0199
-796744.169	-1050356.163	-797150.73	-1050102.36	5.9133
-806496.7	-994995.52	-806814.73	-996266.87	15.7219
-761148.58	-1059030.53	-758585.865	-1058784.774	31.8621
-767901.68	-991457.23	-767920.89	-991141.11	3.5695
-659867.64	-1000480.32	-659812.791	-1000298.361	8.1426
-681529.022	-1022174.331	-679690.661	-1023594.594	27.1444
-777599.05	-1081865.48	-776487.38	-1076782.21	66.7779
-708118.84	-1072450.287	-707894.669	-1073609.691	20.1632
-763837.45	-993504.81	-762406.196	-993291.541	26.1744
-765351.032	-1023102.423	-763530.548	-1022285.521	23.2312
-693430.41	-1064777.02	-694401.055	-1065921.44	18.537
-705427.24	-1044468.27	-705511.49	-1044535.7	3.6418
-696684.966	-1001039.062	-696666.688	-1001067.998	0.772
-703712.723	-1072042.225	-703864.699	-1073200.65	14.6228
-734638.13	-974924.285	-735016.544	-973811.114	38.0774
-668640.97	-1092650.74	-667105.881	-1093585.48	43.3957
-646545.473	-1068527.193	-646644.983	-1068689.468	2.1447
-854753.94	-1038523.71	-856480.36	-1038822.1	20.5074
-649092.16	-1019581.26	-649055.07	-1019600.4	0.8348
-748802.16	-1025180.0	-748623.581	-1025255.676	3.9094
-799304.901	-1029049.172	-799418.873	-1028890.233	4.9908
-819172.32	-1071709.66	-819275.356	-1071762.21	2.3179
-747671.952	-990070.094	-748046.626	-992743.35	37.1111
-866969.154	-1012833.063	-864779.652	-1012961.45	25.3594
-790959.514	-1073441.072	-789266.33	-1072521.29	21.6493
-761131.05	-994656.63	-761263.61	-994584.576	1.7485
-714462.42	-1055250.06	-714569.04	-1056043.87	8.8999
-730996.27	-1056179.51	-732349.208	-1056858.918	12.1159
-813415.85	-1046633.6	-817226.33	-1047661.17	46.7825
-654133.383	-1067171.189	-653047.62	-1067925.5	15.6171
-674205.56	-1052947.414	-673551.919	-1051826.761	14.7283
-762414.74	-1043282.56	-762794.21	-1043674.35	6.5318
-688787.54	-1007956.6	-688651.72	-1008095.12	2.1649
-763026.768	-1018099.673	-763066.181	-1017946.531	3.3371
-652055.19	-1026467.11	-650153.63	-1026925.2	29.9646
-753228.46	-994109.99	-753595.4	-994051.75	4.1783
-744432.002	-1025148.312	-745963.09	-1022964.21	29.6499
-831956.795	-1074208.004	-833254.123	-1074912.867	16.4051
-711182.08	-1008838.71	-711236.63	-1008487.29	4.0559
-667061.9	-1000843.75	-666452.53	-998977.14	30.2584
-650094.63	-1087395.397	-647976.31	-1088461.283	26.9886
-728352.935	-1060877.851	-728499.427	-1060787.66	1.9634
-697851.121	-1070299.491	-696810.82	-1070133.72	11.8562
-780519.769	-983807.611	-779946.39	-983146.06	9.7504
-692578.833	-1024496.341	-693410.063	-1025499.188	14.6438
-760153.032	-1022707.912	-759758.79	-1022562.13	4.757
-686881.544	-1058803.954	-687128.448	-1059812.154	12.0539
-775409.33	-1012503.54	-775534.44	-1012209.17	3.6377
-762707.88	-1014316.97	-764160.43	-1016431.93	30.6585
-686593.53	-1007380.87	-686868.82	-1007249.54	3.805
-769789.58	-971663.42	-769366.7	-971553.53	8.7665
-686813.369	-999098.413	-686024.88	-998267.403	21.1905
-697177.04	-1038976.56	-697196.144	-1038949.392	0.9761
-647367.445	-1070278.033	-647370.202	-1070293.104	0.3486
-695019.57	-988728.24	-696412.988	-986870.134	37.6747
-700387.25	-1066319.45	-700778.29	-1064917.129	18.1649
-649353.23	-1072219.672	-650947.633	-1072394.133	19.8519
-808968.166	-1042596.195	-807102.733	-1044347.395	31.9609
-692414.164	-1070981.013	-691937.271	-1072584.723	19.5261
-745929.853	-1052838.5	-745961.802	-1053732.583	18.5218
-887508.86	-1019850.702	-888076.967	-1019899.839	10.6255
-808875.104	-990891.741	-811825.3	-986832.05	60.0166
-731354.232	-1057376.602	-732608.251	-1056995.402	27.3227
-852839.972	-1010562.394	-852989.94	-1010517.63	3.2965
-854546.74	-1011568.45	-854520.06	-1011602.93	1.4034
-755287.16	-999432.24	-752473.763	-999912.154	32.5709
-727975.51	-1014825.39	-729452.35	-1015776.13	20.1697
-771848.74	-1029133.44	-771186.36	-1027775.74	17.3994
-682240.68	-1042260.61	-682176.13	-1042240.81	0.7502
-847264.676	-1070411.162	-847289.002	-1070296.975	1.7813
-684220.492	-1066037.532	-683310.861	-1065188.496	25.8523
-845202.589	-1031843.781	-845167.583	-1031769.793	1.725
-781669.484	-1061354.464	-782595.73	-1062161.21	14.6487
-849434.18	-1008755.3	-848549.27	-1008367.37	33.7196
-697255.32	-994348.55	-696701.07	-994294.03	9.1454
-774495.89	-975005.19	-773121.153	-974553.726	29.2794
-730766.56	-1057386.58	-730701.69	-1057315.94	1.4039
-675054.525	-1056705.405	-675043.064	-1056723.951	0.2895
-710154.438	-1069709.127	-708112.032	-1070038.448	22.9884
-746190.75	-1025567.22	-747308.843	-1023989.877	42.1507
-672429.127	-1024177.313	-672595.3	-1023240.283	11.9458
-826525.574	-1068523.626	-826561.251	-1068451.761	1.9208
-703462.71	-1043125.21	-702127.568	-1043243.394	14.9755
-726168.492	-980888.314	-726261.37	-980626.66	6.0625
-792674.46	-979701.73	-792596.012	-979641.183	1.1022
-700476.8	-1041432.14	-699987.12	-1040664.48	10.1505
-652212.116	-1071839.695	-653003.451	-1071333.469	10.4462
-741322.22	-1041999.96	-741446.64	-1042000.11	2.6579
-682872.293	-1084756.083	-685173.71	-1084269.78	28.3088
-672363.2	-1014434.51	-672386.15	-1014641.12	4.3075
-647806.841	-1060485.976	-647759.378	-1060941.888	9.1999
-701176.638	-1010409.645	-701062.533	-1010506.052	2.9928
-738660.45	-1001178.32	-738570.48	-999570.7	18.7672
-656777.827	-1049209.982	-657931.81	-1048289.23	17.871
-730812.91	-1045592.62	-730719.8	-1045394.6	1.6836
-734646.646	-1072998.231	-734628.322	-1073000.566	0.4844
-840238.82	-1073506.87	-839748.459	-1074640.306	13.7875
-661891.39	-1051662.77	-662362.855	-1049139.007	29.7985
-763472.347	-1022342.542	-763417.35	-1022304.798	0.9134
-767505.147	-1030465.416	-767521.328	-1030468.912	0.5886
-645063.453	-1071395.993	-645067.818	-1071285.796	1.2518
-732372.051	-1073917.202	-734050.012	-1072617.244	45.7831
-643162.475	-1076986.149	-644784.776	-1077825.179	21.029
-848763.027	-1010048.128	-848832.896	-1010100.024	1.7407
-868041.697	-1002230.454	-870512.35	-1002892.839	29.9992
-668606.725	-1072789.606	-669625.087	-1074589.714	24.5987
-822504.08	-1069162.85	-822634.434	-1069568.19	8.5564
-731589.929	-1056706.085	-731373.968	-1056614.342	2.6124
-744897.887	-1026833.986	-746190.75	-1025567.22	21.1424
-738730.478	-1049064.169	-738690.067	-1048798.459	5.7844
-688156.23	-1046374.04	-688388.569	-1045386.217	25.8154
-864728.2	-1021041.49	-864362.282	-1016657.851	58.1817
-845746.3	-1007961.96	-845415.85	-1007787.98	4.1538
-683290.106	-1065208.565	-683274.436	-1065192.111	0.4885
-715691.24	-1003004.78	-716837.48	-1002128.513	16.1026
-759844.263	-994650.504	-759859.901	-994647.082	0.1968
-803589.727	-1011292.965	-803594.969	-1011418.323	1.3944
-761510.266	-993283.083	-759859.901	-994647.082	25.5965
-783553.147	-1058450.151	-783516.82	-1058617.82	2.1055
-702190.758	-1009785.457	-702142.2	-1009771.98	1.1907
-757684.89	-1039998.96	-757599.75	-1039889.39	3.4765
-710892.404	-1025908.72	-710918.126	-1025929.913	0.8849
-727861.38	-1071800.64	-727909.11	-1071900.0	1.2253
-731883.95	-1042140.41	-731542.33	-1042118.76	6.8461
-768588.55	-1063775.18	-768572.23	-1063516.11	2.9808
-661295.15	-1005380.04	-660596.22	-1003097.49	28.2996
-658853.576	-1013422.483	-660174.35	-1015075.14	25.6227
-755380.16	-1051435.53	-756795.41	-1050212.7	22.9648
-744432.002	-1025148.312	-744437.968	-1025170.462	0.2823
-809318.62	-991774.95	-809326.78	-991755.48	0.4474
-719811.36	-993031.51	-719497.051	-992828.454	7.5703
-648638.888	-1058260.078	-648596.872	-1058283.361	1.9393
-797433.88	-1052597.14	-798540.66	-1052815.28	12.6863
-650683.511	-1024504.108	-650508.75	-1024626.59	2.4372
-736379.594	-1013769.886	-736357.239	-1013771.455	0.2801
-658009.514	-1090999.15	-656800.363	-1089957.688	18.8198
-795341.173	-986115.417	-795667.788	-985977.504	4.0339
-707680.002	-1079370.444	-707251.36	-1077892.46	18.0802
-743757.419	-1079304.479	-742129.808	-1080899.379	28.8549
-824557.59	-1076392.94	-824507.7	-1076400.89	0.5624
-645062.731	-1074192.643	-645801.901	-1075686.843	18.7793
-644717.33	-1027771.45	-644950.75	-1026909.95	10.2177
-657002.779	-1089741.132	-656635.901	-1088944.945	11.4791
-785849.91	-1013090.69	-788144.53	-1012423.94	28.8882
-785863.25	-1013207.41	-788459.966	-1013937.498	33.8586
-655762.18	-1018584.24	-655468.82	-1019383.04	10.5361
-854140.01	-1046983.951	-852564.625	-1046612.94	26.343
-851755.047	-1055051.776	-849253.783	-1056172.622	30.8679
-844556.43	-1061431.761	-845372.99	-1063113.76	24.2155
-753077.49	-1037346.2	-753059.5	-1037273.11	1.7595
-727866.83	-1040514.95	-727793.899	-1040572.963	1.2064
-722222.22	-997971.0	-726528.96	-994833.11	66.4248
-818268.597	-1063461.526	-817411.992	-1063506.723	17.2687
-695654.968	-1073649.703	-695916.769	-1074824.692	14.0495
-673352.86	-1032759.32	-675579.44	-1033002.51	25.0888
-690789.28	-1055998.43	-690524.34	-1056303.93	4.6766
-685270.97	-1085890.8	-686035.449	-1086673.004	13.5949
-673875.25	-1014053.5	-674233.93	-1014672.0	7.9768
-751028.92	-981540.47	-751048.998	-981028.811	6.0397
-721694.51	-1079694.03	-721746.25	-1079696.64	0.5918
-755872.151	-995485.295	-755871.129	-995504.851	0.4767
-659981.157	-1076134.679	-659857.84	-1075610.74	14.8943
-795210.213	-986265.294	-794952.821	-986527.764	4.0852
-739522.69	-1081106.92	-736333.4	-1081373.52	37.098
-690438.51	-1007547.74	-691025.4	-1007118.65	8.2073
-748217.911	-1030589.276	-747889.099	-1030600.482	7.1157
-702651.98	-1032100.78	-699093.76	-1035168.08	55.0667
-718121.73	-1038100.5	-716020.614	-1038184.376	27.3682
-745476.507	-1081316.924	-748042.315	-1080152.783	34.9564
-850163.81	-1066617.882	-853099.15	-1066293.05	36.3171
-752755.865	-1019792.05	-751115.129	-1019859.845	19.3148
-841357.154	-1010942.499	-840443.48	-1008932.252	30.8675
-829788.412	-1060553.525	-827897.646	-1061881.878	25.6811
-672177.473	-1080155.063	-672153.087	-1080418.844	2.9592
-828948.94	-1056426.107	-828845.054	-1056403.335	1.188
-870341.59	-1018137.35	-870454.8	-1018131.13	1.4153
-678016.52	-992385.78	-678205.782	-991822.832	11.8818
-728282.37	-1061023.04	-724988.93	-1064518.87	38.2991
-702025.2	-1088151.71	-701067.767	-1088268.67	10.8253
-836617.377	-1071326.255	-835795.04	-1069848.01	41.6241
-678065.93	-991301.26	-677697.483	-990880.701	11.5179
-643499.7	-1046185.71	-643570.536	-1046079.826	2.9514
-794155.71	-978814.24	-794635.124	-976884.213	24.92
-697549.715	-1035832.866	-697518.488	-1035881.249	0.6403
-711896.42	-1021996.28	-712210.494	-1019124.038	32.7085
-693651.636	-1087114.943	-694429.348	-1089271.621	39.9232
-646575.845	-1068613.119	-646416.591	-1068698.913	2.0099
-856520.89	-1006898.548	-857217.29	-1002438.67	56.0173
-719101.15	-1005453.17	-719197.733	-1004911.061	6.1238
-729054.11	-1086088.29	-729435.194	-1087049.526	16.6468
-818528.084	-1013301.356	-816264.968	-1012124.115	29.7175
-737072.77	-1034203.55	-736076.53	-1032279.74	24.5627
-660269.1	-1066357.25	-660352.971	-1066700.932	6.8535
-783259.68	-996320.45	-782433.38	-997528.55	18.2335
-645970.479	-1043078.314	-645559.416	-1042295.828	6.8021
-746888.09	-1017286.08	-743748.95	-1024743.24	64.7389
-680669.255	-1026409.046	-682674.341	-1028324.974	33.4741
-778265.78	-1058963.422	-778337.115	-1058982.337	0.8201
-679435.957	-1037621.039	-679461.209	-1037627.833	0.645
-762324.87	-1040520.03	-762683.732	-1040426.102	7.419
-687637.99	-1074883.63	-687349.345	-1073792.005	13.0487
-668686.058	-1026754.601	-668596.42	-1026512.986	2.977
-696197.4	-1059702.55	-696713.71	-1058468.95	17.3181
-692193.646	-1029463.697	-694947.241	-1029166.982	31.6469
-713092.63	-1079204.57	-712682.818	-1079173.214	4.6404
-689507.87	-993288.37	-689540.7	-994871.36	22.34
-742474.966	-1070295.532	-743079.059	-1073762.088	45.2134
-709619.48	-1003555.71	-707326.961	-1002635.298	31.6039
-753152.938	-1010980.073	-756448.614	-1011708.294	38.9411
-819933.52	-1074461.742	-819950.948	-1074462.728	0.3966
-810799.14	-991824.71	-810737.74	-991815.48	0.8154
-828845.054	-1056403.335	-827049.41	-1054625.63	28.5007
-845196.17	-1057797.05	-846571.19	-1058231.87	16.3944
-694141.41	-1044339.51	-694157.94	-1044358.01	0.5372
-784103.78	-1064968.52	-783270.84	-1064572.46	18.872
-680341.8	-1069060.17	-680386.462	-1069039.757	0.5465
-701062.533	-1010506.052	-700934.131	-1010553.257	2.7623
-668161.61	-1016709.32	-669086.92	-1017098.64	11.8288
-815262.352	-1070819.168	-815526.063	-1070891.9	5.6695
-757128.242	-1059507.045	-757140.049	-1059498.17	0.3341
-728360.75	-1071940.41	-728506.95	-1073027.45	22.2635
-639983.58	-1043150.83	-639956.58	-1043068.73	1.7647
-720342.2	-975390.91	-720854.364	-974305.516	32.9869
-737554.58	-1032825.0	-738778.9	-1032624.5	15.5891
-682471.77	-1053166.07	-681072.46	-1051644.97	24.0492
-766952.821	-971853.213	-767239.894	-971117.325	17.1958
-768205.212	-1023323.605	-767494.606	-1023226.062	14.3478
-685684.47	-1041534.47	-684304.861	-1040364.167	21.7277
-720032.57	-1016718.64	-718906.5	-1016922.99	22.9586
-667586.42	-1009685.03	-668653.807	-1010130.087	13.0785
-768447.69	-1028149.04	-768403.49	-1028124.55	1.0131
-817922.03	-1036911.7	-826470.563	-1036756.862	110.5709
-794154.973	-983095.205	-796562.33	-980874.64	38.3973
-823979.116	-1021458.512	-823938.6	-1021455.54	0.4519
-832980.335	-1031827.115	-832266.025	-1033752.917	24.6067
-679280.26	-1038094.26	-677663.12	-1037797.67	18.4777
-871218.027	-1009557.177	-870650.119	-1008674.446	26.0064
-742420.28	-978651.65	-741544.581	-976482.751	27.2948
-769027.74	-999452.77	-770392.356	-1000118.005	17.2464
-749333.922	-1004411.141	-749347.726	-1004401.908	0.3942
-777903.87	-1064534.52	-780578.77	-1062574.61	47.8785
-756448.302	-1074838.025	-754115.375	-1075575.309	28.0408
-682287.738	-1041472.981	-682240.68	-1042260.61	8.7831
-731062.81	-1041276.39	-729921.66	-1041002.68	9.0272
-721968.829	-1032704.001	-721637.41	-1032819.07	3.967
-764026.83	-977054.7	-764086.605	-977019.472	2.0723
-769817.77	-1033493.72	-769100.28	-1034464.36	13.8596
-727814.301	-1074191.455	-727858.62	-1074147.72	1.4868
-824238.73	-1076359.83	-824493.68	-1076358.88	2.8333
-754962.86	-1023735.53	-753928.13	-1020771.05	36.4839
-842572.97	-1071217.11	-843765.648	-1071279.334	13.5274
-809385.58	-994210.66	-809398.86	-994191.22	0.5304
-762550.42	-1050258.3	-762907.221	-1050623.978	10.6201
-793468.02	-1021853.9	-794276.65	-1021389.39	19.0758
-890351.589	-1015929.912	-889507.769	-1016414.484	44.5706
-753444.92	-1047853.34	-753326.703	-1048034.081	4.3195
-762996.38	-1072366.43	-762869.6	-1072234.6	1.4071
-806773.384	-1059233.434	-804696.757	-1060212.003	31.3899
-748877.24	-1017607.466	-750289.565	-1015785.416	28.8208
-740731.098	-1076827.058	-740074.415	-1078259.978	17.9235
-652594.109	-1064384.139	-652512.268	-1066003.798	18.2307
-861494.852	-1000798.071	-861166.839	-999768.473	12.8261
-651974.543	-1078911.704	-651976.863	-1078879.35	0.3629
-731127.29	-980749.41	-731116.63	-981112.06	4.1335
-770955.98	-1029438.48	-770330.57	-1029140.02	7.6997
-810621.584	-991824.357	-810553.97	-991733.99	1.2543
-674943.95	-1076363.873	-674863.694	-1076462.292	2.6465
-762406.196	-993291.541	-762418.26	-993299.638	0.3143
-754173.61	-1046352.76	-754059.77	-1046108.69	5.404
-759215.6	-993272.15	-759169.19	-993327.263	0.8878
-864815.75	-1042914.0	-864330.796	-1043368.391	7.7301
-681287.458	-1064635.702	-681177.192	-1064854.617	5.3119
-686627.96	-1059580.54	-686529.58	-1059643.5	1.2978
-847116.139	-1070917.101	-847134.79	-1070900.84	0.2866
-641660.574	-1083773.046	-642337.72	-1083758.318	14.3694
-700715.959	-1052395.539	-701099.716	-1050856.633	19.4616
-708891.15	-1022648.12	-707915.61	-1021166.69	19.9852
-672609.87	-1068687.87	-670591.351	-1068779.942	25.2296
-810520.166	-1044574.254	-808968.166	-1042596.195	29.271
-824120.46	-1075002.36	-824133.78	-1076090.16	9.9306
-846882.735	-1029706.228	-845238.05	-1031751.382	30.5731
-649175.674	-1083114.173	-648413.314	-1082896.161	8.8503
-731819.56	-1031524.2	-731748.04	-1031479.96	1.6819
-748604.8	-1003219.44	-749006.06	-998903.22	48.5957
-770085.383	-988416.706	-770159.84	-988711.64	3.7795
-758598.97	-1005216.97	-758723.942	-1005058.214	5.2656
-851756.305	-1060741.82	-853654.412	-1058927.71	29.6517
-701969.68	-997871.5	-702673.44	-997200.48	11.1832
-726066.38	-1020719.64	-726885.05	-1020661.03	16.647
-881872.21	-1006938.51	-882384.904	-1003135.151	48.7578
-671162.07	-1047532.52	-670190.15	-1047706.29	7.6448
-689914.682	-995409.262	-689899.342	-995399.552	0.4737
-677073.236	-1057023.454	-676899.047	-1057192.153	5.0781
-801280.396	-1045311.331	-801122.233	-1042749.785	35.2199
-787060.19	-989261.78	-786951.09	-989143.0	3.2256
-743505.628	-1006017.643	-741601.38	-1006046.2	21.8588
-763141.496	-1021116.148	-763026.768	-1018099.673	43.2028
-701889.2	-1023728.32	-701868.37	-1027853.58	47.0438
-727668.723	-1068945.166	-727690.78	-1068634.18	8.1082
-691574.13	-1060305.91	-691545.33	-1060270.24	0.5094
-783867.67	-994628.48	-782602.134	-994536.807	14.7457
-805166.54	-988816.775	-805127.315	-988923.266	2.4009
-773808.417	-1047373.8	-773797.75	-1048215.04	18.4419
-807309.492	-1072493.849	-807938.866	-1072495.803	12.6041
-807625.76	-999569.73	-808139.24	-1000748.08	17.2516
-646321.017	-1065809.304	-646526.173	-1066046.309	6.5588
-756229.13	-1064141.66	-754895.68	-1063355.495	17.6896
-701493.122	-1012267.925	-701391.16	-1012222.38	2.4919
-640361.277	-1057046.56	-639856.212	-1056935.25	7.6881
-640431.28	-1026551.76	-640510.66	-1028327.36	22.1852
-797207.371	-1069075.147	-797225.383	-1069033.488	0.9077
-653033.34	-1013150.34	-654479.02	-1011717.715	28.8122
-642606.26	-1037329.69	-643782.714	-1036881.502	14.0393
-709824.135	-1089105.974	-709087.68	-1088888.29	41.0086
-749690.597	-982185.135	-750260.813	-981836.621	7.6651
-770208.09	-1027884.02	-771186.36	-1027775.74	11.223
-887705.176	-1018981.939	-887943.857	-1019216.675	3.7398
-755258.858	-1046303.702	-755281.611	-1046316.443	0.6511
-694877.07	-1064101.78	-694991.159	-1064536.914	5.4152
-744437.968	-1025170.462	-746190.75	-1025567.22	20.9263
-845415.76	-1073378.13	-846262.964	-1072549.949	13.2518
-682690.358	-1063043.568	-681325.635	-1064380.716	21.4032
-839748.459	-1074640.306	-840368.396	-1075078.936	12.3755
-704605.586	-1052472.046	-703994.683	-1051276.113	14.9593
-695093.919	-1044393.153	-695093.911	-1044413.908	0.2429
-772404.43	-1081947.67	-772421.69	-1081831.94	1.6446
-796390.94	-1055155.03	-795330.43	-1055353.6	13.6465
-728692.032	-1060906.438	-728655.924	-1060908.631	0.5835
-683832.71	-1008037.48	-680301.305	-1006924.26	49.4064
-840004.527	-1070667.351	-840067.835	-1070535.742	1.6945
-725158.78	-1040229.56	-722762.63	-1039605.41	28.4031
-781131.98	-972624.87	-780671.08	-973834.67	18.2853
-740158.762	-1003494.466	-739888.968	-1002305.712	16.4969
-661179.667	-1084527.399	-661591.788	-1083559.081	12.3338
-763757.86	-1061027.09	-764224.07	-1060908.12	5.6385
-690634.73	-1072849.38	-690558.02	-1072701.96	2.1717
-688858.81	-1024493.81	-689265.91	-1025362.49	11.5901
-779123.07	-989122.53	-779200.26	-990148.94	13.385
-646459.174	-1071635.768	-646380.531	-1071538.825	2.5007
-811436.45	-1058332.05	-813286.907	-1058573.84	21.8208
-672391.99	-1070720.65	-671293.0	-1070489.27	12.5142
-748350.67	-1028308.63	-748262.44	-1027946.56	4.1407
-788124.72	-1067166.53	-788287.5	-1065353.53	21.3662
-765332.98	-974699.53	-765333.66	-974756.53	0.6334
-729975.212	-1063167.207	-727980.95	-1063807.84	24.6764
-841670.444	-1018144.384	-841143.11	-1018832.66	9.6344
-746274.66	-993820.43	-748046.626	-992743.35	23.8538
-804239.62	-1015362.907	-804204.364	-1015322.504	0.6017
-883700.873	-1019663.734	-882091.044	-1017735.02	29.6901
-751396.792	-1060134.969	-751388.652	-1060260.748	2.521
-662825.369	-1081498.459	-661591.788	-1083559.081	29.4401
-667561.482	-1025467.317	-667146.26	-1024482.707	22.551
-827404.39	-1021838.42	-830028.817	-1021447.07	34.6308
-759847.685	-994666.142	-758959.408	-996318.164	21.0161
-672222.536	-1078964.284	-672376.184	-1079422.655	5.3889
-757104.465	-1047060.626	-757098.591	-1047047.502	0.3271
-701630.49	-1012426.75	-701719.186	-1012526.163	2.6647
-642714.099	-1086174.846	-642693.355	-1084116.936	24.5568
-662315.995	-1049032.62	-658504.748	-1051652.558	53.6007
-802459.515	-1014326.771	-802515.946	-1014086.344	4.9755
-802769.264	-1075821.103	-804666.5	-1074796.581	24.682
-758355.348	-1040652.328	-758347.022	-1040674.358	0.5217
-741428.63	-982599.37	-739577.587	-982765.461	22.569
-718912.187	-1047953.389	-716119.768	-1048477.837	31.5701
-755562.866	-970576.235	-756555.782	-970472.63	12.3928
-825005.885	-1067224.436	-824983.948	-1067325.925	2.825
-753577.73	-1045262.14	-753616.119	-1045385.081	1.4315
-832903.841	-1031528.395	-833527.813	-1031576.207	7.1319
-848840.874	-1010200.239	-848704.334	-1010274.69	3.1112
-731762.1	-997719.45	-730850.22	-996143.5	25.7662
-663328.766	-1029262.266	-661631.68	-1028707.03	20.907
-833825.94	-1072470.482	-833797.667	-1072485.553	0.6756
-670102.2	-996675.926	-669370.36	-996831.38	8.5844
-772803.63	-1017751.8	-772671.65	-1017061.6	8.2226
-819326.668	-1076797.521	-819489.537	-1076342.97	5.4382
-699291.53	-1077338.05	-698822.003	-1079576.361	29.6755
-855649.83	-1035660.68	-855098.758	-1034817.972	12.1823
-660203.256	-1090906.22	-659898.244	-1090702.716	7.5914
-770431.432	-1065090.428	-770134.93	-1065005.61	3.5268
-840067.835	-1070535.742	-840079.293	-1070472.054	0.7192
-653953.22	-1019479.01	-655762.18	-1018584.24	23.4173
-678090.67	-994050.34	-676737.09	-993800.02	21.4182
-673314.3	-1012103.57	-673305.6	-1012192.39	1.9401
-688233.175	-1046546.614	-688248.712	-1046588.278	0.9507
-815342.16	-1071045.65	-815293.012	-1071088.658	1.3158
-769817.77	-1033493.72	-769389.42	-1033348.2	5.4938
-763808.35	-1031004.17	-763753.88	-1030032.14	21.1888
-730645.6	-989247.51	-730540.16	-987872.41	25.0488
-701455.724	-1063024.755	-701528.588	-1063540.191	11.4581
-795219.54	-1011981.77	-791870.0	-1012130.96	38.6694
-848307.95	-1035856.97	-848343.12	-1036112.63	2.883
-705461.23	-1010278.36	-708156.75	-1007415.76	48.0481
-688417.72	-1061391.853	-688466.684	-1062197.847	16.6604
-644390.63	-1074453.586	-645093.092	-1076178.564	22.5665
-739117.25	-1033551.44	-739058.32	-1033585.74	1.3642
-726485.95	-1007041.3	-727626.089	-1009490.16	39.6512
-768734.89	-972166.881	-768742.989	-972186.687	0.2543
-743664.14	-1076112.04	-744416.2	-1077545.95	19.8303
-728304.716	-1060992.768	-728440.506	-1060914.19	1.2068
-673405.59	-1017255.57	-674128.53	-1016623.03	10.8001
-757586.218	-1024782.417	-758706.62	-1023700.47	20.2931
-779292.75	-1007094.87	-779253.26	-1007091.45	0.7956
-744488.19	-1041311.68	-744444.64	-1041362.66	1.4878
-728454.25	-1060923.44	-728436.074	-1061012.176	1.1753
-690238.75	-995190.78	-690266.139	-995239.285	0.62
-648137.96	-1066641.29	-648859.67	-1066159.18	20.7335
-703745.04	-1004196.03	-704091.21	-1004679.2	7.2862
-699743.556	-1060255.837	-698639.7	-1060855.31	14.7801
-648351.3	-1017818.92	-648175.16	-1017291.77	6.4622
-711094.626	-1011664.817	-710621.97	-1010386.03	18.4382
-725468.37	-1011185.65	-723694.18	-1014270.44	53.4006
-685097.516	-994424.041	-684561.603	-994651.643	11.6456
-750968.809	-1028819.444	-751561.493	-1027770.122	29.618
-767457.178	-980747.749	-767180.05	-980595.401	3.5378
-740602.21	-1064877.74	-740605.199	-1064951.861	1.5405
-691025.4	-1007118.65	-690024.26	-1005862.91	18.8689
-810588.846	-992040.726	-809663.17	-994174.16	26.64
-648166.53	-1047764.36	-648080.19	-1047698.91	0.8334
-789558.28	-989147.0	-787651.31	-989675.49	23.6167
-692483.88	-1046468.81	-692479.53	-1046283.14	2.5029
-690276.83	-1015960.33	-689403.04	-1016757.95	13.5758
-643241.65	-1044616.06	-643320.49	-1044829.44	2.5287
-853343.062	-1022535.79	-853839.06	-1024392.81	23.2455
-772332.79	-979864.87	-772480.194	-979481.156	4.9548
-753912.95	-1033138.8	-752916.78	-1033147.18	12.1044
-773631.891	-1055891.607	-773589.565	-1055806.896	1.9357
-763105.738	-1050918.699	-766382.69	-1052099.3	27.5242
-731748.04	-1031479.96	-730244.83	-1030971.86	20.6856
-692500.234	-1046056.225	-692629.241	-1046029.703	1.4981
-657427.6	-1068641.36	-656968.22	-1068227.05	7.0945
-705966.084	-1071067.862	-705725.959	-1070298.695	9.1752
-668300.58	-1045107.33	-667304.361	-1041101.153	46.7425
-640620.04	-1024377.18	-640589.158	-1024405.023	0.4621
-731529.762	-1067858.408	-731542.29	-1067800.52	0.6586
-640025.74	-1055326.843	-640681.278	-1054853.099	8.9905
-678035.842	-1088468.6	-677554.527	-1088695.803	6.3575
-796617.37	-1002849.98	-798438.216	-1001761.199	24.0158
-848719.605	-1073969.032	-848501.314	-1074564.058	23.8985
-668422.09	-1005060.78	-666331.36	-1007237.53	38.4191
-736748.94	-1037377.2	-736679.68	-1037127.23	5.2984
-683665.563	-1050408.426	-684554.75	-1050209.14	10.5516
-678335.291	-1002373.392	-678318.291	-1002398.486	0.437
-723564.93	-1036303.18	-723405.57	-1036180.08	4.0283
-683695.85	-1039039.86	-683949.63	-1036590.98	29.9237
-753384.83	-1041809.36	-753637.4	-1041749.46	5.1916
-844496.82	-1006056.77	-844039.87	-1006166.09	5.6403
-712988.5	-1040330.62	-712609.04	-1040467.46	4.4821
-833504.385	-1072510.084	-833778.651	-1072472.294	3.0879
-764814.858	-987645.533	-765046.376	-987261.184	5.1793
-843492.62	-1069956.18	-843765.648	-1071279.334	32.4655
-651145.588	-1045325.774	-651058.82	-1044615.54	14.362
-674679.59	-1048054.11	-677347.68	-1048432.16	32.8023
-751442.58	-989970.89	-750239.63	-989819.6	13.5388
-773797.75	-1048215.04	-771682.606	-1049823.739	30.0973
-774638.4	-1000367.22	-777659.539	-1002051.994	42.5696
-726010.753	-980867.59	-725347.879	-978456.084	29.133
-766499.505	-982853.063	-765863.91	-983645.747	8.0508
-660269.1	-1066357.25	-660600.09	-1066370.54	3.7482
-765609.7	-990470.42	-765694.119	-990470.415	1.0732
-651301.86	-1057897.46	-649324.526	-1057870.256	22.1801
-662711.63	-1062787.7	-662710.47	-1064560.79	21.3516
-866204.489	-1052538.586	-865862.262	-1050082.874	28.8675
-740469.115	-1063777.416	-741766.996	-1064489.266	18.1451
-848950.995	-1010127.127	-848990.971	-1010089.243	1.1556
-714955.33	-1050127.92	-716181.54	-1053143.76	43.2774
-727909.11	-1071900.0	-727983.52	-1072141.29	5.0598
-757370.05	-1040129.007	-757373.21	-1040388.77	5.2215
-771592.16	-1018016.29	-771738.96	-1017773.69	3.151
-734422.781	-1059485.825	-733685.284	-1057740.41	27.6086
-766796.12	-1037801.07	-766858.89	-1037449.749	7.1844
-688977.74	-1008137.47	-688899.04	-1008101.45	0.9617
-771695.42	-1051177.63	-772890.277	-1051029.661	13.7661
-682600.335	-1089721.639	-682911.605	-1089391.638	5.5325
-712116.305	-1015732.558	-712227.415	-1015535.067	4.5529
-682369.656	-994478.593	-682351.386	-994485.127	0.435
-657729.773	-1036434.307	-655208.08	-1037168.666	32.1963
-697552.19	-1066062.58	-699212.275	-1065647.246	19.8319
-675030.3	-1056712.274	-674341.034	-1057156.147	9.3209
-752431.017	-980746.742	-752105.489	-980945.987	4.594
-781895.681	-996105.509	-781620.12	-995649.33	5.9362
-648142.26	-1020670.59	-646505.31	-1021123.44	19.6942
-844933.3	-1005585.62	-844159.33	-1005098.186	11.0615
-657427.6	-1068641.36	-657654.09	-1066536.93	29.1945
-854140.01	-1046983.951	-854997.48	-1048012.69	15.3776
-671277.981	-1082418.007	-670729.731	-1080489.678	24.1272
-863940.836	-1042221.619	-864037.296	-1042424.275	2.5524
-771713.29	-1060382.695	-771751.37	-1060150.6	2.7039
-775021.41	-1039047.45	-775090.288	-1043059.483	47.0428
-792093.47	-1061423.94	-789824.762	-1062381.92	34.2311
-671157.532	-1014752.688	-671319.449	-1014732.912	3.3205
-752655.72	-1049106.351	-752685.024	-1049177.554	1.5399
-711094.626	-1011664.817	-712254.06	-1010026.6	24.4677
-656326.915	-1069967.999	-655099.038	-1068726.923	20.3067
-732051.83	-1040986.84	-732174.09	-1040922.07	2.7672
-669484.44	-1009602.86	-670965.53	-1008802.41	18.9881
-767026.934	-988599.297	-768081.24	-985497.61	37.9523
-647963.442	-1054468.654	-648052.94	-1054485.999	1.9981
-684782.25	-1006729.16	-686353.165	-1005316.704	24.3483
-652463.463	-1051558.487	-654046.05	-1050054.39	24.5963
-740517.56	-1057594.04	-741456.828	-1058912.339	19.7119
-786505.52	-1066825.13	-787194.84	-1068117.31	16.9954
-691791.485	-1067486.309	-691342.203	-1067706.148	5.5664
-701581.79	-1008552.238	-701892.25	-1007304.34	35.3074
-865281.896	-1016221.898	-865149.161	-1016075.06	4.0554
-691695.8	-1073983.308	-690634.73	-1072849.38	17.5065
-757097.594	-1032250.122	-757117.744	-1032239.539	0.4961
-674833.789	-990827.522	-674926.25	-991125.09	10.4748
-739550.275	-1035498.308	-739381.44	-1034615.21	18.0857
-869616.016	-1020897.713	-869348.34	-1019589.98	16.5274
-797220.522	-1023550.419	-797502.084	-1022274.611	15.304
-734739.342	-1062149.316	-738154.158	-1062918.564	42.9074
-760139.68	-1048725.207	-759071.725	-1047704.779	11.3984
-770554.816	-995687.17	-773517.96	-992433.34	54.9674
-767432.3	-983270.12	-767014.699	-983745.344	7.8436
-779039.88	-1014928.06	-781352.95	-1020016.67	64.9609
-852594.958	-1008631.623	-852595.394	-1008648.411	0.4261
-825371.854	-1070237.647	-825401.77	-1070215.119	0.8943
-884358.116	-1021483.795	-884000.584	-1021660.832	3.0879
-799507.399	-1038462.251	-799419.105	-1038376.237	1.3699
-760192.584	-991129.884	-760349.589	-988703.119	33.3227
-686413.35	-990741.71	-686395.48	-991056.63	3.5048
-840183.754	-1056792.045	-843131.733	-1057411.835	40.5529
-754070.889	-1046354.239	-754039.326	-1046373.784	0.7467
-651869.399	-1086573.583	-650094.63	-1087395.397	24.4865
-827544.59	-1045209.14	-826788.684	-1043921.802	17.001
-658843.14	-1062367.399	-658734.781	-1060337.432	23.0896
-737762.72	-1046569.09	-738004.483	-1046565.439	4.8687
-651444.72	-1037641.76	-649833.48	-1037909.58	18.5769
-691937.46	-991755.66	-692939.02	-990204.98	21.3467
-858585.0	-1008652.824	-858563.572	-1008640.2	0.5635
-741039.44	-1041681.01	-740918.56	-1040961.15	14.6245
-702853.68	-1021948.35	-702667.689	-1022336.44	8.6955
-770374.86	-983338.06	-771030.72	-982739.75	11.2381
-778315.6	-1058863.87	-778211.76	-1058921.72	1.6976
-793599.0	-1059065.25	-789768.38	-1058969.06	61.5307
-785849.91	-1013090.69	-786859.78	-1010704.2	34.3771
-789158.18	-1016222.98	-791244.52	-1014809.47	34.6142
-741134.66	-969869.5	-742958.3	-969312.55	23.549
-777860.26	-1054906.91	-780593.21	-1054091.28	33.8478
-728017.161	-1055341.844	-728273.927	-1055690.496	8.6657
-730934.02	-1043040.45	-730838.57	-1043194.93	3.6971
-679031.6	-1060860.37	-680545.68	-1060098.99	20.8801
-651701.208	-1065038.009	-650645.871	-1066052.082	17.2131
-763759.72	-977173.79	-763277.081	-977146.599	9.6761
-704435.36	-1073675.45	-704597.41	-1073576.2	2.1263
-688230.339	-1070099.683	-685712.89	-1068641.545	35.0054
-789557.904	-1063972.015	-789574.11	-1063961.26	0.2375
-773213.54	-971852.23	-772290.594	-972053.928	20.6243
-833871.032	-1033541.857	-832266.025	-1033752.917	18.1688
-792277.4	-1036604.21	-791304.19	-1038656.42	32.2861
-643462.07	-1067914.49	-646552.178	-1069047.573	40.5238
-787331.17	-1001536.79	-786856.04	-1001095.15	7.8094
-730339.49	-1084646.34	-729054.11	-1086088.29	22.0609
-744900.21	-1011766.54	-742614.85	-1013335.24	32.4759
-760647.712	-1033862.222	-760693.291	-1033875.884	0.9517
-693060.92	-1042497.66	-690988.11	-1040220.55	40.4951
-808428.86	-1008377.375	-805653.795	-1009801.114	37.0641
-672725.33	-1007905.78	-671549.72	-1006754.72	20.6919
-734657.224	-1006198.632	-733677.42	-1004492.76	23.0985
-674962.455	-1021144.372	-674579.81	-1020864.91	5.2649
-881766.324	-1009134.231	-880146.31	-1011719.17	38.6844
-797880.15	-1001128.93	-797859.59	-1000584.11	6.6031
-689525.338	-1046426.507	-689519.15	-1046326.769	1.9986
-648462.99	-1018258.48	-648351.3	-1017818.92	5.6884
-840120.3	-1063468.548	-838862.754	-1063001.69	23.4243
-678624.99	-990974.629	-678795.907	-990702.905	6.6154
-773585.129	-1055782.565	-773698.411	-1055768.005	2.6775
-816748.835	-987169.243	-814392.773	-988063.794	28.1183
-773719.778	-1055932.824	-778371.176	-1058882.796	43.0138
-737510.46	-1039031.0	-737154.375	-1038631.313	10.731
-721709.137	-1048028.488	-723349.17	-1049053.61	22.0105
-805998.918	-1054670.326	-802786.177	-1055892.54	49.9522
-766343.461	-972581.316	-766442.505	-972340.414	2.0078
-685232.746	-993710.463	-685192.968	-993757.56	1.4145
-751554.189	-1045703.322	-751354.53	-1045701.18	3.9936
-667943.849	-1059113.16	-667929.81	-1056163.46	42.2737
-852274.462	-1010201.283	-852251.87	-1010228.49	0.7088
-815722.086	-1031559.484	-815742.213	-1031522.353	0.4693
-640498.45	-1043240.46	-640478.578	-1043279.784	0.8905
-686094.88	-989268.7	-686426.19	-990506.72	14.5881
-811367.092	-1060331.764	-810739.83	-1060887.76	15.4161
-799844.276	-1011794.855	-796781.35	-1010291.26	45.9875
-857573.863	-1066733.292	-857732.115	-1066589.07	1.647
-773668.627	-1055483.882	-773638.34	-1055673.199	3.8998
-644822.508	-1038732.068	-644704.413	-1038555.288	2.3636
-753124.51	-1010953.81	-752716.919	-1009641.85	15.5995
-778716.232	-1081881.836	-779548.5	-1080217.57	26.6419
-700323.46	-1005801.32	-698460.38	-1007973.56	37.1258
-714274.947	-1062350.567	-713251.65	-1059800.23	31.3738
-755344.83	-1071368.742	-757062.77	-1070140.36	25.0321
-761419.84	-1044328.57	-761869.05	-1044037.25	13.4198
-757134.9	-1036802.08	-757990.39	-1037666.66	14.6921
-838610.5	-1070832.2	-840079.293	-1070472.054	16.9492
-724411.356	-1029278.365	-724347.08	-1030566.65	14.5145
-650798.66	-1020546.9	-651926.66	-1019772.51	15.6962
-656076.017	-1066182.731	-654133.383	-1067171.189	25.9451
-653856.95	-1049706.51	-652788.91	-1048069.96	22.4928
-744325.313	-1039822.447	-743808.587	-1038480.382	31.5141
-655317.27	-1022689.81	-654207.76	-1023022.35	12.9378
-805580.55	-989185.89	-806838.96	-989705.95	15.1382
-778354.93	-982840.37	-779589.3	-982910.22	15.3168
-647349.661	-1081907.056	-647404.039	-1082012.827	2.3805
-823952.872	-1066561.885	-823879.001	-1066547.6	1.7777
-646158.268	-1035857.518	-645222.09	-1037326.97	35.716
-693322.025	-1064570.064	-692751.321	-1064739.587	6.615
-751880.584	-1038518.759	-751592.776	-1038205.716	8.7994
-773146.15	-978644.96	-773086.402	-978766.973	2.7171
-736790.235	-1014569.195	-736379.594	-1013769.886	10.4748
-662603.44	-1002134.49	-663739.6	-1000708.83	21.8881
-780485.3	-1040977.06	-782640.97	-1043028.23	39.4574
-758073.07	-1032937.02	-758097.64	-1033403.64	12.5181
-750067.87	-1029770.46	-749710.96	-1029340.97	12.286
-797059.03	-1075094.57	-795889.11	-1075753.77	15.4068
-737151.093	-1027403.432	-736884.91	-1028307.24	19.2939
-857552.918	-1040169.703	-863131.408	-1037983.994	86.7047
-718716.86	-1055269.42	-717259.4	-1057317.02	29.2514
-699212.275	-1065647.246	-698164.88	-1063584.93	26.9403
-719358.41	-1030469.28	-719546.69	-1030627.19	1.8903
-645685.415	-1042500.373	-645916.971	-1042711.207	3.9842
-870051.433	-1037459.188	-873685.2	-1034190.17	54.3165
-827952.099	-1041307.414	-826356.346	-1040437.307	26.4242
-876365.0	-1021461.157	-876205.29	-1021469.48	1.2316
-666656.393	-1086639.051	-666783.31	-1086673.811	1.4632
-763578.23	-983007.87	-762590.88	-982473.0	16.4682
-688718.603	-1043774.139	-688698.887	-1043756.642	0.3352
-885768.713	-1021406.583	-887058.808	-1021676.846	16.3368
-768419.55	-1028090.41	-768403.49	-1028124.55	0.7578
-711654.17	-1022257.4	-711914.43	-1022050.9	3.944
-780763.21	-1026689.94	-778073.878	-1024982.951	36.8737
-683915.461	-1008181.114	-683887.851	-1008125.569	1.2704
-763343.522	-1022249.458	-763355.85	-1021358.05	9.9832
-757505.78	-1039271.09	-757559.425	-1039723.96	5.0681
-704751.8	-996618.02	-709158.077	-1001193.512	87.5714
-672579.95	-1062530.59	-672432.67	-1063550.16	12.5592
-658077.11	-1064149.39	-658306.13	-1063995.3	3.1087
-867652.35	-1012406.82	-867167.828	-1010925.707	17.446
-714572.525	-1006513.706	-714682.48	-1006423.8	1.5872
-641999.909	-1083270.542	-641660.574	-1083773.046	12.9242
-872013.713	-1012171.656	-870331.398	-1011239.458	23.5515
-881929.226	-1022103.728	-881863.103	-1021865.019	3.7962
-679251.22	-1033454.96	-681391.128	-1033570.804	23.9085
-885768.713	-1021406.583	-886513.43	-1022598.52	16.3972
-696768.359	-1065799.89	-695801.17	-1066068.47	12.4971
-699826.15	-1069367.85	-700135.02	-1068003.88	16.6082
-736358.388	-982340.157	-734657.725	-982816.189	21.903
-796781.35	-1010291.26	-796037.22	-1012218.17	23.8199
-649076.08	-1021139.42	-649296.0	-1022367.68	14.4045
-699280.96	-1087095.96	-699263.048	-1087577.665	11.1237
-799218.218	-1001629.481	-799331.67	-1001568.91	0.9893
-694006.079	-995200.362	-694805.3	-995371.38	9.1858
-749595.87	-1025442.64	-748802.16	-1025180.0	17.886
-674915.84	-1061397.35	-675684.47	-1060626.73	12.6597
-713080.6	-1040301.81	-712988.5	-1040330.62	1.0728
-762330.98	-1057704.171	-763676.79	-1058967.62	28.8151
-784018.32	-995398.78	-784281.09	-996224.5	11.6032
-753519.32	-1044963.06	-753577.73	-1045262.14	3.3927
-846347.928	-1044004.569	-846651.96	-1041338.72	33.0657
-648881.23	-1019906.8	-648868.92	-1019486.9	8.7021
-711558.013	-1059050.548	-711890.35	-1060438.64	15.975
-779061.296	-981747.373	-779024.37	-981604.83	3.0435
-668507.652	-1091797.497	-668682.99	-1092390.839	7.2152
-808569.944	-991227.261	-808611.58	-991219.64	0.8477
-786585.72	-1009820.43	-783625.48	-1009898.28	33.1955
-798303.21	-1066951.14	-798373.29	-1067537.04	6.6305
-662108.94	-1040513.93	-662491.9	-1039150.784	15.8527
-714320.133	-1045224.548	-712258.79	-1048727.42	49.9201
-692398.188	-998321.563	-692439.87	-998478.84	1.8386
-731167.427	-1084387.649	-730629.2	-1084569.55	11.3927
-712365.36	-1041495.43	-713740.82	-1041561.3	10.6524
-768302.28	-971936.54	-768483.18	-971363.18	6.8317
-669402.384	-1076829.111	-670436.689	-1076819.673	12.1678
-708393.03	-1085245.969	-708233.01	-1084992.954	3.3363
-658706.819	-1064884.091	-659164.367	-1065042.203	10.2353
-756880.218	-1065422.555	-756770.213	-1065375.482	2.9548
-820420.818	-1067717.986	-820420.533	-1067697.474	0.2521
-852656.05	-1038915.62	-851233.618	-1039149.899	16.1309
-864781.377	-1022291.407	-868712.059	-1021790.194	60.4925
-645722.138	-1045375.351	-645735.79	-1045402.815	0.4801
-698320.9	-1050777.39	-696876.45	-1050935.08	16.5836
-714087.729	-1057511.199	-713461.529	-1057701.511	13.1424
-822804.131	-1068212.539	-822538.061	-1068643.955	10.2075
-700115.94	-1071955.9	-699321.98	-1074296.04	29.5494
-685163.84	-994354.035	-685150.668	-994403.704	1.0628
-646384.95	-1016840.67	-646784.63	-1016584.72	5.3641
-697829.1	-1037717.32	-697686.311	-1037723.137	2.8698
-669597.07	-1002026.89	-674111.71	-1002397.2	64.2499
-708461.4	-1069518.07	-708947.022	-1068917.61	8.7911
-719412.41	-1030662.08	-719394.39	-1030514.14	1.6879
-757115.472	-1047055.704	-758581.22	-1047649.45	17.6216
-654712.715	-1081639.75	-654071.518	-1081504.252	7.8724
-725612.025	-1069674.855	-724703.685	-1069349.643	19.7762
-754867.81	-1012840.6	-753251.75	-1011154.9	26.4619
-673983.56	-1071086.53	-672391.99	-1070720.65	18.1454
-877306.387	-998763.671	-876337.987	-998291.201	13.4642
-814761.761	-1017377.469	-818898.634	-1017174.524	47.0265
-842432.549	-1074785.903	-843931.125	-1074255.898	17.7479
-788893.92	-1033754.56	-787766.2	-1033212.73	14.0771
-801907.575	-1059706.162	-804080.996	-1060113.942	26.1584
-829579.044	-992664.87	-828343.065	-992114.223	18.1778
-729710.071	-1039722.02	-728843.855	-1039330.22	10.668
-714807.73	-1027916.89	-714250.17	-1026275.32	27.9088
-731561.16	-1067617.97	-731542.29	-1067800.52	2.0393
-663044.42	-1054468.82	-661891.39	-1051662.77	35.3421
-722260.469	-1041371.975	-722247.869	-1041388.495	0.2804
-821804.609	-1066679.277	-820763.034	-1063867.82	33.8598
-715513.44	-1040586.49	-715074.63	-1040766.98	10.3332
-759256.31	-1047754.756	-759204.415	-1047672.559	2.0752
-843040.578	-1020185.817	-842287.929	-1020663.445	10.1681
-780584.38	-1049899.73	-778592.53	-1048743.11	25.744
-789184.38	-990848.56	-789194.89	-990872.61	0.5808
-759820.913	-1039943.303	-760664.788	-1039529.696	10.5103
-679158.914	-1030025.357	-679251.22	-1033454.96	39.9319
-766069.463	-1076129.668	-765632.14	-1074898.32	14.7132
-648175.388	-1058490.263	-648187.866	-1058462.408	1.3896
-646257.99	-1035696.78	-646158.268	-1035857.518	3.7835
-869300.93	-1043031.21	-869808.32	-1041019.49	23.8223
-730339.49	-1084646.34	-729298.04	-1084653.56	11.8526
-844011.49	-1005076.04	-844027.15	-1005078.51	0.1777
-698164.88	-1063584.93	-697633.81	-1063728.76	11.2037
-645050.708	-1074298.705	-644390.63	-1074453.586	13.5602
-758435.475	-1047850.706	-758678.932	-1048979.29	15.1885
-640071.145	-1093682.786	-639947.222	-1093800.524	9.5109
-716930.02	-1074651.97	-715594.97	-1078158.25	54.8955
-820444.415	-1067699.879	-820420.818	-1067717.986	0.4787
-730085.58	-1041031.44	-730548.07	-1041502.46	9.5593
-782265.162	-979225.253	-782254.663	-979211.743	0.405
-863400.559	-1062967.888	-857554.503	-1066769.628	69.2357
-777421.09	-1064471.68	-775670.719	-1064925.753	20.7551
-768588.55	-1063775.18	-770134.93	-1065005.61	22.8826
-683372.708	-1070340.875	-682819.282	-1070271.519	7.0575
-819634.076	-980184.852	-819701.788	-980089.789	1.2979
-832266.025	-1033752.917	-832038.178	-1033984.11	3.8404
-839367.739	-1069407.203	-839209.8	-1068874.289	6.6753
-755185.5	-1028876.24	-753758.163	-1025794.588	55.8947
-794356.679	-1003853.725	-794445.41	-1003817.64	1.1985
-699059.06	-1044114.19	-696821.837	-1044201.127	24.9022
-692393.91	-1046471.76	-692483.88	-1046468.81	1.059
-712322.69	-1041875.89	-712035.9	-1041732.29	4.2921
-646239.872	-1056008.99	-647672.21	-1055476.25	17.0909
-701749.24	-1009988.77	-701765.41	-1010006.88	0.5054
-694991.159	-1064536.914	-694401.055	-1065921.44	17.5994
-716349.222	-1061215.837	-716401.15	-1060900.03	3.7349
-676525.57	-1061343.46	-675859.917	-1064273.924	37.9136
-756124.753	-984755.3	-755368.419	-983684.174	15.4235
-685770.02	-1039929.89	-686575.12	-1039593.79	10.0146
-648158.06	-1044058.02	-648105.59	-1042943.23	12.4153
-765581.53	-1063635.1	-767628.303	-1064543.423	25.6965
-643747.476	-1062699.874	-643758.357	-1062705.563	0.2626
-756270.569	-975799.295	-755058.7	-975070.59	17.92
-701892.25	-1007304.34	-701380.27	-1007243.98	5.9148
-725401.005	-978434.604	-725347.879	-978456.084	1.5587
-747917.66	-1033945.33	-747674.5	-1033325.3	13.948
-739350.28	-1047578.09	-739283.4	-1047695.67	2.8367
-690144.75	-995126.75	-690242.41	-995107.0	1.1394
-753232.18	-1024998.24	-753334.92	-1025594.51	16.5683
-802057.3	-999091.98	-803234.05	-1000504.67	22.1717
-776142.829	-979416.983	-776120.45	-979334.08	0.9828
-762800.39	-973592.59	-762800.511	-973664.528	1.5962
-871474.565	-1005104.736	-873787.501	-1008866.41	68.2798
-731562.956	-1056376.26	-731953.91	-1056749.85	6.1374
-729081.3	-1029275.1	-729182.59	-1029441.25	3.8919
-731529.762	-1067858.408	-731564.343	-1067858.126	0.3886
-742076.679	-1057054.113	-742428.69	-1057042.01	7.4896
-746047.369	-1053841.548	-746257.484	-1053880.571	4.6484
-754302.163	-1045692.465	-754326.98	-1045709.048	0.7045
-864577.617	-1039218.412	-863131.408	-1037983.994	21.2167
-739299.15	-1029228.09	-736884.91	-1028307.24	31.9684
-797299.58	-1068850.802	-797224.579	-1068798.163	2.1289
-669043.352	-1044621.083	-669036.133	-1044634.777	0.3425
-826393.58	-993760.31	-825445.484	-995866.382	36.2219
-842745.5	-1001935.625	-842937.02	-1002015.9	2.3077
-649076.08	-1021139.42	-649566.83	-1020996.73	5.6852
-649928.66	-1031448.47	-649898.54	-1031791.11	3.822
-754985.457	-1001811.321	-754757.688	-1002042.938	3.9575
-643407.33	-1065727.687	-643250.92	-1066919.41	13.4686
-888772.284	-1015884.342	-885460.917	-1015775.731	40.9253
-675528.852	-1031255.575	-679158.914	-1030025.357	49.1969
-678268.824	-1069099.803	-678275.815	-1069146.017	0.5305
-751384.235	-1045613.361	-751230.097	-1045587.543	3.2527
-727394.82	-1032823.14	-725685.08	-1033315.51	19.8894
-754553.75	-1063526.759	-754549.701	-1063563.589	0.9626
-654226.65	-1044422.6	-652756.916	-1044690.62	17.0623
-739117.25	-1033551.44	-739264.11	-1033483.83	3.3739
-758407.752	-1021128.973	-758378.72	-1020350.72	8.8135
-853220.61	-1005292.68	-853227.3	-1005277.26	0.2232
-810664.83	-991921.07	-810588.846	-992040.726	1.2941
-641558.455	-1081663.353	-641563.12	-1081473.4	2.1124
-728099.7	-1079534.74	-727648.121	-1080709.565	14.5409
-847821.052	-1049826.281	-848771.631	-1050724.211	31.3352
-852913.01	-1010654.81	-852819.54	-1010571.63	2.5924
-806862.02	-982792.324	-805494.47	-978668.481	68.3367
-813838.81	-1073966.7	-813336.061	-1072569.408	20.2304
-755689.59	-1023919.41	-755694.86	-1025391.36	17.1374
-686053.85	-993238.91	-686350.07	-993429.47	7.4936
-695212.53	-1017529.26	-697349.47	-1017397.28	23.9848
-696636.6	-994249.17	-696132.37	-994057.13	6.0135
-730628.22	-1042752.2	-730606.32	-1042945.66	3.9173
-783385.36	-1061966.31	-782595.73	-1062161.21	9.2482
-757402.828	-1052419.611	-757583.42	-1052769.48	4.3915
-826695.7	-1046988.145	-826780.701	-1046935.199	1.1151
-766382.69	-1052099.3	-766806.601	-1052210.031	5.0846
-667706.318	-1019347.736	-667274.31	-1019346.6	4.8174
-703259.82	-1045208.71	-705213.552	-1046907.088	30.2544
-754805.789	-981132.737	-754958.704	-982106.82	11.7262
-765867.335	-1076221.509	-765949.302	-1076303.012	1.3411
-776487.38	-1076782.21	-774198.39	-1077281.62	26.1006
-697841.33	-1001068.24	-699475.68	-1000254.35	20.8177
-860277.03	-1033622.47	-859334.96	-1031935.4	21.7531
-748084.48	-1035618.15	-749437.266	-1033909.1	27.8169
-673049.74	-1012189.85	-673053.29	-1012178.46	0.2562
-762707.88	-1014316.97	-761383.292	-1015001.54	16.6051
-855530.25	-1036701.857	-855649.83	-1035660.68	11.9868
-700396.442	-1053492.855	-700206.943	-1053697.575	5.9162
-734598.58	-1083230.584	-734318.338	-1082704.06	7.8897
-641660.574	-1083773.046	-640100.993	-1084722.279	22.6712
-723627.515	-1036753.24	-723646.226	-1036720.831	1.0598
-726488.524	-1059462.93	-725243.045	-1058432.144	18.8556
-758289.66	-1037634.71	-757990.39	-1037666.66	6.108
-752283.773	-1042999.425	-752334.938	-1043068.75	1.7233
-758073.07	-1032937.02	-757126.745	-1032268.154	12.8793
-648110.28	-1092559.28	-647876.97	-1093900.63	15.2477
-812244.87	-1012043.72	-809721.09	-1010756.479	36.7499
-658853.576	-1013422.483	-657349.62	-1014170.84	19.9232
-847130.532	-1051437.448	-846906.763	-1052310.741	10.477
-659884.474	-1065080.258	-660269.1	-1066357.25	18.8604
-808049.215	-1027496.454	-811663.996	-1027269.798	43.4273
-761216.881	-994932.114	-761264.677	-994889.293	0.7379
-821252.392	-996441.12	-821332.799	-996435.808	0.9168
-671453.484	-1048988.167	-671011.67	-1048336.21	9.0854
-851158.788	-1009138.871	-851153.587	-1009157.697	0.4727
-867402.458	-1014608.839	-867026.756	-1014027.188	14.9527
-669943.33	-1047802.91	-664502.78	-1047932.44	42.4713
-681256.73	-1047284.67	-681171.13	-1047426.99	2.1546
-644363.469	-1074457.652	-644350.08	-1074464.718	0.3717
-742534.2	-1030094.56	-742604.08	-1029716.56	4.3889
-720485.953	-1057079.4	-720470.927	-1057084.328	0.3163
-790130.99	-1026365.77	-791567.2	-1023807.89	34.8239
-711726.01	-1044957.93	-711375.94	-1044822.95	7.6931
-685019.57	-1032596.64	-684053.62	-1032015.32	12.5577
-730320.71	-1043500.64	-730143.03	-1043481.59	2.0244
-672706.22	-1015107.8	-673831.38	-1015394.53	13.035
-763504.4	-992745.44	-763702.81	-992726.37	4.1784
-733267.49	-1020351.43	-732840.55	-1019601.95	9.7586
-753251.75	-1011154.9	-753219.263	-1011090.832	0.7982
-781300.55	-995123.38	-781108.19	-994530.19	7.1916
-646271.32	-1063832.91	-646256.609	-1063843.229	0.4472
-808515.85	-991162.91	-808585.606	-991258.913	2.38
-671563.284	-1012981.47	-671554.241	-1012972.103	0.277
-714682.48	-1006423.8	-714956.595	-1006806.851	5.4886
-867797.09	-1017264.35	-867757.78	-1017361.44	3.648
-653346.678	-1072095.968	-653460.785	-1073595.575	17.6148
-722226.76	-1072826.32	-723802.254	-1075167.8	34.4598
-703193.08	-1047787.47	-703355.628	-1047922.307	4.2649
-703758.381	-1079749.097	-702871.884	-1080004.975	11.5919
-813286.907	-1058573.84	-813726.76	-1056547.92	31.3526
-760179.45	-983638.92	-760171.191	-983620.658	0.2376
-881983.98	-1022063.583	-881929.226	-1022103.728	0.7544
-730675.04	-1043358.39	-730464.91	-1043698.48	4.4966
-677697.483	-990880.701	-676569.433	-990204.403	29.4097
-793309.705	-1013657.208	-791244.52	-1014809.47	28.4443
-660036.46	-1041105.61	-655306.9	-1041293.601	61.6774
-824035.26	-1075024.83	-824112.13	-1074957.2	2.2848
-748264.337	-988628.245	-748223.85	-988263.016	4.0861
-852292.36	-1010381.54	-852839.972	-1010562.394	11.8328
-824867.795	-1067191.528	-824860.766	-1067179.646	0.2761
-707184.18	-1032446.4	-705120.16	-1032523.41	23.0499
-686013.62	-992607.43	-686053.85	-993238.91	12.6989
-752741.46	-1017317.94	-751815.75	-1014127.69	37.7721
-727861.38	-1071800.64	-727941.64	-1071846.7	1.0709
-654041.209	-1081129.494	-654487.78	-1081192.71	11.1918
-699566.74	-1000140.02	-699954.06	-1000452.35	10.2171
-841795.204	-1010891.984	-841357.154	-1010942.499	5.0572
-784355.32	-1006965.74	-784308.318	-1006952.804	0.5801
-771307.799	-1010415.405	-770831.342	-1010431.064	9.6381
-807487.18	-1017041.32	-807972.849	-1018567.797	18.3507
-883289.645	-1027547.259	-882967.854	-1028816.839	45.8619
-728602.055	-1078644.568	-728612.038	-1078621.824	0.6926
-781865.15	-1048439.48	-781509.07	-1047399.61	12.6716
-735095.369	-1043451.94	-734987.129	-1043424.159	2.8825
-885723.47	-1010197.174	-885754.491	-1008784.033	16.2622
-686232.83	-993436.49	-685993.25	-993477.375	4.8745
-748544.882	-1024940.17	-749021.91	-1023132.2	26.223
-822379.454	-1047224.059	-822224.612	-1046931.847	4.0069
-665856.66	-1046300.12	-665845.857	-1046282.575	0.2823
-773121.153	-974553.726	-772010.09	-974008.95	13.7495
-755038.409	-975123.909	-754971.456	-975079.693	1.6163
-770159.84	-988711.64	-771203.743	-989206.762	13.5326
-730854.657	-1045636.934	-734496.32	-1045714.14	43.3747
-642044.356	-1068029.289	-641666.023	-1068164.226	4.5855
-753444.92	-1047853.34	-753489.98	-1047986.67	3.0624
-755784.33	-1013183.04	-756448.614	-1011708.294	17.9743
-869613.66	-1040332.96	-869430.152	-1039450.715	10.0128
-718478.89	-1046912.61	-720417.87	-1047567.4	23.4511
-679071.021	-1068448.678	-678316.546	-1069106.518	11.1328
-805450.508	-1012456.415	-807569.633	-1014178.413	30.5205
-722700.99	-1033242.12	-722004.478	-1032704.204	17.6353
-737885.353	-1020982.033	-737576.263	-1021220.559	4.4169
-703972.47	-1019132.76	-702747.23	-1018674.96	18.7499
-728017.161	-1055341.844	-727882.96	-1055864.88	10.9182
-784365.893	-1059895.552	-785062.0	-1058418.22	22.39
-737011.75	-1074812.7	-735030.582	-1072887.45	39.5713
-787548.72	-1001738.92	-789556.34	-1003330.81	31.2728
-754562.87	-1035818.81	-753069.25	-1037372.232	16.6098
-730143.03	-1043481.59	-725670.665	-1042432.966	35.7067
-740042.44	-1023752.96	-740017.87	-1023680.65	0.8493
-641656.13	-1036998.19	-641686.67	-1037076.0	1.7078
-671719.93	-1041676.199	-671942.405	-1039583.898	28.5949
-774158.39	-1032853.55	-774165.979	-1032839.506	0.3391
-740252.159	-1048828.77	-740146.63	-1048765.45	2.4648
-758984.96	-1060306.05	-760708.45	-1061819.03	28.5909
-653346.678	-1072095.968	-654182.996	-1073729.238	20.9448
-698404.31	-1004453.47	-698568.47	-1004508.36	2.0143
-740955.439	-1048852.577	-740880.85	-1048875.87	1.5628
-684304.861	-1040364.167	-682287.738	-1041472.981	32.3902
-852041.021	-1068690.317	-853968.084	-1068008.173	24.111
-800201.947	-1016933.534	-799539.621	-1015762.067	15.6699
-676047.76	-1037292.652	-672055.54	-1039487.72	54.75
-734539.895	-974968.556	-734638.13	-974924.285	2.309
-689913.724	-995393.446	-689914.682	-995409.262	0.3714
-756448.614	-1011708.294	-758296.68	-1012253.36	21.6534
-768819.527	-992032.256	-768394.55	-991513.293	7.5361
-655317.27	-1022689.81	-655613.228	-1024420.374	19.955
-647715.52	-1054537.59	-647869.94	-1054301.764	3.1327
-751597.63	-1041115.54	-751631.12	-1041022.424	5.2392
-684255.005	-1035594.066	-684084.16	-1033852.85	19.6063
-639924.163	-1084460.056	-640100.993	-1084722.279	6.5731
-833025.666	-988995.456	-833474.288	-990036.628	12.9795
-686661.272	-1088452.577	-686814.436	-1088817.32	4.4709
-683695.36	-992998.26	-683717.457	-992989.128	0.5561
-693555.67	-1004756.118	-696411.51	-1007449.07	44.818
-887834.629	-1020295.463	-887777.614	-1019985.955	3.6054
-785807.44	-1051302.42	-785022.91	-1050875.34	18.7167
-857921.154	-1023464.163	-855079.592	-1025327.497	59.6811
-748407.4	-1058112.06	-750699.51	-1059660.66	31.039
-863236.64	-1047067.888	-863264.03	-1049360.0	29.776
-778689.66	-1029545.02	-778474.39	-1028402.49	12.9529
-737018.66	-1038511.31	-736747.68	-1038593.73	7.9875
-655182.379	-1051829.918	-652508.028	-1051659.118	31.1368
-697841.33	-1001068.24	-697608.833	-1001082.178	6.2099
-723775.082	-1036716.998	-723891.868	-1036670.09	2.5171
-798227.54	-1058686.04	-795516.13	-1059115.1	34.0986
-781214.734	-998287.394	-781654.106	-998471.269	5.2927
-710952.04	-1025721.06	-711052.4	-1025670.01	2.9073
-765196.794	-974682.32	-764319.04	-977108.64	20.3535
-763370.11	-992818.11	-763369.78	-992839.07	0.4621
-732551.961	-1055116.211	-732562.453	-1055095.45	0.5208
-831028.103	-1064975.89	-833610.148	-1061574.582	76.3294
-806962.59	-989767.32	-806831.71	-989712.44	2.8384
-711242.04	-1034382.06	-710966.346	-1033701.742	15.1925
-783657.44	-1061218.98	-787374.96	-1062889.98	45.3203
-731999.944	-1057687.789	-731942.46	-1058578.55	19.1208
-807285.49	-1049727.11	-806860.08	-1048701.62	12.701
-854768.45	-1002319.94	-857217.29	-1002438.67	35.7795
-659267.448	-1021680.819	-660386.03	-1022995.96	21.6756
-709629.64	-1058421.81	-708317.55	-1057431.48	19.3466
-752242.07	-1042958.93	-752283.773	-1042999.425	1.1962
-752007.346	-1018911.755	-750581.08	-1018442.97	18.4333
-765950.851	-985926.107	-766786.24	-987720.39	25.2158
-651289.106	-1082357.524	-649175.674	-1083114.173	26.5596
-708413.261	-1084871.572	-708617.79	-1084825.71	2.4472
-704510.64	-1009921.67	-708156.75	-1007415.76	57.0505
-698440.11	-1003270.46	-697966.78	-1002610.83	17.5564
-738090.59	-1046668.11	-737492.29	-1046651.8	12.4663
-645766.812	-1077440.453	-647349.661	-1081907.056	56.4225
-713251.65	-1059800.23	-713219.871	-1058449.529	15.1158
-791097.96	-1010612.87	-790550.11	-1009049.625	19.0549
-780191.92	-994719.11	-779581.63	-996086.33	17.0278
-805510.798	-990388.968	-805095.286	-990190.91	9.2077
-763676.79	-1058967.62	-764550.697	-1059651.999	12.6052
-734314.75	-1081506.11	-731944.906	-1081331.224	32.7597
-738774.46	-1048789.538	-738855.642	-1048756.217	3.6789
-798712.282	-1022813.845	-800076.476	-1021913.816	18.6399
-687080.844	-1085843.436	-686794.358	-1080842.599	70.1577
-796037.22	-1012218.17	-795237.549	-1012020.629	9.1913
-658334.737	-1052094.419	-656883.547	-1052673.686	17.4451
-827416.761	-1067890.621	-827434.463	-1067893.731	0.4061
-874589.614	-996794.932	-874066.119	-996690.38	6.2154
-858225.57	-999249.575	-857587.613	-999831.837	17.5842
-687083.697	-1086022.321	-686509.01	-1087172.16	14.7325
-797061.3	-1028774.628	-795673.01	-1028932.49	15.9797
-817626.397	-1008079.578	-817580.155	-1005027.851	34.768
-793798.06	-1006808.01	-792357.45	-1006464.49	16.9333
-672153.087	-1080418.844	-672190.329	-1083203.313	31.4463
-757602.31	-1049500.47	-758116.03	-1049951.77	7.8234
-764623.63	-1001464.13	-765648.759	-998992.338	32.212
-681391.128	-1033570.804	-683000.678	-1033361.372	22.5979
-670189.41	-1018692.36	-669911.48	-1020070.35	16.6206
-819391.504	-1042895.331	-818157.27	-1038318.05	63.5979
-716328.6	-1083401.67	-717824.84	-1083021.34	18.5345
-671537.295	-1019001.541	-671542.164	-1018829.612	1.96
-739851.743	-1080964.865	-739860.717	-1080848.642	2.3358
-667109.46	-1045866.59	-668163.57	-1049062.769	46.4368
-641446.88	-1034905.08	-641536.53	-1036240.3	36.3166
-840936.563	-1011852.615	-839662.593	-1013159.081	25.8141
-793287.43	-1051912.18	-793187.14	-1052087.32	5.2326
-679528.41	-1071500.27	-677552.53	-1071411.69	22.9522
-652582.161	-1064374.38	-651701.208	-1065038.009	38.4481
-720560.46	-1005519.18	-718947.25	-1005997.56	20.8477
-693161.08	-1007415.74	-694938.47	-1007660.42	21.2938
-742481.968	-1045891.873	-742522.57	-1045850.3	1.2033
-644855.32	-1030334.57	-644298.13	-1030761.77	8.6551
-699767.59	-1058228.5	-699888.738	-1058195.5	1.3983
-641802.028	-1037420.401	-642959.958	-1040436.707	38.5643
-651875.036	-1077623.313	-651145.068	-1076608.201	15.7279
-742486.9	-998318.24	-744676.58	-997624.94	29.5698
-736889.42	-1038378.58	-737270.58	-1038760.9	12.8228
-770659.27	-1011468.3	-771409.02	-1011313.29	8.5158
-827571.154	-989063.969	-825767.75	-989720.75	22.346
-652519.065	-1021392.956	-653288.69	-1021283.75	9.6786
-700201.993	-1053336.492	-700186.357	-1052771.488	11.6303
-782765.879	-1049651.404	-782508.45	-1049591.91	2.9525
-849524.125	-1064819.0	-849530.54	-1064841.58	0.4851
-774412.19	-996205.84	-774451.642	-995780.894	5.1392
-677007.72	-1000843.96	-679925.531	-999357.282	44.1035
-797165.7	-1009648.94	-796592.857	-1009438.693	6.9078
-688958.37	-1008075.48	-688977.74	-1008137.47	0.7994
-654794.2	-1037390.1	-655208.08	-1037168.666	11.0033
-656027.63	-1011983.47	-655774.43	-1015985.09	47.7978
-765904.06	-990386.07	-766031.67	-990340.716	1.5156
-644951.37	-1049697.6	-644804.59	-1049444.13	5.8609
-738387.24	-1034776.1	-737329.67	-1035835.62	16.6441
-651875.036	-1077623.313	-653033.816	-1077141.936	14.7991
-792428.59	-979461.55	-792606.16	-979568.23	4.3694
-813726.76	-1056547.92	-814860.03	-1055938.19	14.4234
-720245.62	-1070992.61	-721059.16	-1070117.0	18.1489
-682345.069	-994468.994	-682369.656	-994478.593	0.8407
-734896.444	-1079592.009	-734246.2	-1078918.72	12.7559
-832347.8	-993046.63	-833817.48	-990512.85	39.3836
-655262.94	-1011065.55	-656027.63	-1011983.47	16.0911
-744365.01	-1047609.77	-744548.532	-1047866.015	6.3041
-855063.7	-1001965.68	-853365.73	-1002828.81	22.111
-823997.083	-1031074.688	-823892.15	-1031044.76	1.2202
-771922.183	-971933.635	-770343.531	-971797.563	33.1732
-646639.676	-1068713.803	-646644.983	-1068689.468	0.3044
-648723.39	-1048117.65	-655607.26	-1048587.63	54.977
-731944.906	-1081331.224	-733554.49	-1083480.28	35.5258
-846047.345	-1066714.436	-847713.155	-1066306.545	20.1533
-645349.0	-1052717.95	-645381.39	-1052938.51	2.5194
-744377.89	-1084946.37	-744416.779	-1083885.415	13.6982
-742907.985	-1026755.457	-742335.39	-1026856.18	11.6784
-682169.978	-1009800.329	-681926.98	-1010567.27	8.961
-644872.51	-1029746.97	-645544.85	-1029412.69	8.7147
-795883.692	-986069.676	-795911.538	-985983.896	1.0342
-693459.63	-985440.32	-692067.016	-984640.561	26.1821
-735050.04	-1025264.38	-736617.09	-1024933.33	23.4256
-700694.83	-1067745.19	-700209.914	-1067581.49	5.7309
-759120.04	-1068577.14	-759142.75	-1068600.375	0.3822
-781165.18	-977555.19	-779398.2	-977284.25	24.8355
-737011.75	-1074812.7	-735898.12	-1075663.65	16.657
-753073.16	-1037427.14	-753016.49	-1037436.87	1.2175
-832380.79	-998170.642	-831111.946	-997765.178	16.8038
-827414.04	-1067905.869	-827416.761	-1067890.621	0.3369
-680625.78	-989592.65	-680582.204	-989461.566	1.5349
-742239.83	-1065297.46	-743257.888	-1067719.376	39.0446
-822122.758	-1029525.542	-821906.889	-1029730.126	3.6352
-646639.676	-1068713.803	-646552.178	-1069047.573	4.3211
-704453.1	-1014660.56	-704664.51	-1014712.25	2.4784
-788376.49	-989836.61	-788466.315	-990034.547	7.9009
-734779.913	-971952.94	-735808.974	-970272.071	24.2616
-762531.944	-1003861.896	-761119.495	-1000997.084	36.7324
-673359.17	-1017298.72	-672753.02	-1016760.62	10.0326
-698404.31	-1004453.47	-698530.61	-1004621.99	1.6204
-694468.471	-1062559.232	-694183.55	-1060246.47	26.7472
-766608.22	-1042683.18	-766123.13	-1042170.21	8.138
-753766.275	-1041830.108	-753600.19	-1041770.82	3.8234
-714820.38	-1007312.86	-713677.27	-1008804.24	27.0551
-765278.0	-1028005.63	-765903.621	-1026097.409	29.1942
-700209.914	-1067581.49	-700387.25	-1066319.45	15.3324
-652004.862	-1078833.61	-652839.2	-1078377.746	17.2197
-648277.846	-1064324.543	-648566.084	-1065178.916	18.1672
-663264.53	-1025565.94	-662627.63	-1025776.23	7.5384
-658912.297	-1021936.138	-657091.01	-1022208.29	20.9587
-862395.853	-1023811.733	-857921.154	-1023464.163	51.7001
-859427.42	-1012915.85	-857444.77	-1011887.79	18.2218
-857921.154	-1023464.163	-857625.67	-1022950.01	13.1844
-734332.849	-1057356.188	-737593.42	-1057813.32	26.1019
-742420.28	-978651.65	-739591.68	-979100.8	34.5572
-739949.769	-1001962.629	-740534.457	-1001860.181	14.6649
-732422.28	-1084313.689	-732635.471	-1085666.116	16.0958
-701067.767	-1088268.67	-700473.75	-1088323.41	6.6555
-677014.66	-1004511.1	-674923.8	-1005690.43	27.3177
-761033.05	-1042194.675	-761255.95	-1042461.59	7.5998
-728506.95	-1073027.45	-727946.954	-1073950.328	12.5828
-775925.31	-978800.85	-776333.91	-979441.43	9.1605
-723650.025	-1036501.706	-723646.226	-1036720.831	4.4233
-726875.0	-983234.71	-726168.492	-980888.314	28.5059
-820196.29	-1068830.88	-820420.818	-1067717.986	13.4366
-677256.85	-1037622.57	-676431.36	-1035607.69	25.4005
-775333.78	-992378.18	-774202.32	-992661.03	15.1453
-713677.27	-1008804.24	-714147.66	-1008924.75	6.1357
-725140.036	-993094.291	-722098.15	-993211.14	36.8268
-748264.337	-988628.245	-747769.641	-989471.419	11.7349
-796706.692	-980718.829	-797063.54	-980056.2	16.3854
-670260.27	-1047666.95	-670314.0	-1047546.5	1.6946
-773691.55	-1068502.23	-773801.94	-1073410.82	70.2151
-707107.89	-1015925.36	-709860.07	-1013225.01	45.0931
-737492.29	-1046651.8	-736423.45	-1046524.588	22.8132
-765963.41	-1076199.13	-765867.335	-1076221.509	1.3149
-821533.491	-996041.098	-821541.517	-996065.46	0.3074
-742025.384	-1041551.688	-742589.37	-1041655.95	11.5369
-707395.27	-1021372.06	-707477.85	-1021377.78	1.7645
-684084.16	-1033852.85	-684077.699	-1033039.805	9.0342
-675183.93	-1021306.91	-674962.455	-1021144.372	3.0524
-783000.21	-1044291.56	-783095.18	-1043944.62	12.0179
-670388.99	-1063714.97	-669366.41	-1063884.53	15.8907
-671606.35	-994148.73	-671529.156	-994215.846	2.0523
-702114.812	-1043261.196	-702096.308	-1043248.3	0.4998
-776116.121	-1014573.075	-776116.328	-1014689.396	1.3243
-775865.26	-1056885.35	-776845.82	-1057733.48	15.1864
-777253.82	-1070743.77	-778814.3	-1071062.64	19.9263
-807985.91	-1047762.37	-807106.486	-1046978.31	13.3745
-724923.796	-1067210.738	-724969.71	-1067325.084	2.4655
-670988.44	-994687.59	-671005.31	-994697.86	0.579
-709849.16	-1052104.16	-708863.65	-1054156.14	27.922
-682593.55	-1057225.8	-681547.55	-1054896.15	32.3888
-788251.41	-989855.27	-787615.208	-989710.969	13.2198
-744427.01	-1041940.53	-745476.058	-1042442.099	24.7009
-816868.164	-1069518.245	-816893.762	-1069517.321	0.9012
-771878.58	-986682.57	-770401.64	-988243.48	26.3076
-719546.69	-1030627.19	-719664.66	-1030725.65	1.182
-801753.438	-1023673.569	-800168.47	-1023525.4	18.9187
-796967.21	-1053971.04	-797433.88	-1052597.14	17.0412
-751462.148	-1001952.201	-750659.099	-1001857.843	9.0706
-651046.35	-1014975.04	-651076.779	-1014495.997	5.682
-779864.28	-983031.63	-779092.241	-981900.865	15.7662
-719843.172	-1044008.229	-719043.9	-1045005.64	14.5561
-834368.509	-984071.789	-834339.5	-984063.875	0.6025
-692580.496	-1046095.138	-692418.005	-1046417.51	4.0375
-688899.04	-1008101.45	-688958.37	-1008075.48	0.7834
-690154.749	-1015646.511	-690276.83	-1015960.33	3.768
-717320.02	-1074418.83	-717406.529	-1074272.847	1.9469
-705180.085	-1015148.305	-705245.089	-1015162.207	0.7603
-667752.29	-998041.55	-666452.53	-998977.14	20.7024
-782260.598	-979205.504	-782265.162	-979225.253	0.6801
-801018.693	-1015691.9	-801385.012	-1015485.742	4.7117
-813304.15	-1072027.89	-813205.411	-1072126.728	2.8595
-753082.234	-1019438.929	-755209.1	-1019163.62	24.8989
-640426.525	-1091589.246	-639940.852	-1091220.246	9.8449
-751335.31	-1060211.99	-751284.64	-1060098.92	2.4827
-700174.9	-1071901.69	-699977.91	-1071763.11	4.8425
-804080.996	-1060113.942	-803947.883	-1061268.828	13.2612
-787194.84	-1068117.31	-787213.5	-1068343.1	4.7081
-650028.63	-1050827.27	-649211.54	-1050423.25	18.5878
-720813.672	-1048330.845	-721423.83	-1050459.84	25.712
-718118.94	-1074538.02	-717820.5	-1074317.38	4.1259
-766123.13	-1042170.21	-766136.3	-1040888.08	14.5145
-646259.626	-1063825.184	-646271.32	-1063832.91	0.3106
-796743.252	-1021713.892	-795345.471	-1023146.204	23.3065
-718568.57	-1054861.25	-718716.86	-1055269.42	4.9627
-665998.12	-1039213.13	-665783.24	-1039185.6	2.4235
-653414.983	-1023358.623	-653299.13	-1023139.24	5.0178
-702154.39	-1017063.32	-704206.35	-1016297.52	27.1665
-697267.039	-1038802.186	-697239.861	-1038815.407	0.7571
-675048.91	-1008405.81	-675803.06	-1008342.46	9.3412
-755895.05	-991026.57	-755651.695	-991024.143	4.8688
-834771.583	-1060697.914	-836451.432	-1060362.732	21.9475
-764748.101	-1005277.63	-763471.794	-1006320.508	21.3823
-754722.88	-1063440.97	-754963.37	-1063474.75	4.8572
-681176.14	-1047284.84	-681294.73	-1047266.2	0.9236
-717801.722	-979961.24	-717956.261	-978710.688	27.4077
-771186.36	-1027775.74	-773039.903	-1027849.428	25.1191
-770746.85	-990883.12	-769898.37	-991447.69	11.5516
-829863.983	-1072868.589	-830045.471	-1073007.368	2.5571
-737082.62	-1070361.22	-738930.214	-1070969.271	25.045
-827959.95	-1025194.124	-828173.691	-1024778.486	5.3453
-794059.78	-1036805.73	-794299.36	-1036703.83	6.6668
-749194.939	-972258.483	-749732.38	-969641.23	30.1966
-683665.563	-1050408.426	-682538.522	-1049193.512	18.9773
-663328.766	-1029262.266	-662364.104	-1027433.998	24.5546
-705696.57	-1072586.84	-705427.33	-1071399.53	14.0989
-762541.454	-992050.625	-762561.091	-992047.749	0.4359
-776863.78	-1052388.04	-776403.965	-1052478.333	9.4523
-723842.07	-1036401.27	-723878.43	-1036574.34	3.609
-767759.019	-1045524.815	-766295.11	-1043629.66	28.1132
-744795.512	-975428.606	-742811.99	-976078.34	23.893
-741011.44	-1016680.83	-736790.235	-1014569.195	91.9485
-709087.68	-1088888.29	-708196.223	-1089276.679	32.912
-741446.68	-1074949.16	-742607.189	-1076199.05	24.5578
-887969.106	-1019586.53	-887903.565	-1019841.518	2.9268
-750213.42	-1019915.68	-749390.03	-1020284.95	10.3541
-758207.97	-971824.14	-758416.97	-970988.03	13.7279
-740042.682	-1048803.266	-739856.55	-1048772.52	3.8359
-824116.77	-1073873.79	-824026.79	-1073771.599	1.5784
-653089.969	-1075934.876	-653033.816	-1077141.936	14.4357
-701209.452	-1012443.428	-701281.438	-1012426.375	0.822
-773612.74	-1055153.42	-773026.593	-1055087.224	11.9742
-754757.688	-1002042.938	-754755.285	-1001979.444	0.7066
-753858.425	-1046002.964	-753562.08	-1045802.37	4.0574
-721288.14	-1056579.85	-721454.452	-1056887.26	7.2346
-688757.63	-1058642.28	-686757.86	-1059493.77	24.864
-681654.74	-994560.4	-681402.836	-996373.122	23.4008
-766691.98	-1046504.28	-766544.31	-1045271.07	14.9155
-765006.22	-1033381.77	-764258.19	-1033081.62	17.1579
-754214.37	-988832.09	-754919.423	-988119.4	21.4886
-831003.56	-1040615.966	-833692.707	-1042370.341	38.0514
-791804.912	-985582.064	-791823.188	-986770.938	13.6121
-763796.37	-983171.0	-764427.96	-984213.11	13.649
-700825.306	-1010100.418	-701009.116	-1011040.206	7.372
-806611.073	-1055694.866	-806478.523	-1054687.767	11.3332
-824335.17	-1076643.87	-824229.88	-1076428.91	2.1772
-785820.327	-976749.551	-787458.04	-976936.43	19.6403
-643357.52	-1044647.09	-643196.027	-1044701.731	3.3372
-693395.58	-1037423.123	-692470.7	-1037425.66	10.5744
-868466.953	-1001996.087	-870289.426	-1000815.521	35.6757
-851686.14	-1010595.84	-851816.443	-1010487.409	3.4128
-757158.87	-1048627.57	-757549.968	-1049067.836	12.7194
-697451.56	-1052233.88	-697797.7	-1053567.25	15.5784
-737558.471	-1050925.687	-737308.984	-1051237.17	8.1926
-724926.28	-1048904.58	-725214.99	-1049590.8	18.6968
-663755.607	-1051422.114	-664640.67	-1051052.65	11.0998
-739350.9	-1040088.34	-740580.83	-1040143.97	25.554
-701099.716	-1050856.633	-702949.797	-1052173.005	28.3534
-762660.384	-984434.985	-762693.647	-984241.129	2.1921
-684859.623	-1032914.193	-684737.81	-1033347.95	9.101
-821516.11	-1014579.04	-821591.64	-1013904.94	8.7573
-745782.97	-982628.93	-745795.512	-982630.319	0.1513
-655818.302	-1080134.738	-655515.83	-1080038.461	3.5579
-823029.34	-1028479.66	-822122.758	-1029525.542	17.0612
-722713.49	-1064471.921	-722614.982	-1066511.47	48.72
-667348.92	-1060124.02	-668010.81	-1059402.08	14.3559
-785862.88	-1018158.85	-785903.44	-1018138.51	0.5047
-784340.233	-1026853.333	-784722.76	-1026987.074	8.62
-754722.88	-1063440.97	-754845.73	-1063381.37	3.0727
-686599.315	-1026245.839	-686632.23	-1026029.46	4.9683
-747674.5	-1033325.3	-745978.33	-1031442.64	29.4246
-709087.68	-1088888.29	-709286.226	-1089162.38	19.9704
-744322.67	-1025324.1	-743703.125	-1025022.688	7.8642
-857554.503	-1066769.628	-857397.986	-1066928.189	1.7139
-813735.208	-1071658.557	-813441.667	-1071995.925	8.9439
-824257.03	-1076464.14	-824368.01	-1076678.07	2.1924
-755561.139	-1048762.837	-756649.728	-1049700.133	17.7811
-718519.86	-1032019.4	-718188.94	-1031888.47	3.9554
-669095.228	-1010861.663	-669466.252	-1013763.62	36.9809
-743525.683	-1024934.562	-742974.16	-1024658.35	12.3406
-712833.882	-1078862.126	-712664.34	-1078996.14	1.6624
-718702.93	-1008044.22	-719804.22	-1007774.48	13.4856
-783740.92	-1062114.7	-789491.698	-1064086.379	47.4736
-669667.176	-1090853.117	-668507.652	-1091797.497	16.9497
-797625.12	-1013152.09	-796037.22	-1012218.17	21.3658
-669667.176	-1090853.117	-669523.053	-1091902.984	12.4298
-770605.67	-1066032.74	-770611.794	-1066935.832	13.6872
-699743.556	-1060255.837	-699819.01	-1059099.45	15.4018
-860818.36	-1003349.69	-861480.547	-1005436.37	37.1303
-641363.693	-1058245.202	-640361.277	-1057046.56	17.5869
-819918.122	-1008593.736	-821932.121	-1008583.691	30.5518
-772404.43	-1081947.67	-772337.871	-1081854.175	1.3965
-711225.74	-979518.69	-713295.679	-978166.798	31.0385
-657595.4	-1071887.45	-657637.67	-1071921.73	0.6092
-757389.967	-1047968.234	-757066.295	-1047375.812	14.6061
-761804.098	-971881.321	-759716.49	-970904.67	28.9279
-664058.97	-1047818.75	-664237.125	-1047754.375	2.1676
-758738.418	-1022082.312	-758505.91	-1022715.61	7.5257
-722004.478	-1032704.204	-721968.829	-1032704.001	0.8782
-753069.25	-1037372.232	-753073.16	-1037427.14	1.1528
-743775.84	-1049079.58	-744517.364	-1048937.733	16.0684
-817396.62	-988845.84	-816015.01	-992517.408	85.2203
-682430.32	-1018740.76	-682430.78	-1018853.25	2.315
-740567.913	-1014769.19	-740300.24	-1014096.08	8.6415
-744593.67	-987634.7	-745958.08	-987636.28	15.3045
-746356.47	-1011843.08	-745777.72	-1012660.43	11.2512
-788487.635	-1013962.555	-788774.22	-1016148.65	26.5976
-661534.9	-1056956.81	-660410.858	-1057065.693	22.8923
-740829.08	-1001958.87	-740880.67	-1001694.33	5.3913
-715273.42	-1049983.72	-717185.34	-1049884.48	21.7412
-689710.27	-1038191.64	-687756.53	-1038174.74	22.0175
-865095.447	-1015806.938	-864526.91	-1015039.05	19.1438
-663449.618	-1063010.571	-665026.707	-1061746.48	22.6448
-858009.186	-1049152.542	-863264.03	-1049360.0	74.554
-744416.779	-1083885.415	-745272.24	-1081404.02	39.3966
-704891.302	-1081539.256	-703858.334	-1077728.229	56.8782
-737610.085	-1050865.03	-737562.977	-1050871.662	0.9517
-746965.041	-1017374.599	-746965.676	-1017400.74	0.3154
-663479.48	-1012953.12	-661617.63	-1011287.41	28.4262
-783557.32	-996606.88	-783259.68	-996320.45	4.6759
-641307.625	-1073543.848	-641061.755	-1073648.639	3.0163
-767905.56	-1059790.08	-770293.832	-1060662.695	30.2193
-640127.301	-1041929.691	-640234.35	-1041972.144	4.2336
-686491.08	-1087690.05	-686661.272	-1088452.577	8.742
-692439.87	-998478.84	-696522.08	-1001091.07	37.4957
-670654.23	-1032880.939	-671256.5	-1032769.5	6.977
-721976.964	-1032677.576	-721999.135	-1032679.218	0.4697
-698737.223	-1004659.148	-698500.86	-1004795.83	3.0566
-652831.073	-1086445.285	-651869.399	-1086573.583	11.165
-715827.967	-1053556.402	-717024.659	-1053704.13	16.8326
-752568.73	-1022723.96	-752617.83	-1022577.89	1.7122
-644149.596	-1038767.848	-644454.839	-1038353.711	5.7713
-644668.77	-1056301.76	-644083.61	-1053792.21	29.7908
-655282.27	-1025459.61	-654802.8	-1024660.04	21.0548
-702591.63	-1070675.77	-701469.49	-1070934.9	12.8977
-736076.53	-1032279.74	-736802.978	-1032360.481	18.1079
-842369.133	-1046673.381	-840063.257	-1048225.046	32.5
-855417.63	-1026729.69	-854683.06	-1026353.42	19.3605
-763147.8	-1010545.38	-763426.98	-1010290.16	4.5092
-825413.344	-1070246.633	-826432.35	-1070622.92	21.8146
-852989.94	-1010517.63	-853021.11	-1010598.78	2.187
-753519.32	-1044963.06	-753922.75	-1045903.46	8.0466
-853220.061	-1065083.953	-853829.245	-1063917.411	17.2122
-741507.759	-1041996.034	-741446.64	-1042000.11	4.3185
-651058.82	-1044615.54	-650858.36	-1043750.1	9.8935
-655721.4	-1026706.88	-655315.375	-1026583.681	4.7442
-658632.613	-1007570.898	-658327.19	-1007363.39	4.2077
-826335.15	-1037293.3	-824701.175	-1040007.949	43.7865
-751632.588	-1007525.016	-749142.75	-1012157.38	40.6377
-756563.61	-990560.26	-756713.033	-990019.522	11.2645
-794893.45	-994671.92	-795519.83	-995402.33	11.4048
-641193.869	-1025947.045	-640431.28	-1026551.76	11.7642
-879988.85	-1020805.55	-880074.07	-1020738.92	1.4773
-762487.54	-978758.49	-763081.543	-980987.626	29.2276
-763702.81	-992726.37	-765617.17	-990627.35	21.9224
-672077.19	-1011036.43	-672110.66	-1011490.64	5.089
-730106.85	-1043466.23	-730458.67	-1043345.36	2.8715
-649715.312	-1070556.795	-649786.847	-1070020.187	6.0472
-819740.529	-1058341.735	-818748.281	-1056974.29	19.251
-868667.144	-1010400.462	-869618.203	-1007584.616	34.3089
-708648.73	-1045259.4	-707509.96	-1045530.05	13.0688
-707184.18	-1032446.4	-707185.87	-1028507.77	46.6782
-789768.38	-1058969.06	-788030.54	-1056044.58	38.1803
-810667.0	-1045722.86	-810740.903	-1045606.441	2.8106
-659164.367	-1065042.203	-659255.092	-1065048.695	1.8339
-749142.75	-1012157.38	-746947.0	-1017091.25	42.5093
-656246.977	-1031448.069	-654724.454	-1031065.877	18.301
-758347.022	-1040674.358	-758324.992	-1040666.032	0.5217
-795450.938	-985788.52	-795458.379	-985806.939	0.2207
-646901.705	-1057807.415	-644980.185	-1057370.44	27.3662
-745741.58	-974318.97	-744795.512	-975428.606	16.6014
-683915.461	-1008181.114	-682385.97	-1008835.85	19.5222
-733956.33	-1056531.734	-734205.563	-1056541.375	4.9971
-725699.807	-1069669.236	-725737.899	-1069763.208	1.1269
-722976.671	-1047379.047	-723026.18	-1047430.95	1.4543
-867850.362	-1017308.357	-867827.291	-1017310.473	0.5172
-645953.01	-1021514.61	-644095.23	-1021816.32	21.8315
-672608.33	-995756.58	-672969.55	-994817.47	11.4212
-763005.62	-1036747.49	-763017.75	-1036763.431	0.4623
-874888.952	-1032193.255	-872464.669	-1032874.098	29.7738
-677014.127	-1057821.14	-677505.54	-1057711.0	10.9579
-763349.65	-992839.56	-762418.26	-993299.638	21.3262
-645559.416	-1042295.828	-644822.508	-1038732.068	28.2222
-831257.801	-1066428.576	-831269.153	-1066433.159	0.2783
-705261.63	-1044465.61	-704204.79	-1043184.73	35.4013
-664179.01	-1008798.93	-663169.23	-1009728.83	15.5232
-813336.573	-1055487.559	-812849.834	-1049467.983	106.8114
-765581.53	-1063635.1	-765231.41	-1062235.92	17.1638
-666364.99	-1013740.04	-666052.66	-1013687.66	3.5264
-684634.01	-1036494.61	-683949.63	-1036590.98	8.1045
-859299.634	-1026141.144	-856631.99	-1026652.92	38.9938
-647719.127	-1045908.413	-648037.819	-1045341.882	13.1443
-766241.06	-990103.64	-766982.928	-989208.52	12.9308
-714320.133	-1045224.548	-713174.681	-1044932.987	13.7038
-763648.17	-1073885.23	-756787.96	-1074718.42	86.0966
-757506.533	-1048248.178	-757389.967	-1047968.234	7.1931
-677347.68	-1048432.16	-678335.849	-1048911.227	12.2431
-753063.822	-985251.483	-752546.051	-985270.091	6.1856
-671005.31	-994697.86	-670991.43	-994702.16	0.3252
-709849.16	-1052104.16	-709080.19	-1051104.7	14.0454
-819275.356	-1071762.21	-819172.32	-1071709.66	3.114
-865281.896	-1016221.898	-865095.447	-1015806.938	9.1332
-848944.39	-1000411.63	-844989.76	-994076.91	126.8132
-740938.607	-1004291.748	-739995.13	-1005497.33	17.2043
-686041.36	-993242.57	-686002.642	-992607.262	12.7771
-876401.821	-1018512.434	-879438.102	-1019193.057	40.8959
-758869.214	-1018432.011	-760254.55	-1018376.922	15.4888
-691323.86	-1061107.66	-691574.13	-1060305.91	9.7052
-771810.65	-1055290.41	-772072.604	-1055109.476	20.4647
-707385.36	-1021461.53	-707369.16	-1021588.3	3.0445
-707115.32	-1002637.76	-706910.78	-1002589.29	2.3357
-772761.907	-1033078.897	-769817.77	-1033493.72	38.7263
-841852.61	-1052408.997	-843555.756	-1052184.368	20.1643
-731318.491	-1081395.334	-729383.407	-1079754.76	39.0802
-681561.263	-1061778.063	-681935.961	-1061186.303	7.8927
-664722.059	-1069286.88	-663828.882	-1070724.962	19.3255
-711124.62	-1025831.21	-716581.29	-1028241.72	46.4243
-852389.51	-1010471.46	-852230.78	-1010352.22	3.9738
-730210.16	-1057359.89	-730212.23	-1055927.94	17.6214
-694090.198	-1059571.054	-696197.4	-1059702.55	25.7674
-640309.724	-1041728.531	-640259.405	-1041768.162	1.2817
-692751.321	-1064739.587	-691966.805	-1064852.333	16.0697
-768007.545	-1020866.625	-768028.498	-1020847.565	0.3147
-766952.821	-971853.213	-767326.434	-971436.256	11.5448
-767284.046	-1030405.057	-767305.477	-1030413.63	0.7181
-749809.887	-1025988.112	-750627.619	-1025630.881	20.9156
-701581.79	-1008552.238	-701380.27	-1007243.98	15.5245
-652789.055	-1086686.953	-652831.073	-1086445.285	2.8186
-767294.114	-980368.135	-767271.965	-980337.478	0.4209
-648995.43	-1058224.13	-648889.325	-1058112.566	3.0818
-697482.489	-1026804.253	-699233.42	-1027118.96	20.3091
-669122.277	-1060861.011	-668010.81	-1059402.08	23.5679
-822878.48	-1028293.28	-823029.34	-1028479.66	2.7534
-656635.901	-1088944.945	-656997.542	-1087336.797	22.7985
-724926.28	-1048904.58	-725596.87	-1048814.21	13.8636
-721620.81	-1084025.82	-721907.69	-1084657.76	10.1449
-684500.3	-994629.26	-684449.59	-994630.45	1.2358
-848314.87	-1067025.917	-849103.749	-1066025.19	21.4872
-880049.23	-1020712.27	-880074.07	-1020738.92	0.4106
-754251.64	-1045761.339	-753975.13	-1045790.96	5.5619
-732279.387	-1015521.642	-729452.35	-1015776.13	33.0223
-799239.44	-973963.82	-802084.92	-976761.77	45.7525
-770038.14	-1016369.75	-770028.61	-1016007.78	7.8736
-642296.01	-1094976.12	-642573.891	-1096157.944	25.8694
-686002.642	-992607.262	-686358.42	-991295.94	12.4168
-731469.808	-1006230.185	-731404.222	-1008727.388	44.8355
-749200.17	-1044117.16	-749223.77	-1044290.27	3.5008
-678543.68	-1015249.99	-679703.97	-1011880.87	48.4198
-848704.334	-1010274.69	-848711.125	-1010338.375	1.6743
-698520.044	-1004628.598	-698401.21	-1004629.35	1.5995
-744548.532	-1047866.015	-744585.4	-1048128.72	5.4279
-653638.25	-1055805.75	-653654.938	-1055796.5	0.4308
-751637.21	-1006976.32	-750394.144	-1005574.589	21.0946
-740997.31	-1047888.83	-741146.58	-1047688.682	5.009
-677664.48	-1003816.44	-677223.02	-1004343.34	7.6571
-786539.735	-1007070.139	-784995.338	-1007564.853	12.5889
-640022.314	-1082782.538	-639920.122	-1082823.256	4.1232
-763081.543	-980987.626	-763108.52	-981028.27	0.545
-829852.064	-1072797.4	-830129.382	-1072797.519	3.1934
-736914.79	-1030879.55	-735677.204	-1031198.34	14.2537
-695477.027	-996993.808	-697095.23	-996864.93	23.0939
-754080.85	-1046117.36	-754233.047	-1046633.889	10.8935
-698276.948	-1080273.486	-698328.194	-1080327.111	0.8274
-729430.54	-1029841.99	-729182.59	-1029441.25	9.4266
-760675.221	-1052259.156	-760452.39	-1052233.11	2.5238
-698822.003	-1079576.361	-697926.321	-1079394.314	11.357
-753489.98	-1047986.67	-753648.195	-1047890.983	4.0739
-746047.369	-1053841.548	-746350.157	-1053821.114	6.2838
-832599.1	-1057956.73	-830754.935	-1059526.568	26.9862
-867147.162	-1013544.136	-867329.599	-1013014.407	11.3162
-644280.07	-1047970.75	-644298.17	-1048031.02	0.6993
-670260.27	-1047666.95	-670477.6	-1047600.09	1.7496
-848599.115	-1010014.034	-848525.237	-1009950.007	2.0063
-829784.428	-1060549.815	-829679.437	-1060371.719	2.3674
-734791.26	-1043682.03	-734764.112	-1045640.265	40.2008
-746816.113	-1067439.618	-745542.703	-1066143.626	43.1527
-699057.01	-1070584.67	-698663.43	-1070023.37	7.9017
-807997.3	-1023995.28	-807658.49	-1025137.54	13.2727
-821862.611	-1070180.329	-821832.261	-1069947.466	4.8998
-809066.94	-1005897.9	-807751.057	-1006035.309	14.8454
-806629.323	-1056052.109	-806611.073	-1055694.866	4.0023
-749194.939	-972258.483	-751871.27	-970107.79	53.9151
-644773.5	-1037891.361	-644044.43	-1036806.581	14.5641
-874099.09	-1020900.9	-874344.73	-1021068.78	3.3059
-853968.084	-1068008.173	-856228.099	-1066366.466	33.5324
-771664.289	-1062200.37	-771377.93	-1061984.36	4.1332
-694188.084	-1070765.684	-694627.074	-1072383.932	18.9845
-694960.38	-1087145.06	-693651.636	-1087114.943	15.0136
-772686.635	-979904.72	-773554.847	-978844.404	16.4009
-796933.467	-1026340.879	-799522.46	-1026495.415	28.9198
-808437.59	-1071316.06	-808233.0	-1071418.5	2.6361
-850124.003	-1069427.642	-851452.567	-1074254.584	60.995
-829974.814	-1072884.661	-829876.287	-1072800.346	2.4483
-649324.526	-1057870.256	-648988.473	-1058055.204	7.6747
-725214.99	-1049590.8	-725089.861	-1049969.272	7.9755
-840658.822	-1007395.494	-844032.088	-1007884.776	40.6234
-728130.425	-1054971.429	-728017.161	-1055341.844	8.0407
-647429.71	-1088888.66	-644938.05	-1088958.605	31.7009
-773187.92	-1058004.16	-773044.12	-1058324.22	7.1304
-740185.497	-1055522.067	-739933.37	-1055698.36	2.3726
-775691.78	-1034209.7	-775016.4	-1033843.46	18.2937
-734657.963	-1045867.082	-734699.83	-1045946.208	1.88
-681294.73	-1047266.2	-681398.099	-1047146.748	1.9484
-751115.129	-1019859.845	-750213.42	-1019915.68	10.0865
-698771.08	-1081531.451	-699555.519	-1082197.877	12.2799
-812053.644	-1017077.163	-812059.04	-1017095.62	0.518
-689412.387	-1087492.913	-689284.25	-1086917.92	6.6983
-766746.83	-1036733.97	-766800.29	-1037056.05	6.5617
-745998.38	-1054124.323	-746021.746	-1054033.324	1.8953
-731819.56	-1031524.2	-732473.929	-1029694.138	22.5756
-774521.08	-975012.85	-774501.36	-975014.99	0.4467
-765904.06	-990386.07	-765677.7	-990558.27	3.2141
-858499.59	-1030226.35	-856579.444	-1030950.584	49.3787
-652839.646	-1042012.519	-652956.99	-1040747.22	15.8578
-808185.557	-1071296.55	-797314.08	-1068968.18	87.7124
-781964.57	-995922.06	-781895.681	-996105.509	2.4882
-730718.34	-1083526.82	-732726.814	-1084027.306	24.5576
-824874.679	-1067330.845	-824865.69	-1067372.507	0.855
-689649.844	-1058594.024	-689296.152	-1058690.826	4.1132
-776494.34	-975986.92	-776572.98	-975967.95	1.8543
-645191.576	-1049993.142	-645063.36	-1049850.29	3.8405
-698207.843	-1015617.906	-698830.725	-1012654.719	42.2909
-753577.73	-1045262.14	-753657.17	-1045323.18	1.1889
-656533.551	-1015712.533	-658407.59	-1015441.63	21.1525
-775508.24	-1065095.71	-775337.088	-1066406.687	15.0476
-758116.03	-1049951.77	-758621.139	-1050300.073	13.0562
-776588.52	-1032456.82	-777744.03	-1031926.26	25.5062
-770913.21	-981534.03	-770823.51	-981441.98	1.4416
-649242.897	-1072063.856	-649353.23	-1072219.672	2.1219
-642538.07	-1037184.04	-641802.028	-1037420.401	15.477
-769274.75	-984827.67	-770124.39	-983578.44	19.1367
-756883.813	-1065377.25	-756963.7	-1065845.66	9.5079
-721765.39	-1072001.18	-721765.468	-1071493.976	6.1113
-692629.241	-1046029.703	-692732.56	-1045939.57	1.5396
-742907.985	-1026755.457	-742929.375	-1026753.869	0.5047
-844176.69	-1005150.86	-844142.491	-1005285.144	1.587
-719950.183	-1075713.04	-718959.571	-1075965.777	12.4016
-679031.6	-1060860.37	-677619.43	-1058850.1	27.7272
-691882.63	-1055588.49	-690789.28	-1055998.43	12.9992
-791568.33	-1044904.05	-791714.09	-1044347.06	6.4482
-669296.23	-1014157.35	-668957.03	-1014140.25	6.9076
-785031.72	-1007980.71	-784697.145	-1007708.705	4.7911
-701654.7	-1012344.5	-701667.279	-1012297.562	1.0109
-806535.56	-1061593.257	-806773.384	-1059233.434	27.3217
-655487.301	-1082266.333	-654712.715	-1081639.75	11.6233
-765675.785	-1056725.866	-767762.7	-1055178.08	45.6804
-784289.56	-1025579.42	-783769.365	-1025764.997	11.7235
-763426.98	-1010290.16	-762972.68	-1010383.12	5.2722
-691545.33	-1060270.24	-691751.348	-1059652.052	7.2467
-865301.54	-1016244.292	-867525.36	-1017267.4	20.4718
-761163.65	-1062835.03	-762262.08	-1062353.09	13.693
-651043.587	-1068475.414	-651464.06	-1069077.527	8.2882
-652507.712	-1066027.362	-652620.809	-1066831.943	9.2713
-688947.767	-1065936.886	-687258.748	-1064722.219	23.3838
-756844.741	-1065253.931	-754478.53	-1063405.59	24.6408
-763008.46	-1017707.62	-760308.23	-1018604.28	33.9129
-736693.0	-1036903.92	-736820.855	-1036772.279	3.9468
-763648.17	-1073885.23	-764530.34	-1074144.75	18.8278
-838827.113	-1054159.279	-841852.61	-1052408.997	44.7089
-662711.63	-1062787.7	-663151.45	-1062627.46	5.2184
-708617.79	-1084825.71	-712625.01	-1079010.79	56.6891
-702961.865	-1089131.717	-702025.2	-1088151.71	18.7398
-666454.352	-1070173.633	-666540.647	-1070261.263	1.3692
-801091.063	-1008102.063	-797165.7	-1009648.94	49.403
-641702.953	-1058528.436	-641612.66	-1058444.85	2.4628
-754073.5	-1045920.14	-754080.85	-1046117.36	4.0418
-720089.47	-1048745.48	-719314.324	-1049519.795	12.1913
-792434.79	-1065584.39	-792574.93	-1067375.07	21.1832
-649260.73	-1048288.6	-649095.29	-1047681.46	7.1308
-768950.04	-999418.05	-769152.14	-996777.53	34.5373
-797631.422	-986169.56	-796115.625	-986060.813	16.9672
-673108.98	-1036819.32	-673066.87	-1036803.53	0.4997
-845192.436	-1044716.941	-845398.449	-1044515.837	10.2853
-701009.116	-1011040.206	-701438.597	-1012158.402	24.0335
-674312.265	-1019535.362	-675391.292	-1019425.013	12.6912
-701699.76	-1066467.06	-701283.64	-1067708.34	17.324
-778513.37	-1067377.03	-778119.65	-1064849.13	37.3579
-724041.077	-1042827.831	-724042.189	-1042852.331	0.7087
-700408.53	-1022894.48	-700006.43	-1023097.54	5.6606
-754765.41	-1002093.81	-754757.688	-1002042.938	0.5717
-698831.482	-1012630.365	-698847.622	-1012640.27	0.2338
-804696.757	-1060212.003	-806580.366	-1062053.822	31.7725
-814565.083	-1061261.8	-811384.793	-1060414.363	38.4825
-773698.411	-1055768.005	-773638.34	-1055673.199	2.4586
-728770.004	-1058806.072	-728409.01	-1060385.74	23.2305
-770073.586	-995598.948	-770078.492	-995111.435	5.5845
-770267.63	-1016474.41	-770038.14	-1016369.75	5.159
-640083.291	-1042985.593	-640185.87	-1043001.059	2.2696
-708041.22	-1085387.634	-703485.16	-1089073.21	53.8714
-821079.97	-1071519.75	-821011.9	-1071493.72	2.269
-651976.863	-1078879.35	-651945.4	-1078839.629	0.5677
-825354.441	-1028443.432	-825408.704	-1029030.138	12.5282
-805000.518	-989097.218	-804979.672	-989061.68	0.8241
-801106.335	-1059646.571	-801907.575	-1059706.162	8.9964
-760421.48	-1012971.66	-760144.97	-1011847.89	12.9791
-765916.1	-1077914.45	-765949.302	-1076303.012	18.9927
-726393.89	-1073258.642	-724970.52	-1074858.62	30.0909
-745761.813	-1003659.195	-741627.06	-1001710.81	58.5188
-752902.44	-1021343.86	-752755.865	-1019792.05	24.7178
-734779.913	-971952.94	-734677.054	-970731.792	14.1351
-819991.97	-1052880.66	-824863.93	-1052668.59	74.7662
-765293.39	-1061827.9	-765364.78	-1061948.48	1.5571
-653372.04	-1089068.18	-653220.938	-1089309.626	3.1918
-862138.977	-1025229.767	-862395.853	-1023811.733	17.513
-699925.36	-1080109.3	-698276.948	-1080273.486	20.1378
-779918.002	-983002.261	-779916.95	-983094.0	1.0851
-702017.25	-1023575.44	-702630.225	-1023550.529	7.2339
-744500.5	-1048316.55	-744576.17	-1048048.97	5.5899
-812388.176	-977737.761	-812850.46	-977718.32	5.7449
-765045.05	-1039464.7	-765097.63	-1039469.87	1.063
-643544.115	-1062402.097	-643547.547	-1062379.736	0.4962
-870422.68	-1018207.71	-870321.99	-1018228.45	1.3413
-779922.456	-980230.417	-779024.37	-981604.83	18.9694
-850128.496	-1074362.749	-850104.504	-1074395.944	0.5139
-674110.887	-1028481.137	-673675.724	-1027299.289	14.1564
-742803.47	-1032645.08	-743582.44	-1031752.64	13.2454
-796853.478	-1023502.277	-795345.471	-1023146.204	18.4443
-819971.552	-1074390.409	-819950.948	-1074462.728	1.5361
-649296.0	-1022367.68	-650405.97	-1022066.09	13.6893
-696132.37	-994057.13	-695749.54	-993803.93	7.0181
-747554.85	-1019566.23	-747562.96	-1019502.35	0.7163
-806838.96	-989705.95	-806948.62	-989708.11	2.1978
-661403.04	-1040077.11	-660036.46	-1041105.61	19.5894
-641900.29	-1083151.42	-640511.029	-1082738.275	17.9676
-724960.719	-1065516.106	-724881.914	-1065404.299	2.7564
-687053.694	-1078761.021	-687095.817	-1078683.199	1.7758
-649715.312	-1070556.795	-652006.89	-1070514.59	33.3199
-701335.98	-1078650.64	-701523.533	-1079594.385	10.8385
-704786.109	-1015222.899	-704915.13	-1014967.32	3.3607
-732591.292	-1053824.167	-732538.079	-1053884.384	1.747
-855315.385	-1062627.136	-850752.894	-1062275.087	58.2496
-835023.352	-1038205.577	-836731.282	-1037842.268	20.2375
-734107.555	-983034.011	-734081.86	-980868.34	27.8818
-719483.589	-1016406.002	-719573.58	-1015047.5	16.2335
-698265.972	-1089942.663	-698272.012	-1090317.348	8.9094
-752607.498	-1042685.451	-754540.55	-1042087.55	22.982
-805026.8	-1019625.807	-807975.59	-1019026.288	38.582
-756259.96	-1043181.71	-757077.25	-1043105.17	16.4184
-737358.08	-1057974.775	-738559.393	-1060558.556	36.5837
-825938.281	-1025490.443	-825922.287	-1025476.985	0.2636
-733668.12	-1014744.36	-732279.387	-1015521.642	18.532
-814420.08	-988131.19	-816858.775	-987381.333	29.6788
-640620.79	-1072163.79	-640324.19	-1071316.33	10.4584
-653072.91	-1022891.08	-652984.634	-1022955.491	2.1878
-794437.34	-1003918.24	-794596.07	-1003843.11	1.3509
-825005.885	-1067224.436	-825065.09	-1067290.473	1.8282
-691343.38	-1006843.27	-692971.18	-1005051.9	27.0229
-742929.375	-1026753.869	-743164.59	-1026492.03	7.0423
-703306.824	-1009040.946	-702192.06	-1009742.2	26.4788
-694468.471	-1062559.232	-693340.93	-1061831.51	14.9854
-851819.82	-1047523.5	-849869.602	-1048792.886	27.5282
-724640.93	-1075470.51	-723802.254	-1075167.8	10.1107
-761330.15	-1006063.11	-759869.32	-1006681.27	18.3175
-650151.641	-1042705.927	-651198.62	-1043181.88	24.3629
-714126.459	-1073423.687	-714296.153	-1074739.477	14.9191
-740040.5	-1048642.14	-740190.65	-1048779.76	4.1054
-652605.739	-1064369.9	-652594.109	-1064384.139	0.4183
-816784.88	-1003586.38	-817580.155	-1005027.851	20.4988
-798295.367	-999660.841	-798366.93	-999644.1	0.8418
-811908.457	-1076375.594	-811163.664	-1075847.797	10.1514
-658306.16	-1050447.947	-656820.64	-1049277.7	21.6348
-874344.73	-1021068.78	-875862.03	-1021140.17	19.2192
-842302.555	-1046516.057	-840162.191	-1045025.468	38.4307
-849103.749	-1066025.19	-849144.74	-1065966.23	1.4363
-648158.06	-1044058.02	-647185.92	-1043354.23	13.3352
-810296.354	-1022428.423	-812095.043	-1023393.512	22.9339
-641021.02	-1067058.85	-639877.317	-1065484.184	28.7275
-709840.532	-1059128.884	-708977.03	-1059101.7	9.672
-818811.82	-1049475.91	-819991.97	-1052880.66	51.9246
-782640.97	-1043028.23	-783204.779	-1043769.819	26.8977
-840159.538	-1070577.962	-845917.841	-1070278.104	48.9558
-681516.604	-1071396.197	-681718.699	-1074114.982	31.0053
-707326.961	-1002635.298	-707115.32	-1002637.76	2.5267
-750101.294	-1010966.75	-750676.86	-1010875.87	11.7194
-826985.449	-1046822.132	-826788.684	-1043921.802	39.6146
-775900.9	-1024307.4	-771921.41	-1023846.07	44.7755
-764482.173	-1023805.473	-764679.67	-1023604.65	5.6511
-765177.23	-1054586.34	-762679.08	-1053440.43	32.6131
-739504.506	-1073640.959	-737780.89	-1073920.26	21.2806
-838610.5	-1070832.2	-839367.739	-1069407.203	41.1047
-751970.65	-1038533.5	-751975.78	-1038549.02	0.3379
-794129.88	-1043579.34	-794092.27	-1044078.55	5.6935
-709705.91	-1006779.335	-712046.546	-1006565.202	29.6841
-766241.06	-990103.64	-765921.79	-990097.51	3.8483
-652244.35	-1047484.7	-651407.68	-1046722.97	13.1419
-675357.972	-991934.632	-675164.0	-992953.53	13.4294
-804790.97	-1042344.4	-804188.94	-1040938.13	17.9819
-864248.86	-1014682.19	-864454.75	-1014835.04	2.9151
-848739.752	-1010044.489	-848703.204	-1010018.227	0.9001
-806612.26	-1072467.08	-806683.103	-1070750.001	19.3651
-794692.01	-1067810.067	-792717.683	-1068085.831	26.4237
-653629.213	-1024181.643	-653666.516	-1024174.205	0.7708
-823855.72	-1069646.52	-823222.53	-1069474.727	13.222
-800928.821	-1006647.121	-801952.175	-1007904.1	35.312
-677552.53	-1071411.69	-676765.16	-1071455.83	16.5175
-824431.54	-1076778.18	-824661.314	-1077063.959	23.8378
-712045.77	-1042447.66	-712322.69	-1041875.89	8.453
-765156.42	-1039346.91	-766250.89	-1038585.87	31.318
-687756.53	-1038174.74	-687783.35	-1038479.31	3.3972
-689876.75	-1020687.77	-689214.05	-1020423.947	8.066
-804435.713	-996388.927	-805227.15	-994348.1	27.4365
-649189.405	-1060953.176	-649239.558	-1060856.153	2.2037
-741544.581	-976482.751	-736957.143	-973227.07	78.8306
-888027.903	-1019766.527	-887777.614	-1019985.955	5.6384
-671574.495	-1012976.737	-671563.284	-1012981.47	0.2578
-766544.31	-1045271.07	-767491.287	-1045988.307	13.7379
-749022.214	-972993.748	-746116.811	-973842.852	39.9796
-733685.284	-1057740.41	-733323.88	-1057749.755	4.1262
-735016.544	-973811.114	-735050.321	-973748.849	1.417
-751592.776	-1038205.716	-751636.58	-1038056.78	3.2288
-840162.191	-1045025.468	-840471.692	-1045622.968	7.4767
-806475.01	-1072614.425	-806475.528	-1072629.159	0.3321
-683038.65	-1012391.7	-681393.7	-1012890.33	19.645
-770613.32	-1057820.99	-771804.02	-1057487.437	14.7869
-737585.966	-1057622.357	-737648.76	-1057596.41	1.6899
-646665.5	-1030270.69	-646572.22	-1029234.58	12.3527
-653033.34	-1013150.34	-652907.021	-1011415.196	20.1767
-689629.06	-1035820.39	-686288.658	-1034859.718	40.8237
-742537.331	-1056854.259	-745923.02	-1055713.05	43.9411
-690506.35	-1056090.2	-690526.88	-1056042.24	3.2645
-751636.521	-1041297.117	-752150.8	-1042812.48	12.384
-643544.115	-1062402.097	-641200.314	-1062662.991	27.2961
-788872.45	-997502.602	-789393.19	-998693.59	15.0431
-792083.93	-1041155.31	-790500.326	-1043405.324	33.0073
-844823.27	-1068111.92	-842414.62	-1068541.16	27.6546
-746262.613	-1053881.415	-746376.671	-1053972.257	2.9781
-647869.94	-1054301.764	-649828.14	-1051460.55	48.7458
-776083.207	-1014759.946	-775870.915	-1014731.959	2.3804
-753851.93	-993658.93	-754682.0	-993568.33	10.0166
-812850.46	-977718.32	-814616.84	-977853.587	21.129
-645849.286	-1042703.925	-645775.844	-1042677.613	6.8563
-751880.584	-1038518.759	-751991.82	-1038509.22	2.2761
-755147.31	-1035277.21	-755814.649	-1034625.46	7.1846
-699077.33	-1070595.49	-699826.15	-1069367.85	18.1732
-719044.051	-1038420.258	-719061.461	-1038404.118	0.7461
-689513.392	-1046443.612	-689525.338	-1046426.507	0.4657
-714383.3	-1043075.86	-714290.31	-1043555.4	6.1696
-807487.18	-1017041.32	-806336.448	-1016737.023	13.6907
-707915.61	-1021166.69	-707600.53	-1021382.59	7.8752
-685270.97	-1085890.8	-685173.71	-1084269.78	19.4071
-799501.05	-1001491.58	-799468.95	-1001575.88	1.0979
-870454.8	-1018131.13	-870487.08	-1018234.17	1.3685
-777996.791	-971965.323	-777798.65	-971854.93	4.5455
-724221.372	-1037346.047	-723416.48	-1036992.96	19.4058
-795520.8	-979030.66	-795702.75	-978794.42	6.0216
-829983.056	-1072969.188	-829800.781	-1072833.673	2.5557
-843630.218	-1072166.861	-843739.265	-1072584.84	5.1022
-704597.41	-1073576.2	-705696.57	-1072586.84	17.2091
-679164.725	-1024308.852	-678590.879	-1024845.262	16.9998
-764786.263	-1013600.929	-762707.88	-1014316.97	25.2935
-690768.7	-1059262.202	-689649.844	-1058594.024	14.7696
-783391.24	-1061960.53	-783385.36	-1061966.31	0.1649
-675625.415	-1077648.716	-676085.508	-1076208.404	22.325
-736540.74	-982423.3	-736940.38	-981618.48	18.0619
-761858.43	-1020987.09	-763141.496	-1021116.148	15.1137
-790941.96	-1034484.23	-790962.445	-1034475.468	0.5841
-852274.462	-1010201.283	-852292.36	-1010381.54	4.035
-670726.865	-994716.065	-670490.861	-992638.106	32.7233
-829560.729	-1055503.286	-828948.94	-1056426.107	12.6283
-730832.41	-1045592.97	-730854.657	-1045636.934	0.379
-814806.09	-1013848.04	-815739.139	-1013793.564	10.667
-786921.49	-991263.0	-787054.4	-991129.28	2.1838
-681451.6	-1009391.922	-679845.96	-1010291.61	20.6565
-874233.106	-1033511.212	-876735.812	-1034362.82	31.0168
-869520.35	-1043346.23	-869300.93	-1043031.21	5.3357
-659300.865	-1008357.932	-659294.372	-1008371.005	0.3462
-756749.59	-1049906.669	-757602.31	-1049500.47	20.9717
-725743.309	-1069594.423	-725721.914	-1069587.758	0.2884
-791139.94	-1033601.8	-791136.71	-1033573.92	1.0429
-819588.885	-1075793.762	-819585.6	-1075741.06	1.0561
-684840.14	-993780.57	-684719.07	-993999.7	5.3379
-721062.76	-1053407.858	-721408.44	-1053712.59	5.2713
-792604.39	-1071830.54	-793349.32	-1072590.22	11.8224
-644872.51	-1029746.97	-644825.53	-1028849.56	10.217
-760266.0	-976457.688	-760105.85	-976644.44	5.0237
-666372.05	-1013756.79	-666364.99	-1013740.04	0.2301
-805009.831	-989120.872	-804992.853	-989111.787	0.4374
-702545.69	-1068237.88	-701874.05	-1068123.94	7.9407
-728273.927	-1055690.496	-727990.498	-1055920.737	7.426
-753758.163	-1025794.588	-755522.83	-1026223.0	21.1798
-776634.42	-1027612.8	-777169.55	-1026711.9	13.0373
-762869.6	-1072234.6	-760925.0	-1070532.72	20.2008
-820237.415	-1025735.818	-821373.631	-1025621.218	12.9348
-822522.04	-1017189.31	-822680.54	-1016949.64	3.8794
-812432.85	-1013986.31	-812489.38	-1013963.8	0.7234
-647155.148	-1047910.482	-646300.86	-1046567.36	17.6991
-705120.16	-1032523.41	-702651.98	-1032100.78	30.6082
-734168.062	-1013936.158	-734193.531	-1013919.492	0.6087
-734199.75	-1031885.47	-734657.59	-1033417.9	17.7766
-854601.226	-1025671.39	-854683.06	-1026353.42	15.1371
-759694.68	-976470.55	-759662.94	-976494.55	0.8097
-682058.232	-1041108.813	-682287.738	-1041472.981	6.968
-887861.358	-1020176.436	-887849.757	-1020296.392	8.0979
-669036.133	-1044634.777	-669023.951	-1044630.631	0.274
-671769.276	-1069928.371	-672609.87	-1068687.87	16.7781
-867706.58	-1017480.5	-867684.29	-1017483.61	0.5075
-770913.21	-981534.03	-770547.6	-979716.0	22.6633
-808225.379	-1014843.19	-812056.7	-1016862.42	49.6086
-684554.75	-1050209.14	-688190.74	-1048705.98	47.4419
-795284.906	-986212.111	-795210.213	-986265.294	1.0194
-742527.18	-1056846.75	-742537.331	-1056854.259	0.2709
-683274.436	-1065192.111	-681644.438	-1064569.375	19.785
-666463.19	-1011202.75	-667586.42	-1009685.03	23.3642
-773613.968	-1016378.266	-773723.726	-1016297.862	1.512
-652966.576	-1073400.519	-653460.785	-1073595.575	6.3104
-813680.81	-1027925.43	-815304.577	-1028287.612	18.4853
-826171.662	-1052692.013	-826213.02	-1052725.02	0.5899
-649180.66	-1061116.009	-645901.135	-1061451.155	70.137
-764160.43	-1016431.93	-762990.67	-1017658.57	19.349
-752326.98	-1042897.041	-752438.325	-1042831.478	1.4792
-645237.19	-1071670.51	-645035.518	-1071764.984	2.5203
-644785.521	-1082590.738	-645277.476	-1083572.424	13.8159
-667401.048	-1083330.838	-667163.557	-1083642.392	8.261
-859309.08	-1012897.17	-859614.98	-1012914.35	6.1277
-729616.5	-1031588.92	-729163.1	-1032025.58	7.0582
-733773.249	-1035475.322	-733060.69	-1035355.42	8.242
-653323.78	-1036128.19	-651099.35	-1036057.73	28.4188
-759065.672	-969774.396	-759505.373	-970185.822	12.0664
-680988.235	-993110.658	-680931.996	-991412.351	28.608
-696961.711	-1087392.507	-696654.25	-1086644.32	10.6482
-793329.19	-1072623.79	-790959.514	-1073441.072	33.8761
-794604.85	-1045594.51	-796202.74	-1044445.18	24.8245
-668323.698	-1030236.112	-667902.946	-1031529.89	15.4123
-784577.155	-1007581.555	-784551.99	-1007572.05	0.3512
-786298.87	-1042608.88	-786445.15	-1042487.17	2.1207
-664502.78	-1047932.44	-664351.125	-1047977.938	1.8007
-699617.042	-1004972.588	-696640.96	-1007359.589	48.8477
-664794.345	-1035907.611	-664806.557	-1035882.905	0.6051
-759740.36	-976517.51	-759662.94	-976494.55	1.6154
-755657.198	-1013741.211	-755784.33	-1013183.04	6.3623
-862018.808	-1064807.077	-861624.971	-1062894.808	33.5294
-734739.342	-1062149.316	-733530.165	-1061873.5	14.5162
-814547.798	-1061354.965	-814565.083	-1061261.8	1.0557
-696398.86	-986594.61	-694777.4	-985249.65	31.0792
-689116.027	-1058553.622	-688883.932	-1058199.578	8.4871
-766564.93	-972272.11	-766458.499	-972340.383	1.6484
-753117.8	-1020971.36	-752954.53	-1020913.44	4.0909
-769529.73	-980208.64	-769810.89	-980271.37	4.2827
-710785.11	-1024084.1	-709790.885	-1022701.685	20.0095
-798447.91	-999886.06	-798534.1	-1000291.87	5.0527
-752441.0	-1048737.125	-752530.75	-1048781.25	2.4534
-835407.871	-1058766.318	-836841.03	-1059468.24	18.1937
-800928.821	-1006647.121	-802140.854	-1005863.006	21.2437
-776403.965	-1052478.333	-774043.413	-1053278.193	30.8077
-759601.922	-991807.613	-760884.359	-991975.244	14.969
-736901.18	-1036837.1	-736966.77	-1036950.11	3.0778
-667043.204	-1067308.969	-666528.091	-1068783.223	17.6206
-672257.813	-1089760.551	-672211.697	-1089679.49	1.9147
-734213.375	-1013919.354	-734193.531	-1013919.492	0.466
-814533.496	-1013896.626	-814413.36	-1013283.79	7.9131
-804182.309	-1060068.083	-805145.749	-1058032.169	26.8405
-751462.148	-1001952.201	-752473.763	-999912.154	25.9455
-740409.45	-969865.07	-741557.928	-968351.743	49.8516
-674506.896	-1042179.33	-674339.35	-1042416.56	3.4749
-781140.14	-990701.09	-781065.17	-989219.41	16.6359
-694973.382	-1073099.973	-695654.968	-1073649.703	10.1097
-810817.74	-991978.05	-811094.85	-992035.86	3.1688
-643196.027	-1044701.731	-643232.72	-1044623.98	1.0308
-806118.682	-1006432.464	-806442.499	-1004396.774	31.89
-667109.46	-1045866.59	-665866.61	-1046285.2	14.6813
-688503.019	-1011193.9	-689493.64	-1014122.95	37.5747
-673873.6	-1019844.27	-674312.265	-1019535.362	6.1024
-645953.01	-1021514.61	-645490.003	-1023171.5	19.7997
-646201.83	-1070762.882	-643808.34	-1070090.39	32.3144
-757098.83	-1070014.01	-760870.94	-1070667.92	46.9437
-724640.929	-1034155.105	-724399.64	-1034469.65	8.2847
-646734.244	-1068620.938	-646648.193	-1068574.051	1.3514
-678344.066	-1069057.355	-678268.824	-1069099.803	0.962
-690706.42	-988081.35	-691581.846	-987350.132	13.1917
-770353.66	-1060804.791	-770293.832	-1060662.695	1.7142
-658927.592	-1053462.142	-660127.47	-1052094.61	25.5129
-816829.91	-1014519.23	-818898.634	-1017174.524	40.3851
-775829.393	-1014756.219	-775807.257	-1014701.919	0.7238
-783095.18	-1043944.62	-784053.28	-1047904.36	55.7424
-658728.705	-1091432.642	-658009.514	-1090999.15	9.69
-808386.509	-1029996.246	-806996.289	-1029753.66	18.3212
-730648.73	-1057654.01	-728454.25	-1060923.44	30.6257
-873220.634	-1009452.022	-872013.713	-1012171.656	35.6442
-648316.398	-1058421.523	-648330.054	-1058407.276	0.4363
-854376.18	-1025217.55	-854601.226	-1025671.39	5.7631
-848378.564	-1054774.256	-847915.481	-1055110.139	8.881
-838499.018	-1037581.379	-840756.407	-1039033.045	35.7478
-686837.88	-1011094.67	-685969.845	-1012097.505	16.1283
-727322.78	-1001073.29	-727329.243	-1001120.375	0.5281
-716780.121	-1028419.632	-716574.81	-1028251.62	2.9485
-778945.801	-1029679.128	-778856.69	-1029627.639	2.5378
-728612.038	-1078621.824	-728616.024	-1078644.729	0.5902
-733688.643	-1053306.73	-733690.027	-1053341.801	0.7767
-645544.85	-1029412.69	-646572.22	-1029234.58	12.9639
-680229.76	-988998.78	-680064.507	-988949.624	16.7834
-732287.17	-1040885.55	-731101.12	-1041282.706	25.5384
-791943.37	-991093.07	-791903.53	-991074.62	1.0113
-853343.062	-1022535.79	-853459.071	-1022528.693	1.3353
-737606.276	-1080142.949	-737734.52	-1079640.82	5.992
-772480.194	-979481.156	-773086.402	-978766.973	10.8056
-828137.112	-1042932.596	-828994.479	-1043794.392	14.0375
-738065.85	-1057077.11	-738451.761	-1057492.143	12.1973
-858733.91	-1009309.47	-858749.02	-1009317.91	0.3673
-693883.566	-1032463.944	-695686.799	-1034349.98	30.2166
-646151.41	-1071145.95	-646157.913	-1071175.528	0.8912
-834379.642	-987116.702	-833025.666	-988995.456	30.7799
-785273.716	-1036927.343	-781893.581	-1037032.955	38.4282
-669164.547	-1002715.107	-667480.93	-1001337.08	25.8578
-661631.68	-1028707.03	-662364.104	-1027433.998	16.4881
-861926.052	-1054000.596	-861282.074	-1052870.082	16.1157
-681294.73	-1047266.2	-681594.23	-1047241.68	2.3123
-645727.305	-1042665.46	-645678.184	-1042706.549	5.8892
-710430.018	-1025668.049	-706905.87	-1028430.1	50.8305
-753862.964	-979708.209	-755611.131	-980195.085	24.505
-777362.985	-973953.915	-777343.21	-973974.16	0.6197
-712227.415	-1015535.067	-711566.197	-1014286.525	15.7536
-684786.33	-1015128.74	-682436.42	-1018093.72	44.1162
-876543.88	-1025650.58	-876486.02	-1026238.44	6.6945
-789693.45	-1072501.06	-789351.931	-1071541.125	21.6667
-734930.34	-1043352.34	-734881.98	-1043480.92	2.7494
-780897.85	-1009090.58	-780482.395	-1009537.145	7.3185
-813780.37	-1071218.9	-812729.78	-1071436.13	21.4841
-695093.911	-1044413.908	-695047.376	-1044391.963	0.7224
-746719.1	-1011750.25	-747592.42	-1012728.32	14.7682
-834135.627	-1070052.582	-831260.444	-1066449.913	61.6676
-821865.352	-1022146.499	-818797.56	-1019942.66	43.7793
-757868.27	-1048074.85	-758435.475	-1047850.706	7.0165
-826096.839	-1043447.24	-825827.413	-1043044.916	6.2458
-646592.33	-1073974.543	-648172.926	-1073424.829	19.6882
-738807.796	-1048949.172	-738606.8	-1049522.898	12.3341
-720053.11	-1052878.23	-720364.8	-1053251.55	5.4055
-741516.928	-1042621.167	-741577.379	-1042544.644	2.1342
-854511.14	-1037818.87	-853375.746	-1035763.744	27.6265
-704510.52	-1016457.09	-704206.35	-1016297.52	3.9779
-764433.573	-1024042.286	-764017.237	-1024135.383	8.6314
-812433.03	-1013933.23	-812432.85	-1013986.31	0.5901
-767241.0	-980439.39	-767230.195	-980431.316	0.1499
-776714.575	-1034383.209	-776696.195	-1034352.356	0.7909
-787445.176	-1062920.408	-787590.19	-1062308.66	12.668
-748339.95	-979141.65	-751476.087	-976015.903	50.7214
-649621.6	-1029185.54	-649587.99	-1028680.93	5.8211
-688782.75	-991454.34	-689202.67	-993214.61	22.3022
-860160.79	-1029930.809	-862971.997	-1029304.174	38.3293
-728311.439	-1037625.802	-728504.4	-1038825.74	28.0605
-716581.29	-1028241.72	-716892.06	-1028325.35	3.713
-700502.25	-1049339.19	-700207.76	-1047783.05	19.7159
-640183.975	-1033551.803	-639797.951	-1033335.784	6.1135
-673713.074	-1018966.257	-673359.17	-1017298.72	18.9812
-735030.582	-1072887.45	-734646.646	-1072998.231	8.4513
-730606.32	-1042945.66	-730862.52	-1043140.22	8.4902
-734049.378	-1073311.299	-734050.012	-1072617.244	15.5147
-739851.743	-1080964.865	-739747.415	-1081055.814	2.8736
-735035.64	-1031357.32	-735845.84	-1031792.66	10.4952
-876959.91	-1015765.98	-876427.652	-1014297.283	18.2827
-648879.304	-1057930.777	-648988.473	-1058055.204	3.3166
-730919.125	-1057401.375	-730916.56	-1057495.52	1.0465
-780468.825	-1059820.652	-781101.27	-1058535.42	17.8236
-807290.045	-1072485.448	-807309.492	-1072493.849	0.4985
-775923.936	-977266.63	-775984.15	-977292.28	1.309
-754847.44	-1070690.26	-754618.42	-1069557.12	16.8933
-766214.59	-972635.192	-766198.249	-972617.169	0.296
-681588.08	-1000094.86	-682106.05	-1000197.06	17.3139
-754059.77	-1046108.69	-753812.483	-1045788.277	8.0999
-691937.271	-1072584.723	-690558.02	-1072701.96	18.0224
-753604.798	-1079033.113	-755449.02	-1081193.42	39.4746
-822395.39	-1047256.619	-822379.454	-1047224.059	0.4029
-648070.028	-1054469.218	-648151.964	-1054522.278	1.9804
-848593.3	-1036248.77	-849341.108	-1036491.181	9.0252
-641391.58	-1033562.7	-641023.7	-1032807.93	9.554
-666388.889	-1082179.573	-665620.22	-1081677.52	10.4603
-752010.11	-1038510.68	-752035.06	-1038607.09	2.2679
-776444.064	-979394.896	-776512.28	-979470.94	1.2755
-673303.703	-1043503.367	-673270.08	-1043444.385	1.3581
-692591.102	-1080615.148	-692559.898	-1080566.223	1.1923
-658900.48	-1012054.78	-657349.62	-1014170.84	32.4152
-744576.17	-1048048.97	-744453.21	-1047760.88	6.4346
-817580.155	-1005027.851	-819639.065	-1007333.371	41.5759
-777348.35	-973934.58	-778002.79	-972273.81	37.5102
-685044.6	-1065769.01	-684489.68	-1065834.781	12.4027
-757615.04	-1039877.36	-757705.96	-1039765.18	1.9506
-679181.045	-1024007.542	-679112.792	-1023693.859	6.4711
-690753.69	-988616.63	-688277.3	-989840.08	41.7172
-778166.761	-980439.448	-777963.57	-980328.72	2.5731
-787090.31	-989195.54	-787231.58	-989358.37	4.3134
-867525.36	-1017267.4	-867757.78	-1017361.44	5.018
-824863.93	-1052668.59	-825495.86	-1053317.43	10.5999
-752045.381	-1007747.603	-752028.65	-1007752.13	0.2052
-708293.082	-1060819.934	-708579.181	-1062557.106	21.0982
-694222.409	-1002472.161	-696367.74	-1001126.95	28.9837
-698150.83	-1081315.17	-696604.529	-1081439.528	26.3671
-789266.33	-1072521.29	-789047.504	-1072468.509	4.5234
-844038.724	-1005104.052	-844159.33	-1005098.186	1.3591
-763306.519	-1072853.719	-766045.79	-1076247.01	35.9916
-727349.778	-1048202.287	-726880.78	-1049460.86	15.6529
-809385.58	-994210.66	-809177.84	-994195.19	4.2024
-807794.895	-1027397.361	-808049.215	-1027496.454	3.0343
-659784.206	-1089373.746	-658326.581	-1088923.328	17.4426
-826510.959	-1068335.296	-826501.441	-1068388.419	1.3959
-687297.019	-1004332.947	-687353.344	-1004362.122	0.7048
-766909.38	-1037768.3	-766796.12	-1037801.07	2.7404
-657244.75	-1069515.51	-657007.24	-1069561.841	4.8547
-752262.75	-1022755.45	-752141.916	-1022740.635	1.3539
-697370.174	-1000296.322	-695466.04	-999732.44	22.3551
-707369.16	-1021588.3	-702853.68	-1021948.35	51.8148
-751827.94	-1007443.5	-751632.588	-1007525.016	2.4958
-743748.95	-1024743.24	-743575.018	-1025210.438	9.9846
-685924.29	-989226.49	-684524.22	-989344.01	16.6219
-757442.034	-969642.461	-757820.929	-971443.006	24.1596
-746628.318	-1006476.563	-747385.37	-1004570.34	24.7654
-666331.36	-1007237.53	-666718.32	-1008677.68	21.3142
-741788.86	-1047093.87	-741898.86	-1047009.98	2.7679
-645715.132	-1042716.114	-645764.404	-1042735.256	5.6218
-690628.39	-1021314.1	-691229.36	-1022081.02	11.1799
-844157.23	-1005396.74	-844061.86	-1004805.8	6.6684
-781617.583	-1060871.373	-781716.31	-1060897.64	1.1365
-772145.95	-1016289.6	-771925.35	-1015431.21	10.0626
-811154.989	-992037.432	-811094.85	-992035.86	1.2032
-826755.049	-1070898.934	-826669.354	-1070793.339	4.8958
-693563.782	-1034271.513	-695686.799	-1034349.98	26.0456
-689070.19	-1007867.98	-690438.51	-1007547.74	15.6199
-833825.94	-1072470.482	-834017.16	-1072558.02	4.3548
-776172.608	-977550.484	-775925.31	-978800.85	14.3186
-768086.74	-985456.66	-767014.699	-983745.344	32.5972
-669471.047	-1013784.39	-669501.06	-1013878.65	1.9785
-684010.75	-1063877.72	-683992.398	-1063882.896	0.4161
-700205.53	-1049396.229	-698320.9	-1050777.39	31.149
-656389.608	-1092581.695	-656208.767	-1092763.429	5.3158
-720348.829	-1070874.761	-720302.516	-1070959.109	0.7402
-719475.96	-1030489.794	-719467.12	-1030538.8	0.5534
-732770.34	-993991.07	-730850.22	-996143.5	35.0592
-810535.47	-991855.28	-810553.97	-991733.99	1.4009
-765814.94	-1076101.44	-762996.38	-1072366.43	38.397
-661889.22	-1088148.474	-661588.134	-1088912.91	9.1497
-752854.23	-988519.06	-754214.37	-988832.09	18.3934
-692598.754	-1080646.661	-691216.627	-1081881.763	21.7636
-676199.203	-1040644.76	-676144.028	-1040715.174	0.9951
-717017.97	-1028526.27	-716853.89	-1028471.05	1.9247
-717869.17	-1022169.19	-716438.38	-1022530.7	16.6857
-760445.88	-1067488.56	-760577.26	-1067424.49	1.661
-757514.647	-1024827.762	-757586.218	-1024782.417	1.6986
-821332.799	-996435.808	-822013.873	-996448.627	7.5813
-845513.182	-1050136.627	-846771.531	-1050208.283	17.3814
-737854.217	-1050792.84	-737608.164	-1050851.346	5.0933
-737827.37	-984515.47	-737630.74	-984117.39	5.031
-856042.08	-1020233.6	-855921.459	-1019949.745	11.2527
-743079.059	-1073762.088	-743368.463	-1074569.017	14.0274
-792606.16	-979568.23	-792625.32	-979606.04	0.471
-644614.438	-1041881.625	-644600.75	-1041860.375	0.799
-764000.684	-1035018.239	-764091.206	-1035010.138	1.9159
-882388.254	-1020937.356	-882376.558	-1020884.772	0.5996
-738259.6	-972740.61	-740785.3	-970692.25	49.0253
-647832.09	-1089321.13	-648126.207	-1091893.832	29.7091
-869448.36	-1018125.62	-869348.34	-1019589.98	19.3673
-788208.64	-990498.09	-787980.79	-990434.66	4.9214
-641563.12	-1081473.4	-643243.894	-1082911.687	28.9364
-682321.453	-1062691.028	-681561.263	-1061778.063	24.9167
-642805.577	-1092189.703	-642077.521	-1092336.307	16.2072
-848817.352	-1010040.504	-848824.784	-1010028.947	0.2748
-660268.625	-1087255.908	-661889.22	-1088148.474	21.6981
-852926.407	-1003453.801	-852941.13	-1003389.92	0.8148
-691047.04	-995263.18	-691658.28	-995803.58	9.2752
-647672.21	-1055476.25	-649964.51	-1055934.75	28.609
-721298.45	-978901.33	-723059.71	-974092.99	62.7623
-688033.65	-1008448.13	-687619.14	-1008415.69	4.8909
-794481.78	-1004012.95	-794381.63	-1004055.99	1.3226
-773188.07	-978559.92	-773146.15	-978644.96	1.8962
-702984.99	-1052881.869	-701618.13	-1053223.9	15.6559
-721299.06	-1082392.31	-719918.3	-1084615.0	30.3246
-703348.626	-1076577.81	-704967.802	-1075639.307	21.5575
-865343.62	-1006940.56	-865264.7	-1006922.21	0.9003
-797114.443	-1028734.905	-797546.47	-1028510.29	9.7665
-647826.98	-1019477.46	-646926.16	-1019368.86	10.1236
-775574.553	-1033623.234	-775549.611	-1033649.768	0.8597
-784308.318	-1006952.804	-784323.73	-1006892.02	0.7992
-784579.81	-1007557.27	-784878.66	-1007574.2	3.3422
-701209.452	-1012443.428	-700213.91	-1012677.63	11.3649
-770218.87	-1076595.4	-772609.3	-1076770.52	27.1645
-724890.77	-1066904.85	-724834.911	-1066867.274	1.5742
-770293.832	-1060662.695	-769974.29	-1058239.67	30.5072
-747562.96	-1019502.35	-747563.18	-1019494.16	0.091
-718190.04	-995343.27	-714821.655	-998230.155	50.8963
-817568.08	-1054542.07	-817678.144	-1054560.091	1.2427
-734494.586	-1012639.929	-734378.01	-1013701.963	25.7954
-780468.825	-1059820.652	-781036.09	-1059946.3	6.4601
-708095.34	-1046824.52	-707915.843	-1046963.972	4.8027
-757841.8	-1039899.77	-757599.75	-1039889.39	4.8483
-673873.6	-1019844.27	-673713.074	-1018966.257	9.9568
-742239.83	-1065297.46	-741390.356	-1066268.983	15.6691
-711890.35	-1060438.64	-711870.206	-1061974.768	17.8062
-866304.12	-1007000.304	-867441.345	-1002735.791	74.1956
-782254.663	-979211.743	-782260.598	-979205.504	0.1766
-866784.561	-1055673.503	-866525.734	-1053699.208	22.1688
-757892.83	-1031276.15	-758900.159	-1029946.098	22.2453
-758250.72	-973553.41	-758065.008	-974809.009	16.6683
-836677.955	-1034938.437	-838129.497	-1034810.452	16.8022
-641454.015	-1075722.184	-641876.179	-1076129.347	11.7706
-669458.876	-1013775.064	-669466.252	-1013763.62	0.2964
-762979.692	-1050902.147	-762817.16	-1050840.94	3.4768
-778327.952	-1058733.938	-778280.43	-1058590.03	1.7147
-652074.08	-1024611.04	-653190.51	-1023454.51	19.8119
-841436.05	-1026926.25	-843874.48	-1024036.87	48.2269
-825313.57	-1029088.76	-825408.704	-1029030.138	2.2536
-864476.03	-1014847.41	-865033.199	-1014739.988	12.06
-689784.86	-1068968.16	-690414.26	-1069784.24	12.7676
-767429.581	-1048595.732	-766883.809	-1046462.034	27.3048
-787694.63	-1006969.81	-787553.89	-1006945.17	1.6144
-752753.485	-1009535.044	-752045.381	-1007747.603	21.6993
-811161.406	-1042049.504	-810520.166	-1044574.254	30.7078
-765568.13	-1020517.37	-765908.844	-1020150.942	5.7982
-742599.176	-1046079.724	-742598.169	-1046020.775	4.1793
-765788.7	-990262.19	-765904.06	-990386.07	2.1451
-685851.715	-1028328.107	-686711.637	-1026428.942	26.0996
-771042.303	-1006967.94	-770289.72	-1006260.186	13.3105
-740512.28	-1057582.49	-740515.12	-1057578.56	0.0986
-773187.92	-1058004.16	-771804.02	-1057487.437	17.2941
-859584.221	-1013023.281	-859427.42	-1012915.85	3.8809
-747432.46	-1054956.55	-747398.69	-1055015.18	1.4413
-727786.246	-1001564.236	-727373.78	-1001091.72	10.1407
-735382.36	-1040739.75	-735161.18	-1040923.29	3.194
-655613.228	-1024420.374	-655206.639	-1024478.076	8.2223
-744573.76	-1075053.67	-744711.989	-1075303.361	4.9013
-720089.69	-1051396.2	-719549.768	-1051776.667	7.4199
-643782.714	-1036881.502	-644044.43	-1036806.581	3.1328
-770262.821	-1080426.88	-772326.804	-1081816.12	28.1652
-762901.1	-1072249.81	-763160.673	-1072458.821	3.7031
-741196.784	-1048787.996	-741810.06	-1048888.99	12.5166
-701528.588	-1063540.191	-702421.423	-1064295.483	14.3466
-768444.371	-1016274.293	-767274.47	-1016513.4	14.364
-873251.51	-1009335.742	-873787.501	-1008866.41	14.9677
-882326.031	-1021972.177	-881983.98	-1022063.583	4.043
-824107.511	-1073718.837	-824264.95	-1072040.14	15.6043
-754788.077	-1001786.249	-754814.802	-1001699.415	1.0096
-644748.24	-1050053.81	-639846.184	-1052873.303	46.4292
-787221.94	-989369.96	-786887.737	-989073.619	8.9334
-721021.3	-979133.49	-721027.22	-979132.25	0.0672
-693340.93	-1061831.51	-692009.2	-1062034.14	20.2757
-751396.792	-1060134.969	-751209.618	-1060054.65	4.0786
-768529.35	-1040347.1	-771582.07	-1041055.57	41.2688
-741472.762	-1058921.539	-743483.882	-1061707.065	42.3049
-691868.159	-1074084.509	-691695.8	-1073983.308	2.3793
-733200.063	-1042131.375	-732836.67	-1042212.23	7.5839
-751707.204	-986163.13	-751684.123	-986198.741	0.4723
-698314.29	-1047246.79	-697060.79	-1046682.57	15.6861
-643740.101	-1062714.823	-643747.476	-1062699.874	0.3885
-835329.698	-1001077.37	-832380.79	-998170.642	51.63
-718045.351	-1046662.504	-718280.08	-1046521.31	5.6596
-734155.582	-1053828.039	-734158.512	-1053815.078	0.3114
-741343.85	-1001880.77	-741364.58	-1001918.11	0.858
-659661.553	-1072015.61	-659839.208	-1072077.168	2.1104
-750852.576	-1078422.336	-750380.595	-1079381.839	15.6104
-840471.692	-1045622.968	-842302.555	-1046516.057	23.9098
-698080.568	-1031875.656	-698038.13	-1031923.59	1.2804
-731456.036	-1032452.02	-731998.558	-1034800.427	28.8482
-836762.77	-1065574.434	-836979.04	-1066144.369	8.6149
-752021.69	-1007728.89	-751869.49	-1007496.09	3.1437
-758435.475	-1047850.706	-758581.22	-1047649.45	5.7846
-798000.79	-986310.91	-797753.763	-986251.175	2.8239
-869459.653	-1046669.966	-866147.59	-1048867.78	46.2207
-676047.76	-1037292.652	-673859.18	-1036991.5	24.6511
-725279.685	-978455.469	-725244.182	-978527.548	1.6225
-836617.377	-1071326.255	-838610.5	-1070832.2	23.2125
-655843.43	-1016058.73	-656533.551	-1015712.533	15.9133
-762955.47	-1033824.97	-763505.9	-1033868.07	11.1171
-746939.588	-1017404.603	-746935.196	-1017374.917	0.3772
-725952.316	-1059744.272	-725145.027	-1060895.97	15.9302
-681195.203	-1064518.936	-681218.36	-1064419.74	2.1321
-874888.952	-1032193.255	-876242.996	-1030422.038	25.1028
-728218.96	-1060617.02	-727179.101	-1060948.226	13.0762
-686911.15	-1008704.37	-686814.05	-1008736.01	1.1347
-770134.93	-1065005.61	-769022.858	-1065177.67	13.2598
-840193.184	-1031849.07	-840141.402	-1031858.768	0.5922
-845191.49	-1031871.04	-844330.373	-1033732.859	23.2119
-674924.1	-1006230.06	-674651.37	-1006768.64	13.0053
-698520.044	-1004628.598	-698382.33	-1004446.27	1.7578
-784288.839	-1027120.132	-784722.76	-1026987.074	9.0827
-728504.4	-1038825.74	-728805.03	-1039018.55	7.2633
-804263.349	-1031449.801	-803588.439	-1034301.199	34.4259
-671049.521	-1063972.753	-668752.667	-1067421.221	50.1771
-764031.53	-1023816.45	-760153.032	-1022707.912	47.7415
-709530.633	-1060363.498	-708293.082	-1060819.934	14.953
-886250.58	-1006012.601	-884506.74	-1004900.6	25.4462
-790206.27	-1005012.06	-790265.88	-1005024.77	1.219
-667129.442	-1066091.123	-667043.204	-1067308.969	15.1639
-878282.351	-1013601.323	-878158.696	-1013432.341	2.3593
-728066.664	-1055965.989	-727990.498	-1055920.737	1.7726
-776337.19	-1022113.34	-775831.845	-1021783.448	7.5543
-738809.24	-982583.25	-739534.3	-982791.08	9.3229
-717159.18	-1080163.72	-715285.172	-1080005.619	21.4058
-644971.38	-1032389.41	-645187.107	-1032010.729	5.441
-807693.375	-990365.75	-807650.58	-990353.79	1.1936
-836164.17	-1022988.813	-838341.13	-1022100.99	26.1228
-761907.571	-976770.73	-760837.709	-976497.676	23.0699
-642044.356	-1068029.289	-643462.07	-1067914.49	17.5887
-712680.04	-1051246.1	-714462.42	-1055250.06	52.2494
-786090.39	-1037006.11	-790952.09	-1034494.9	69.5944
-693322.025	-1064570.064	-693430.41	-1064777.02	2.5964
-716142.935	-1064705.901	-716040.63	-1064652.88	1.4117
-843640.906	-1021731.064	-843040.578	-1020185.817	20.6575
-711768.96	-1048828.93	-710938.84	-1049923.0	15.6227
-783084.22	-993501.92	-783004.341	-993179.619	4.0002
-834339.5	-984063.875	-834336.717	-983541.544	12.2656
-724223.542	-1037385.671	-723099.912	-1038173.839	15.3363
-718833.728	-1055399.71	-720526.708	-1056117.042	21.0252
-760693.291	-1033875.884	-760541.54	-1033838.85	3.3125
-766883.809	-1046462.034	-766691.98	-1046504.28	3.732
-664819.92	-1015788.69	-663693.88	-1014805.29	18.495
-740121.86	-1003622.47	-740158.762	-1003494.466	1.481
-689840.591	-1046565.689	-689683.664	-1046665.256	2.1502
-744236.42	-1009120.34	-741854.22	-1010686.5	32.0461
-751388.652	-1060260.748	-751385.125	-1060360.375	1.9964
-722247.869	-1041388.495	-722238.804	-1041749.558	4.0205
-857573.863	-1066733.292	-857533.049	-1066623.251	1.7417
-695525.99	-1038429.14	-694823.848	-1038077.865	8.7266
-649293.63	-1044451.85	-648158.06	-1044058.02	13.7479
-694114.03	-1044357.51	-693704.61	-1044343.74	8.1944
-719451.27	-1030484.668	-719475.96	-1030489.794	0.2802
-704443.17	-1014666.94	-701712.32	-1012534.577	27.1552
-826501.441	-1068388.419	-826561.251	-1068451.761	1.7432
-741854.177	-1043506.321	-741982.434	-1043721.781	5.0448
-755730.734	-1053467.832	-756225.859	-1053549.114	5.6012
-757267.007	-984599.297	-755368.419	-983684.174	33.9794
-698131.165	-1054356.979	-696930.45	-1054809.26	19.0745
-744555.04	-1048217.91	-744515.11	-1048334.02	2.4579
-778474.61	-1058840.4	-778543.215	-1058986.636	1.8903
-670644.52	-1018055.48	-670189.41	-1018692.36	9.3429
-808223.64	-990949.31	-808485.125	-991109.938	6.1444
-774043.413	-1053278.193	-772391.897	-1054695.278	28.005
-648413.314	-1082896.161	-647752.667	-1082966.945	13.713
-788332.757	-1064664.699	-788343.271	-1064612.307	1.1506
-794276.65	-1021389.39	-796743.252	-1021713.892	29.797
-727980.95	-1063807.84	-725151.135	-1065325.721	39.8685
-846262.964	-1072549.949	-846480.96	-1072910.577	4.8534
-799218.218	-1001629.481	-799253.133	-1001546.675	1.0817
-655208.774	-1044304.982	-654688.28	-1041606.53	31.2353
-800596.166	-1012756.763	-799844.276	-1011794.855	14.6206
-717856.3	-1014038.06	-717527.23	-1013320.72	9.3661
-867797.09	-1017264.35	-867825.597	-1017288.354	0.7454
-830057.621	-1024759.739	-830648.017	-1024637.152	6.6999
-752288.159	-1043073.247	-752069.84	-1043174.12	4.9593
-715890.681	-1088469.826	-714968.885	-1087407.117	18.9888
-697737.923	-1088514.467	-698428.52	-1089773.763	19.5325
-725880.561	-1051661.289	-724863.773	-1053139.85	20.1656
-742474.966	-1070295.532	-741888.77	-1069502.56	11.3783
-765332.98	-974699.53	-765196.794	-974682.32	1.9298
-801698.213	-1026307.738	-802794.93	-1024854.449	27.5885
-688841.052	-1024527.626	-687658.851	-1025776.211	20.2789
-760153.032	-1022707.912	-760314.243	-1021962.298	8.5428
-690753.69	-988616.63	-690706.42	-988081.35	6.6823
-808466.28	-991341.55	-808471.63	-991328.41	0.2837
-875862.03	-1021140.17	-875380.78	-1022791.35	20.2416
-701546.07	-1012463.02	-701596.83	-1012405.94	2.3288
-776656.257	-975645.026	-776638.812	-975624.141	0.6018
-726689.83	-1026631.446	-726488.977	-1026838.942	3.2413
-743452.955	-980028.534	-743175.9	-979324.29	8.5369
-645067.818	-1071285.796	-645117.992	-1071120.304	3.7616
-740534.457	-1001860.181	-740829.08	-1001958.87	6.5036
-665904.29	-1038767.04	-665198.39	-1036833.92	23.9439
-767089.88	-999138.78	-765648.759	-998992.338	17.4466
-722614.982	-1066511.47	-721753.897	-1066602.22	14.9807
-764877.03	-1012008.11	-764886.883	-1011569.505	4.9288
-750159.616	-1005373.797	-750162.817	-1005349.323	0.572
-813867.769	-1067703.753	-814496.11	-1069885.77	27.4678
-647666.53	-1028933.83	-647779.42	-1029670.83	8.4886
-673489.357	-1059464.553	-674304.001	-1060024.199	12.062
-729412.166	-990629.707	-730645.6	-989247.51	22.5528
-750101.294	-1010966.75	-749354.35	-1010423.3	11.1652
-648126.207	-1091893.832	-649683.878	-1091372.448	22.0923
-810715.06	-991827.23	-810692.36	-991756.35	0.9016
-775862.951	-1014698.686	-775870.915	-1014731.959	0.3858
-760611.745	-1052040.79	-760675.221	-1052259.156	2.5274
-670833.536	-1070603.537	-669241.87	-1070174.56	18.7352
-654990.028	-1070130.784	-654976.495	-1070115.663	0.2514
-765373.3	-1031314.94	-763563.12	-1031604.49	37.3258
-752546.196	-1048649.874	-752636.513	-1048619.039	1.9097
-678264.47	-1069167.266	-676572.772	-1070747.448	25.7678
-732473.929	-1029694.138	-731834.33	-1029703.1	13.1932
-792414.944	-979502.006	-792428.59	-979461.55	0.9811
-804263.349	-1031449.801	-799989.731	-1028725.366	67.5324
-643588.187	-1083031.45	-644237.59	-1084047.54	13.9033
-753928.13	-1020771.05	-753117.8	-1020971.36	9.582
-709665.003	-1067962.98	-710311.89	-1067211.04	11.1814
-802844.27	-977135.1	-802773.366	-977149.587	0.8077
-760171.191	-983620.658	-760202.75	-983625.94	0.5119
-724274.798	-973246.14	-724270.15	-973222.03	0.2728
-695648.89	-1038421.25	-695497.4	-1038523.04	2.028
-737651.041	-1050958.164	-737610.085	-1050865.03	2.6229
-717956.261	-978710.688	-716968.387	-978496.964	11.813
-782602.134	-994536.807	-783084.22	-993501.92	13.0069
-847463.732	-1070394.531	-847194.103	-1070434.811	2.0971
-780697.882	-1009437.239	-780724.916	-1009557.171	1.6364
-648596.872	-1058283.361	-648343.932	-1058416.838	5.7402
-727322.78	-1001073.29	-727373.78	-1001091.72	0.6027
-711236.63	-1008487.29	-712394.631	-1007056.945	20.7738
-770118.517	-1053941.916	-769866.22	-1053817.49	5.6376
-746638.009	-1054351.695	-746465.698	-1054244.406	4.0908
-756555.782	-970472.63	-757602.79	-971436.4	17.3924
-641586.119	-1068128.802	-641543.114	-1068176.51	0.714
-763706.99	-983102.71	-763796.37	-983171.0	1.2652
-662956.071	-1048677.243	-662783.192	-1048928.588	3.8379
-736593.38	-1082815.93	-737473.168	-1082305.607	12.0367
-695521.784	-1081674.409	-693900.894	-1080600.033	32.9861
-719856.982	-1019559.838	-719190.421	-1019607.808	8.2783
-791001.246	-987901.667	-791126.51	-987607.11	6.5164
-876112.84	-1021128.58	-876123.83	-1021118.45	0.1865
-743547.913	-1024927.2	-743555.275	-1024949.43	0.5187
-724270.15	-973222.03	-724215.976	-973098.652	14.4735
-672661.78	-1068657.88	-671926.45	-1066273.52	34.2904
-707917.295	-1073589.318	-710201.554	-1072896.705	38.1761
-831489.69	-1057699.8	-832599.1	-1057956.73	15.0418
-663227.05	-1065826.86	-664710.698	-1068052.491	30.1289
-755698.61	-1036277.05	-756029.13	-1036151.93	7.0908
-812613.446	-1005240.202	-809066.94	-1005897.9	40.1821
-705583.77	-1044359.47	-711842.72	-1041644.94	53.0977
-672388.42	-1014268.33	-672363.2	-1014434.51	3.5263
-696684.966	-1001039.062	-696639.975	-1001044.38	1.2911
-791832.5	-1069959.04	-791606.75	-1071129.55	13.3968
-707477.85	-1021377.78	-707600.53	-1021382.59	3.0868
-657536.88	-1031376.23	-657115.409	-1031419.73	4.7099
-653003.451	-1071333.469	-653444.512	-1071622.173	6.2673
-690428.86	-1055963.47	-690427.58	-1056053.09	1.0115
-723735.714	-1035565.991	-723713.141	-1035582.541	0.6767
-868040.734	-1017497.515	-867814.1	-1017398.97	4.9427
-703931.569	-1057508.405	-701896.658	-1058378.527	25.4165
-788680.01	-1023327.75	-787253.25	-1019605.16	52.4458
-806948.62	-989708.11	-807099.2	-989740.06	3.0794
-779991.27	-1060768.32	-779096.91	-1060367.77	12.0365
-756917.591	-1032428.333	-756117.029	-1034221.27	15.1615
-789608.58	-989239.3	-789495.07	-989274.28	2.3838
-759470.21	-1031669.35	-759057.97	-1031667.64	4.587
-769243.19	-1037394.21	-768767.21	-1035843.27	25.4713
-758207.97	-971824.14	-758232.25	-972614.85	8.8703
-812289.554	-1062962.548	-811109.853	-1063053.73	13.7856
-739591.68	-979100.8	-736406.053	-979182.316	44.2349
-775925.31	-978800.85	-776088.61	-978656.5	2.539
-750558.56	-969160.07	-750665.14	-969225.28	1.4916
-876123.83	-1021118.45	-876134.38	-1021131.71	0.2186
-751262.25	-1060150.06	-751284.64	-1060098.92	1.1547
-773400.23	-1067433.99	-773240.26	-1065794.28	18.3421
-742607.189	-1076199.05	-740731.098	-1076827.058	23.5997
-754673.83	-1017453.87	-752741.46	-1017317.94	22.3758
-706674.3	-1047175.28	-705436.794	-1046812.341	16.1659
-769238.54	-993296.93	-769035.413	-993099.911	3.7437
-814454.41	-1025832.225	-811830.888	-1027053.033	34.1202
-692961.71	-1082107.65	-692767.08	-1082544.26	6.0225
-787676.69	-1068629.84	-791084.48	-1070616.5	49.6825
-851345.22	-995275.32	-845082.797	-994053.104	76.6781
-824983.948	-1067325.925	-824867.795	-1067191.528	3.5593
-781032.98	-972376.97	-781131.98	-972624.87	10.5639
-669600.52	-1014050.55	-669313.43	-1014057.66	5.7523
-769898.37	-991447.69	-771084.724	-991785.444	13.8643
-846083.92	-1033571.49	-844330.373	-1033732.859	20.3871
-726774.909	-1054699.946	-726849.801	-1054952.963	6.2528
-766786.24	-987720.39	-767026.934	-988599.297	11.9657
-887976.316	-1019880.503	-888082.494	-1019890.193	4.4457
-782602.134	-994536.807	-781996.75	-994762.76	7.2065
-794155.71	-978814.24	-795395.58	-979342.28	28.3848
-754985.457	-1001811.321	-754781.524	-1001917.383	1.7684
-776091.86	-974206.31	-776731.11	-973928.64	16.7812
-869054.945	-1041051.578	-869392.325	-1039644.254	32.1046
-642337.72	-1083758.318	-642120.637	-1083459.658	7.4214
-681845.974	-1048307.668	-680469.593	-1048668.601	16.0569
-804256.144	-996697.82	-804456.578	-996470.834	3.3647
-753311.776	-1004662.85	-753296.424	-1004671.452	0.2086
-853567.4	-1004294.55	-854768.45	-1002319.94	28.814
-690356.566	-1079498.692	-690164.81	-1079502.753	2.33
-713740.82	-1041561.3	-721975.74	-1041876.18	63.9084
-815739.139	-1013793.564	-815246.72	-1013467.88	6.6985
-810863.52	-992009.87	-810780.18	-991970.74	1.024
-758678.932	-1048979.29	-758643.631	-1049289.582	6.2878
-711196.12	-1028825.26	-710963.818	-1027337.27	17.4643
-761264.677	-994889.293	-761283.792	-994857.136	0.4157
-819055.79	-999123.85	-819969.08	-998246.88	30.6767
-886513.43	-1022598.52	-886531.538	-1022597.097	0.5181
-768767.21	-1035843.27	-768875.26	-1035702.9	3.5429
-652491.095	-1062328.171	-652486.137	-1062382.974	0.612
-740728.766	-1032572.313	-741692.335	-1033085.037	12.1673
-671542.164	-1018829.612	-671549.868	-1018795.541	0.3901
-842812.78	-1001987.65	-842937.02	-1002015.9	1.4176
-772865.013	-1031315.823	-772248.35	-1030173.62	26.9652
-839894.429	-1041506.852	-840037.09	-1044765.746	37.005
-684041.72	-1005087.56	-684528.15	-1005371.2	6.6876
-666792.402	-1075750.654	-667325.808	-1078035.471	27.4631
-812059.04	-1017095.62	-812119.815	-1017145.01	1.5879
-864476.03	-1014847.41	-864470.66	-1014864.14	0.3589
-711973.004	-1040687.026	-711847.499	-1040364.743	3.9025
-760260.421	-1021845.213	-758407.752	-1021128.973	22.0709
-738253.96	-1085565.87	-738973.364	-1084211.183	17.677
-707778.92	-1042034.12	-707018.55	-1039608.68	28.3788
-773639.74	-1042187.29	-774306.54	-1039273.79	40.6761
-726885.05	-1020661.03	-726936.28	-1019982.02	14.8247
-748158.512	-1005367.104	-748135.706	-1005360.224	0.5581
-749056.74	-1045692.48	-749015.514	-1045769.626	2.1172
-773549.494	-1055894.737	-773578.204	-1055794.147	2.6106
-643648.62	-1039472.04	-643645.52	-1039548.34	1.8444
-783870.85	-988372.22	-784300.96	-988109.78	5.5987
-647609.524	-1054245.965	-647715.52	-1054537.59	3.4745
-725513.61	-1087363.32	-725483.484	-1087463.909	26.7622
-736148.49	-1007963.14	-735705.76	-1007865.98	9.157
-690475.514	-993524.549	-691937.46	-991755.66	31.9805
-690988.11	-1040220.55	-692331.51	-1039270.14	18.5364
-759487.57	-1004337.58	-758817.28	-1005029.9	22.2624
-704915.13	-1014967.32	-704514.89	-1014722.42	3.6132
-772303.679	-1081833.637	-772326.804	-1081816.12	0.3549
-829774.868	-1072801.654	-829852.064	-1072797.4	0.8644
-758024.031	-1040462.154	-758333.318	-1040644.002	8.7802
-743775.84	-1049079.58	-744500.5	-1048316.55	26.8038
-728602.923	-1056061.229	-728591.498	-1056076.54	0.4107
-672905.118	-1083829.117	-674914.18	-1089234.17	68.8087
-809740.499	-1004240.265	-809822.205	-1004207.396	0.9791
-754549.701	-1063563.589	-753698.5	-1066634.56	38.8743
-766045.79	-1076247.01	-766150.46	-1076233.34	1.4613
-746806.121	-1017300.037	-746935.15	-1017088.725	2.7515
-697737.923	-1088514.467	-697293.577	-1088936.349	8.5084
-841143.11	-1018832.66	-840950.41	-1019092.03	3.5903
-731883.003	-1036860.527	-730995.632	-1036426.044	19.9018
-793599.0	-1059065.25	-794870.63	-1058854.38	15.4401
-751384.235	-1045613.361	-751513.932	-1045689.238	3.136
-741631.52	-1043058.113	-741695.67	-1043261.92	4.2788
-674878.64	-996275.35	-672608.33	-995756.58	29.8409
-855921.459	-1019949.745	-856001.9	-1018600.46	21.857
-819105.02	-1017258.59	-821380.38	-1015120.25	39.5103
-704681.19	-1057271.49	-704838.284	-1057569.131	8.6811
-679769.06	-1010345.8	-679748.9	-1010316.53	0.3969
-664237.125	-1047754.375	-664402.25	-1047829.813	2.4247
-711251.968	-1079633.447	-707996.479	-1083867.228	82.5931
-833476.732	-1038908.045	-833363.716	-1037852.263	13.457
-736423.45	-1046524.588	-735825.19	-1046142.27	15.0533
-678265.186	-995168.713	-678090.67	-994050.34	12.7437
-761131.05	-994656.63	-761077.286	-994700.252	0.8024
-808145.48	-991727.01	-809500.35	-993536.53	26.5287
-646459.174	-1071635.768	-646469.519	-1071658.796	0.7216
-742265.16	-1013559.67	-743374.6	-1015246.99	23.0175
-697610.397	-1074461.541	-697918.251	-1075416.571	11.4404
-640247.606	-1080219.461	-640971.591	-1080795.556	10.8511
-758723.942	-1005058.214	-758817.28	-1005029.9	2.2533
-783025.01	-1000786.78	-782989.44	-1000828.26	0.608
-775193.89	-971812.77	-773231.093	-971897.078	23.0945
-712254.06	-1010026.6	-712793.96	-1009995.02	12.2845
-738451.761	-1057492.143	-740512.28	-1057582.49	22.9447
-772208.43	-1030101.8	-770955.98	-1029438.48	15.9126
-700006.43	-1023097.54	-698678.517	-1022574.473	18.7779
-765177.23	-1054586.34	-765487.184	-1056779.747	37.5306
-747360.061	-1036303.743	-747359.43	-1036333.52	0.752
-774202.32	-992661.03	-773957.78	-995737.93	36.0831
-713500.782	-1003654.163	-715004.37	-1003747.86	16.9903
-656815.057	-1081622.732	-655487.301	-1082266.333	18.2954
-884000.584	-1021660.832	-882326.031	-1021972.177	13.1908
-727322.317	-1058318.754	-726488.524	-1059462.93	16.0564
-882364.974	-1021867.773	-881983.98	-1022063.583	5.0381
-782067.999	-1010291.553	-781414.81	-1012256.33	26.0748
-757934.49	-1010342.66	-757914.398	-1010094.6	2.7726
-718454.813	-1019105.75	-719178.228	-1019507.295	10.6697
-649159.42	-1037960.11	-648867.65	-1037515.07	6.1625
-727941.64	-1071846.7	-728124.965	-1071992.392	5.1437
-665856.66	-1046300.12	-665737.91	-1047301.884	11.524
-647230.95	-1071708.757	-647242.168	-1071682.457	0.7358
-714250.17	-1026275.32	-713662.754	-1023813.781	40.3971
-685945.277	-993525.079	-685904.886	-993511.359	0.8808
-830648.017	-1024637.152	-830311.214	-1027135.661	32.008
-685044.6	-1065769.01	-686461.341	-1063475.722	31.9643
-672247.067	-1089901.6	-671756.449	-1089521.72	12.6572
-842356.181	-1017256.984	-841410.33	-1016492.513	14.7892
-726528.96	-994833.11	-727431.61	-994557.49	11.9584
-793798.06	-1006808.01	-794318.27	-1008076.35	19.0023
-713242.06	-1039074.99	-713263.437	-1040260.418	13.6574
-741865.394	-1082445.309	-741455.886	-1082750.656	6.4995
-686681.775	-1073823.663	-687216.404	-1072981.57	11.7372
-865862.262	-1050082.874	-866212.348	-1049465.936	14.3174
-731116.63	-981112.06	-731655.538	-981365.218	6.6228
-808219.18	-1071172.18	-808102.851	-1071160.684	1.336
-664834.34	-1049612.79	-664640.67	-1051052.65	17.9224
-784622.64	-1025930.58	-785977.28	-1023470.17	34.0911
-729694.704	-1025204.159	-729120.302	-1023911.409	16.9729
-766752.906	-981642.493	-765150.999	-983372.343	26.4771
-665737.91	-1047301.884	-664834.34	-1049612.79	36.1096
-759813.41	-1049340.45	-761459.77	-1049754.57	19.8276
-770554.816	-995687.17	-770073.586	-995598.948	5.4396
-747854.476	-1033972.682	-746489.202	-1033127.865	18.524
-761882.31	-972778.63	-761891.2	-972771.3	0.2472
-699617.042	-1004972.588	-699058.165	-1004402.255	16.0218
-853201.371	-1010579.777	-852913.01	-1010654.81	7.1648
-829876.287	-1072800.346	-829800.781	-1072833.673	0.9171
-819205.852	-999912.507	-819069.756	-999150.362	16.9507
-698460.38	-1007973.56	-696640.96	-1007359.589	23.4118
-870487.08	-1018234.17	-875917.851	-1021414.166	49.4281
-854800.58	-1025541.49	-854601.226	-1025671.39	2.7443
-753947.112	-1033697.12	-751995.4	-1034166.44	24.0776
-643162.475	-1076986.149	-642692.768	-1077259.837	7.3403
-806713.478	-1072855.768	-806698.84	-1072860.548	0.3417
-805457.62	-1024430.37	-804910.541	-1024792.196	7.4569
-779130.4	-989055.72	-779121.43	-989023.46	0.3721
-745026.82	-1016248.9	-744777.031	-1016567.584	4.514
-652839.2	-1078377.746	-651875.036	-1077623.313	17.1108
-825767.75	-989720.75	-824650.02	-990103.79	14.7356
-766913.952	-1052125.544	-766810.913	-1052223.818	1.5831
-674324.159	-1057175.819	-674341.718	-1057174.539	0.2148
-667092.245	-1033928.634	-667319.162	-1033690.175	3.9328
-749525.97	-1004500.69	-749350.147	-1004412.107	4.2371
-793621.56	-1033086.45	-797014.828	-1029002.774	61.0328
-646842.755	-1034783.755	-646608.894	-1035148.209	4.8115
-878282.351	-1013601.323	-880905.313	-1014385.715	31.8948
-723564.93	-1036303.18	-723474.115	-1036356.159	2.8801
-776802.536	-1056510.053	-775865.26	-1056885.35	11.7396
-676199.203	-1040644.76	-675814.885	-1041137.364	7.7897
-712874.327	-982742.071	-712841.43	-982561.72	3.7385
-727866.83	-1040514.95	-727719.25	-1040456.16	1.222
-693471.355	-1086672.673	-691570.7	-1086813.51	24.5091
-691865.31	-1062400.71	-692009.2	-1062034.14	6.9142
-656472.334	-1069860.411	-656596.064	-1070185.016	6.9798
-666454.352	-1070173.633	-666018.226	-1070164.497	4.8469
-730687.99	-1081563.35	-730718.34	-1083526.82	23.0645
-721593.39	-1032506.03	-721719.49	-1032667.78	1.5777
-719804.22	-1007774.48	-720456.84	-1007740.75	7.3134
-819652.398	-1075671.193	-819585.6	-1075741.06	2.074
-772656.07	-983709.93	-773501.44	-983276.18	14.4094
-664871.25	-1006255.21	-664670.146	-1006510.766	3.7451
-795458.379	-985806.939	-795667.788	-985977.504	3.2181
-805227.15	-994348.1	-805993.21	-995316.03	13.8761
-854511.14	-1037818.87	-854902.93	-1038237.73	11.4919
-823471.08	-1076452.11	-823835.5	-1076396.56	2.8371
-687349.345	-1073792.005	-687216.404	-1072981.57	9.2157
-725038.0	-1067234.92	-724991.13	-1067014.4	4.5115
-864470.66	-1014864.14	-864442.09	-1014849.73	0.8201
-846771.531	-1050208.283	-847327.469	-1050227.846	7.0646
-734902.885	-1053869.137	-735102.067	-1052910.76	12.3119
-649242.897	-1072063.856	-649715.312	-1070556.795	18.4102
-757592.42	-1040046.747	-757602.58	-1040026.348	0.5351
-700834.385	-1010509.411	-700845.442	-1010328.436	2.0217
-698663.43	-1070023.37	-698162.83	-1068427.65	21.0997
-727871.94	-1040503.61	-730085.58	-1041031.44	17.5297
-817226.33	-1047661.17	-819030.08	-1043568.33	75.7344
-704166.528	-1008995.424	-704178.924	-1008981.104	0.4163
-705427.33	-1071399.53	-704769.23	-1071747.73	8.2794
-693781.511	-1079055.923	-693900.894	-1080600.033	20.0161
-869846.944	-1037645.178	-869866.577	-1037657.729	0.4917
-767245.15	-1059854.23	-768369.27	-1057962.9	29.2982
-708246.42	-1058914.524	-709276.209	-1059920.284	16.1603
-674215.166	-1055126.978	-673446.92	-1056164.381	15.4902
-848523.626	-1010330.793	-848807.265	-1010205.507	6.2377
-684152.15	-1027257.2	-684190.79	-1027277.101	0.4923
-854281.48	-992394.52	-849337.108	-991340.404	58.2241
-686358.42	-991295.94	-686155.73	-989128.63	20.3191
-764319.04	-977108.64	-764348.989	-977294.751	3.7719
-780793.58	-993776.99	-781140.14	-990701.09	37.5672
-833891.103	-1071345.312	-833863.846	-1070978.163	7.3633
-757577.549	-1039736.157	-757564.373	-1039753.091	0.2671
-685485.66	-1072865.66	-685086.342	-1072947.949	4.9582
-743382.07	-1034744.24	-745200.55	-1034512.93	23.7621
-683938.509	-995086.879	-683918.584	-995065.001	0.7102
-881891.08	-1006954.27	-886250.58	-1006012.601	50.9396
-854429.27	-1039690.03	-854549.78	-1038901.8	9.6826
-696337.563	-1001026.313	-696319.73	-1000896.59	2.7601
-779957.29	-1013277.41	-779946.4	-1012986.89	3.7987
-786726.05	-1069976.2	-785628.543	-1070900.617	23.0713
-810715.06	-991827.23	-810760.28	-991750.83	0.8074
-859405.76	-1012005.62	-859271.08	-1010969.95	11.9031
-647896.691	-1067703.176	-647889.573	-1067719.845	0.4047
-763475.06	-992883.25	-763504.4	-992745.44	3.2978
-762615.35	-1026263.42	-762240.73	-1026225.87	4.1889
-763108.52	-981028.27	-763578.23	-983007.87	23.1385
-814776.967	-1064361.641	-814433.931	-1063888.09	6.9308
-659466.97	-1008885.9	-659467.018	-1008866.672	0.4322
-723303.99	-1003392.09	-721527.44	-1003516.38	23.9996
-788342.61	-990271.92	-788280.93	-990324.35	1.6242
-669759.314	-1093268.536	-669708.766	-1093312.537	13.1375
-884366.997	-1021690.341	-884579.566	-1021802.378	2.679
-677619.43	-1058850.1	-676102.921	-1060763.556	28.8824
-703668.99	-1062360.73	-702258.08	-1062721.58	16.2697
-814565.083	-1061261.8	-814762.766	-1060740.963	6.4438
-661889.22	-1088148.474	-664329.433	-1088720.01	31.6489
-821930.923	-997708.197	-821921.948	-997679.521	0.3404
-770831.342	-1010431.064	-770537.784	-1010225.627	7.2311
-652600.61	-1037242.8	-651444.72	-1037641.76	15.2782
-696132.37	-994057.13	-695525.86	-994939.15	12.1742
-859584.221	-1013023.281	-859589.953	-1012999.229	0.5228
-789064.31	-977443.98	-787928.47	-977004.18	24.8355
-770079.88	-1058149.69	-770168.015	-1057386.5	8.7081
-731080.52	-1056883.61	-731485.306	-1056196.984	6.1316
-815676.12	-1031636.57	-815722.086	-1031559.484	0.9973
-762531.944	-1003861.896	-759487.57	-1004337.58	36.803
-722106.46	-1087702.35	-722029.689	-1087826.079	63.022
-735808.974	-970272.071	-738345.836	-968782.306	37.4946
-707454.24	-1021457.44	-707388.19	-1021381.55	2.0123
-646191.925	-1074020.369	-646202.866	-1074027.276	0.2851
-758964.03	-1039865.74	-762589.597	-1038670.466	29.8254
-800071.814	-1017257.071	-800201.947	-1016933.534	3.8777
-706910.78	-1002589.29	-702465.55	-1002891.55	61.9451
-699291.53	-1077338.05	-700889.801	-1078074.226	21.443
-690289.7	-995274.992	-689576.86	-994911.26	6.2019
-755302.51	-1019567.2	-755450.54	-1019550.08	1.7488
-762589.597	-1038670.466	-762633.19	-1038581.89	1.1802
-801982.816	-1007913.053	-801970.256	-1007936.59	0.5937
-775704.41	-982371.16	-775414.03	-983225.06	11.2086
-788196.28	-1055375.31	-787808.86	-1055696.75	5.6029
-670189.41	-1018692.36	-671542.164	-1018829.612	15.7893
-729872.994	-1011869.243	-726644.58	-1011861.32	44.1587
-766909.38	-1037768.3	-766842.83	-1037701.77	2.102
-757586.218	-1024782.417	-761127.644	-1026146.311	45.1202
-794479.43	-1042272.98	-794129.88	-1043579.34	15.1872
-681256.73	-1047284.67	-680982.82	-1047338.25	2.1476
-725662.193	-1042408.85	-730106.85	-1043466.23	35.4953
-822762.154	-1059353.561	-825412.87	-1058791.226	30.9535
-684409.04	-1065821.75	-684220.492	-1066037.532	6.9576
-654046.05	-1050054.39	-653856.95	-1049706.51	4.3996
-645066.18	-1061855.84	-643574.344	-1062389.511	31.8957
-762680.47	-1060588.85	-763757.86	-1061027.09	13.2748
-647759.378	-1060941.888	-647820.968	-1061964.638	20.4936
-741719.28	-980863.58	-741819.671	-981309.368	5.4754
-757115.472	-1047055.704	-757104.465	-1047060.626	0.2604
-706775.892	-1083266.411	-706480.287	-1083116.055	3.695
-680379.32	-1044857.65	-681028.93	-1044054.66	12.1904
-745792.773	-982646.313	-747983.512	-984649.72	35.8428
-875917.851	-1021414.166	-876190.41	-1021455.21	2.1264
-734677.054	-970731.792	-735808.974	-970272.071	13.9104
-753284.357	-1004660.27	-753305.819	-1004644.725	0.366
-813798.296	-1067557.869	-813867.769	-1067703.753	3.2765
-671291.953	-1086947.758	-672120.642	-1089643.44	32.0492
-662921.774	-1081765.354	-662825.369	-1081498.459	3.4177
-690298.86	-1066702.72	-691342.203	-1067706.148	16.6401
-720286.94	-1041210.65	-719830.39	-1043692.55	28.92
-711981.896	-1040711.458	-711965.234	-1040703.688	0.2266
-712141.42	-1048863.26	-712270.797	-1048925.539	2.8751
-804806.243	-988967.024	-802655.752	-986806.555	35.0815
-742087.72	-1049062.09	-740955.439	-1048852.577	23.8472
-730701.736	-1024118.019	-730642.02	-1024217.53	2.3602
-728993.509	-979673.837	-729880.485	-980588.693	14.9798
-706426.48	-1046260.97	-705436.794	-1046812.341	13.2507
-689716.953	-997008.588	-687699.089	-997235.854	24.4374
-857732.115	-1066589.07	-863408.068	-1062954.783	64.7102
-661758.59	-1047597.21	-661756.959	-1046881.545	8.1714
-836114.539	-1065585.291	-837490.184	-1064292.459	28.3148
-711835.19	-1003771.39	-713500.782	-1003654.163	25.9621
-773107.31	-1004082.68	-771821.53	-1003361.86	17.8508
-699263.048	-1087577.665	-699234.121	-1087672.849	1.9897
-772208.43	-1030101.8	-772454.415	-1029186.133	11.3019
-751204.95	-1019753.38	-751115.129	-1019859.845	1.6292
-646543.902	-1089958.564	-648126.207	-1091893.832	34.1817
-699058.165	-1004402.255	-699040.425	-1004400.43	0.3894
-680243.275	-1067444.876	-680107.004	-1067418.19	2.8152
-689540.7	-994871.36	-690144.75	-995126.75	7.307
-825983.792	-1025686.738	-825972.997	-1025706.344	0.2823
-711586.299	-1058720.341	-709840.532	-1059128.884	22.0527
-884584.089	-1021818.952	-884579.566	-1021802.378	0.2002
-735262.793	-1013251.225	-735287.43	-1013267.253	0.9176
-732551.005	-1019593.952	-732011.39	-1019535.212	6.5541
-761156.009	-1019960.611	-761076.54	-1020198.18	2.8984
-796721.698	-1010100.98	-796781.35	-1010291.26	2.2164
-808440.439	-1030227.676	-809815.994	-1032117.026	26.6977
-832522.232	-1070640.672	-831956.795	-1074208.004	41.9085
-720978.91	-1047681.804	-720963.674	-1048017.921	6.7776
-708202.91	-1085272.06	-708212.788	-1085402.243	1.6015
-850853.76	-1050620.43	-852241.709	-1051299.341	18.166
-665659.82	-1000236.89	-667061.9	-1000843.75	22.8907
-820573.83	-1001637.48	-823078.656	-1002317.929	34.116
-750808.93	-1059654.04	-750699.51	-1059660.66	2.2197
-874233.106	-1033511.212	-874888.952	-1032193.255	16.4469
-646300.86	-1046567.36	-646232.24	-1046458.52	1.4296
-859409.09	-1043331.37	-859143.877	-1042936.492	5.2855
-805117.21	-995960.29	-805993.21	-995316.03	12.0823
-728360.75	-1071940.41	-728124.965	-1071992.392	4.8297
-767274.47	-1016513.4	-764189.86	-1017649.5	40.4785
-749732.38	-969641.23	-750558.56	-969160.07	11.3486
-734262.605	-1065215.685	-734545.897	-1065441.216	7.353
-754814.802	-1001699.415	-755110.84	-1000537.22	13.3498
-796115.625	-986060.813	-795883.692	-986069.676	2.5815
-692971.18	-1005051.9	-693161.08	-1007415.74	26.8046
-741289.261	-1026790.821	-740663.06	-1026232.44	18.875
-641200.314	-1062662.991	-640946.109	-1062588.507	3.4616
-776672.51	-998311.07	-778693.313	-997118.305	26.5958
-867684.29	-1017483.61	-867704.25	-1017459.2	0.9986
-655740.759	-1079064.003	-653997.465	-1078928.095	19.5868
-867839.488	-1006747.598	-867829.675	-1006778.003	0.4063
-809115.507	-1021031.276	-810296.354	-1022428.423	21.5003
-665519.497	-1072390.694	-667006.204	-1075075.738	37.2055
-845892.06	-1072257.44	-843739.265	-1072584.84	28.4909
-794217.912	-1010748.602	-795219.54	-1011981.77	18.7033
-731016.52	-1008914.65	-729635.775	-1008318.394	18.3223
-712258.79	-1048727.42	-712141.42	-1048863.26	3.6015
-762541.454	-992050.625	-762829.78	-987338.79	62.8986
-735050.321	-973748.849	-736067.29	-972759.2	16.8147
-739286.62	-1033463.37	-739314.48	-1033595.88	2.8032
-702216.03	-1056459.18	-701964.71	-1056572.05	3.0698
-641125.062	-1075815.382	-639903.72	-1076179.409	16.6943
-643596.482	-1045856.711	-643645.325	-1045832.171	1.0985
-742589.37	-1041655.95	-744427.01	-1041940.53	37.5009
-756458.593	-974627.332	-757602.79	-971436.4	44.6322
-782154.75	-986473.19	-781603.936	-986039.87	14.1216
-658734.781	-1060337.432	-657068.638	-1061265.033	21.3488
-781999.68	-1007407.95	-781512.0	-1007581.01	10.5917
-649434.39	-1031417.11	-647990.36	-1032865.77	23.1103
-653288.426	-1030346.54	-653274.017	-1030254.879	1.0328
-648330.054	-1058407.276	-648343.932	-1058416.838	0.3607
-682351.386	-994485.127	-681654.74	-994560.4	8.8647
-665351.65	-1074709.53	-664145.916	-1075139.42	17.832
-668640.97	-1092650.74	-669759.314	-1093268.536	16.6111
-674884.57	-1013545.47	-674890.948	-1013709.212	1.8398
-788952.78	-1072079.93	-788459.55	-1072267.42	11.6603
-689062.61	-1020772.0	-688329.48	-1023091.54	28.0931
-692738.64	-1049095.92	-693177.75	-1048932.25	5.2073
-724041.077	-1042827.831	-724435.034	-1041584.202	14.6287
-683820.559	-1032132.705	-681667.189	-1030216.736	32.1406
-776088.61	-978656.5	-776401.408	-979320.987	10.0411
-744236.42	-1009120.34	-744900.21	-1011766.54	32.4411
-698405.12	-1004797.91	-693555.67	-1004756.118	56.2834
-773864.194	-1048488.016	-772578.543	-1049495.683	19.0668
-693574.45	-1045192.32	-692732.56	-1045939.57	12.5095
-770510.56	-979664.55	-770029.944	-979827.303	5.6668
-861166.839	-999768.473	-858314.518	-999543.567	34.9227
-718948.86	-1088120.98	-719223.977	-1088120.291	29.9471
-770159.84	-988711.64	-769382.87	-990174.37	19.4148
-749702.51	-1051274.86	-749649.335	-1050470.317	6.2054
-793511.08	-1041584.97	-794479.43	-1042272.98	16.2115
-774514.85	-974990.51	-773827.82	-974156.23	29.345
-737308.984	-1051237.17	-737651.041	-1050958.164	8.8285
-661149.182	-1010762.684	-659942.94	-1008908.75	25.801
-867483.791	-1012854.693	-870331.398	-1011239.458	41.331
-742057.5	-1057042.55	-742070.951	-1057036.488	0.3167
-842542.325	-992122.825	-841342.57	-992949.56	20.0754
-776225.12	-1062572.7	-777701.42	-1060876.17	27.5071
-741534.32	-1042066.38	-741532.85	-1042058.86	0.1532
-765787.493	-989853.0	-765555.283	-989751.387	3.5771
-836677.955	-1034938.437	-836650.58	-1036172.06	13.8597
-669497.98	-1013920.47	-669296.23	-1014157.35	6.7005
-755632.973	-991024.533	-751442.58	-989970.89	48.9355
-647851.998	-1059211.296	-647852.61	-1059246.72	0.7093
-852041.021	-1068690.317	-857284.065	-1073643.084	107.409
-800596.166	-1012756.763	-801255.009	-1013122.702	8.8964
-828845.054	-1056403.335	-826137.341	-1057679.481	36.3967
-765231.41	-1062235.92	-765269.55	-1061964.842	3.042
-754755.285	-1001979.444	-754829.201	-1002021.875	1.0807
-662930.859	-1022904.339	-663061.438	-1022726.344	2.7695
-806165.628	-1044338.021	-805127.27	-1043943.27	17.7647
-682430.78	-1018853.25	-683331.887	-1021783.553	35.0958
-699845.446	-1030267.007	-699485.167	-1029400.556	12.1513
-756883.813	-1065377.25	-757043.375	-1065616.625	6.0398
-815525.153	-1070903.131	-815342.16	-1071045.65	4.85
-841650.69	-1038035.14	-840796.862	-1039063.86	14.8757
-756178.87	-993320.65	-756162.76	-993334.08	0.4656
-868040.734	-1017497.515	-867788.045	-1017518.115	5.2498
-728591.498	-1056076.54	-728572.896	-1056069.171	0.432
-694056.52	-1014023.47	-690154.749	-1015646.511	50.3705
-733323.88	-1057749.755	-731942.46	-1058578.55	34.5556
-647832.09	-1089321.13	-650963.85	-1089493.64	48.0619
-823320.067	-1077204.604	-823465.147	-1076379.897	11.6976
-780351.726	-1028866.151	-782560.95	-1028351.4	26.5829
-788497.064	-1013954.972	-789054.08	-1013997.06	6.8876
-731373.413	-1012206.889	-731016.52	-1008914.65	39.1184
-806860.08	-1048701.62	-807591.864	-1048105.356	10.7106
-659220.915	-1079389.294	-658278.062	-1080883.94	21.4203
-716020.614	-1038184.376	-714915.84	-1038608.6	13.8438
-762528.41	-1038705.278	-762482.866	-1038804.222	1.3269
-671049.521	-1063972.753	-670388.99	-1063714.97	10.316
-672915.76	-998637.81	-672750.27	-997377.3	15.5601
-846077.369	-1022040.031	-844388.004	-1021825.916	18.9776
-767940.059	-1080699.253	-767507.91	-1078990.72	20.1539
-751603.929	-1041232.075	-751454.25	-1041126.938	6.8953
-748241.04	-1061951.15	-747718.385	-1062503.67	15.6495
-726367.226	-1053620.562	-724828.216	-1053726.832	31.9218
-757209.257	-1016685.09	-756188.18	-1019118.53	31.0947
-730643.52	-1042110.79	-730629.17	-1041975.49	2.7217
-813711.95	-1072683.86	-812660.89	-1072249.56	8.8475
-757077.25	-1043105.17	-756739.51	-1042458.0	8.2404
-781300.55	-995123.38	-780287.5	-995623.64	12.7607
-805021.72	-990150.88	-805009.831	-989120.872	20.7439
-732027.544	-1034837.103	-731998.558	-1034800.427	0.9765
-741063.502	-1048724.768	-741196.784	-1048787.996	3.1495
-728526.364	-1028355.445	-728238.84	-1027416.73	11.0395
-688787.54	-1007956.6	-689070.19	-1007867.98	3.3071
-776890.3	-1059359.67	-777136.27	-1059288.63	5.2262
-854518.045	-1011572.677	-854461.66	-1011514.51	1.6268
-758938.02	-1047552.36	-754251.64	-1045761.339	39.6594
-858749.02	-1009317.91	-858746.6	-1009335.38	0.3691
-807383.57	-1006123.78	-806887.597	-1006244.926	5.6729
-737854.217	-1050792.84	-738583.816	-1049577.088	29.5792
-866288.3	-1043015.41	-866462.663	-1041892.823	12.9276
-698663.43	-1070023.37	-697944.0	-1070337.97	9.0317
-882326.031	-1021972.177	-881863.103	-1021865.019	3.6632
-674915.84	-1061397.35	-675139.333	-1061799.364	5.3913
-809767.319	-1004181.139	-808777.7	-1000828.95	38.945
-762182.323	-1026283.08	-762115.67	-1026223.8	1.9287
-749649.335	-1050470.317	-749465.23	-1050122.22	4.5094
-868041.697	-1002230.454	-867153.465	-1001938.043	11.3357
-722976.671	-1047379.047	-720978.91	-1047681.804	42.7384
-770855.944	-1069628.976	-770694.099	-1069735.531	2.2308
-753862.964	-979708.209	-753590.731	-980826.759	13.9287
-671563.613	-1083323.763	-671277.981	-1082418.007	22.2408
-712045.77	-1042447.66	-712035.9	-1041732.29	8.0295
-769283.265	-983580.511	-770124.39	-983578.44	11.356
-737608.164	-1050851.346	-737561.611	-1050860.013	0.9471
-770553.82	-979593.09	-770510.56	-979664.55	1.0088
-762950.25	-987344.438	-762660.384	-984434.985	33.0964
-758080.6	-977733.33	-758927.861	-978298.285	12.6312
-711730.929	-983702.925	-711225.74	-979518.69	69.9283
-822680.54	-1016949.64	-825471.49	-1016156.886	35.9074
-700473.75	-1088323.41	-700438.95	-1088340.9	0.6511
-816784.88	-1003586.38	-817904.49	-1002212.89	21.3522
-742958.3	-969312.55	-743905.723	-968542.522	34.6347
-700115.94	-1071955.9	-697691.297	-1074154.362	38.041
-694128.44	-1044382.37	-693574.45	-1045192.32	20.1291
-701179.42	-1050315.94	-702914.4	-1049943.85	21.6325
-730970.659	-1017482.306	-730348.884	-1016544.738	17.6167
-669881.57	-1048196.08	-669738.375	-1048283.0	1.8849
-711981.554	-1058828.416	-711558.013	-1059050.548	5.314
-861061.81	-1008985.666	-861324.758	-1008825.029	6.4603
-698378.936	-995723.523	-698168.294	-995083.306	7.5658
-808211.018	-1014754.016	-808225.379	-1014843.19	1.0212
-830303.18	-997579.08	-830193.24	-997923.3	7.3935
-723474.115	-1036356.159	-723405.57	-1036180.08	3.8871
-824213.47	-1074941.09	-824120.46	-1075002.36	2.7907
-746310.408	-1054210.684	-746013.188	-1054135.162	6.4346
-866869.598	-1018950.646	-867555.44	-1019361.02	13.9675
-765234.64	-991502.28	-766165.82	-991342.19	11.4222
-752225.81	-1036646.64	-751912.67	-1036668.09	6.5946
-690363.5	-989936.5	-688899.57	-989589.51	20.7776
-730736.98	-1045388.49	-730877.41	-1045434.47	1.8428
-813365.998	-1017598.31	-814347.41	-1017477.37	11.2364
-825205.903	-1022313.492	-827404.39	-1021838.42	33.1979
-763339.8	-1034082.64	-763005.62	-1036747.49	30.5187
-680910.023	-998142.572	-680031.91	-999395.38	17.2033
-771682.606	-1049823.739	-771087.984	-1050192.956	14.0738
-835866.39	-1032659.405	-835871.16	-1032618.1	0.462
-739275.09	-1033725.54	-739206.313	-1033719.313	1.3872
-694590.564	-1011296.896	-691878.43	-1009643.53	35.4937
-701391.16	-1012222.38	-701426.13	-1012166.332	1.4467
-744510.13	-989935.9	-744509.614	-989894.407	0.4666
-781032.98	-972376.97	-782566.51	-972839.89	18.0987
-781179.2	-1062387.13	-781022.69	-1062431.11	4.3927
-771682.606	-1049823.739	-770616.68	-1049952.96	21.9209
-788537.62	-982462.36	-788330.76	-981826.62	7.8204
-671527.25	-1005694.29	-671577.98	-1006391.83	7.9291
-704869.377	-1015104.338	-704786.109	-1015222.899	1.6188
-749869.5	-1051283.82	-749720.36	-1051443.07	4.4576
-781511.97	-1060800.29	-781617.583	-1060871.373	1.4224
-687783.35	-1038479.31	-687874.492	-1039550.678	11.9679
-707185.87	-1028507.77	-711196.12	-1028825.26	45.1467
-745989.314	-1053778.021	-746047.369	-1053841.548	1.7232
-763066.181	-1017946.531	-763008.46	-1017707.62	4.9393
-874192.144	-1018571.621	-874121.601	-1018592.013	1.5457
-747385.37	-1004570.34	-746969.765	-1004072.67	14.7853
-686489.92	-1021623.05	-685901.05	-1019332.07	29.1372
-771921.115	-1041128.653	-773639.74	-1042187.29	23.723
-685914.715	-1053772.587	-685892.135	-1053690.929	2.6053
-644786.662	-1049401.287	-645200.794	-1049985.649	14.3469
-753113.08	-1024805.07	-753803.99	-1024166.82	21.4613
-805145.749	-1058032.169	-806814.361	-1057381.18	23.3783
-672750.27	-997377.3	-670178.28	-996831.58	31.3055
-773879.42	-1006095.68	-772487.21	-1006107.28	15.8537
-734442.59	-1013574.83	-734378.01	-1013701.963	3.6148
-779092.241	-981900.865	-779009.3	-981800.15	2.6097
-744598.1	-1047894.96	-744834.87	-1048200.68	7.876
-643808.34	-1070090.39	-643742.916	-1069951.408	1.7077
-773668.627	-1055483.882	-774496.01	-1055892.09	18.5556
-657729.773	-1036434.307	-658390.748	-1035431.995	13.6328
-715869.92	-1040181.649	-716020.614	-1038184.376	24.9376
-800442.53	-998372.8	-802221.716	-997025.126	25.4054
-791734.12	-1047652.83	-792232.22	-1046092.91	19.672
-778604.682	-1048733.957	-778592.53	-1048743.11	0.1735
-887588.336	-1017002.628	-885169.37	-1016810.178	28.3938
-727363.065	-993004.762	-726689.4	-990317.24	31.8556
-886994.779	-1012209.452	-887784.316	-1012581.551	17.6259
-778139.229	-981927.018	-777773.68	-981956.07	7.6531
-857799.223	-1012554.283	-858880.97	-1012255.26	28.4532
-796891.93	-1033882.09	-797635.514	-1032416.889	21.7875
-816164.41	-1011933.429	-816246.79	-1011621.86	3.8395
-719134.73	-1068870.94	-718661.881	-1070686.967	23.668
-768797.409	-1022728.128	-767792.95	-1022765.24	20.2451
-703810.42	-1030188.63	-704198.73	-1030521.64	5.725
-751747.313	-1007286.838	-751860.75	-1007434.16	2.7884
-698458.8	-1004746.19	-698500.86	-1004795.83	0.723
-862990.333	-1037035.084	-860277.03	-1033622.47	49.2389
-697671.988	-1037727.436	-697616.116	-1037824.725	2.2452
-733935.061	-1053545.826	-733950.735	-1053559.331	0.6029
-792298.458	-1045843.765	-793028.404	-1046518.587	11.9227
-768260.833	-1007314.323	-768249.083	-1007290.14	0.2987
-795679.997	-1064193.145	-793087.077	-1064377.439	30.0531
-736423.45	-1046524.588	-737520.29	-1046623.77	23.3124
-875959.361	-1019407.808	-875917.834	-1018665.126	16.1109
-840950.41	-1019092.03	-841292.178	-1019966.294	13.6762
-734745.64	-1045801.2	-734657.963	-1045867.082	2.7043
-746787.335	-1017309.584	-745026.82	-1016248.9	23.1943
-867483.791	-1012854.693	-866969.154	-1012833.063	10.7645
-756162.76	-993334.08	-756148.73	-993317.52	0.4813
-806814.361	-1057381.18	-806629.323	-1056052.109	15.1232
-680031.91	-999395.38	-679093.04	-1000965.52	20.3348
-645737.901	-1075911.281	-645093.092	-1076178.564	8.9247
-766544.821	-1023277.347	-768007.545	-1020866.625	33.134
-701969.68	-997871.5	-701015.15	-997671.7	11.4049
-684077.699	-1033039.805	-683820.559	-1032132.705	10.6851
-757506.533	-1048248.178	-757868.27	-1048074.85	9.7892
-741581.782	-1042671.899	-741516.928	-1042621.167	2.0986
-822786.712	-1008871.24	-823782.609	-1010399.294	25.1225
-774162.8	-1021173.806	-774148.97	-1021052.88	1.3577
-674999.298	-1006664.392	-675234.35	-1007214.66	6.6701
-725314.234	-997871.642	-727274.83	-995905.14	33.5601
-670477.6	-1047600.09	-671159.25	-1047519.8	5.2961
-737108.71	-1036116.39	-737490.74	-1035633.23	12.3342
-804955.382	-988969.297	-805089.981	-989045.638	3.112
-746116.811	-973842.852	-746623.603	-974081.1	8.2936
-653997.465	-1078928.095	-653715.262	-1078892.329	3.2034
-707084.08	-1063283.91	-707983.12	-1065331.4	26.4065
-770079.88	-1058149.69	-770613.32	-1057820.99	7.7348
-736973.547	-1032504.996	-736877.894	-1032374.731	3.2395
-716966.12	-1059997.85	-715277.1	-1058561.07	27.0897
-776401.92	-975501.85	-776509.75	-975546.23	2.342
-846221.073	-1022074.287	-848826.599	-1016534.692	95.6246
-769427.816	-1056808.768	-769893.111	-1056003.317	10.4865
-847194.103	-1070434.811	-845909.205	-1070288.711	10.0687
-823930.32	-1076414.79	-823761.0	-1076417.74	1.8826
-689493.64	-1014122.95	-689790.54	-1015301.08	14.1124
-884949.578	-1018011.069	-884923.621	-1017017.813	13.4625
-717406.529	-1074272.847	-717476.215	-1074203.095	1.1508
-753002.54	-1060673.47	-751396.792	-1060134.969	19.1965
-797183.36	-980928.33	-796562.33	-980874.64	12.6733
-652045.78	-1024674.21	-650683.511	-1024504.108	16.8758
-730655.43	-1045534.04	-730532.79	-1045370.4	2.5873
-767494.606	-1023226.062	-766628.606	-1023246.233	9.625
-754788.525	-1047527.713	-754771.353	-1047530.553	0.534
-701224.85	-1010374.38	-701176.638	-1010409.645	1.4927
-776333.91	-979441.43	-776512.28	-979470.94	2.0155
-753336.78	-1029263.22	-753531.82	-1029255.4	2.5926
-810737.74	-991815.48	-810664.83	-991921.07	1.1671
-746750.122	-981687.967	-747166.779	-980982.656	9.2118
-671532.991	-1028463.149	-670559.87	-1029061.34	12.7101
-651010.35	-1053240.12	-649828.14	-1051460.55	25.1904
-680185.978	-1081430.417	-680494.767	-1082143.702	9.5242
-764873.57	-1004102.66	-764366.745	-1004081.947	10.315
-688698.887	-1043756.642	-688716.595	-1043740.464	0.2961
-682293.429	-1035791.976	-683386.861	-1034885.469	15.8977
-660582.24	-1001564.12	-659867.64	-1000480.32	15.4603
-833692.707	-1042370.341	-833882.948	-1042635.148	3.9143
-757880.474	-1066161.822	-759295.33	-1068468.69	33.9471
-754650.992	-1063263.595	-754631.91	-1063279.292	0.5868
-748666.48	-1028418.07	-748849.49	-1028560.0	2.5965
-766216.779	-972599.195	-766442.505	-972340.414	4.1336
-700477.578	-1004743.59	-700310.18	-1005653.43	11.1505
-758621.139	-1050300.073	-759455.821	-1051347.97	17.3566
-646916.449	-1057818.684	-646901.705	-1057807.415	0.4002
-775016.4	-1033843.46	-775549.611	-1033649.768	11.7113
-799287.83	-1001381.43	-799277.79	-1001414.86	0.415
-717811.44	-1001502.344	-717802.91	-1000992.65	5.8161
-752416.495	-974195.927	-755091.9	-973220.77	37.7551
-780523.91	-993848.68	-780793.58	-993776.99	3.1011
-672376.184	-1079422.655	-672288.651	-1079657.96	2.7939
-838341.13	-1022100.99	-838593.93	-1021984.24	5.5798
-678787.092	-991793.835	-678999.557	-991254.104	12.2463
-857538.356	-1040343.281	-857552.918	-1040169.703	2.0795
-749676.91	-981210.14	-751116.62	-980309.58	20.7241
-788804.87	-979200.83	-791116.66	-978532.24	27.9591
-719175.82	-1016530.84	-719483.589	-1016406.002	6.7857
-792357.45	-1006464.49	-791609.69	-1007895.0	20.211
-697498.543	-1012712.62	-696760.706	-1013421.934	23.2651
-871283.725	-1032561.522	-870696.034	-1028508.817	70.4523
-757206.81	-969692.0	-757150.413	-969618.764	35.987
-808771.898	-1069374.469	-809201.691	-1069386.297	5.2435
-645035.518	-1071764.984	-643963.03	-1072646.66	15.4558
-658843.558	-1036421.033	-659427.17	-1037681.69	15.6559
-645607.656	-1042430.919	-645559.416	-1042295.828	1.6064
-729315.731	-1056841.451	-729042.743	-1056568.722	5.8879
-753916.336	-1032670.828	-754461.07	-1031778.15	12.6184
-756749.59	-1049906.669	-756649.728	-1049700.133	4.6325
-825699.63	-1025635.04	-825805.35	-1025515.51	1.937
-754765.41	-1002093.81	-754717.26	-1002056.5	0.7269
-745284.26	-1030042.76	-745157.975	-1029685.995	8.2284
-667059.7	-1028552.2	-668447.737	-1026624.005	32.2566
-654058.89	-1033547.74	-653653.858	-1031493.301	24.2264
-673440.367	-1043397.604	-673324.09	-1043429.71	2.4127
-730242.39	-1077387.21	-729948.9	-1077657.6	4.4585
-710966.346	-1033701.742	-711196.12	-1028825.26	56.5086
-762873.549	-1050943.551	-762817.16	-1050840.94	2.6024
-655883.891	-1048425.175	-655855.307	-1048416.028	0.7244
-779200.26	-990148.94	-779963.1	-991110.24	14.0679
-679748.9	-1010316.53	-677198.54	-1010537.89	28.7306
-754624.95	-1063256.073	-754650.992	-1063263.595	0.6899
-701630.49	-1012426.75	-701719.02	-1012444.79	2.1877
-857217.29	-1002438.67	-858289.002	-999646.275	39.6629
-654071.518	-1081504.252	-652959.885	-1081153.486	14.6169
-701312.21	-1063705.53	-699256.34	-1061459.02	38.4054
-750796.39	-1054270.21	-751092.81	-1054280.59	5.9431
-719043.9	-1045005.64	-718828.8	-1045805.59	11.4886
-867341.426	-1012987.657	-867355.248	-1013000.322	0.4027
-821011.9	-1071493.72	-821061.59	-1071473.86	1.2086
-736596.62	-982676.97	-736540.74	-982423.3	6.1132
-744067.25	-1049103.77	-742420.7	-1049165.78	33.0139
-706247.82	-1004012.78	-706910.78	-1002589.29	20.2074
-730891.19	-1057518.92	-730916.56	-1057495.52	0.4246
-702716.327	-1012097.239	-699861.59	-1016544.73	69.6306
-689352.666	-1030052.024	-689305.54	-1029964.54	2.1632
-776845.82	-1057733.48	-776802.536	-1056510.053	14.7745
-669092.05	-1031725.74	-667623.97	-1033602.94	27.3238
-821301.72	-996383.229	-821510.98	-996075.529	4.1361
-804256.144	-996697.82	-803234.05	-1000504.67	45.4219
-698369.796	-1034987.46	-699093.76	-1035168.08	8.9712
-845567.78	-1007928.33	-844281.09	-1007844.36	15.2222
-765863.36	-1026064.72	-767595.67	-1025910.37	20.8907
-765494.96	-1058755.27	-768369.27	-1057962.9	36.6487
-727026.639	-1054719.235	-726878.932	-1054903.12	4.7276
-775831.845	-1021783.448	-775478.8	-1021851.08	4.5684
-873639.53	-996190.27	-874060.667	-995595.356	14.8079
-715971.72	-1019153.54	-715953.55	-1017612.59	21.2991
-745363.224	-990602.243	-744510.13	-989935.9	12.5234
-724943.03	-1065253.85	-725021.263	-1065471.044	4.7281
-832638.577	-1024569.831	-834057.502	-1024380.541	16.2634
-743303.43	-993703.84	-741480.124	-993828.554	23.035
-646328.303	-1042747.946	-646202.371	-1042722.936	1.4331
-693268.136	-1066214.459	-691791.485	-1067486.309	22.0717
-740009.513	-1048529.159	-740113.877	-1048564.374	2.2037
-664179.01	-1008798.93	-665200.63	-1008792.28	13.022
-713680.036	-1033381.515	-712002.982	-1034390.585	22.3246
-865314.314	-1050375.508	-865862.262	-1050082.874	13.1709
-773957.78	-995737.93	-773921.32	-996305.2	6.3322
-678410.454	-1063641.313	-678499.29	-1063064.14	6.5142
-779191.24	-1014972.48	-780629.94	-1015323.93	18.2249
-726344.15	-1051657.65	-726367.226	-1053620.562	22.7153
-823222.53	-1069474.727	-823855.72	-1069646.52	13.2489
-682819.282	-1070271.519	-681395.684	-1071134.646	18.7639
-794356.679	-1003853.725	-794127.69	-1003786.15	2.6863
-686097.313	-1024010.399	-686489.92	-1021623.05	28.2092
-770401.64	-988243.48	-770085.383	-988416.706	4.0869
-762732.99	-1003869.0	-762531.944	-1003861.896	2.2361
-776447.02	-975916.66	-776525.65	-975733.18	4.0013
-794659.195	-1039549.728	-793511.08	-1041584.97	30.2955
-846907.119	-1029513.505	-847499.198	-1027049.942	32.4585
-705237.46	-1015233.13	-704869.377	-1015104.338	4.5579
-761471.89	-996476.41	-761466.601	-996551.08	0.8323
-778138.73	-1024703.06	-778671.883	-1022544.298	41.7032
-676545.294	-1071198.007	-676562.503	-1071189.945	0.4424
-714572.525	-1006513.706	-714820.38	-1007312.86	9.7686
-694429.348	-1089271.621	-694355.705	-1089393.858	1.6339
-843765.648	-1071279.334	-843630.218	-1072166.861	10.672
-674656.892	-1092793.668	-674727.057	-1092641.383	7.1609
-701170.686	-1050328.027	-701160.682	-1050315.687	0.3694
-789545.719	-1063955.989	-789574.11	-1063961.26	0.5252
-770218.87	-1076595.4	-770233.58	-1076648.03	1.0933
-828839.53	-1072102.6	-828932.054	-1072228.151	1.7382
-692330.5	-998364.0	-692398.188	-998321.563	1.1251
-874032.452	-1008795.661	-874849.441	-1007985.653	25.1682
-667929.81	-1056163.46	-667768.771	-1055949.579	3.1419
-645473.846	-1084218.04	-645624.534	-1084805.598	8.1052
-757882.5	-991091.75	-757868.95	-991072.94	0.282
-799554.59	-1047903.381	-799809.037	-1047978.029	3.046
-792028.321	-986617.401	-792103.448	-986597.519	1.8104
-773249.142	-978438.85	-773188.07	-978559.92	2.7176
-844110.592	-1005120.302	-844176.69	-1005150.86	1.0334
-672068.23	-1045290.33	-673303.703	-1043503.367	27.2308
-883775.713	-1027406.873	-883289.645	-1027547.259	44.5057
-738224.31	-1046716.3	-739376.2	-1047664.69	36.4132
-728374.028	-974653.538	-727739.13	-975636.15	23.9752
-739362.188	-1033725.438	-739381.44	-1034615.21	17.8431
-653846.459	-1023468.5	-653828.341	-1023515.8	1.5634
-759601.922	-991807.613	-760192.584	-991129.884	18.2116
-774848.379	-1008981.515	-771527.21	-1009234.35	39.0351
-761466.601	-996551.08	-763584.281	-996371.119	25.7363
-673446.92	-1056164.381	-667929.81	-1056163.46	66.7658
-805089.981	-989045.638	-805540.33	-989168.23	9.4268
-713162.22	-977605.93	-713196.037	-977054.958	20.7399
-855476.543	-997761.633	-853804.223	-995401.259	43.7858
-860415.091	-1062241.287	-855315.385	-1062627.136	78.803
-704178.924	-1008981.104	-704310.07	-1008548.95	9.0684
-640123.901	-1043109.222	-639960.604	-1042280.486	17.8066
-644700.4	-1050094.82	-644945.99	-1049785.66	7.9662
-773048.249	-1059316.095	-774407.999	-1059551.367	15.7889
-699040.425	-1004400.43	-699042.528	-1004380.546	0.4524
-694413.003	-1068650.807	-693113.22	-1068851.6	14.7467
-793349.32	-1072590.22	-793360.15	-1072600.56	0.1664
-807309.492	-1072493.849	-807299.173	-1072508.732	0.4008
-686514.378	-993466.449	-686922.48	-993715.83	3.7027
-730667.11	-1042312.4	-730628.22	-1042752.2	8.8396
-804002.151	-1079230.313	-807210.486	-1077866.641	44.8097
-653220.938	-1089309.626	-651460.323	-1090112.656	24.0281
-682819.282	-1070271.519	-682349.499	-1071601.107	17.3727
-751424.034	-1004313.261	-753326.41	-1002532.8	30.2959
-764234.519	-975925.19	-763638.895	-976417.956	19.981
-864526.91	-1015039.05	-864222.74	-1014670.3	3.6778
-766766.386	-980503.856	-767063.123	-980589.59	3.6041
-784669.925	-1007684.127	-784577.155	-1007581.555	1.5384
-644717.33	-1027771.45	-643738.9	-1027158.62	13.3133
-821865.352	-1022146.499	-817424.87	-1024213.2	58.8116
-679414.3	-1041652.05	-679258.65	-1041636.42	1.7382
-692271.419	-1046317.644	-692452.786	-1046276.343	1.431
-691847.25	-1063408.12	-691781.71	-1063248.08	1.9225
-652047.5	-1023327.26	-650955.58	-1022784.5	18.6569
-749577.765	-1073879.55	-748818.637	-1072539.24	21.7165
-790781.372	-1005118.501	-794437.34	-1003918.24	29.7158
-759690.42	-1080853.77	-761211.483	-1080770.238	18.4309
-807727.166	-1053405.654	-807543.937	-1052574.329	17.4355
-649898.54	-1031791.11	-649833.27	-1032576.94	9.0217
-749649.335	-1050470.317	-749742.1	-1050014.13	3.5937
-798652.692	-1067077.747	-800209.26	-1067457.76	18.6687
-817234.585	-1072653.72	-817251.698	-1072627.624	0.68
-653288.426	-1030346.54	-651631.14	-1029572.69	21.1482
-767218.369	-971343.443	-766393.859	-970369.872	43.623
-660048.533	-1007516.181	-659300.865	-1008357.932	24.33
-760606.221	-1034962.461	-760255.56	-1034967.11	7.7763
-644892.875	-1038839.148	-645570.393	-1042290.671	27.2554
-772422.27	-1081689.42	-772410.73	-1081798.56	1.4735
-664041.83	-1013251.99	-663479.48	-1012953.12	7.9091
-751758.933	-1077986.983	-749711.46	-1078290.19	23.8896
-681981.482	-1092025.6	-682236.742	-1091181.041	20.1243
-754895.68	-1063355.495	-754845.73	-1063381.37	1.1934
-857552.918	-1040169.703	-857071.95	-1039267.52	11.7545
-673021.41	-1020128.33	-671006.791	-1021002.446	25.5476
-668653.807	-1010130.087	-666463.19	-1011202.75	28.874
-828147.172	-1034491.817	-831869.923	-1035242.397	51.8768
-771785.16	-1039028.54	-771813.517	-1038836.782	3.9009
-761019.6	-1062391.89	-761163.65	-1062835.03	6.15
-731883.95	-1042140.41	-731675.898	-1042251.919	5.1012
-688043.64	-1047784.78	-688328.881	-1046580.985	13.8891
-687216.404	-1072981.57	-687258.963	-1071987.155	11.7404
-713550.47	-1017791.14	-712407.94	-1019209.31	22.5432
-736748.94	-1037377.2	-736820.855	-1036772.279	12.2206
-812396.788	-1065188.615	-813460.061	-1065957.135	16.1705
-826654.644	-1032180.645	-826513.595	-1029200.402	38.1053
-735445.09	-1030178.68	-735510.1	-1028628.63	17.2635
-712438.272	-983588.937	-712856.0	-983393.06	9.3426
-871048.19	-1046030.49	-871076.13	-1046023.98	0.3196
-854518.045	-1011572.677	-854546.74	-1011568.45	0.6296
-722700.99	-1033242.12	-718577.311	-1036428.431	72.3997
-641261.701	-1065502.962	-639874.645	-1064401.85	21.9216
-840379.37	-1008893.03	-840326.19	-1008863.21	1.2406
-645335.65	-1017763.32	-645240.097	-1017019.882	15.8908
-742929.375	-1026753.869	-742912.944	-1026773.713	0.7219
-785138.66	-976815.94	-785739.323	-976850.146	12.3
-698530.61	-1004621.99	-700825.306	-1010100.418	51.0643
-681195.203	-1064518.936	-680588.724	-1064347.312	12.6688
-782478.45	-972725.89	-781131.98	-972624.87	18.3807
-688749.65	-1008095.61	-688769.71	-1008043.16	0.8592
-679112.792	-1023693.859	-678869.3	-1023471.75	6.7655
-696876.45	-1050935.08	-697451.56	-1052233.88	16.1994
-753337.248	-1047994.104	-753337.621	-1047834.546	3.2522
-763457.945	-1022252.058	-763343.522	-1022249.458	1.4057
-735859.82	-1031839.76	-736914.79	-1030879.55	19.0353
-887831.988	-1020327.405	-887834.629	-1020295.463	5.6953
-654394.282	-1054653.301	-654382.464	-1054649.897	0.1658
-702777.85	-1027874.37	-703587.82	-1025875.13	25.3107
-791858.12	-976182.05	-791785.451	-976203.762	1.5169
-789561.15	-1048395.93	-791734.12	-1047652.83	27.8478
-649858.43	-1049355.31	-649260.73	-1048288.6	13.9278
-701519.57	-1012451.9	-701362.057	-1012418.346	3.2816
-813476.993	-1065953.547	-813476.289	-1065972.225	0.4367
-781250.658	-985708.254	-781263.042	-985714.254	0.3056
-646239.872	-1056008.99	-644668.77	-1056301.76	17.8682
-658260.77	-1017886.87	-655878.4	-1018527.01	29.6267
-751080.485	-980975.691	-751116.62	-980309.58	7.9792
-645267.57	-1031669.73	-646665.5	-1030270.69	22.5908
-705554.843	-1006843.949	-704645.72	-1007854.94	28.6547
-765963.41	-1076199.13	-765814.94	-1076101.44	1.3675
-710182.35	-1049300.4	-708596.11	-1049854.13	18.7303
-754037.11	-1054324.91	-755730.734	-1053467.832	23.4862
-764243.32	-984430.27	-765788.7	-990262.19	52.6912
-665226.62	-1028236.89	-665733.375	-1028673.938	7.4475
-821906.889	-1029730.126	-821551.075	-1030096.024	6.572
-755281.611	-1046316.443	-755258.008	-1046325.019	0.6182
-654688.28	-1041606.53	-655306.9	-1041293.601	8.2057
-743022.731	-1024000.975	-741582.743	-1023354.686	18.8811
-784808.85	-1041929.78	-786445.15	-1042487.17	20.7154
-809789.61	-1048129.71	-809437.625	-1049733.25	19.6029
-669484.44	-1009602.86	-669888.65	-1010483.138	11.2363
-824493.68	-1076358.88	-824685.53	-1076388.79	2.1589
-651339.498	-1066525.743	-650571.6	-1066556.63	8.738
-672969.55	-994817.47	-673264.643	-994341.451	23.009
-697488.35	-1036432.86	-697622.34	-1037173.95	8.4549
-720456.84	-1007740.75	-720501.53	-1007824.76	1.0573
-659370.678	-1008787.28	-659098.75	-1009155.77	10.1974
-663828.882	-1070724.962	-662294.7	-1072165.97	28.5723
-720052.54	-1075565.5	-718531.302	-1074829.682	20.4321
-712046.546	-1006565.202	-711835.19	-1003771.39	34.2996
-860534.036	-1012923.266	-859749.207	-1013110.078	16.7061
-700213.91	-1012677.63	-700456.327	-1013842.723	25.1604
-730753.01	-1037058.017	-730720.959	-1037571.582	10.3152
-832231.66	-993998.69	-831589.265	-996343.731	47.963
-743582.44	-1031752.64	-742534.2	-1030094.56	24.8055
-731089.392	-1056745.661	-731187.241	-1056627.94	1.7795
-812873.32	-1012034.53	-812244.87	-1012043.72	7.0005
-642693.355	-1084116.936	-642337.72	-1083758.318	10.4359
-735668.52	-1031215.732	-735648.061	-1031206.468	0.5056
-860889.384	-1066222.927	-861430.814	-1066405.71	46.8093
-686056.885	-993614.347	-685944.85	-993645.62	2.3271
-776724.47	-975367.25	-776744.647	-975479.767	2.4292
-752062.27	-1029376.05	-752280.591	-1029233.34	3.0257
-688388.569	-1045386.217	-689435.69	-1044244.64	17.7983
-720364.8	-1053251.55	-721062.76	-1053407.858	8.4522
-728655.924	-1060908.631	-728664.809	-1060889.23	0.252
-720417.87	-1047567.4	-720554.445	-1047589.278	2.7667
-854777.54	-1011091.37	-854821.13	-1011089.54	1.1114
-645345.71	-1071388.114	-645304.913	-1071479.305	2.1029
-690524.34	-1056303.93	-689380.5	-1058492.11	29.5071
-751550.16	-1040812.85	-751544.04	-1040573.99	4.7789
-666173.04	-1011510.76	-665581.79	-1012129.63	9.7872
-746502.643	-1054238.287	-747391.63	-1054904.92	22.2278
-728567.02	-972171.56	-728957.97	-973977.14	23.2937
-794212.96	-1004037.02	-791003.305	-1005121.547	26.0955
-694056.868	-991633.331	-693880.659	-991617.913	1.9777
-772764.25	-1031598.74	-767013.48	-1037675.4	68.8993
-844371.505	-1015266.524	-845099.434	-1014584.88	11.0807
-706921.2	-1069889.39	-705725.959	-1070298.695	16.9431
-675509.289	-1054207.776	-674205.56	-1052947.414	20.1512
-792127.679	-1002992.899	-790860.627	-1002521.829	15.134
-780721.85	-1035760.81	-776749.33	-1034354.42	56.8647
-674914.18	-1089234.17	-674162.497	-1089510.348	9.0337
-792851.98	-1070549.81	-793371.063	-1072480.937	22.9403
-840067.835	-1070535.742	-840159.538	-1070577.962	1.3733
-732856.34	-1029634.35	-732768.863	-1029469.931	3.7467
-657654.09	-1066536.93	-657774.214	-1064956.032	18.9391
-793250.807	-1004363.66	-793463.21	-1003661.43	9.7846
-829183.22	-1057270.09	-828948.94	-1056426.107	11.0969
-799534.342	-1038607.217	-798436.954	-1040654.338	27.2787
-670493.82	-1074876.4	-670499.965	-1076816.189	23.0281
-717956.261	-978710.688	-717937.101	-978584.615	2.5516
-765156.42	-1039346.91	-765271.33	-1038248.14	22.7963
-834866.785	-1038392.737	-835231.406	-1039871.309	17.5737
-750593.342	-1076454.824	-749668.16	-1075819.72	13.2905
-864454.75	-1014835.04	-864476.03	-1014847.41	0.5414
-681594.23	-1047241.68	-689565.56	-1046565.28	62.1996
-727727.2	-1040446.25	-727871.94	-1040503.61	1.1976
-729086.02	-1078563.0	-729076.19	-1078660.54	2.7616
-763563.12	-1031604.49	-763808.35	-1031004.17	14.3605
-881849.902	-1006983.169	-881872.21	-1006938.51	0.5556
-822828.862	-1069529.776	-823222.53	-1069474.727	8.227
-842745.5	-1001935.625	-843135.49	-1000536.953	17.4977
-725770.197	-1069696.402	-725737.899	-1069763.208	0.873
-766752.906	-981642.493	-766953.473	-981111.047	6.3418
-668996.86	-1009376.63	-670016.23	-1007047.13	32.3707
-794339.238	-1026365.099	-794811.08	-1026343.35	5.2642
-727447.57	-1019795.24	-726936.28	-1019982.02	6.0581
-868497.133	-1010424.36	-868667.144	-1010400.462	1.9122
-691865.31	-1062400.71	-693322.025	-1064570.064	32.2964
-774165.979	-1032839.506	-773839.37	-1032477.27	9.7709
-673597.602	-1036645.257	-673108.98	-1036819.32	6.0624
-697498.543	-1012712.62	-696827.82	-1012290.25	15.8805
-836341.28	-1052408.963	-834410.647	-1056690.533	53.7355
-738750.231	-1040041.52	-737685.69	-1039179.09	27.4279
-697479.08	-1067461.79	-696768.359	-1065799.89	20.4279
-675081.441	-1076381.104	-675625.415	-1077648.716	19.9748
-642583.084	-1075093.771	-641685.442	-1075561.728	11.2613
-750228.414	-988919.972	-751217.73	-988675.46	12.0116
-770275.01	-1015936.58	-770301.57	-1016164.93	4.5987
-751860.75	-1007434.16	-751669.33	-1007020.21	5.2518
-855539.19	-1006492.17	-853238.64	-1005290.72	37.0362
-817250.794	-1072663.047	-816650.416	-1075683.859	37.2255
-680379.32	-1044857.65	-679486.459	-1043293.085	24.0585
-824175.43	-1076403.11	-823930.32	-1076414.79	2.7267
-646612.72	-1029025.29	-647401.8	-1028096.74	14.5189
-740449.38	-984069.56	-740425.24	-984956.78	9.9645
-823782.609	-1010399.294	-824204.341	-1011429.901	12.9672
-665985.665	-1014190.974	-667596.64	-1016697.53	35.6917
-668977.106	-1067594.311	-667413.88	-1070189.63	35.4958
-732406.261	-1057487.646	-731999.944	-1057687.789	9.4318
-875290.624	-1010744.429	-874248.415	-1011555.602	14.9774
-653072.91	-1022891.08	-653288.69	-1021283.75	23.9183
-702718.41	-1046996.8	-703193.08	-1047787.47	18.6081
-752939.66	-1019805.72	-753404.14	-1020020.39	12.3491
-687848.521	-1056929.249	-687848.906	-1056461.199	9.4526
-842743.14	-1009995.94	-840674.114	-1009034.216	35.673
-682349.499	-1071601.107	-681516.604	-1071396.197	10.3097
-654422.55	-1033954.05	-654259.08	-1033888.45	1.9965
-758946.8	-1047715.38	-758938.02	-1047552.36	3.3789
-791126.51	-987607.11	-791773.631	-986774.146	22.3199
-740041.62	-1048597.98	-740040.5	-1048642.14	0.898