-699781.376	-1001286.294	-698666.268	-1001783.179	15.5801
-818157.27	-1038318.05	-817623.148	-1037014.96	20.5757
-738890.244	-1040092.129	-739143.03	-1040124.46	5.1599
-649175.674	-1083114.173	-649508.54	-1081915.849	16.8151
-771691.03	-1056741.32	-770168.015	-1057386.5	23.0885
-698925.234	-1010862.723	-698831.482	-1012630.365	22.5228
-708233.01	-1084992.954	-707996.479	-1083867.228	14.2485
-722967.369	-1006661.187	-725864.598	-1006765.46	51.2983
-671323.556	-1013361.815	-671334.839	-1013380.04	0.7419
-740517.56	-1057594.04	-740512.28	-1057582.49	0.3021
-676072.97	-1057055.44	-676169.25	-1057074.54	2.0208
-840762.94	-1019368.88	-840670.518	-1019476.288	3.9566
-739456.84	-1047650.3	-739501.61	-1047742.46	2.1953
-720554.445	-1047589.278	-720978.91	-1047681.804	9.5413
-646860.963	-1084552.205	-647976.31	-1088461.283	47.2753
-641605.123	-1092203.697	-641361.511	-1092462.084	7.4151
-768381.901	-1043327.415	-768948.186	-1044541.868	15.411
-822538.061	-1068643.955	-822459.54	-1068874.63	4.9431
-746806.121	-1017300.037	-746818.768	-1017317.733	0.2873
-728616.024	-1078644.729	-728602.055	-1078644.568	0.3134
-807534.432	-1051274.618	-807285.49	-1049727.11	18.6686
-765863.967	-983629.744	-766483.586	-982856.956	8.0622
-828416.25	-1029164.0	-828832.036	-1030165.093	15.4526
-722148.55	-1041869.95	-725662.193	-1042408.85	28.2179
-697966.78	-1002610.83	-697594.008	-1001104.644	18.2577
-691133.201	-1066124.921	-691161.547	-1066271.947	1.6637
-803608.21	-1077857.96	-803916.975	-1076948.765	19.5582
-723658.439	-1036741.984	-723901.304	-1036730.429	4.9959
-654577.54	-1028792.8	-655721.4	-1026706.88	33.8104
-789713.931	-1027151.929	-789783.118	-1027080.451	1.3438
-880059.211	-1017014.859	-880905.313	-1014385.715	38.6834
-718298.05	-1057596.86	-717259.4	-1057317.02	21.5519
-752145.81	-1038511.65	-752125.679	-1038679.677	3.6511
-788150.0	-990375.94	-787980.79	-990434.66	3.5994
-773231.14	-998764.04	-773902.9	-997205.3	19.7501
-711170.12	-1025870.9	-711022.23	-1025781.77	3.4536
-649085.77	-1029046.31	-648804.6	-1029120.41	3.2355
-771203.743	-989206.762	-771078.29	-990730.67	25.5914
-773237.107	-978438.398	-770903.04	-979469.9	24.6677
-811825.3	-986832.05	-811963.57	-985598.44	16.4093
-772117.211	-1018247.012	-771592.16	-1018016.29	6.9621
-719573.58	-1015047.5	-719846.08	-1013478.47	20.5966
-806118.682	-1006432.464	-802905.445	-1007319.834	50.7648
-656208.767	-1092763.429	-656812.937	-1093501.15	32.8287
-688328.881	-1046580.985	-688233.175	-1046546.614	2.089
-852656.05	-1038915.62	-854429.27	-1039690.03	24.3991
-790860.627	-1002521.829	-793542.74	-999883.96	52.8034
-733481.924	-975306.942	-734539.895	-974968.556	14.3724
-699963.086	-1071719.372	-699077.33	-1070595.49	16.9008
-805541.115	-990403.576	-805521.1	-990411.345	0.4987
-721396.0	-1052860.8	-721062.76	-1053407.858	8.3728
-676359.333	-1040833.919	-675978.208	-1041097.886	5.2563
-857071.95	-1039267.52	-854289.81	-1040087.67	38.2101
-663771.536	-1036203.713	-663566.08	-1037782.32	17.9251
-749112.72	-1053953.78	-749962.11	-1054825.44	25.4292
-765682.58	-1040663.16	-765097.63	-1039469.87	18.1351
-778922.16	-1071182.43	-781657.589	-1070927.959	32.842
-756485.88	-996910.85	-755871.129	-995504.851	23.8864
-694157.94	-1044358.01	-694128.44	-1044382.37	1.0182
-752450.15	-1042833.73	-752455.375	-1043124.0	3.2564
-730244.83	-1030971.86	-729616.5	-1031588.92	9.8704
-767628.36	-1046038.68	-767521.688	-1046058.5	2.1756
-738807.89	-1040058.4	-738890.244	-1040092.129	1.7815
-849492.813	-1064832.5	-849524.125	-1064819.0	1.1939
-778922.16	-1071182.43	-778814.3	-1071062.64	3.4241
-641605.123	-1092203.697	-642864.698	-1091196.524	22.9374
-734667.725	-1041598.981	-734904.4	-1041120.39	7.5227
-781482.919	-985956.992	-781603.936	-986039.87	3.0492
-740252.159	-1048828.77	-740042.682	-1048803.266	4.3019
-819326.668	-1076797.521	-818948.018	-1077663.065	19.1959
-781065.17	-989219.41	-781064.88	-989176.29	0.4791
-687128.448	-1059812.154	-688066.84	-1062324.49	50.02
-702051.307	-1042737.632	-700476.8	-1041432.14	23.8095
-831413.73	-984863.759	-834024.087	-983878.067	44.8584
-745098.936	-1048384.833	-744834.87	-1048200.68	6.5012
-690276.83	-1015960.33	-690459.05	-1018887.38	37.9388
-767326.434	-971436.256	-767218.369	-971343.443	3.2929
-721519.313	-1032410.851	-721593.39	-1032506.03	0.9278
-851518.2	-1010751.166	-851816.443	-1010487.409	8.0267
-753684.045	-981066.838	-754958.704	-982106.82	22.13
-737336.209	-1046745.719	-737336.38	-1046672.94	1.729
-757816.444	-1031573.963	-757892.83	-1031276.15	6.181
-721832.46	-1081626.08	-721734.23	-1079750.92	26.408
-770406.95	-1016484.18	-770317.58	-1016319.82	3.8201
-699256.34	-1061459.02	-698639.7	-1060855.31	10.1287
-658260.77	-1017886.87	-658912.297	-1021936.138	107.6937
-649269.117	-1061763.106	-649286.677	-1061749.033	0.5288
-671549.868	-1018795.541	-670644.52	-1018055.48	13.9586
-754958.704	-982106.82	-754170.984	-982983.49	15.1557
-733066.43	-1000888.03	-731996.41	-998262.67	41.5009
-738930.214	-1070969.271	-738946.797	-1071544.05	7.4857
-687083.697	-1086022.321	-688233.261	-1086832.798	16.2141
-774993.72	-1033762.995	-774972.65	-1033732.19	0.9156
-740572.33	-1040310.77	-740517.97	-1040263.89	2.07
-654990.782	-1070102.447	-655004.554	-1070119.791	0.3221
-697482.489	-1026804.253	-697605.08	-1030139.578	45.1739
-833948.712	-1071199.905	-833895.713	-1071419.942	4.5435
-801941.445	-1036474.226	-800263.776	-1036286.025	25.3769
-662783.192	-1048928.588	-663755.607	-1051422.114	35.0303
-865033.199	-1014739.988	-867009.472	-1014018.47	45.0517
-794659.195	-1039549.728	-798142.012	-1040529.697	44.8955
-782050.48	-1009785.59	-782023.23	-1007416.47	29.7122
-728843.855	-1039330.22	-729214.448	-1040266.062	12.1014
-739238.46	-1040119.82	-739082.491	-1040215.115	13.499
-708461.4	-1069518.07	-707874.94	-1069852.35	7.5697
-738120.433	-1086138.778	-738150.745	-1085874.268	398.7402
-762551.91	-1038286.19	-762567.14	-1038342.76	0.6524
-724640.929	-1034155.105	-726557.64	-1030504.07	52.0296
-705427.24	-1044468.27	-705211.72	-1044587.42	1.8948
-748333.149	-980555.381	-748074.278	-981286.736	9.1778
-718601.39	-1025304.16	-720536.65	-1026893.42	28.7379
-781214.734	-998287.394	-782077.75	-996422.43	25.7111
-646321.017	-1065809.304	-643828.134	-1066696.643	31.2041
-741812.93	-1041316.18	-742025.384	-1041551.688	7.9003
-836190.341	-989605.311	-835338.541	-986249.51	42.2265
-689537.866	-1046430.53	-689541.189	-1046445.739	0.3467
-771925.35	-1015431.21	-772409.43	-1015257.39	5.9869
-724437.183	-1041554.406	-724451.812	-1041571.23	0.3137
-696275.836	-1045441.325	-696311.254	-1045338.548	1.6217
-765367.06	-1080162.52	-765999.3	-1078549.26	20.8819
-829974.814	-1072884.661	-830129.382	-1072797.519	1.3668
-684709.56	-1008697.17	-684463.163	-1008439.427	7.1324
-824860.766	-1067179.646	-823952.872	-1066561.885	13.5088
-659303.77	-1056898.26	-659290.395	-1054466.073	31.3638
-772417.03	-1059210.58	-772442.814	-1059091.704	2.4471
-700619.652	-1070088.575	-699963.086	-1071719.372	20.0461
-676623.208	-1092587.477	-676956.373	-1091523.562	91.7723
-750178.031	-1005376.112	-750159.616	-1005373.797	0.4236
-865292.98	-1015988.686	-865301.54	-1016244.292	5.5774
-660644.73	-1082561.32	-658278.062	-1080883.94	38.2882
-645895.34	-1082488.863	-644785.521	-1082590.738	12.987
-641200.314	-1062662.991	-641137.754	-1061523.742	13.3401
-732856.34	-1029634.35	-732473.929	-1029694.138	9.0907
-784542.341	-1004527.927	-783314.78	-1005296.41	17.3854
-741810.06	-1048888.99	-743775.84	-1049079.58	41.7959
-776403.965	-1052478.333	-776091.979	-1050901.754	28.9589
-769389.42	-1033348.2	-769269.16	-1031918.29	16.6861
-778371.176	-1058882.796	-778543.215	-1058986.636	1.5458
-741595.338	-1042667.249	-741631.52	-1043058.113	7.8658
-779024.37	-981604.83	-778879.455	-981677.522	3.2433
-763264.3	-977132.65	-763397.24	-977099.53	2.7422
-726774.909	-1054699.946	-727029.82	-1054875.525	6.1966
-727201.508	-993032.23	-725140.036	-993094.291	36.4657
-753337.248	-1047994.104	-753428.182	-1047855.423	3.3172
-748228.245	-984805.298	-748266.93	-984834.88	0.5414
-756891.0	-1048656.43	-755561.139	-1048762.837	15.3602
-706833.082	-1051923.937	-707080.209	-1050289.257	19.4746
-669508.322	-1044456.713	-669043.352	-1044621.083	9.9709
-695912.142	-1063048.495	-695861.772	-1062713.259	3.8073
-820611.661	-1069858.811	-821832.261	-1069947.466	25.0497
-671939.704	-1014790.747	-671157.532	-1014752.688	16.6462
-719664.66	-1030725.65	-719755.49	-1030528.03	2.9488
-646889.99	-1040994.64	-646418.13	-1041526.08	14.5782
-788804.87	-979200.83	-789064.31	-977443.98	19.8079
-752070.68	-1038599.17	-752161.6	-1038473.45	3.1033
-749343.934	-1045675.019	-751326.36	-1045689.05	39.6497
-664402.25	-1047829.813	-664184.063	-1047903.25	2.5588
-824242.78	-1071919.35	-824346.25	-1071995.96	2.6132
-675688.767	-1054501.648	-675849.46	-1054214.26	7.2732
-753071.696	-979898.12	-752431.017	-980746.742	14.2971
-788280.93	-990324.35	-788150.0	-990375.94	2.8345
-662627.63	-1025776.23	-662006.84	-1026065.79	9.2261
-742518.5	-1045924.19	-742522.57	-1045850.3	1.4853
-706247.82	-1004012.78	-706091.96	-1004485.88	5.5759
-789158.18	-1016222.98	-788774.22	-1016148.65	4.7926
-646565.498	-1077448.371	-646962.665	-1079051.72	28.0648
-747453.951	-1024023.395	-747371.97	-1023961.73	2.1253
-763141.96	-992584.68	-762936.56	-992381.36	5.7815
-754233.047	-1046633.889	-753444.92	-1047853.34	31.1838
-753600.19	-1041770.82	-753237.68	-1041867.54	2.8915
-754682.0	-993568.33	-756148.73	-993317.52	43.0181
-650316.67	-1066703.03	-651043.587	-1068475.414	21.9044
-882361.76	-1020912.45	-882376.558	-1020884.772	0.3577
-810692.36	-991756.35	-810760.28	-991750.83	0.9484
-646333.375	-1062376.067	-646349.547	-1062365.682	0.5741
-808214.44	-991501.83	-810681.831	-985609.893	93.0717
-810812.074	-1036876.588	-810276.99	-1036473.986	10.2954
-725654.097	-998847.16	-727322.78	-1001073.29	52.9948
-702593.435	-1089864.197	-702961.865	-1089131.717	53.4922
-742614.85	-1013335.24	-742265.16	-1013559.67	4.6391
-648320.15	-1058431.014	-648218.514	-1058462.339	2.1342
-746021.746	-1054033.324	-745964.069	-1053779.076	5.2472
-814348.83	-1031915.438	-815676.12	-1031636.57	20.9058
-725329.222	-978326.922	-724592.087	-974878.778	39.8594
-713680.036	-1033381.515	-714019.39	-1030869.42	32.8683
-746274.66	-993820.43	-745363.224	-990602.243	45.449
-733709.44	-1030190.23	-732856.34	-1029634.35	25.9967
-778139.229	-981927.018	-778150.952	-981922.887	0.3486
-767753.343	-1064569.401	-768216.533	-1064805.843	6.0984
-737520.29	-1046623.77	-737762.72	-1046569.09	5.0324
-766569.98	-1006757.01	-766470.27	-1008040.88	17.5874
-695047.376	-1044391.963	-694157.94	-1044358.01	9.9049
-730812.91	-1045592.62	-730655.43	-1045534.04	2.3638
-649184.804	-1019796.781	-649081.88	-1019866.94	2.5493
-792277.4	-1036604.21	-791434.04	-1034401.32	28.6539
-828138.18	-988352.21	-829024.303	-985564.954	39.2354
-768394.55	-991513.293	-768913.823	-991587.479	5.8511
-776179.99	-979470.54	-774371.24	-980479.83	35.3498
-680931.996	-991412.351	-681247.84	-991599.76	5.858
-729424.24	-1055153.083	-728273.927	-1055690.496	15.7389
-741783.23	-1022223.97	-741471.85	-1019735.03	28.159
-704080.94	-1018633.22	-704031.14	-1018885.86	2.8612
-814270.804	-1042305.748	-814250.59	-1042219.57	0.9847
-770761.02	-979548.54	-773237.107	-978438.398	26.0453
-800928.821	-1006647.121	-798710.683	-1005533.253	34.2958
-738037.11	-1005368.743	-738002.88	-1005326.91	0.6039
-808251.99	-998862.84	-807625.76	-999569.73	10.9847
-729298.04	-1084653.56	-729054.11	-1086088.29	24.173
-850635.225	-1022379.352	-846221.073	-1022074.287	60.4246
-701062.533	-1010506.052	-700948.227	-1010726.782	5.2053
-794481.78	-1004012.95	-794481.072	-1003988.877	0.3358
-712873.074	-983376.143	-712873.971	-983396.929	0.596
-758192.223	-1015753.97	-758638.51	-1013428.37	37.3082
-856461.245	-1058546.125	-856838.514	-1058576.18	4.8782
-642862.219	-1071659.45	-640730.83	-1072215.52	24.6941
-714747.487	-1020317.35	-715971.72	-1019153.54	19.5149
-772600.332	-1054949.996	-772662.778	-1054864.906	2.1122
-753305.819	-1004644.725	-753311.776	-1004662.85	0.2577
-802663.404	-1071055.267	-806461.312	-1072615.239	48.5767
-780629.94	-1015323.93	-779957.29	-1013277.41	24.5437
-845263.628	-1031836.868	-845191.49	-1031871.04	1.7885
-800845.07	-1040057.81	-799534.342	-1038607.217	29.7297
-783506.85	-1065494.96	-783554.64	-1066015.71	19.1379
-783766.49	-973858.9	-784099.891	-975185.692	18.1668
-644574.533	-1038412.225	-644501.1	-1038399.972	0.8561
-659255.092	-1065048.695	-659884.474	-1065080.258	12.9997
-671157.532	-1014752.688	-671278.02	-1014903.47	2.77
-657637.67	-1071921.73	-659661.553	-1072015.61	27.4684
-673383.37	-1012036.57	-673303.995	-1012046.221	1.859
-850259.53	-1002106.96	-849278.494	-1001949.545	11.3509
-692398.456	-1061029.368	-691574.13	-1060305.91	12.4609
-687349.345	-1073792.005	-688002.282	-1075181.562	30.5034
-881432.276	-1028474.542	-881426.324	-1030947.055	32.0215
-848599.115	-1010014.034	-848631.622	-1009970.503	1.9799
-810667.344	-991730.324	-810333.785	-991622.577	5.2272
-816360.47	-1040386.63	-814540.66	-1041755.27	32.7066
-887508.86	-1019850.702	-887593.216	-1019848.564	0.9376
-664324.403	-1076602.339	-665871.701	-1077467.464	20.398
-827877.321	-1041525.222	-827952.099	-1041307.414	5.0188
-669115.19	-1014089.95	-669096.11	-1014095.01	0.3948
-783489.42	-1061938.708	-783301.77	-1061787.31	4.8223
-649218.969	-1061762.193	-649175.166	-1061861.382	2.4476
-827416.761	-1067890.621	-826590.528	-1066929.803	27.2891
-846571.19	-1058231.87	-849027.29	-1064681.514	106.2646
-702096.308	-1043248.3	-699059.06	-1044114.19	35.305
-647250.053	-1071710.344	-647230.95	-1071708.757	0.4454
-802162.267	-989165.468	-802745.655	-986906.4	26.0646
-677792.44	-1026214.67	-675281.436	-1028735.788	52.5965
-693984.34	-985511.09	-693882.019	-985360.406	3.9183
-759709.546	-1022511.169	-758738.418	-1022082.312	11.8972
-666244.74	-1012055.81	-665581.79	-1012129.63	7.5652
-713219.871	-1058449.529	-713318.64	-1057596.11	17.2387
-756787.96	-1074718.42	-756668.73	-1074707.95	2.4272
-806693.978	-1072845.383	-806475.528	-1072629.159	6.3438
-734517.46	-1041013.28	-732453.52	-1040841.31	23.9147
-845456.526	-1038852.984	-846443.724	-1036838.121	35.1999
-835040.953	-1040646.03	-833692.707	-1042370.341	30.1297
-730385.752	-1043397.184	-730143.03	-1043481.59	1.9799
-723303.99	-1003392.09	-723479.16	-1003385.98	2.3082
-826432.35	-1070622.92	-826669.354	-1070793.339	6.7575
-753333.535	-979268.124	-753862.964	-979708.209	34.085
-861624.971	-1062894.808	-860415.091	-1062241.287	16.6229
-675640.02	-1070644.17	-673976.137	-1069265.756	25.5124
-831240.458	-999151.728	-831193.859	-999203.224	0.7938
-770075.309	-979937.134	-769529.73	-980208.64	7.0305
-756963.7	-1065845.66	-759007.55	-1068529.69	27.3244
-650684.518	-1064923.191	-648646.5	-1065164.625	25.7505
-870696.034	-1028508.817	-868550.73	-1025322.24	65.2268
-748331.57	-1058014.71	-748344.33	-1057914.08	1.2106
-807087.86	-996251.48	-807022.055	-996238.78	1.543
-825530.02	-1076547.61	-824557.59	-1076392.94	7.603
-874060.667	-995595.356	-873406.78	-991086.604	63.2016
-796572.45	-1009553.07	-794318.27	-1008076.35	41.4636
-784212.8	-1059855.91	-783526.28	-1061170.79	18.8646
-690630.034	-1083921.78	-693617.036	-1085212.682	61.234
-831365.121	-1070584.323	-832522.232	-1070640.672	13.2006
-674962.455	-1021144.372	-675391.292	-1019425.013	22.9811
-747391.63	-1054904.92	-747508.02	-1054938.99	2.5212
-855476.543	-997761.633	-853365.73	-1002828.81	110.8266
-679531.5	-1068030.357	-679522.468	-1067119.159	19.1497
-752450.15	-1042833.73	-752328.935	-1043033.012	1.8185
-736747.68	-1038593.73	-735568.11	-1040276.17	23.1841
-777963.57	-980328.72	-778018.52	-980258.925	0.987
-765196.17	-991442.12	-765234.64	-991502.28	0.8107
-779251.363	-993739.69	-780523.91	-993848.68	19.5108
-831111.946	-997765.178	-830193.24	-997923.3	19.0609
-827404.39	-1021838.42	-827593.495	-1020692.692	14.3011
-779014.383	-981884.226	-779009.3	-981800.15	2.1509
-744509.614	-989894.407	-744693.307	-988746.254	13.6691
-767952.16	-1018202.72	-767274.47	-1016513.4	21.4233
-754326.98	-1045709.048	-755007.66	-1046144.38	16.3104
-777324.325	-973961.95	-777348.35	-973934.58	1.1098
-829697.252	-1070349.003	-829918.574	-1070530.916	6.7063
-744427.01	-1041940.53	-742589.37	-1041655.95	37.821
-743748.95	-1024743.24	-743703.125	-1025022.688	5.6922
-650508.75	-1024626.59	-649971.71	-1026167.52	24.7306
-668960.1	-1074642.45	-667006.204	-1075075.738	22.8449
-789558.28	-989147.0	-789599.47	-989178.13	1.4067
-675234.35	-1007214.66	-675048.91	-1008405.81	15.6642
-662680.682	-1092699.221	-660193.355	-1090932.548	44.3703
-752105.489	-980945.987	-752687.05	-982562.7	46.6144
-770823.51	-981441.98	-770807.14	-981413.88	0.3615
-745060.155	-988699.985	-744763.263	-988713.681	6.9144
-697516.782	-1035928.448	-697541.012	-1035978.822	0.622
-660888.99	-1076633.9	-661479.04	-1077396.65	10.9491
-742458.968	-1045227.057	-741982.434	-1043721.781	34.3405
-644971.38	-1032389.41	-643499.44	-1034658.75	34.296
-647877.341	-1062897.559	-646271.32	-1063832.91	21.7301
-720501.53	-1007824.76	-721120.86	-1008565.41	17.6271
-756498.84	-1080484.19	-757206.48	-1080755.63	8.6698
-816403.88	-1076194.94	-815495.249	-1077006.108	27.7237
-777861.4	-994155.78	-776977.4	-994336.9	10.4322
-703994.683	-1051276.113	-702949.797	-1052173.005	16.7877
-755071.627	-972993.598	-756230.625	-971996.438	19.186
-827959.95	-1025194.124	-828432.897	-1025096.197	5.3664
-809128.779	-1074842.045	-807937.656	-1073945.98	18.4984
-645008.33	-1049648.67	-645067.71	-1049645.3	1.22
-813718.777	-1072673.812	-818651.724	-1074636.177	43.0158
-862971.997	-1029304.174	-863093.577	-1028678.965	8.0715
-739353.38	-1033785.91	-739362.188	-1033725.438	1.276
-830319.0	-1023231.16	-831254.004	-1022479.198	15.2158
-867326.503	-1012994.96	-866969.154	-1012833.063	8.8163
-865997.726	-1006888.609	-865417.798	-1006932.159	6.7395
-644390.63	-1074453.586	-644363.469	-1074457.652	0.5498
-677020.49	-1000618.96	-677452.67	-996678.42	49.7587
-826437.994	-1068327.778	-824983.948	-1067325.925	36.3326
-788376.49	-989836.61	-788657.3	-989779.55	3.1929
-819105.02	-1017258.59	-819149.87	-1017315.07	0.8027
-815246.656	-1034011.793	-813741.686	-1034385.49	20.3076
-698168.294	-995083.306	-699656.9	-989234.21	74.8461
-826730.649	-1070790.848	-826644.106	-1068543.16	28.6325
-857441.077	-1066745.506	-857682.671	-1066757.76	2.6878
-719358.41	-1030469.28	-719467.12	-1030538.8	1.471
-664760.619	-1005645.69	-664728.44	-1005648.28	0.3599
-645261.5	-1019198.11	-645714.73	-1017890.78	15.7412
-689519.15	-1046326.769	-689587.498	-1046417.111	1.3102
-735378.68	-1040730.19	-735557.76	-1040276.86	10.0891
-764859.74	-983493.05	-764427.96	-984213.11	10.8848
-815143.711	-1070873.278	-815293.012	-1071088.658	5.2417
-778958.856	-1029962.33	-780351.726	-1028866.151	22.2604
-863515.102	-1062767.975	-861624.971	-1062894.808	32.5027
-865944.702	-1046034.631	-867453.799	-1044174.344	27.4947
-726488.524	-1059462.93	-725952.316	-1059744.272	12.4463
-685206.43	-1070551.72	-684936.41	-1068925.74	18.7965
-684827.173	-1062061.435	-686980.44	-1062408.9	32.2864
-809228.339	-1008664.888	-812426.4	-1007250.22	44.1769
-736690.38	-983714.019	-736667.864	-983719.336	0.5583
-688864.228	-1079452.576	-688754.704	-1080190.043	9.3806
-767615.32	-1045923.917	-767491.287	-1045988.307	4.4582
-757249.19	-1054548.64	-758171.547	-1053690.762	15.5509
-759844.263	-994650.504	-759169.19	-993327.263	18.392
-783870.85	-988372.22	-783982.72	-988290.11	1.7586
-807838.519	-1027990.408	-808386.509	-1029996.246	24.3955
-783769.365	-1025764.997	-781142.37	-1024346.29	34.3221
-666052.66	-1013687.66	-664642.66	-1013307.79	16.2266
-848832.896	-1010100.024	-848962.91	-1010196.535	3.2392
-690438.51	-1007547.74	-690227.01	-1008787.15	20.9395
-695848.88	-1063391.09	-694676.06	-1062700.39	15.4177
-711558.013	-1059050.548	-709530.633	-1060363.498	28.0863
-737247.074	-1035840.859	-737250.813	-1035813.563	0.551
-886250.58	-1006012.601	-887135.399	-1006153.178	19.4394
-692470.7	-1037425.66	-692331.51	-1039270.14	20.7643
-715974.36	-1048190.05	-718045.351	-1046662.504	37.1665
-753550.831	-1045351.972	-753521.58	-1045244.16	1.2419
-667732.27	-1052888.66	-666416.596	-1051353.785	37.0342
-788981.45	-1005130.06	-788963.31	-1005173.23	0.9495
-751945.629	-984673.444	-751731.718	-984231.884	5.8416
-765293.39	-1061827.9	-765106.286	-1060529.073	29.6314
-737206.749	-1023015.723	-737576.263	-1021220.559	27.8896
-679630.205	-1067940.403	-679959.244	-1068126.389	7.6766
-709975.95	-1078585.03	-707680.002	-1079370.444	34.463
-786314.85	-1063861.96	-785879.46	-1063937.49	5.0548
-781165.18	-977555.19	-779744.871	-976486.266	19.7771
-677070.88	-1001484.59	-677007.72	-1000843.96	17.2181
-716853.89	-1028471.05	-716792.41	-1028460.31	0.6986
-678232.017	-1006361.03	-677815.19	-1005964.39	6.7295
-764550.697	-1059651.999	-765494.96	-1058755.27	20.7479
-834476.86	-1034461.395	-835229.15	-1036761.68	39.6146
-652788.91	-1048069.96	-653801.06	-1046947.06	18.3097
-642027.43	-1036100.23	-641536.53	-1036240.3	10.23
-691713.46	-1050986.78	-692138.97	-1053501.65	29.5367
-714955.33	-1050127.92	-713785.282	-1051216.456	25.2222
-654291.117	-1037485.592	-652600.61	-1037242.8	22.68
-719811.36	-993031.51	-726528.96	-994833.11	122.349
-772290.594	-972053.928	-773077.46	-973270.523	17.3769
-740406.404	-1048873.624	-741046.815	-1048810.985	13.3135
-693463.932	-1026383.908	-695271.118	-1026511.729	22.053
-735825.19	-1046142.27	-734745.64	-1045801.2	22.7888
-717159.18	-1080163.72	-716793.53	-1080685.37	7.9151
-738223.133	-1026283.648	-737151.093	-1027403.432	17.6787
-718581.56	-1070656.91	-717029.302	-1073941.21	65.7459
-814934.646	-1044042.706	-814270.804	-1042305.748	32.0138
-805521.1	-990411.345	-807218.882	-991570.862	27.6175
-776977.4	-994336.9	-775685.57	-995993.75	27.8761
-778671.883	-1022544.298	-778800.86	-1022489.66	1.5657
-700948.227	-1010726.782	-701009.116	-1011040.206	6.4085
-727819.46	-1073856.16	-727946.954	-1073950.328	3.8811
-797092.49	-1041981.24	-797715.38	-1042168.53	7.4164
-648218.514	-1058462.339	-648176.324	-1058521.286	1.4753
-690459.05	-1018887.38	-691880.813	-1019898.25	24.8948
-740022.484	-1032690.58	-740013.875	-1032677.758	0.2035
-832441.61	-1024564.49	-832638.577	-1024569.831	2.1893
-854740.22	-1011317.25	-854546.74	-1011568.45	6.3744
-781686.39	-976700.47	-781209.79	-976036.71	17.8276
-710188.14	-1048859.05	-710182.35	-1049300.4	8.8362
-724372.57	-1065211.67	-721564.055	-1069982.225	46.474
-777798.65	-971854.93	-775193.89	-971812.77	34.0163
-685944.85	-993645.62	-685788.91	-993690.74	3.2486
-807997.3	-1023995.28	-805933.271	-1023474.187	25.7683
-832911.048	-1027494.357	-834807.219	-1026606.637	24.6153
-749006.06	-998903.22	-749612.02	-998037.06	15.4343
-794276.65	-1021389.39	-794397.695	-1023702.711	36.6636
-730521.401	-1057413.653	-730531.813	-1057439.07	0.3489
-675298.665	-1071534.53	-675198.195	-1071371.947	4.0866
-763002.36	-1036772.169	-762993.042	-1036759.664	0.3635
-644757.665	-1038531.886	-644892.875	-1038839.148	3.7352
-722367.371	-1006034.439	-721659.61	-1005327.96	12.8483
-770807.14	-981413.88	-769283.265	-983580.511	57.4397
-740017.87	-1023680.65	-741582.743	-1023354.686	25.3403
-852196.714	-1010420.746	-852230.78	-1010352.22	4.3586
-794666.078	-986619.372	-795341.173	-986115.417	9.9977
-678205.782	-991822.832	-678506.4	-991606.16	10.2555
-746181.747	-1054149.451	-746077.791	-1054052.872	2.9163
-693104.317	-1069194.366	-694188.084	-1070765.684	21.8534
-652497.992	-1066015.383	-652274.886	-1066104.592	2.6825
-642805.577	-1092189.703	-642864.698	-1091196.524	11.3692
-757897.741	-971877.005	-758207.97	-971824.14	4.7495
-661199.007	-1036333.514	-658843.558	-1036421.033	27.4159
-729778.3	-987713.52	-728916.517	-986860.571	28.2507
-682729.164	-996505.443	-684556.785	-996046.574	51.3296
-778111.46	-1076900.66	-779507.38	-1077682.8	19.527
-806683.103	-1070750.001	-804883.477	-1069352.662	35.1999
-680184.437	-1024783.66	-684152.15	-1027257.2	60.3087
-705497.782	-1055305.569	-704681.19	-1057271.49	25.3713
-765648.86	-1014631.0	-764160.43	-1016431.93	30.2029
-765437.161	-1051460.769	-767592.88	-1049843.99	56.7853
-741695.67	-1043261.92	-741854.177	-1043506.321	5.8535
-648105.59	-1042943.23	-649026.99	-1042930.417	10.6365
-646328.303	-1042747.946	-648105.59	-1042943.23	20.3415
-678590.879	-1024845.262	-675523.865	-1025031.442	42.5707
-767713.24	-1020395.35	-768007.545	-1020866.625	6.2465
-687297.019	-1004332.947	-684528.15	-1005371.2	92.454
-736319.77	-987791.74	-740361.66	-987432.43	58.3011
-790815.001	-1005014.454	-790798.577	-1005026.94	0.2777
-777561.69	-1064473.0	-777421.09	-1064471.68	2.8705
-671926.45	-1066273.52	-669692.44	-1068140.09	38.9735
-756447.96	-1021323.23	-756261.917	-1021338.145	2.4702
-741585.11	-1042462.899	-741595.796	-1042546.691	1.8008
-730940.9	-1057524.13	-731354.232	-1057376.602	5.0602
-648175.388	-1058490.263	-648176.324	-1058521.286	0.6207
-762567.14	-1038342.76	-762618.34	-1038545.51	2.3406
-768246.13	-1007091.41	-768489.338	-1006064.852	13.0125
-783159.19	-985951.26	-786429.169	-985671.17	39.1229
-724561.98	-1065478.333	-724303.808	-1063006.377	48.4747
-775984.15	-977292.28	-776389.105	-977198.922	8.8116
-667163.557	-1083642.392	-666976.85	-1084987.33	16.0893
-764261.78	-997949.66	-762872.288	-999971.451	28.1862
-866585.404	-1040998.766	-866570.558	-1040967.68	0.5338
-747934.61	-980092.39	-748339.95	-979141.65	13.5139
-673860.1	-1011319.61	-673103.375	-1012159.25	17.6177
-853238.64	-1005290.72	-853220.61	-1005292.68	0.268
-812211.605	-1044382.774	-814216.137	-1042267.043	38.274
-730629.2	-1084569.55	-730363.36	-1084639.28	5.9545
-786504.24	-985626.52	-790570.55	-988005.54	77.8343
-691664.96	-1036227.03	-691007.84	-1035833.65	9.3229
-763628.32	-976556.84	-763419.86	-977081.8	13.3484
-695974.948	-1082369.357	-695521.784	-1081674.409	12.8533
-772390.309	-1054712.423	-772391.897	-1054695.278	0.4242
-788881.111	-1025129.916	-791324.55	-1023883.27	31.3773
-658457.852	-1051857.961	-658334.737	-1052094.419	6.2172
-721440.643	-1056896.976	-720485.953	-1057079.4	19.6736
-789625.983	-1027260.753	-789661.866	-1027019.796	2.7079
-745388.884	-996068.068	-744036.04	-995306.13	22.5006
-819756.53	-1076870.55	-818728.15	-1074717.07	19.2247
-851348.499	-1041793.972	-852299.85	-1041099.68	14.0161
-666386.09	-1013742.47	-666372.05	-1013756.79	0.3212
-772072.604	-1055109.476	-772600.332	-1054949.996	28.1006
-697239.861	-1038815.407	-697248.668	-1038787.04	0.8754
-705349.875	-1044497.918	-705261.63	-1044465.61	10.7858
-763360.59	-1072785.59	-763306.519	-1072853.719	1.1044
-721832.46	-1081626.08	-718816.05	-1080246.1	39.6708
-691280.26	-1049337.06	-692738.64	-1049095.92	16.9928
-729655.017	-1001739.13	-727786.246	-1001564.236	23.8264
-719856.982	-1019559.838	-719458.52	-1019522.39	4.6348
-845263.628	-1031836.868	-845245.939	-1031964.905	4.3977
-767792.95	-1022765.24	-768028.498	-1020847.565	26.4671
-724920.28	-1020590.19	-723882.82	-1021668.55	27.6263
-825105.07	-1064563.95	-825336.372	-1064370.67	6.0491
-859612.768	-1012994.734	-859622.546	-1013029.012	0.9488
-665351.65	-1074709.53	-664954.73	-1074235.15	7.7715
-726907.287	-1054944.598	-726844.043	-1054963.478	1.4094
-738956.875	-1048768.4	-739066.942	-1048837.079	9.7342
-775931.861	-1014770.023	-776056.529	-1014620.924	1.4953
-768948.186	-1044541.868	-771084.12	-1044639.87	26.7368
-750699.369	-993068.138	-755638.975	-991032.899	62.6641
-665581.79	-1012129.63	-665051.49	-1012206.8	6.112
-645050.708	-1074298.705	-645058.102	-1074054.935	5.0073
-741472.762	-1058921.539	-741460.669	-1058925.122	0.3063
-739933.37	-1055698.36	-737962.08	-1057878.6	28.0363
-696490.038	-1045413.991	-705349.875	-1044497.918	71.0308
-761851.211	-980207.841	-760789.082	-981676.851	31.2788
-721122.653	-1013634.872	-720730.33	-1012025.78	21.5894
-763530.548	-1022285.521	-763472.347	-1022342.542	1.0169
-740628.86	-1074654.03	-740565.003	-1075583.468	11.649
-645139.2	-1049789.74	-645200.794	-1049985.649	4.13
-651504.349	-1069456.071	-651380.482	-1069460.765	1.3952
-774638.4	-1000367.22	-774673.57	-1000296.917	0.874
-732450.528	-1054772.006	-732562.453	-1055095.45	6.8587
-887874.331	-1020027.343	-887861.358	-1020176.436	1.6632
-867788.045	-1017518.115	-867706.58	-1017480.5	1.797
-762838.747	-1028415.402	-762929.756	-1028472.199	2.1816
-713993.34	-1063567.17	-711784.0	-1064749.93	70.7163
-726330.742	-988719.655	-726313.87	-985563.72	66.5329
-844157.23	-1005396.74	-844031.05	-1005115.65	3.4528
-718816.05	-1080246.1	-718252.42	-1081151.425	14.258
-782026.167	-1007397.616	-782023.23	-1007416.47	0.4524
-673976.137	-1069265.756	-672661.78	-1068657.88	16.7079
-824116.77	-1073873.79	-824107.511	-1073718.837	1.4112
-740190.65	-1048779.76	-740406.404	-1048873.624	4.7285
-670436.689	-1076819.673	-669649.147	-1077852.807	15.4836
-718316.58	-1019140.73	-715971.72	-1019153.54	32.1056
-769875.188	-1053806.12	-770183.79	-1053803.3	6.2139
-737215.96	-1035894.82	-737247.074	-1035840.859	1.2542
-708863.65	-1054156.14	-708643.64	-1056377.41	27.3086
-780590.831	-987038.492	-781523.51	-986006.68	30.8039
-674109.19	-1055995.069	-674070.204	-1056029.286	0.5817
-664512.06	-1020715.93	-664421.81	-1020529.25	2.3514
-749578.5	-1051237.71	-749869.5	-1051283.82	6.6277
-724592.087	-974878.778	-726757.632	-974343.727	30.291
-820516.732	-995220.081	-818573.03	-999187.48	84.5683
-750377.052	-984570.46	-751132.379	-983338.102	17.0691
-823245.745	-1071548.892	-824063.43	-1071420.72	16.6157
-641391.58	-1033562.7	-640566.277	-1033777.102	11.1164
-802843.522	-986670.819	-802871.193	-986653.772	0.9681
-668900.263	-1010304.089	-668848.3	-1010056.22	5.2935
-781620.12	-995649.33	-781397.95	-995265.53	4.9678
-788322.62	-1018466.92	-787841.5	-1017293.11	17.2784
-760003.88	-1013059.59	-758455.89	-1012416.89	19.7713
-707388.19	-1021381.55	-705237.46	-1015233.13	54.5083
-717534.646	-1074139.58	-717503.863	-1074135.453	0.3451
-795766.35	-1003959.98	-795581.52	-1003424.16	6.2979
-660888.99	-1076633.9	-660488.655	-1076972.41	6.3687
-721547.42	-1069979.61	-724861.717	-1064740.481	52.1116
-666018.226	-1070164.497	-665519.497	-1072390.694	31.4557
-662294.7	-1072165.97	-661987.09	-1073794.27	22.3383
-674863.694	-1076462.292	-674637.39	-1078055.65	20.3922
-785178.16	-1051782.72	-785807.44	-1051302.42	18.6267
-830110.31	-1073052.819	-831956.795	-1074208.004	24.7928
-784722.5	-1063858.94	-783503.83	-1062042.29	27.8686
-734056.437	-1031412.866	-731819.56	-1031524.2	26.7958
-649081.88	-1019866.94	-648881.23	-1019906.8	4.6268
-868652.32	-1010419.15	-868667.144	-1010400.462	0.2651
-737962.08	-1057878.6	-737315.04	-1057810.47	13.0308
-866375.51	-1007319.368	-866511.434	-1007379.341	1.6609
-690297.65	-1084598.126	-687080.844	-1085843.436	44.6874
-825861.794	-1026578.558	-825354.441	-1028443.432	26.8758
-667985.11	-1018128.56	-667706.318	-1019347.736	15.1013
-757043.375	-1065616.625	-756889.551	-1065640.076	3.1935
-772417.03	-1059210.58	-773048.249	-1059316.095	12.9612
-783019.1	-1007024.65	-783086.29	-1007065.1	1.6361
-759863.323	-994662.72	-759847.685	-994666.142	0.2177
-794250.59	-993522.31	-794893.45	-994671.92	14.6505
-668496.15	-1035373.03	-667434.36	-1033768.44	22.9772
-794692.01	-1067810.067	-796121.105	-1068873.145	20.7697
-789754.63	-1061227.5	-788859.04	-1062251.69	16.637
-696810.82	-1070133.72	-696105.69	-1068556.318	20.7582
-640148.722	-1086130.675	-639926.348	-1085344.946	21.6791
-812883.77	-1012420.54	-813869.017	-1012270.555	11.6245
-734527.133	-1012633.693	-734494.586	-1012639.929	0.8357
-777348.35	-973934.58	-777362.985	-973953.915	0.5561
-798142.012	-1040529.697	-798436.954	-1040654.338	3.5625
-724577.88	-1062535.3	-724167.957	-1062240.114	18.0864
-745777.72	-1012660.43	-743460.973	-1015310.216	44.0138
-822459.54	-1068874.63	-822454.91	-1068924.56	1.0974
-718661.881	-1070686.967	-718581.56	-1070656.91	1.7549
-730428.745	-1057413.053	-730487.222	-1057428.568	0.6722
-749869.5	-1051283.82	-748866.98	-1053876.95	57.803
-689186.527	-1065944.914	-688947.767	-1065936.886	2.6576
-869392.325	-1039644.254	-869430.152	-1039450.715	3.9536
-833476.732	-1038908.045	-831003.56	-1040615.966	41.4606
-752082.5	-1036255.65	-751575.41	-1034443.519	22.2037
-693741.06	-1070969.8	-692414.164	-1070981.013	16.3033
-712005.61	-1022127.72	-713537.88	-1023025.75	23.2062
-691791.485	-1067486.309	-693113.22	-1068851.6	22.8827
-805046.157	-988856.915	-805117.082	-988938.519	3.688
-752698.839	-986984.752	-751893.901	-987526.245	12.5922
-649074.482	-1081102.697	-650324.406	-1080224.304	47.4754
-739209.05	-1021968.58	-737885.353	-1020982.033	23.188
-859419.45	-1012013.5	-859406.3	-1012030.4	0.6181
-670282.17	-1047974.17	-670250.125	-1047850.25	1.423
-726313.87	-985563.72	-726612.203	-984522.03	14.2608
-699781.376	-1001286.294	-699527.59	-1002090.321	10.9426
-760144.97	-1011847.89	-759803.72	-1011182.22	8.3116
-749132.32	-1035837.82	-751912.67	-1036668.09	40.1967
-858289.002	-999646.275	-858314.518	-999543.567	2.7277
-746935.196	-1017374.917	-746965.041	-1017374.599	0.4232
-822438.85	-1059272.19	-819740.529	-1058341.735	34.0725
-659312.896	-1030193.823	-658601.6	-1029590.43	14.0384
-703661.58	-1035118.35	-704897.606	-1033919.207	25.5774
-708489.08	-1041820.11	-708768.29	-1040762.91	15.6447
-693177.75	-1048932.25	-694097.928	-1048485.249	22.1515
-816170.84	-1003904.37	-816784.88	-1003586.38	7.7233
-753337.621	-1047834.546	-753428.182	-1047855.423	2.0624
-677073.236	-1057023.454	-676991.84	-1056752.87	23.0182
-779046.215	-1029571.411	-778856.69	-1029627.639	3.9538
-680891.06	-1028406.58	-680669.255	-1026409.046	22.7797
-751603.929	-1041232.075	-751550.16	-1040812.85	8.4876
-687027.526	-1041754.471	-685684.47	-1041534.47	19.3676
-739860.717	-1080848.642	-737606.276	-1080142.949	30.8632
-704678.708	-1014785.048	-704896.61	-1014942.03	3.0246
-677663.12	-1037797.67	-677256.85	-1037622.57	4.9736
-723416.48	-1036992.96	-723333.95	-1036968.41	1.7471
-772385.81	-1018391.77	-772117.211	-1018247.012	3.6589
-857538.356	-1040343.281	-856641.138	-1042678.189	32.1034
-737591.776	-1051200.507	-737378.41	-1051200.73	4.6176
-662979.82	-1024072.22	-662930.859	-1022904.339	13.2138
-711842.72	-1041644.94	-712106.34	-1041512.35	3.5492
-739381.44	-1034615.21	-739550.275	-1035498.308	18.0888
-804059.935	-1076620.581	-804232.895	-1076280.818	7.9492
-644066.097	-1023903.328	-644077.794	-1022814.719	12.5713
-687329.116	-1078734.987	-687637.99	-1074883.63	51.4818
-717259.4	-1057317.02	-716425.506	-1057311.845	16.8429
-776481.04	-975542.86	-776401.92	-975501.85	1.7845
-782973.879	-989205.278	-783570.89	-988845.43	8.0335
-784561.37	-1050591.4	-782765.879	-1049651.404	22.8295
-710977.87	-1025266.24	-711055.301	-1025126.549	3.1984
-752432.92	-1038135.98	-753077.49	-1037346.2	7.8419
-852594.958	-1008631.623	-853220.61	-1005292.68	49.1459
-785977.28	-1023470.17	-785751.46	-1023155.57	4.3403
-759076.96	-1053893.65	-758844.38	-1054442.2	7.0698
-846443.724	-1036838.121	-843184.454	-1035767.624	67.8746
-750659.099	-1001857.843	-750766.055	-999807.791	23.7571
-746031.36	-1052928.029	-748866.98	-1053876.95	41.3922
-673341.23	-1017237.57	-673405.59	-1017255.57	0.7987
-683695.85	-1039039.86	-679280.26	-1038094.26	54.1637
-804600.045	-988821.064	-804955.382	-988969.297	7.808
-688466.684	-1062197.847	-688433.97	-1062383.78	4.3114
-769382.87	-990174.37	-768913.823	-991587.479	17.1696
-824839.115	-1069927.949	-824094.906	-1069738.914	15.4356
-666052.66	-1013687.66	-666244.74	-1012055.81	18.5088
-775691.78	-1034209.7	-776024.673	-1034689.134	11.9878
-773589.565	-1055806.896	-773578.204	-1055794.147	0.3415
-770613.32	-1057820.99	-770168.015	-1057386.5	7.5233
-688433.97	-1062383.78	-690795.86	-1065043.26	42.8364
-887784.316	-1012581.551	-890271.421	-1011767.347	38.5944
-670614.25	-1045185.875	-671824.35	-1045084.65	15.3319
-687771.26	-1010935.02	-687972.84	-1011065.64	5.1635
-764193.53	-1038106.57	-764589.48	-1036488.88	20.3016
-646232.24	-1046458.52	-645863.64	-1045820.58	8.2587
-813726.76	-1056547.92	-813856.39	-1055683.49	10.1018
-674128.53	-1016623.03	-674699.77	-1016080.99	9.2199
-666244.74	-1012055.81	-666173.04	-1011510.76	6.5565
-650645.871	-1066052.082	-650571.6	-1066556.63	5.7017
-796721.698	-1010100.98	-796544.06	-1010161.76	2.2181
-760610.829	-1033853.973	-760632.449	-1033840.804	0.6043
-669541.76	-1081268.375	-668279.711	-1080673.348	17.9631
-672504.88	-1008570.86	-673551.152	-1008561.937	14.9774
-729688.37	-1011027.81	-729872.994	-1011869.243	10.0261
-695247.565	-1029725.528	-696066.6	-1032776.61	36.6951
-686529.58	-1059643.5	-686493.37	-1059480.66	2.1535
-761869.05	-1044037.25	-761985.8	-1043710.7	7.1054
-749720.36	-1051443.07	-746446.577	-1053783.202	38.0123
-774556.692	-1021132.591	-773661.384	-1019334.181	53.0521
-818778.245	-1027828.678	-820086.51	-1026747.71	19.8752
-767289.523	-1030419.662	-767284.046	-1030405.057	0.3651
-710947.454	-1025580.954	-710977.87	-1025266.24	6.3521
-781101.27	-1058535.42	-783553.147	-1058450.151	44.2112
-692363.09	-998251.16	-692138.17	-998232.95	2.5075
-718555.855	-979436.015	-721021.3	-979133.49	29.7107
-689533.77	-1072698.38	-687258.963	-1071987.155	36.4585
-727882.96	-1055864.88	-727498.09	-1055856.04	8.7929
-880074.07	-1020738.92	-880186.05	-1020865.91	2.0753
-787882.07	-1011363.32	-788144.53	-1012423.94	18.4349
-839100.888	-993248.941	-838923.649	-993377.246	2.443
-829800.781	-1072833.673	-829863.983	-1072868.589	0.8427
-819969.08	-998246.88	-821882.09	-997704.088	94.004
-717029.302	-1073941.21	-716930.02	-1074651.97	8.2229
-781539.03	-986001.46	-781523.51	-986006.68	0.4235
-681010.66	-998087.02	-680910.023	-998142.572	1.2854
-739659.583	-1081234.351	-736593.38	-1082815.93	49.0776
-736741.105	-973060.952	-736957.143	-973227.07	3.4057
-687353.344	-1004362.122	-687275.98	-1004384.21	0.9581
-754225.14	-1063340.86	-751360.12	-1060296.04	39.6497
-701751.9	-1074551.6	-701640.85	-1074568.41	1.3556
-789741.53	-1059082.31	-789768.38	-1058969.06	1.2965
-709250.04	-995537.72	-708417.301	-991680.123	54.4741
-690250.589	-1030009.771	-692916.61	-1031763.95	39.9845
-744548.532	-1047866.015	-744688.54	-1048201.99	7.3994
-721709.137	-1048028.488	-720963.674	-1048017.921	15.3987
-753727.9	-1045596.83	-753921.36	-1045635.63	4.1762
-790206.27	-1005012.06	-790769.08	-1005236.152	29.9498
-757502.92	-1005108.84	-754998.283	-1004807.696	29.95
-813441.667	-1071995.925	-813422.626	-1072143.35	3.2067
-665226.62	-1028236.89	-664865.23	-1026806.1	22.035
-737215.96	-1035894.82	-737239.85	-1035895.127	0.6039
-783644.43	-1014052.56	-781927.11	-1013434.22	22.7347
-660948.93	-1001902.42	-660582.24	-1001564.12	6.7794
-752655.72	-1049106.351	-751250.986	-1049054.633	16.3055
-731904.61	-972443.26	-732413.76	-974444.257	30.2484
-819612.5	-1075912.98	-819623.13	-1076040.47	2.7195
-702745.877	-1065631.999	-703134.46	-1068229.24	35.774
-648240.174	-1058494.014	-648197.279	-1058546.488	1.3602
-765367.06	-1080162.52	-765408.29	-1080195.93	0.593
-721792.87	-1032929.71	-721637.41	-1032819.07	2.318
-646418.13	-1041526.08	-644618.793	-1041865.152	20.955
-662439.277	-1040682.025	-662547.35	-1043114.02	29.3775
-723627.515	-1036753.24	-723416.48	-1036992.96	6.4693
-794131.975	-1026382.306	-789573.256	-1027143.939	36.2437
-680661.217	-1062984.287	-679590.78	-1061605.57	20.1965
-737264.099	-1057893.862	-737128.122	-1057813.029	1.8406
-880052.498	-1008271.662	-879432.57	-1007945.394	8.4405
-658326.581	-1088923.328	-658351.659	-1088861.398	1.3375
-791084.48	-1070616.5	-791606.75	-1071129.55	9.1204
-709158.077	-1001193.512	-707326.961	-1002635.298	28.1412
-655730.76	-1022583.71	-655317.27	-1022689.81	4.7432
-748764.256	-989288.169	-748753.9	-989283.07	0.1283
-697845.08	-1024251.81	-697879.42	-1024755.13	5.6516
-763618.94	-1061358.01	-763757.86	-1061027.09	14.8915
-682468.58	-1018683.79	-682430.32	-1018740.76	1.3869
-645863.64	-1045820.58	-645735.79	-1045402.815	4.8595
-686476.08	-990166.38	-686415.83	-991132.39	8.8201
-713251.65	-1059800.23	-711890.35	-1060438.64	21.0586
-755798.93	-1080711.14	-756345.75	-1076171.42	58.6456
-700047.39	-1016971.25	-700346.562	-1017072.948	7.3183
-687848.906	-1056461.199	-687569.81	-1056047.47	10.606
-678869.3	-1023471.75	-677451.058	-1022228.31	21.1181
-834057.502	-1024380.541	-834359.548	-1024053.119	5.0089
-764426.058	-977139.381	-764454.035	-977118.755	0.7776
-764530.34	-1074144.75	-764235.842	-1073549.113	13.419
-711054.399	-1025067.317	-708891.15	-1022648.12	42.6569
-737358.08	-1057974.775	-737304.085	-1057980.39	1.354
-690377.59	-997946.71	-690094.53	-998410.86	12.292
-765050.924	-1023265.386	-764679.67	-1023604.65	10.2104
-729368.5	-1079393.96	-729383.407	-1079754.76	7.2321
-776091.979	-1050901.754	-776384.82	-1050649.1	4.6011
-764189.86	-1017649.5	-763066.181	-1017946.531	23.4417
-680458.8	-1011176.49	-681800.77	-1011449.95	23.0336
-641454.015	-1075722.184	-641125.062	-1075815.382	7.0568
-869866.577	-1037657.729	-869866.398	-1037678.079	0.4422
-806693.978	-1072845.383	-806713.478	-1072855.768	1.091
-786279.05	-1018486.27	-785969.35	-1018223.45	4.6189
-811727.31	-1017339.867	-811915.977	-1020278.537	35.0154
-783526.28	-1061170.79	-783618.34	-1061207.52	1.9933
-643320.49	-1044829.44	-643529.68	-1045810.428	11.155
-815742.213	-1031522.353	-815304.577	-1028287.612	46.827
-804952.408	-989107.347	-804992.853	-989111.787	0.8175
-741640.709	-1042597.162	-741595.338	-1042667.249	1.9955
-701712.32	-1012534.577	-701596.83	-1012405.94	3.4589
-776384.82	-1050649.1	-778372.16	-1049979.06	28.8805
-671676.996	-1053675.005	-670263.038	-1053337.584	21.0497
-799818.73	-998785.97	-800442.53	-998372.8	8.3195
-692059.289	-1043683.795	-689070.72	-1043744.36	34.3871
-767013.48	-1037675.4	-766909.38	-1037768.3	3.2076
-698162.83	-1068427.65	-698057.21	-1068369.48	1.3957
-831260.444	-1066449.913	-831249.446	-1066452.545	0.2636
-701380.27	-1007243.98	-700323.46	-1005801.32	22.1175
-692519.521	-1046074.747	-692452.786	-1046276.343	4.5094
-681376.088	-1064537.425	-681287.458	-1064635.702	3.1106
-775744.723	-1082193.433	-774619.24	-1081896.47	33.0952
-748101.88	-1037194.88	-749675.506	-1038543.624	23.9921
-693395.58	-1037423.123	-693520.0	-1034325.96	44.3449
-815246.72	-1013467.88	-816264.968	-1012124.115	22.8833
-646137.32	-1071163.56	-646151.41	-1071145.95	0.5546
-788208.64	-990498.09	-788266.04	-990503.37	1.155
-694089.33	-1072562.65	-694627.074	-1072383.932	6.412
-811825.3	-986832.05	-812996.163	-986671.263	16.9495
-645244.928	-1060424.71	-645303.703	-1060413.091	2.2122
-734792.939	-1045834.388	-734764.112	-1045640.265	3.9607
-705779.31	-1019720.11	-704510.52	-1016457.09	53.0399
-765681.525	-990725.693	-765164.638	-989534.881	15.8696
-657381.271	-1045152.373	-655357.83	-1045018.11	22.5683
-649828.14	-1051460.55	-650028.63	-1050827.27	13.323
-656079.632	-1094741.71	-653761.317	-1094060.611	183.1581
-745363.224	-990602.243	-746740.18	-989425.29	28.337
-724863.773	-1053139.85	-724828.216	-1053726.832	6.9783
-642120.637	-1083459.658	-641999.909	-1083270.542	4.4876
-691574.05	-997582.71	-690769.37	-996882.38	11.8541
-728664.809	-1060889.23	-728692.032	-1060906.438	0.5319
-721734.23	-1079750.92	-721746.25	-1079696.64	0.6649
-785761.21	-993341.67	-784256.274	-994402.039	21.027
-854289.81	-1040087.67	-854429.27	-1039690.03	4.9706
-774153.25	-1059067.97	-774407.999	-1059551.367	16.0235
-770183.79	-1053803.3	-770212.7	-1053784.19	0.902
-747508.02	-1054938.99	-747480.01	-1054992.19	2.2642
-709276.209	-1059920.284	-709530.633	-1060363.498	6.0447
-701079.66	-1070721.51	-700619.652	-1070088.575	8.7263
-773827.82	-974156.23	-773121.153	-974553.726	16.3785
-736333.4	-1081373.52	-734314.75	-1081506.11	22.697
-802541.423	-998769.185	-802866.19	-998231.72	7.1844
-760190.23	-1045290.85	-760534.93	-1044665.63	16.1077
-717088.02	-1060102.5	-716966.12	-1059997.85	3.3366
-730839.726	-1045640.553	-730812.91	-1045592.62	0.4225
-680626.31	-1018394.21	-682430.32	-1018740.76	27.6778
-760968.3	-1053414.23	-760651.171	-1053384.15	3.8551
-821222.81	-1072426.52	-820086.52	-1072965.37	42.7695
-678393.98	-1074104.77	-678908.429	-1075980.569	21.6288
-652047.5	-1023327.26	-650683.511	-1024504.108	21.7649
-675527.54	-1031294.86	-673863.231	-1030835.681	20.2184
-717017.97	-1028526.27	-716574.81	-1028251.62	4.0166
-654382.464	-1054649.897	-653654.938	-1055796.5	15.2914
-734905.92	-1045834.99	-735825.19	-1046142.27	19.601
-784339.78	-1064535.65	-784103.78	-1064968.52	27.1447
-820309.994	-1008044.434	-821932.121	-1008583.691	21.0683
-752473.763	-999912.154	-752512.984	-999850.382	0.8271
-736593.38	-1082815.93	-734888.653	-1083229.687	23.5495
-668553.21	-1004761.86	-669806.72	-1005247.88	24.7536
-763008.46	-1017707.62	-762990.67	-1017658.57	1.044
-742070.951	-1057036.488	-742076.679	-1057054.113	0.5101
-733956.16	-1028843.1	-732817.12	-1028636.06	13.1941
-734779.021	-1043576.549	-734732.83	-1043650.65	2.1424
-660276.396	-1031534.87	-659358.945	-1030264.62	18.445
-772310.27	-1081676.44	-772422.27	-1081689.42	1.4167
-712059.61	-1018772.808	-710400.32	-1017303.91	25.6293
-867757.78	-1017361.44	-870341.59	-1018137.35	21.7564
-846969.722	-1071458.04	-847132.19	-1070954.17	7.633
-750834.33	-987847.39	-751198.453	-988540.539	9.0849
-661591.788	-1083559.081	-660644.73	-1082561.32	28.688
-742493.44	-1046028.29	-741813.07	-1047094.23	25.8475
-783314.78	-1005296.41	-782673.08	-1005657.59	15.2609
-736852.14	-1038334.68	-736747.68	-1038593.73	5.5888
-724827.534	-1065091.835	-724869.48	-1065149.973	1.4338
-844844.13	-1011374.13	-842891.95	-1010664.03	38.9213
-803803.869	-976929.666	-803730.46	-976981.38	0.9978
-642864.698	-1091196.524	-643487.277	-1087685.842	47.295
-845909.205	-1070288.711	-840551.637	-1070357.758	49.9622
-712106.34	-1041512.35	-712058.94	-1040994.58	6.3496
-728835.734	-1061059.869	-728834.58	-1061079.68	0.2632
-656933.304	-1077510.975	-660054.538	-1076258.042	48.7664
-729538.036	-1058695.777	-728770.004	-1058806.072	9.8697
-750665.14	-969225.28	-752232.22	-969283.74	39.3014
-851345.22	-995275.32	-849337.108	-991340.404	70.3522
-753544.297	-1078888.772	-753604.798	-1079033.113	1.7449
-831489.69	-1057699.8	-830987.48	-1056665.92	27.1986
-810771.91	-991753.27	-810799.14	-991824.71	0.8777
-689403.04	-1016757.95	-685794.23	-1019181.53	63.7182
-684294.67	-1001305.09	-683860.022	-1002954.881	78.9365
-772813.618	-1055319.761	-773495.77	-1055868.64	18.4323
-744036.04	-995306.13	-743303.43	-993703.84	27.3426
-652620.809	-1066831.943	-653039.41	-1067906.69	12.8158
-819306.997	-979429.212	-819611.997	-978717.675	9.8595
-829850.651	-1072995.247	-829698.373	-1073153.348	1.6931
-659721.31	-1032357.81	-660276.396	-1031534.87	11.6422
-642136.07	-1059290.71	-643543.881	-1062297.469	42.9611
-730718.34	-1083526.82	-730674.527	-1083621.898	2.2157
-648988.473	-1058055.204	-648889.325	-1058112.566	2.2916
-758371.92	-1040714.05	-758253.4	-1040701.45	2.6395
-802580.204	-1022609.926	-801753.438	-1023673.569	15.891
-701176.638	-1010409.645	-701164.592	-1010397.339	0.3541
-814216.137	-1042267.043	-814250.59	-1042219.57	0.7505
-656218.933	-1033673.179	-656246.977	-1031448.069	27.0183
-654718.673	-1037444.872	-654697.149	-1037545.137	2.0584
-781818.55	-1022920.8	-782646.076	-1022846.69	20.9665
-711835.19	-1003771.39	-709908.03	-1003993.08	25.9609
-679925.531	-999357.282	-680031.91	-999395.38	1.259
-669697.05	-1011811.44	-666244.74	-1012055.81	46.321
-647370.202	-1070293.104	-647586.316	-1070406.09	4.9052
-806478.523	-1054687.767	-807727.166	-1053405.654	25.6844
-785338.24	-998942.01	-785328.31	-998693.36	2.7803
-819511.67	-1075826.07	-819612.5	-1075912.98	2.7209
-863093.577	-1028678.965	-861522.08	-1027500.9	25.1849
-646345.149	-1062385.989	-646259.626	-1063825.184	17.3077
-763676.79	-1058967.62	-762913.58	-1060092.25	32.2396
-735825.19	-1046142.27	-736423.45	-1046524.588	15.3368
-704967.966	-1015039.181	-704869.377	-1015104.338	1.3267
-696422.04	-996113.99	-696275.2	-995059.54	18.1735
-783503.83	-1062042.29	-783385.36	-1061966.31	3.2758
-807210.486	-1077866.641	-807261.441	-1077681.501	2.4153
-684528.15	-1005371.2	-684782.25	-1006729.16	17.3371
-833882.948	-1042635.148	-836045.875	-1043452.688	27.4761
-694916.365	-1073152.797	-694973.382	-1073099.973	0.8905
-685867.365	-996829.746	-684950.74	-996639.44	11.0286
-731211.441	-1056500.669	-731187.241	-1056627.94	6.4576
-729383.407	-1079754.76	-729502.351	-1080841.587	22.0299
-667768.771	-1055949.579	-667732.27	-1052888.66	34.707
-676704.44	-1010463.18	-674994.31	-1013613.33	54.2951
-805145.749	-1058032.169	-802717.786	-1056064.686	58.0949
-870282.98	-1018113.91	-868040.734	-1017497.515	18.8029
-651734.767	-1081204.567	-651549.386	-1081039.563	4.8767
-867329.599	-1013014.407	-867326.503	-1012994.96	0.4635
-811657.056	-1075500.977	-811163.664	-1075847.797	7.0336
-737214.3	-1036110.1	-737221.62	-1036028.747	1.6358
-656820.64	-1049277.7	-656777.827	-1049209.982	0.9007
-759541.615	-970262.409	-759716.49	-970904.67	8.3098
-652123.08	-1024688.68	-652045.78	-1024674.21	0.8904
-780593.21	-1054091.28	-780483.59	-1052968.93	13.1063
-853365.73	-1002828.81	-852941.13	-1003389.92	8.8261
-858316.24	-1008677.03	-856995.99	-1007466.21	20.5098
-731942.46	-1058578.55	-731273.19	-1062928.24	58.1794
-728146.12	-1003625.21	-727786.246	-1001564.236	33.9301
-712807.668	-1049340.283	-713218.389	-1049521.645	5.264
-676572.772	-1070747.448	-676565.734	-1070767.609	0.6532
-817678.144	-1054560.091	-819442.15	-1054038.5	26.038
-681926.98	-1010567.27	-681240.849	-1010673.343	8.3952
-841342.57	-992949.56	-839100.888	-993248.941	33.6287
-819898.98	-1026230.286	-819878.633	-1026225.081	0.5264
-640016.423	-1042136.147	-639960.604	-1042280.486	3.1463
-693857.22	-1001639.89	-693763.178	-1000271.218	20.9577
-766842.694	-1009923.787	-765581.13	-1009982.57	15.3171
-847499.198	-1027049.942	-845865.288	-1027535.4	20.1837
-676234.284	-1075886.608	-676150.707	-1076182.597	7.2914
-748000.61	-1017992.35	-746965.676	-1017400.74	14.9357
-688245.65	-1062409.67	-687136.67	-1063104.96	14.8356
-730621.63	-1042047.58	-730856.62	-1042063.53	4.7107
-751636.58	-1038056.78	-751637.02	-1038034.94	0.5822
-819851.38	-1075578.98	-819859.81	-1075632.48	1.5411
-834486.639	-1073878.542	-833794.117	-1072679.423	16.361
-840183.754	-1056792.045	-840611.07	-1059465.3	35.1531
-852025.15	-1010321.64	-852251.87	-1010228.49	4.9346
-648218.514	-1058462.339	-648191.705	-1058473.464	0.5832
-693113.22	-1068851.6	-693104.317	-1069194.366	3.8098
-788459.55	-1072267.42	-787744.581	-1072123.789	17.7881
-656883.547	-1052673.686	-655601.323	-1051831.086	18.1434
-783209.77	-996298.28	-782808.7	-996219.12	4.5683
-702956.97	-1010907.46	-702528.88	-1011405.28	21.7522
-781603.936	-986039.87	-781539.03	-986001.46	1.5161
-713163.84	-1026838.29	-712770.01	-1027092.35	5.391
-676562.503	-1071189.945	-676565.855	-1071209.691	0.5523
-745978.33	-1031442.64	-744817.388	-1031217.957	21.6181
-658326.581	-1088923.328	-656635.901	-1088944.945	20.5245
-689876.75	-1020687.77	-690628.39	-1021314.1	11.793
-696660.57	-1001127.39	-696674.938	-1001265.563	3.0458
-704204.79	-1043184.73	-703462.71	-1043125.21	14.8905
-755895.05	-991026.57	-755911.515	-991018.509	0.4418
-781072.968	-1009265.796	-784332.276	-1007703.711	28.0393
-814413.36	-1013283.79	-813869.017	-1012270.555	14.4877
-832347.8	-993046.63	-831921.084	-993054.912	5.0656
-867721.497	-1015612.621	-867749.501	-1015704.146	1.9143
-747769.641	-989471.419	-747432.66	-989582.63	4.2183
-789693.45	-1072501.06	-789266.33	-1072521.29	8.9285
-715734.85	-1028532.58	-716301.255	-1027571.721	14.8838
-741601.38	-1006046.2	-739995.13	-1005497.33	31.485
-785178.16	-1051782.72	-785022.91	-1050875.34	28.0554
-729058.506	-1057198.088	-729538.036	-1058695.777	26.5753
-689537.866	-1046430.53	-689587.498	-1046417.111	0.6197
-698742.74	-999596.75	-698849.58	-996498.17	51.6897
-835329.698	-1001077.37	-832266.026	-999844.423	95.0947
-669940.204	-1047925.459	-669738.375	-1048283.0	5.0287
-721753.897	-1066602.22	-721861.47	-1069843.87	128.4789
-749333.922	-1004411.141	-749265.548	-1004416.854	1.3733
-766813.624	-1037065.826	-768199.24	-1036525.0	34.7083
-704060.581	-1055618.998	-704508.11	-1057325.301	22.1182
-802526.42	-998748.09	-802541.423	-998769.185	0.2876
-840495.22	-1001101.04	-838823.55	-999849.65	65.7468
-782265.162	-979225.253	-780328.82	-979904.55	27.4979
-775826.218	-1014683.062	-777297.98	-1013203.73	23.711
-683890.59	-1036417.26	-684305.309	-1035339.364	13.6524
-698405.12	-1004797.91	-698458.8	-1004746.19	1.2707
-675081.441	-1076381.104	-674943.95	-1076363.873	2.7726
-737298.622	-1057931.764	-737264.099	-1057893.862	1.0351
-825922.287	-1025476.985	-825934.937	-1025464.152	0.2379
-762567.14	-1038342.76	-762785.676	-1038246.981	2.6881
-859734.14	-1012932.79	-859612.768	-1012994.734	3.4502
-742517.724	-1056857.1	-742527.18	-1056846.75	0.3393
-800662.705	-1059111.155	-798688.6	-1058929.45	24.8424
-821510.98	-996075.529	-821508.375	-996043.109	0.4796
-830496.913	-1062786.197	-829788.412	-1060553.525	27.1946
-712332.49	-1078923.97	-711251.968	-1079633.447	16.5809
-664802.221	-1069038.226	-664722.059	-1069286.88	2.9182
-777013.99	-1058699.76	-776890.3	-1059359.67	13.8427
-824346.25	-1071995.96	-824371.81	-1072136.82	3.1397
-653654.524	-1024225.887	-653562.49	-1025997.17	20.4602
-738002.88	-1005326.91	-736784.583	-1005122.723	14.3235
-833797.667	-1072485.553	-833778.651	-1072472.294	0.2822
-756683.29	-1068529.86	-757098.83	-1070014.01	25.6748
-801907.575	-1059706.162	-802222.321	-1058100.506	23.4662
-798436.954	-1040654.338	-799382.085	-1042712.566	31.454
-719644.184	-1021630.445	-717869.17	-1022169.19	22.581
-778119.65	-1064849.13	-777903.87	-1064534.52	8.1116
-719178.228	-1019507.295	-719190.421	-1019607.808	1.1467
-679673.73	-1071374.91	-679528.41	-1071500.27	3.1288
-677503.27	-996654.83	-677687.25	-996269.53	5.0419
-826695.7	-1046988.145	-823431.822	-1046861.01	44.3054
-759269.75	-1006895.26	-758019.15	-1006862.84	14.1498
-727668.723	-1068945.166	-725744.18	-1069572.757	23.2174
-809585.21	-994142.99	-810583.34	-992016.14	35.1791
-789545.719	-1063955.989	-789557.904	-1063972.015	0.2732
-760534.93	-1044665.63	-761419.84	-1044328.57	19.8316
-766810.913	-1052223.818	-767065.288	-1052502.18	4.7218
-644522.792	-1078228.107	-644785.521	-1082590.738	61.1316
-671769.276	-1069928.371	-670881.948	-1069497.115	19.9039
-734447.363	-1055467.877	-734490.552	-1055419.647	0.8663
-683582.63	-994793.68	-683504.009	-995029.32	7.1565
-686094.88	-989268.7	-685924.29	-989226.49	1.9585
-645845.051	-1042802.629	-645916.971	-1042711.207	10.691
-777963.57	-980328.72	-777834.01	-980181.6	2.181
-742063.155	-1057057.881	-742057.5	-1057042.55	0.4129
-641599.391	-1068082.144	-641377.065	-1067248.964	10.9057
-725939.51	-1087057.78	-725564.36	-1087039.45	4.8327
-758594.475	-1047655.138	-759026.545	-1047924.626	10.2792
-741669.495	-1047218.903	-741384.0	-1047519.75	8.2951
-713742.68	-1005140.25	-713500.782	-1003654.163	17.6712
-747432.66	-989582.63	-747671.952	-990070.094	8.0147
-853968.084	-1068008.173	-853487.125	-1067733.933	7.2027
-838369.06	-1001460.2	-838823.55	-999849.65	45.4357
-752823.9	-997573.587	-754086.46	-996755.94	17.1504
-819336.57	-1071831.53	-819275.356	-1071762.21	2.4297
-822202.31	-1044290.08	-822499.33	-1044286.84	4.0614
-754779.968	-1047520.095	-754788.525	-1047527.713	0.2726
-746935.196	-1017374.917	-746902.633	-1017351.676	0.4445
-717572.936	-1074309.221	-717389.507	-1074398.742	1.5702
-662913.22	-1009424.38	-663169.23	-1009728.83	5.1628
-691979.36	-989142.98	-691755.48	-989824.26	15.5538
-805127.27	-1043943.27	-804790.97	-1042344.4	33.8128
-684582.25	-1034680.56	-684519.98	-1034864.07	2.1973
-715074.63	-1040766.98	-714955.92	-1041793.94	12.0508
-726261.37	-980626.66	-726241.65	-980397.73	6.264
-797502.084	-1022274.611	-797839.792	-1021276.945	12.0336
-775845.511	-1014684.31	-776056.529	-1014620.924	2.5636
-869808.32	-1041019.49	-872964.69	-1040529.927	46.1884
-670178.28	-996831.58	-670102.2	-996675.926	1.9318
-700139.11	-1067678.62	-699841.41	-1066810.69	10.4833
-804910.541	-1024792.196	-802794.93	-1024854.449	34.5786
-690250.589	-1030009.771	-692090.239	-1029413.062	23.2065
-788330.76	-981826.62	-789012.52	-981479.23	9.5569
-752225.81	-1036646.64	-752759.25	-1037250.66	9.5224
-826780.701	-1046935.199	-826985.449	-1046822.132	2.6166
-833254.123	-1074912.867	-834373.817	-1075631.925	14.8584
-764482.173	-1023805.473	-764250.32	-1023773.75	6.5286
-787739.253	-1006851.018	-787709.5	-1006785.75	0.7971
-735502.4	-1028336.259	-735402.99	-1027568.28	8.6089
-696253.724	-1034613.635	-697689.67	-1035007.89	16.8517
-840079.293	-1070472.054	-840523.27	-1070522.25	5.4121
-715496.39	-1000040.36	-715127.57	-999209.96	10.1051
-740663.06	-1026232.44	-738223.133	-1026283.648	28.9512
-764637.1	-1030011.46	-765746.49	-1029031.38	21.994
-769035.413	-993099.911	-768819.527	-992032.256	14.6922
-717503.863	-1074135.453	-717029.302	-1073941.21	5.8933
-774546.59	-1000258.14	-773231.14	-998764.04	24.8225
-653289.56	-1010452.73	-653082.09	-1010352.41	12.3576
-884583.855	-1009276.31	-885754.491	-1008784.033	14.4625
-871098.782	-1032753.124	-871283.725	-1032561.522	5.9109
-723713.141	-1035582.541	-723719.58	-1035551.59	1.2237
-865134.846	-1016050.066	-865095.447	-1015806.938	5.2902
-702745.877	-1065631.999	-701583.21	-1066071.1	17.7483
-818615.033	-1025318.297	-819884.348	-1026205.872	27.8672
-827627.983	-1065980.046	-828330.694	-1064699.168	18.2048
-734745.125	-1042155.188	-733200.063	-1042131.375	31.485
-794481.072	-1003988.877	-794356.679	-1003853.725	2.0511
-822661.746	-1066512.685	-822873.489	-1066841.354	8.0154
-888038.029	-1019909.256	-887874.331	-1020027.343	2.5505
-652800.92	-1044778.31	-652756.916	-1044690.62	1.0912
-641003.486	-1073021.745	-640286.278	-1073530.947	13.8556
-747427.15	-1020180.7	-746562.875	-1019655.188	12.9389
-722728.545	-1006321.804	-722367.371	-1006034.439	9.9071
-675474.68	-1010843.68	-673857.05	-1011738.34	20.5435
-690031.769	-995179.741	-689913.724	-995393.446	4.8883
-740555.067	-1055377.392	-741262.938	-1055319.906	5.468
-775646.55	-1032626.12	-776588.52	-1032456.82	10.6689
-646799.388	-1046277.294	-648082.94	-1047685.46	14.8073
-765681.525	-990725.693	-766031.67	-990340.716	6.3148
-696367.74	-1001126.95	-696639.975	-1001044.38	5.7953
-666696.66	-1030678.48	-667425.69	-1031463.45	14.0241
-669312.259	-1016992.142	-670530.658	-1016031.392	18.0338
-822549.266	-1049264.447	-824473.982	-1050432.725	31.4663
-869167.643	-1038279.309	-869160.787	-1038295.034	0.4261
-710188.14	-1048859.05	-708564.782	-1048502.058	19.3071
-714955.92	-1041793.94	-714383.3	-1043075.86	16.3764
-667985.11	-1018128.56	-669086.92	-1017098.64	18.1531
-675849.46	-1054214.26	-675383.234	-1049879.299	55.3944
-672120.642	-1089643.44	-672211.697	-1089679.49	1.959
-887903.565	-1019841.518	-887874.331	-1020027.343	2.0939
-771511.08	-1078430.42	-773974.94	-1077094.81	37.6471
-651414.86	-1057894.12	-654418.098	-1056187.692	81.4388
-694627.074	-1072383.932	-694973.382	-1073099.973	8.8512
-644458.174	-1062415.751	-645066.18	-1061855.84	17.8987
-739918.12	-1078945.14	-740215.99	-1079494.81	7.6386
-766858.89	-1037449.749	-766845.368	-1037438.243	0.4247
-652439.7	-1021371.68	-650798.66	-1020546.9	22.751
-645222.09	-1037326.97	-644773.5	-1037891.361	8.0812
-761471.89	-996476.41	-761946.575	-995064.163	16.5561
-652507.712	-1066027.362	-652497.992	-1066015.383	0.2017
-714135.1	-1040635.74	-713258.3	-1040346.94	10.2711
-724166.816	-1053718.129	-723198.334	-1054619.074	19.8707
-759269.75	-1006895.26	-758826.12	-1005172.76	20.9702
-753489.98	-1047986.67	-753326.703	-1048034.081	3.831
-751975.78	-1038549.02	-751945.005	-1038538.814	1.7691
-646552.178	-1069047.573	-646797.905	-1070101.819	12.1457
-676431.36	-1035607.69	-673597.602	-1036645.257	56.1019
-681261.812	-1047100.125	-681398.099	-1047146.748	1.8522
-679425.241	-1064083.037	-678410.454	-1063641.313	13.4168
-839061.481	-993065.451	-838864.168	-991542.112	27.9419
-653265.28	-1008248.86	-653680.66	-1007828.78	12.3338
-679725.44	-1007082.48	-678451.24	-1008444.26	32.3493
-765847.928	-1023264.617	-765050.924	-1023265.386	16.1274
-664865.23	-1026806.1	-664329.19	-1026751.51	6.5451
-724303.808	-1063006.377	-724577.88	-1062535.3	11.1778
-718716.86	-1055269.42	-718833.728	-1055399.71	1.9515
-707778.92	-1042034.12	-704204.79	-1043184.73	42.098
-741446.64	-1042000.11	-741663.03	-1042064.37	4.5182
-840037.09	-1044765.746	-840162.191	-1045025.468	3.2099
-663169.23	-1009728.83	-662928.31	-1011069.52	15.7488
-849094.251	-1010304.331	-848840.874	-1010200.239	5.8676
-772600.85	-983797.65	-772546.91	-983665.96	1.5954
-681177.192	-1064854.617	-681174.132	-1065747.15	10.8201
-664834.165	-1035894.813	-664820.182	-1035921.943	0.732
-773517.96	-992433.34	-774202.32	-992661.03	12.2034
-829850.651	-1072995.247	-829963.059	-1073058.576	3.6925
-818542.134	-1001330.982	-818913.09	-1002521.17	20.1137
-713218.389	-1049521.645	-712882.343	-1049711.431	4.2884
-751092.81	-1054280.59	-754037.11	-1054324.91	33.3078
-758696.918	-1082084.258	-757338.345	-1083774.219	31.401
-734262.605	-1065215.685	-735851.303	-1064178.222	25.7587
-689710.27	-1038191.64	-689627.423	-1035843.007	28.8258
-755638.975	-991032.899	-755632.973	-991024.533	0.2405
-746902.633	-1017351.676	-746818.768	-1017317.733	1.0257
-859589.953	-1012999.229	-859427.308	-1012810.473	5.0659
-868041.697	-1002230.454	-868466.953	-1001996.087	5.4155
-729227.91	-1084557.39	-729942.52	-1083605.87	15.284
-776091.979	-1050901.754	-776071.75	-1050624.5	4.7259
-754998.283	-1004807.696	-753311.776	-1004662.85	19.3036
-751699.887	-986254.972	-751684.123	-986198.741	0.6513
-726612.203	-984522.03	-726626.685	-984499.349	0.7264
-823079.189	-1077229.863	-822622.41	-1076194.66	20.6449
-775046.211	-985303.495	-774616.967	-985471.357	9.673
-698500.86	-1004795.83	-698405.12	-1004797.91	1.078
-663061.438	-1022726.344	-664512.06	-1020715.93	28.3886
-772410.73	-1081798.56	-773393.7	-1082439.965	132.4723
-824557.59	-1076392.94	-823761.0	-1076417.74	6.1449
-644328.519	-1038041.66	-644527.52	-1038188.014	2.7493
-736546.792	-1065798.633	-734562.596	-1065442.796	29.5561
-728620.53	-1084460.42	-726703.865	-1086219.003	38.7013
-668279.711	-1080673.348	-668719.83	-1079577.06	13.6733
-767740.81	-1033208.76	-767516.145	-1030473.609	39.7284
-666720.53	-1075244.117	-666647.94	-1075281.28	1.6507
-762845.67	-1041021.22	-762387.53	-1043099.51	25.1791
-723662.348	-987212.162	-723654.054	-987187.532	0.5795
-693587.23	-991321.44	-691533.43	-993770.01	38.5214
-704002.618	-1055416.614	-704060.581	-1055618.998	2.4056
-768205.212	-1023323.605	-768797.409	-1022728.128	18.2486
-777924.71	-976226.2	-776572.98	-975967.95	36.4196
-757117.744	-1032239.539	-757816.444	-1031573.963	19.7888
-680035.488	-1068174.017	-680386.462	-1069039.757	11.6336
-760664.788	-1039529.696	-761299.46	-1039200.33	7.9466
-802627.311	-986851.019	-802503.633	-986813.347	1.5234
-766954.57	-980858.748	-767063.123	-980589.59	3.6694
-762922.81	-1072426.15	-762869.6	-1072234.6	2.2873
-784290.356	-1026763.126	-784706.56	-1026266.96	12.9613
-887978.012	-1019360.905	-887831.657	-1019223.541	2.5162
-683735.771	-994863.405	-683735.34	-994876.812	0.3865
-700408.53	-1022894.48	-701889.2	-1023728.32	22.9721
-742420.7	-1049165.78	-742087.72	-1049062.09	7.1473
-641543.114	-1068176.51	-639989.465	-1068443.161	19.7495
-650324.406	-1080224.304	-650579.818	-1078621.567	19.7755
-683207.8	-994620.61	-683211.26	-994632.66	0.339
-778849.38	-1029617.777	-779038.47	-1029561.661	3.9448
-697610.397	-1074461.541	-696834.484	-1074781.516	10.0961
-875290.624	-1010744.429	-874032.452	-1008795.661	34.4345
-646333.375	-1062376.067	-644458.174	-1062415.751	39.0576
-825413.344	-1070246.633	-825371.854	-1070237.647	1.5379
-729539.891	-1057128.264	-730210.16	-1057359.89	7.881
-718234.8	-998122.27	-718190.04	-995343.27	34.7525
-645557.515	-1036699.955	-645222.09	-1037326.97	14.8486
-882768.42	-1022174.046	-884584.089	-1021818.952	20.6977
-690314.82	-995625.48	-689914.682	-995409.262	5.2455
-653706.307	-1024163.142	-653666.516	-1024174.205	0.8511
-755875.499	-1034440.47	-755939.14	-1034460.74	1.1627
-758171.547	-1053690.762	-759076.96	-1053893.65	13.2459
-782478.45	-972725.89	-782579.674	-971685.107	380.3212
-731485.306	-1056196.984	-731600.967	-1056010.854	4.3853
-764153.58	-1033532.2	-764258.19	-1033081.62	9.2911
-671859.83	-999802.66	-671488.937	-999315.258	6.826
-696167.44	-1054213.12	-693818.89	-1055083.13	27.8338
-649055.07	-1019600.4	-649081.88	-1019866.94	5.5921
-808531.881	-1048741.992	-809789.61	-1048129.71	19.4303
-781520.077	-985990.071	-781482.919	-985956.992	1.0057
-823835.5	-1076396.56	-824685.53	-1076388.79	6.5554
-820923.25	-1012044.48	-820396.702	-1012136.434	11.6604
-799245.125	-1001368.678	-799287.83	-1001381.43	0.6615
-833474.288	-990036.628	-828138.18	-988352.21	75.5349
-669911.48	-1020070.35	-667706.318	-1019347.736	32.3669
-863513.534	-1042625.51	-863940.836	-1042221.619	8.3853
-776209.61	-979397.5	-776120.45	-979334.08	1.2188
-741888.77	-1069502.56	-740370.9	-1068792.036	51.4307
-659942.94	-1008908.75	-662913.22	-1009424.38	74.0656
-663890.85	-1032957.57	-660761.31	-1032147.72	48.2304
-764026.83	-977054.7	-763759.72	-977173.79	6.137
-644825.53	-1028849.56	-644717.33	-1027771.45	13.3608
-774495.89	-975005.19	-774514.85	-974990.51	0.6651
-751974.705	-1043105.096	-752136.14	-1042822.68	11.0226
-757599.465	-1034395.045	-758309.37	-1034186.71	8.6555
-726837.119	-1041119.078	-725161.86	-1040315.19	22.1597
-770306.11	-1039368.94	-771813.517	-1038836.782	23.9387
-721284.824	-1039170.312	-719060.561	-1038420.999	28.5911
-661002.806	-1043241.153	-662108.94	-1040513.93	37.9841
-766632.26	-1037720.18	-766820.366	-1037693.14	3.8008
-658948.14	-1028018.85	-657658.211	-1027917.403	18.0511
-788049.75	-1006847.45	-788006.17	-1006913.8	0.9712
-819588.885	-1075793.762	-819612.5	-1075912.98	2.4665
-807117.77	-993057.31	-807134.893	-993003.769	3.9934
-687658.851	-1025776.211	-687615.17	-1025887.1	2.3855
-702017.25	-1023575.44	-701889.2	-1023728.32	2.9928
-665845.857	-1046282.575	-665473.336	-1046184.516	4.315
-694332.89	-991642.1	-694254.45	-993618.94	28.5292
-685410.226	-990766.144	-684456.68	-990102.34	28.0699
-653397.894	-1094012.823	-652594.696	-1095107.146	70.6379
-690227.01	-1008787.15	-688977.74	-1008137.47	15.7527
-682745.938	-989419.5	-682675.92	-990616.07	26.6327
-687791.452	-994894.186	-686740.46	-994862.24	21.7988
-744462.285	-987548.078	-744525.976	-985518.231	24.3271
-873603.06	-1012639.49	-872013.713	-1012171.656	19.2524
-704597.41	-1073576.2	-706403.78	-1074184.617	22.0334
-763349.65	-992839.56	-763350.3	-992817.46	0.5461
-644812.45	-1025224.76	-644066.097	-1023903.328	18.3253
-662235.315	-1059060.07	-661439.501	-1059459.582	17.9098
-670866.58	-994569.28	-670726.865	-994716.065	4.2756
-855079.592	-1025327.497	-855918.859	-1025054.196	11.7298
-650405.97	-1022066.09	-649566.83	-1020996.73	18.6221
-738576.608	-1060547.021	-741081.32	-1061607.38	37.3281
-837072.881	-1001122.397	-837599.181	-999977.821	21.0777
-759057.97	-1031667.64	-757816.444	-1031573.963	22.3144
-848826.599	-1016534.692	-847022.035	-1013573.709	78.6693
-712035.9	-1041732.29	-712106.34	-1041512.35	2.5662
-843841.55	-1002700.27	-843796.78	-1002800.22	3.798
-840551.637	-1070357.758	-840403.074	-1070447.272	1.3344
-766953.473	-981111.047	-763108.52	-981028.27	47.2958
-736699.04	-1038234.44	-736889.42	-1038378.58	4.7772
-661756.959	-1046881.545	-665392.81	-1046161.73	46.0878
-643736.76	-1046002.53	-643499.7	-1046185.71	12.8112
-859749.207	-1013110.078	-859622.546	-1013029.012	3.0225
-877306.387	-998763.671	-880386.519	-998153.313	59.1592
-788266.04	-990503.37	-789149.05	-990849.48	11.381
-648175.16	-1017291.77	-646784.63	-1016584.72	27.2425
-778021.16	-971960.759	-779540.85	-972090.25	17.7748
-765353.59	-1080221.63	-765367.06	-1080162.52	0.7061
-784365.893	-1059895.552	-784212.8	-1059855.91	1.7693
-733677.42	-1004492.76	-729655.017	-1001739.13	81.6981
-794154.973	-983095.205	-794145.376	-983149.177	0.6632
-652463.268	-1080231.127	-651974.543	-1078911.704	18.4673
-679748.9	-1010316.53	-679741.72	-1010278.02	0.4356
-832044.399	-1029065.65	-832504.574	-1028511.063	14.8976
-762915.919	-992362.478	-762564.02	-992066.04	9.2069
-792265.291	-984819.119	-791804.912	-985582.064	9.9062
-756880.218	-1065422.555	-756844.741	-1065253.931	3.4505
-656412.571	-1067887.071	-656335.94	-1067661.83	2.669
-645570.393	-1042290.671	-645989.413	-1043086.399	6.9242
-809512.423	-993567.602	-809493.61	-993562.76	0.4267
-646158.268	-1035857.518	-645557.515	-1036699.955	22.9253
-876044.64	-1022819.8	-876199.704	-1023680.075	12.7421
-648137.96	-1066641.29	-648150.16	-1066740.416	1.9975
-711274.29	-1046257.05	-711726.01	-1044957.93	17.5358
-727626.089	-1009490.16	-729688.37	-1011027.81	32.0807
-694182.92	-1040208.12	-694046.537	-1040418.3	2.7862
-761804.098	-971881.321	-762003.297	-970013.102	52.4495
-676418.41	-999892.37	-674315.48	-997936.62	46.3627
-672595.3	-1023240.283	-673898.48	-1020353.88	37.6905
-797174.951	-1069103.723	-797207.371	-1069075.147	1.1713
-645714.994	-1045400.989	-645722.138	-1045375.351	0.4228
-694188.084	-1070765.684	-693741.06	-1070969.8	5.703
-734881.98	-1043480.92	-734791.26	-1043682.03	4.4125
-701483.77	-1047075.82	-702013.998	-1046509.264	8.7307
-856113.355	-1049196.757	-858009.186	-1049152.542	23.6064
-788466.315	-990034.547	-788405.81	-990185.11	3.2893
-753073.16	-1037427.14	-753160.456	-1037488.903	2.14
-649116.853	-1066243.064	-650131.51	-1066509.43	12.0266
-831254.004	-1022479.198	-831771.87	-1022224.438	10.531
-772734.437	-1055317.123	-772932.614	-1055580.24	6.7426
-824759.717	-1069691.343	-827545.17	-1070090.91	31.6534
-791156.4	-1065068.98	-791191.58	-1065090.32	0.4572
-775704.41	-982371.16	-773862.08	-982143.2	26.1467
-740425.24	-984956.78	-740670.36	-985860.8	10.5072
-829353.772	-1063700.731	-829630.225	-1065454.87	23.6283
-807572.676	-1010446.521	-807886.536	-1010849.681	10.8235
-647365.34	-1018527.4	-645714.73	-1017890.78	20.9971
-770267.63	-1016474.41	-770406.95	-1016484.18	2.7952
-700174.9	-1071901.69	-701079.66	-1070721.51	17.9763
-753657.17	-1045323.18	-753741.666	-1045468.962	2.7529
-695043.74	-988893.66	-692473.116	-988864.773	32.2658
-859400.19	-1012778.21	-859406.3	-1012030.4	16.003
-810863.52	-992009.87	-810588.846	-992040.726	4.3945
-696712.51	-1014727.51	-697152.768	-1014815.995	7.5608
-758347.022	-1040674.358	-758371.92	-1040714.05	0.9724
-648172.926	-1073424.829	-647278.364	-1071808.632	24.4311
-789673.57	-1026841.604	-790474.46	-1026767.65	8.9865
-705718.77	-1015755.28	-705245.089	-1015162.207	8.588
-824204.15	-1071970.83	-824233.11	-1071922.28	1.2294
-700135.02	-1068003.88	-700139.11	-1067678.62	3.6884
-739410.736	-1054307.586	-739365.02	-1054324.082	0.6176
-651701.208	-1065038.009	-650684.518	-1064923.191	12.8346
-721027.22	-979132.25	-721225.165	-979155.823	3.0386
-735886.71	-1072198.31	-738946.797	-1071544.05	42.3842
-712841.43	-982561.72	-712893.52	-982436.991	2.707
-656556.57	-1006339.14	-655219.841	-1011057.936	99.5802
-852011.72	-1033267.21	-852030.17	-1033083.54	2.2024
-721659.61	-1005327.96	-721098.21	-1003558.97	26.2685
-825950.05	-1025569.12	-825967.52	-1025677.531	1.2208
-719412.41	-1030662.08	-719489.08	-1030707.48	1.2356
-845245.939	-1031964.905	-846083.92	-1033571.49	21.1059
-759114.077	-993280.853	-759160.487	-993225.74	0.9845
-657424.799	-1057490.718	-654418.098	-1056187.692	37.0961
-763081.543	-980987.626	-762967.238	-980983.02	1.2841
-718947.25	-1005997.56	-719101.15	-1005453.17	6.2963
-669738.375	-1048283.0	-668163.57	-1049062.769	20.557
-762048.78	-1042973.87	-762387.53	-1043099.51	4.3088
-775823.61	-1048782.01	-773864.194	-1048488.016	31.2981
-690795.86	-1065043.26	-690803.052	-1065148.176	2.1075
-736662.005	-983697.37	-734657.725	-982816.189	27.2935
-682046.789	-1075733.534	-682555.384	-1075348.452	7.7043
-701644.05	-1039147.18	-699459.57	-1038695.07	27.8376
-669096.11	-1014095.01	-668957.03	-1014140.25	2.937
-688376.03	-1000484.46	-687763.22	-1003297.52	36.0234
-693299.572	-1004550.262	-693305.03	-1004407.28	2.991
-791531.01	-1019221.8	-789158.18	-1016222.98	49.3965
-666788.659	-1075535.744	-665871.701	-1077467.464	26.8414
-767180.05	-980595.401	-766487.96	-980291.1	8.7664
-650877.756	-1080320.181	-650324.406	-1080224.304	8.6025
-704514.881	-1058537.38	-705984.986	-1061501.398	38.2395
-797478.12	-994976.98	-798345.32	-994740.24	10.2684
-644353.789	-1074449.201	-644363.469	-1074457.652	0.3287
-680011.47	-1041710.69	-682058.232	-1041108.813	23.8388
-732359.224	-1040961.372	-732287.17	-1040885.55	3.2417
-708469.74	-1085004.36	-708617.79	-1084825.71	1.7857
-673859.18	-1036991.5	-673597.602	-1036645.257	7.0298
-753465.94	-1060133.48	-753002.54	-1060673.47	9.1515
-720554.445	-1047589.278	-719977.53	-1046601.324	13.2377
-725468.37	-1011185.65	-727626.089	-1009490.16	44.5567
-721472.343	-1056910.857	-722062.83	-1058441.364	34.6645
-649928.66	-1031448.47	-649575.23	-1031531.19	4.0335
-662153.77	-1022912.68	-660386.03	-1022995.96	20.1101
-741577.379	-1042544.644	-741585.11	-1042462.899	1.7709
-759201.84	-1068758.21	-761089.62	-1070721.24	20.9687
-791823.188	-986770.938	-791151.273	-987552.659	22.8259
-744415.818	-1025176.428	-744432.002	-1025148.312	0.8847
-814407.02	-1017451.0	-814382.515	-1017417.118	0.4858
-691229.36	-1022081.02	-691771.528	-1023419.177	16.2359
-704847.721	-1008039.339	-704193.873	-1008993.01	24.4007
-675803.06	-1008342.46	-673860.1	-1011319.61	66.2614
-674603.26	-1085170.42	-678047.049	-1087810.462	77.9191
-651976.863	-1078879.35	-652004.862	-1078833.61	0.6086
-772010.09	-974008.95	-770981.026	-975646.851	37.1108
-647889.573	-1067719.845	-647873.143	-1067710.293	0.4891
-821506.23	-1071709.92	-821222.81	-1072426.52	15.4124
-766845.45	-1013227.2	-765653.67	-1014483.26	22.8971
-717500.578	-1074329.57	-720073.289	-1071319.818	40.0541
-791003.305	-1005121.547	-790803.19	-1005131.05	1.5446
-681240.77	-993505.54	-680988.235	-993110.658	6.2814
-797706.25	-1070400.74	-799508.079	-1070481.606	22.3388
-788322.62	-1018466.92	-791114.2	-1019386.31	34.4771
-753117.8	-1020971.36	-751204.95	-1019753.38	27.3974
-721949.012	-1059070.728	-721373.47	-1060629.82	18.4731
-813245.666	-1017991.657	-813365.998	-1017598.31	4.9284
-761091.924	-995027.082	-754985.457	-1001811.321	78.9021
-692295.411	-1046667.796	-692393.91	-1046471.76	2.4713
-646137.32	-1071163.56	-645667.751	-1071370.708	10.4005
-759048.524	-1047938.092	-759813.41	-1049340.45	27.9387
-763337.111	-1048754.536	-762550.42	-1050258.3	40.5761
-807218.882	-991570.862	-805541.115	-990403.576	37.4994
-863519.187	-1044414.338	-863513.534	-1042625.51	46.0206
-770241.279	-1050249.373	-770616.68	-1049952.96	26.2148
-686608.81	-1054660.12	-685914.715	-1053772.587	12.7163
-830754.935	-1059526.568	-831265.27	-1057744.68	23.8074
-739143.03	-1040124.46	-739350.9	-1040088.34	4.2256
-716776.47	-1028470.23	-716780.121	-1028419.632	0.6121
-854902.93	-1038237.73	-855530.25	-1036701.857	21.1
-747562.96	-1019502.35	-747599.375	-1019617.438	1.354
-663281.656	-1084264.71	-663442.177	-1084581.588	3.9779
-659098.75	-1009155.77	-657651.71	-1010657.05	24.2486
-753063.822	-985251.483	-752698.839	-986984.752	23.0415
-670378.25	-1048213.313	-669881.57	-1048196.08	6.0524
-880204.394	-1017070.064	-880151.53	-1017056.729	0.6416
-819652.398	-1075671.193	-819811.51	-1075616.07	3.3741
-665395.172	-1046191.379	-665392.81	-1046161.73	0.3306
-695525.86	-994939.15	-696275.2	-995059.54	8.8924
-867415.576	-1014634.834	-867721.497	-1015612.621	20.4954
-773180.24	-982370.02	-772772.16	-981632.61	10.6606
-701933.768	-1018659.443	-700386.34	-1017542.52	24.4023
-690247.146	-995050.618	-690031.769	-995179.741	2.9656
-754214.37	-988832.09	-755956.61	-990921.9	33.9806
-671738.538	-1093099.692	-671275.98	-1092124.2	31.7089
-650342.247	-1075757.499	-650589.631	-1078457.129	39.7279
-714821.655	-998230.155	-715055.607	-996634.085	20.4325
-772370.063	-1054697.184	-772390.309	-1054712.423	1.0133
-724991.13	-1067014.4	-725713.35	-1066651.34	16.6989
-747850.94	-1037441.67	-746296.162	-1037605.399	17.7579
-707194.39	-1067155.22	-707342.596	-1067840.561	10.5638
-788459.966	-1013937.498	-788477.217	-1013950.601	0.2463
-696636.6	-994249.17	-695962.77	-992333.25	29.4341
-724221.372	-1037346.047	-724283.282	-1037360.78	2.1708
-694550.39	-1089676.0	-693908.675	-1090508.932	20.7992
-727355.342	-1055096.643	-727498.09	-1055856.04	20.3189
-705436.794	-1046812.341	-705213.552	-1046907.088	2.6991
-776434.877	-977166.515	-776326.15	-977345.98	4.238
-744113.81	-1028719.22	-744268.68	-1027560.53	13.6289
-728506.879	-1060761.621	-728535.537	-1060780.282	0.5705
-741663.03	-1042064.37	-741521.63	-1042009.24	5.762
-776007.615	-1018697.758	-776123.48	-1018698.4	1.302
-795520.982	-1003368.997	-796617.37	-1002849.98	13.4781
-772371.88	-1055560.94	-771810.65	-1055290.41	13.054
-693762.45	-1032418.66	-693883.566	-1032463.944	2.6179
-783489.42	-1061938.708	-783391.24	-1061960.53	2.589
-645095.13	-1025657.86	-645969.2	-1026861.65	19.905
-867788.045	-1017518.115	-867814.1	-1017398.97	5.7237
-726496.4	-1072033.33	-721765.39	-1072001.18	68.0731
-833504.385	-1072510.084	-834017.16	-1072558.02	3.9618
-705966.084	-1071067.862	-705427.33	-1071399.53	7.0673
-695908.221	-1034530.867	-696209.569	-1034541.427	6.5756
-749015.514	-1045769.626	-749095.62	-1045762.39	1.9812
-838827.113	-1054159.279	-840490.431	-1056312.086	38.03
-786455.105	-1064322.263	-787208.275	-1066172.509	24.6146
-757705.96	-1039765.18	-757862.35	-1039890.22	2.5634
-644804.59	-1049444.13	-644139.468	-1047621.263	20.262
-759026.545	-1047924.626	-759044.19	-1047918.202	0.4686
-703668.99	-1062360.73	-703392.676	-1059769.677	34.715
-671682.411	-1084432.838	-668968.561	-1086290.602	68.7557
-757206.48	-1080755.63	-758696.918	-1082084.258	26.4791
-809663.17	-994174.16	-809177.84	-994195.19	9.9858
-879501.125	-1023282.875	-881678.038	-1022283.404	32.1254
-676991.84	-1056752.87	-676514.22	-1056253.98	14.6368
-681810.686	-1088876.854	-682615.938	-1087826.567	16.7558
-776696.195	-1034352.356	-775691.78	-1034209.7	21.8089
-876205.29	-1021469.48	-876129.73	-1021550.52	1.7439
-737638.44	-1057658.8	-737596.76	-1057650.8	0.9543
-703758.381	-1079749.097	-703858.334	-1077728.229	24.7875
-641686.67	-1037076.0	-641802.028	-1037420.401	8.0482
-648028.985	-1054558.072	-648850.296	-1057904.804	32.8111
-807312.372	-1038652.671	-806646.111	-1039509.578	12.6328
-673053.29	-1012178.46	-673065.66	-1012180.91	0.2757
-740425.24	-984956.78	-739456.77	-984455.4	16.078
-710457.607	-1037049.321	-710240.621	-1036353.305	15.9402
-759614.391	-976477.019	-759694.68	-976470.55	1.6257
-823456.88	-1025260.68	-823451.63	-1026158.985	13.9558
-673857.05	-1011738.34	-673383.37	-1012036.57	6.2418
-765408.29	-1080195.93	-766339.96	-1080322.38	10.8207
-750401.242	-1005557.255	-750394.144	-1005574.589	0.4412
-700358.813	-1017067.057	-700549.976	-1016985.471	5.5289
-741735.77	-987581.701	-740411.92	-987030.62	16.4769
-867995.32	-1031386.54	-863459.709	-1029550.184	64.7554
-778917.1	-1060712.15	-777701.42	-1060876.17	21.989
-723333.95	-1036968.41	-721909.138	-1036103.039	23.3171
-687748.17	-1003345.14	-687324.26	-1004263.0	11.5509
-761277.9	-1014712.0	-760604.3	-1013328.54	17.1052
-688190.74	-1048705.98	-688043.64	-1047784.78	15.0456
-746589.08	-1039185.64	-747850.94	-1037441.67	23.9669
-761986.299	-1025253.683	-761666.724	-1024862.228	6.3831
-786598.47	-996189.5	-786800.7	-996166.2	4.0747
-749021.91	-1023132.2	-747427.15	-1020180.7	48.7938
-750010.571	-1005717.902	-750027.08	-1005696.608	0.8445
-685775.306	-1008252.372	-686814.05	-1008736.01	14.3234
-708693.97	-1050118.96	-708596.11	-1049854.13	3.2387
-649412.96	-1069332.18	-649397.09	-1068087.73	43.4372
-745782.97	-982628.93	-744769.542	-981619.002	16.5999
-690169.154	-1066692.639	-688661.205	-1067992.973	27.5037
-655812.1	-1048450.58	-655855.307	-1048416.028	1.1158
-752482.88	-1043314.671	-752240.69	-1042987.36	8.1509
-758715.209	-1060308.79	-758984.96	-1060306.05	5.4985
-793545.34	-994549.28	-794893.45	-994671.92	15.6848
-688433.97	-1062383.78	-688245.65	-1062409.67	3.9209
-684489.68	-1065834.781	-684456.271	-1065830.333	1.79
-690144.75	-995126.75	-690238.75	-995190.78	1.2672
-741289.93	-1026954.677	-741318.219	-1026828.168	2.6963
-734657.963	-1045867.082	-734792.939	-1045834.388	5.5341
-853654.412	-1058927.71	-854092.984	-1059209.321	9.7618
-663044.42	-1054468.82	-661534.9	-1056956.81	45.2917
-704769.23	-1071747.73	-703712.723	-1072042.225	13.2488
-779116.42	-1042743.98	-777670.839	-1041084.169	33.015
-865309.575	-993340.114	-866860.328	-998552.66	72.7151
-757098.83	-1070014.01	-757062.77	-1070140.36	2.6353
-784300.96	-988109.78	-786897.49	-989063.07	40.7554
-730628.22	-1042752.2	-730464.91	-1043698.48	7.394
-771432.875	-995747.64	-770554.816	-995687.17	9.7814
-711988.708	-1040692.742	-711981.896	-1040711.458	0.2865
-746391.984	-1054066.041	-746278.879	-1054177.747	3.5794
-644298.17	-1048031.02	-643431.223	-1047704.006	11.9036
-643669.343	-1034932.529	-645953.826	-1035165.121	27.9393
-779250.426	-997226.575	-778812.234	-1000738.673	48.2554
-724124.816	-1055002.765	-723198.334	-1054619.074	25.2018
-641514.061	-1025133.864	-640620.04	-1024377.18	14.9948
-639797.044	-1032968.288	-644328.519	-1038041.66	56.7534
-783838.86	-988399.59	-782726.78	-987641.643	17.8648
-870928.851	-1000954.937	-872303.667	-1001395.343	18.9096
-741516.928	-1042621.167	-741506.63	-1042461.87	3.2256
-744730.982	-1001506.622	-744946.808	-1001224.306	4.2625
-753429.609	-1045777.357	-753494.85	-1045784.36	0.5047
-781617.16	-985767.32	-783159.19	-985951.26	31.333
-846221.073	-1022074.287	-846077.369	-1022040.031	1.6578
-672142.31	-1009768.45	-670992.694	-1009940.001	15.9846
-778137.77	-1058760.2	-773823.199	-1056068.979	40.3071
-690438.47	-1055956.5	-690566.15	-1055814.5	2.2285
-724028.92	-1008873.53	-722967.369	-1006661.187	27.3268
-795237.549	-1012020.629	-793617.229	-1013482.027	27.3536
-818946.6	-1027758.891	-819733.064	-1026468.279	12.0832
-757944.57	-1018902.47	-758869.214	-1018432.011	11.8762
-645715.132	-1042716.114	-645518.759	-1042729.318	3.9388
-743733.598	-1024751.968	-746657.563	-1017680.468	63.9029
-719914.46	-1077603.56	-717192.428	-1075852.491	67.7689
-660641.29	-1076203.42	-660888.99	-1076633.9	5.5993
-784018.32	-995398.78	-784256.274	-994402.039	12.3935
-815590.857	-1064630.056	-815086.286	-1064891.427	7.6761
-735445.09	-1030178.68	-734772.38	-1029674.17	9.4584
-649316.891	-1061705.052	-649294.156	-1061839.107	2.7258
-770208.09	-1027884.02	-767805.41	-1026068.54	69.9859
-645348.96	-1052271.34	-645364.78	-1052486.63	1.9693
-858444.317	-995101.939	-861412.91	-990472.22	103.5839
-697424.697	-1035914.68	-697549.715	-1035832.866	1.6788
-734645.857	-1072632.119	-734636.107	-1072986.567	7.0958
-705068.76	-1047873.8	-704751.508	-1048567.281	11.0739
-725019.592	-1035314.128	-724399.64	-1034469.65	21.3064
-674699.77	-1016080.99	-675017.86	-1015823.96	4.8615
-851679.954	-1010650.311	-851507.58	-1010767.77	4.3957
-686881.544	-1058803.954	-686431.54	-1059403.19	8.3573
-765956.108	-970334.302	-766488.889	-972130.108	129.0973
-657019.754	-1063024.574	-658077.11	-1064149.39	25.417
-686738.235	-993832.623	-686073.991	-993614.154	7.858
-717942.7	-1065613.26	-716142.935	-1064705.901	25.4525
-884583.855	-1009276.31	-885723.47	-1010197.174	17.3805
-843135.49	-1000536.953	-844989.76	-994076.91	110.7029
-680011.47	-1041710.69	-679414.3	-1041652.05	6.6674
-781640.64	-1020253.82	-784784.39	-1023650.31	57.1271
-675528.852	-1031255.575	-674384.818	-1029731.529	24.8286
-774654.557	-988981.697	-772692.12	-989136.26	23.1464
-734824.7	-1052989.06	-737308.984	-1051237.17	34.1603
-762038.22	-973337.892	-761892.92	-972790.19	11.3978
-817473.473	-1049653.171	-812849.834	-1049467.983	83.3395
-659427.17	-1037681.69	-660445.077	-1038492.609	24.5501
-696275.2	-995059.54	-696701.07	-994294.03	12.0574
-696029.607	-1045263.951	-695093.911	-1044413.908	14.0898
-772692.12	-989136.26	-771203.743	-989206.762	18.8226
-811663.996	-1027269.798	-813680.81	-1027925.43	23.8206
-687593.77	-1028876.38	-687757.878	-1028419.984	6.4994
-810553.97	-991733.99	-810333.785	-991622.577	2.9371
-869613.66	-1040332.96	-866877.057	-1038926.835	40.3245
-645105.96	-1049663.07	-645478.566	-1049546.01	7.9606
-847981.715	-1062723.73	-845372.99	-1063113.76	40.6838
-776737.471	-1034379.852	-776149.73	-1034943.3	13.1332
-767704.931	-1012697.57	-767438.13	-1012797.07	5.8046
-849513.93	-1008292.36	-849514.114	-1008336.564	0.8921
-732562.34	-1053986.92	-732450.096	-1054745.659	19.32
-738573.336	-1060565.649	-738559.393	-1060558.556	0.3909
-737024.99	-1036287.62	-736840.53	-1036757.31	10.1321
-712005.82	-1041598.33	-712035.9	-1041732.29	3.3421
-852030.17	-1033083.54	-851674.691	-1031602.659	27.5375
-853839.06	-1024392.81	-850635.225	-1022379.352	53.4005
-726005.712	-1020273.05	-725954.836	-1019955.705	7.871
-737270.58	-1038760.9	-737520.52	-1039020.19	7.2152
-723472.047	-1009554.734	-724028.92	-1008873.53	10.4539
-740037.024	-1032679.043	-740022.484	-1032690.58	0.2764
-865417.798	-1006932.159	-865411.578	-1006956.737	0.2817
-709790.885	-1022701.685	-708891.15	-1022648.12	21.1771
-674637.39	-1078055.65	-676292.366	-1082313.565	84.6597
-819612.782	-1008068.581	-820309.994	-1008044.434	13.9696
-742447.92	-1057030.3	-744053.61	-1057667.93	21.8026
-696426.87	-1001006.06	-696319.73	-1000896.59	3.0637
-799184.546	-1015725.715	-797625.12	-1013152.09	38.5335
-757160.106	-1052335.222	-757402.828	-1052419.611	2.9455
-802515.946	-1014086.344	-803282.683	-1012488.552	20.4906
-645129.9	-1025038.52	-646487.376	-1023965.665	23.9494
-793287.43	-1051912.18	-794753.218	-1049662.615	84.2719
-755449.02	-1081193.42	-754727.143	-1084397.371	170.6837
-844027.15	-1005078.51	-844038.724	-1005104.052	0.3514
-654988.369	-1070998.936	-656933.304	-1077510.975	93.2564
-712891.898	-982747.303	-712877.22	-982763.524	0.6851
-721734.23	-1079750.92	-721694.51	-1079694.03	0.7719
-828650.137	-1025051.101	-830319.0	-1023231.16	39.0706
-682654.13	-1059857.1	-687848.521	-1056929.249	77.8962
-744437.968	-1025170.462	-744415.818	-1025176.428	0.3126
-732430.487	-1054769.329	-732450.096	-1054745.659	1.2071
-743703.125	-1025022.688	-743555.275	-1024949.43	3.302
-664261.049	-1047852.715	-670260.27	-1047666.95	47.881
-791191.58	-1065090.32	-792335.7	-1064165.62	21.4223
-730856.62	-1042063.53	-730882.08	-1042065.154	0.5102
-725335.37	-1028213.23	-724612.79	-1027039.26	19.1527
-647790.847	-1067393.64	-646819.494	-1068479.874	17.9319
-645356.061	-1042741.654	-645475.79	-1042722.862	2.4313
-656123.371	-1061794.799	-657020.478	-1062950.696	17.8363
-780146.784	-975121.456	-780136.267	-975125.107	0.2536
-724988.93	-1064518.87	-724372.57	-1065211.67	19.3521
-850974.94	-1059171.953	-851755.047	-1055051.776	49.717
-710938.84	-1049923.0	-710741.03	-1050352.91	6.0683
-866375.51	-1007319.368	-866412.755	-1007295.052	0.5743
-762683.732	-1040426.102	-762669.225	-1039851.164	11.5026
-718531.302	-1074829.682	-718118.94	-1074538.02	5.7836
-831921.084	-993054.912	-829579.044	-992664.87	28.5587
-670828.26	-1074758.31	-670493.82	-1074876.4	7.1921
-778348.44	-1058916.35	-778382.944	-1059000.148	1.0508
-847170.479	-1007441.499	-844933.3	-1005585.62	33.621
-688899.57	-989589.51	-688277.3	-989840.08	8.3096
-843367.441	-992167.464	-842568.76	-992116.35	9.1472
-756325.51	-1036183.84	-757134.9	-1036802.08	14.7492
-732075.87	-1005296.73	-728146.12	-1003625.21	69.8972
-697541.012	-1035978.822	-697488.35	-1036432.86	5.1156
-765080.703	-974789.501	-765059.6	-974782.79	0.2678
-752718.19	-1006076.97	-753296.424	-1004671.452	16.8879
-648320.15	-1058431.014	-648316.398	-1058421.523	0.2133
-754771.353	-1047530.553	-754598.61	-1047553.02	3.5052
-655425.148	-1070143.698	-655004.554	-1070119.791	4.6847
-872985.395	-1040333.041	-876689.855	-1039773.912	171.2424
-757505.78	-1039271.09	-757294.023	-1039645.091	5.1953
-822691.204	-993747.305	-826393.58	-993760.31	79.1944
-791127.809	-987855.845	-790965.977	-987948.854	4.1249
-643225.852	-1071268.715	-643808.34	-1070090.39	18.8947
-750766.055	-999807.791	-753228.46	-994109.99	122.2572
-696337.563	-1001026.313	-696367.74	-1001126.95	2.2969
-721194.68	-1082065.94	-721299.06	-1082392.31	4.3583
-869828.387	-1037680.321	-869167.643	-1038279.309	17.8679
-701719.02	-1012444.79	-701719.186	-1012526.163	1.7049
-712420.272	-983594.696	-712438.272	-983588.937	0.5447
-751809.984	-1007105.322	-751923.796	-1006801.927	2.4942
-696640.86	-1013523.41	-696549.32	-1013687.83	3.7664
-748963.84	-990711.37	-748753.9	-989283.07	23.5387
-731557.09	-1056137.15	-731562.956	-1056376.26	2.8494
-711342.154	-1053447.008	-710303.846	-1051630.394	24.3257
-698601.44	-1063577.91	-698164.88	-1063584.93	9.3177
-711870.206	-1061974.768	-711857.938	-1061987.625	0.1975
-734799.24	-1043636.72	-734745.125	-1042155.188	35.0088
-794092.27	-1044078.55	-794125.83	-1044350.99	3.05
-671157.532	-1014752.688	-670303.75	-1014305.27	10.7115
-729466.74	-1078252.51	-729193.276	-1078529.174	7.7908
-787963.388	-1061123.454	-787917.19	-1061122.81	0.924
-657651.71	-1010657.05	-655915.64	-1010865.18	22.9736
-684413.066	-994587.854	-684379.891	-994645.138	1.5081
-820036.979	-1026366.183	-820017.319	-1026392.266	0.6572
-758651.08	-1013410.21	-758455.89	-1012416.89	11.3954
-850224.24	-1010661.535	-850636.859	-1010801.445	9.0243
-742338.099	-1026848.874	-743670.905	-1024947.276	18.0815
-759007.55	-1068529.69	-759177.11	-1068732.59	2.0386
-646065.072	-1042716.985	-645916.971	-1042711.207	2.9646
-870796.34	-1028019.47	-874344.73	-1021068.78	164.3138
-733554.49	-1083480.28	-732726.814	-1084027.306	15.9266
-846907.119	-1029513.505	-845865.288	-1027535.4	27.9065
-737661.145	-1057623.659	-737638.44	-1057658.8	0.9365
-739577.587	-982765.461	-739534.3	-982791.08	0.5618
-756989.6	-1032397.03	-756917.591	-1032428.333	0.9589
-707395.27	-1021372.06	-707460.34	-1021447.15	1.9875
-728049.438	-1040282.5	-728301.83	-1039146.96	13.0216
-646817.027	-1070110.852	-646804.66	-1070126.4	0.5248
-768713.957	-972170.981	-768734.89	-972166.881	0.2606
-820743.22	-1063814.623	-820585.924	-1063518.216	4.0914
-747409.95	-1034670.67	-749323.33	-1033889.64	27.1962
-652756.916	-1044690.62	-651216.495	-1043242.764	26.0065
-756870.588	-1065638.939	-756889.551	-1065640.076	0.5627
-804910.541	-1024792.196	-804735.243	-1026440.667	20.0963
-646380.531	-1071538.825	-646358.425	-1071536.046	0.5563
-704179.784	-1009008.677	-704166.528	-1008995.424	0.4508
-708408.027	-1058931.415	-708246.42	-1058914.524	1.8425
-776457.57	-975926.16	-776494.34	-975986.92	1.5815
-676726.07	-1006264.05	-675086.81	-1006293.2	19.7337
-660761.31	-1032147.72	-660276.396	-1031534.87	9.4762
-765030.335	-975184.381	-765080.703	-974789.501	4.5156
-652542.747	-1062334.365	-652486.137	-1062382.974	0.8969
-772600.85	-983797.65	-772656.07	-983709.93	1.2048
-886514.471	-1022626.883	-886513.43	-1022598.52	2.1547
-852564.625	-1046612.94	-851819.82	-1047523.5	15.4239
-866212.348	-1049465.936	-868428.83	-1050088.405	26.1105
-809384.25	-994087.73	-809398.86	-994191.22	2.0906
-708783.763	-1071503.143	-708118.84	-1072450.287	15.7563
-640148.722	-1086130.675	-642714.099	-1086174.846	35.4795
-681819.424	-1075513.693	-682046.789	-1075733.534	3.5141
-854856.57	-1011412.45	-855036.52	-1011397.23	3.6119
-779046.215	-1029571.411	-778945.801	-1029679.128	3.4226
-824424.66	-1076786.93	-824335.17	-1076643.87	1.5351
-675397.7	-1072188.45	-674394.04	-1072998.88	19.4068
-722332.58	-1017137.68	-721515.93	-1016968.04	9.7984
-700853.71	-998518.14	-701015.15	-997671.7	10.1501
-699228.75	-1084220.74	-699220.004	-1086836.49	42.5395
-710474.741	-1013302.23	-711292.841	-1012313.368	15.2305
-671011.67	-1048336.21	-671371.183	-1047810.527	8.7542
-760994.984	-994698.074	-761077.286	-994700.252	1.0078
-645724.47	-1074143.02	-645182.381	-1074268.023	11.128
-756662.9	-1065875.93	-753877.82	-1066653.36	34.0702
-723026.18	-1047430.95	-721709.137	-1048028.488	28.9272
-762779.554	-1043689.805	-762794.21	-1043674.35	0.2494
-738613.52	-1001528.51	-738748.919	-1001258.549	4.4355
-734657.725	-982816.189	-734107.555	-983034.011	6.8078
-817287.37	-1070532.94	-817356.22	-1070566.11	0.9917
-705984.986	-1061501.398	-704866.76	-1061699.46	12.8912
-767742.987	-973600.962	-767753.068	-973588.546	0.4458
-689380.018	-1029127.238	-689199.57	-1027006.85	34.3387
-821758.61	-987273.78	-821606.079	-987225.304	2.0903
-755823.163	-1033649.546	-754578.32	-1033875.92	16.3005
-789678.346	-1026737.209	-790130.99	-1026365.77	9.0918
-711131.66	-1011675.56	-709859.31	-1013013.28	21.8272
-746302.213	-1054356.205	-746331.456	-1054349.706	0.66
-728124.965	-1071992.392	-727827.35	-1072053.3	6.0871
-734591.1	-1022240.55	-733414.453	-1025012.115	34.6642
-786298.87	-1042608.88	-785874.31	-1045240.77	61.4261
-721028.2	-1065276.8	-720087.37	-1066519.01	24.5574
-751731.718	-984231.884	-750377.052	-984570.46	18.2242
-847264.676	-1070411.162	-847461.853	-1070382.288	1.5329
-731999.944	-1057687.789	-731354.232	-1057376.602	23.0209
-763380.91	-1072715.19	-764235.842	-1073549.113	13.5061
-818728.15	-1074717.07	-813711.95	-1072683.86	43.9011
-812119.815	-1017145.01	-813365.998	-1017598.31	27.2442
-869160.787	-1038295.034	-869144.766	-1038281.722	0.6078
-830033.794	-1031139.986	-831791.806	-1029809.524	31.8119
-687874.492	-1039550.678	-689276.02	-1041251.79	25.1474
-821930.923	-997708.197	-824913.522	-997340.039	47.4063
-681692.29	-1059999.27	-682654.13	-1059857.1	26.322
-863093.577	-1028678.965	-863828.17	-1026295.33	32.5084
-645287.16	-1060455.277	-645244.928	-1060424.71	1.4725
-694237.635	-1076391.482	-691868.159	-1074084.509	41.631
-852274.462	-1010201.283	-852595.394	-1008648.411	46.4563
-742338.29	-1026873.82	-739286.62	-1033463.37	59.322
-698316.327	-1057860.241	-699767.59	-1058228.5	21.3631
-731944.906	-1081331.224	-731318.491	-1081395.334	7.2224
-777244.09	-1022465.751	-776337.19	-1022113.34	11.3819
-694823.848	-1038077.865	-693395.58	-1037423.123	19.1541
-796592.857	-1009438.693	-796978.76	-1006899.82	36.5095
-740580.83	-1040143.97	-740810.27	-1040213.68	8.8026
-659779.64	-1068592.09	-657956.62	-1069270.74	21.6499
-756917.862	-1016333.564	-755096.69	-1017217.62	22.807
-772204.52	-1063079.85	-771664.289	-1062200.37	11.8425
-753544.297	-1078888.772	-752092.071	-1079276.061	19.4303
-719314.324	-1049519.795	-719227.699	-1050025.693	5.8303
-741757.33	-1047020.69	-741898.86	-1047009.98	2.8706
-655315.375	-1026583.681	-655260.99	-1026577.1	0.6089
-730701.69	-1057315.94	-730868.048	-1057213.587	2.2368
-760925.0	-1070532.72	-760827.86	-1070429.44	2.8363
-678925.5	-1039515.25	-676885.72	-1040443.22	25.9663
-725685.08	-1033315.51	-724852.45	-1034098.14	12.8678
-647345.533	-1071014.407	-647242.168	-1071682.457	16.0321
-784340.233	-1026853.333	-784289.205	-1026790.087	1.6253
-658900.48	-1012054.78	-658853.576	-1013422.483	26.4015
-756553.69	-1034846.22	-756734.07	-1035038.43	3.9459
-658351.659	-1088861.398	-660162.685	-1086807.051	33.8063
-643487.277	-1087685.842	-642714.099	-1086174.846	22.1266
-859385.752	-1012800.02	-858880.97	-1012255.26	26.882
-675474.68	-1010843.68	-675655.518	-1009738.39	19.9416
-737315.04	-1057810.47	-737128.122	-1057813.029	1.4381
-824369.557	-1069640.862	-823855.72	-1069646.52	11.9932
-745792.773	-982646.313	-745780.31	-982643.215	0.1674
-850128.496	-1074362.749	-850080.397	-1074377.018	0.5614
-649071.447	-1067541.708	-650214.713	-1066673.462	19.1584
-686509.01	-1087172.16	-686491.08	-1087690.05	5.948
-822653.638	-1059316.149	-822590.536	-1059214.552	2.8831
-751764.57	-1033120.59	-751596.74	-1033037.27	2.2148
-706944.713	-1074501.568	-706403.78	-1074184.617	7.0706
-770233.58	-1076648.03	-771511.08	-1078430.42	25.4442
-680469.593	-1048668.601	-678335.849	-1048911.227	27.5663
-757186.395	-999324.849	-760688.95	-998727.14	45.2414
-681395.684	-1071134.646	-679673.73	-1071374.91	22.0241
-878158.696	-1013432.341	-878446.41	-1011882.071	18.3991
-649291.665	-1060965.126	-649359.526	-1060736.691	5.2571
-808721.81	-991258.59	-808700.584	-991218.76	0.951
-696412.493	-1063921.756	-694877.07	-1064101.78	17.2417
-820196.29	-1068830.88	-820611.661	-1069858.811	24.2359
-858716.326	-995805.151	-857727.851	-998248.061	40.5468
-859406.3	-1012030.4	-859395.01	-1012018.42	0.4101
-725980.5	-1083703.27	-725860.458	-1083649.246	1.4628
-673898.48	-1020353.88	-673021.41	-1020128.33	13.779
-867018.375	-1013995.532	-867026.756	-1014027.188	1.8936
-670645.41	-1038343.34	-667304.361	-1041101.153	68.4358
-777421.09	-1064471.68	-775337.088	-1066406.687	77.0515
-647852.61	-1059246.72	-647883.61	-1059352.33	2.2031
-730433.77	-1043884.81	-730320.71	-1043500.64	5.0219
-801002.08	-1032379.022	-799304.901	-1029049.172	46.2558
-811161.406	-1042049.504	-808968.166	-1042596.195	32.9251
-794503.91	-1062120.49	-795756.305	-1061411.799	26.2666
-691025.4	-1007118.65	-691343.38	-1006843.27	4.6739
-697195.262	-1038979.307	-697177.04	-1038976.56	0.4099
-702956.97	-1010907.46	-702516.565	-1010261.375	15.6408
-689070.72	-1043744.36	-688732.773	-1043758.172	3.7581
-714132.725	-1073338.675	-712117.51	-1071221.702	110.9803
-753875.83	-1041685.1	-753766.275	-1041830.108	4.2452
-666097.53	-999186.01	-665659.82	-1000236.89	35.9473
-798366.93	-999644.1	-799818.73	-998785.97	27.0344
-755287.16	-999432.24	-754248.45	-997021.37	32.1189
-708116.272	-1016039.129	-707094.49	-1015993.99	29.0633
-787590.19	-1062308.66	-787483.154	-1061959.579	7.931
-680301.305	-1006924.26	-679725.44	-1007082.48	7.0244
-869631.174	-1051272.688	-870379.374	-1050787.673	26.4962
-778543.215	-1058986.636	-783541.401	-1061964.012	46.8793
-756229.13	-1064141.66	-756770.213	-1065375.482	18.5075
-644318.761	-1038051.714	-639797.078	-1032981.95	56.685
-749265.548	-1004416.854	-749090.496	-1004330.379	4.0411
-718454.813	-1019105.75	-718316.58	-1019140.73	1.5852
-691343.38	-1006843.27	-691235.735	-1006530.473	3.8017
-734764.112	-1045640.265	-734871.69	-1045752.6	3.4512
-661397.46	-1034322.3	-660539.64	-1034599.61	10.9721
-671671.17	-994217.99	-671541.458	-994226.952	2.6015
-686740.46	-994862.24	-685867.365	-996829.746	28.0218
-749022.214	-972993.748	-749046.648	-968960.265	65.3753
-693574.45	-1045192.32	-694097.928	-1048485.249	41.0107
-831791.806	-1029809.524	-832903.841	-1031528.395	47.9453
-735076.04	-1040992.76	-734667.725	-1041598.981	9.8609
-759906.448	-1010347.176	-759401.46	-1010266.64	12.0592
-700441.78	-1088317.93	-699263.048	-1087577.665	20.4331
-871474.565	-1005104.736	-869618.203	-1007584.616	56.314
-762528.41	-1038705.278	-762387.286	-1038759.76	1.1637
-700174.9	-1071901.69	-700115.94	-1071955.9	1.6473
-643935.977	-1040626.868	-643930.173	-1040600.159	1.3411
-674713.465	-1047420.203	-675084.65	-1047621.12	4.6897
-876155.562	-1021359.829	-876185.879	-1021345.18	0.3741
-651643.82	-1029548.21	-649621.6	-1029185.54	25.2554
-645735.79	-1045402.815	-645714.994	-1045400.989	0.2743
-773198.18	-978453.94	-773231.21	-978427.34	0.8539
-761412.54	-996633.82	-758959.408	-996318.164	35.0322
-639916.051	-1081174.223	-640247.606	-1080219.461	20.8905
-701099.716	-1050856.633	-701170.686	-1050328.027	11.0964
-653082.09	-1010352.41	-651545.63	-1010290.19	26.6623
-743483.882	-1061707.065	-745018.289	-1060369.947	23.966
-816650.416	-1075683.859	-816403.88	-1076194.94	12.3636
-656027.63	-1011983.47	-658795.39	-1011722.96	38.9905
-670464.738	-1071072.651	-671820.9	-1073411.8	33.0357
-656108.2	-1048690.63	-656067.747	-1048723.149	0.5785
-657931.81	-1048289.23	-657381.271	-1045152.373	39.2983
-836603.408	-1051931.422	-836341.28	-1052408.963	6.1336
-725002.733	-1065593.652	-724891.11	-1066813.89	17.3264
-770210.38	-1053816.77	-770190.57	-1053825.54	0.51
-642292.66	-1093616.92	-641361.511	-1092462.084	18.8623
-745476.058	-1042442.099	-744427.01	-1041940.53	25.8394
-693003.18	-998300.05	-692363.09	-998251.16	7.1331
-885169.37	-1016810.178	-885102.897	-1016857.919	0.9657
-818230.1	-984913.28	-816748.835	-987169.243	31.3377
-725453.136	-998817.093	-725654.097	-998847.16	2.3008
-766858.763	-1037423.041	-766858.89	-1037449.749	1.289
-882180.889	-1003054.844	-881270.899	-1001368.533	38.3843
-763989.372	-1024143.273	-764003.61	-1024125.807	0.5907
-849341.108	-1036491.181	-850620.762	-1036813.505	15.048
-857821.396	-1017685.681	-859557.256	-1016593.499	52.4617
-874066.119	-996690.38	-875262.46	-995503.88	22.6189
-812388.176	-977737.761	-812297.062	-977456.967	4.0023
-728454.25	-1060923.44	-728282.37	-1061023.04	1.5281
-679258.65	-1041636.42	-676250.16	-1042634.43	36.9743
-818904.75	-1068921.1	-820196.29	-1068830.88	42.31
-820573.83	-1001637.48	-820469.461	-1007315.819	230.3733
-766628.606	-1023246.233	-766353.786	-1023253.612	3.0551
-844761.0	-1030903.255	-841116.01	-1031187.07	42.3381
-796121.105	-1068873.145	-797174.951	-1069103.723	21.651
-712625.01	-1079010.79	-712611.26	-1078889.11	2.0083
-689289.117	-1090073.041	-689965.324	-1088969.229	17.9456
-643049.81	-1024267.01	-642347.908	-1024567.607	8.6065
-845062.714	-1031835.4	-845245.939	-1031964.905	4.5025
-732450.096	-1054745.659	-732450.528	-1054772.006	0.7434
-770392.356	-1000118.005	-772697.187	-999447.262	29.89
-871707.33	-1019437.94	-869616.016	-1020897.713	58.3893
-680697.38	-1050051.66	-680978.05	-1051551.51	17.8938
-819959.831	-1026300.162	-818946.6	-1027758.891	14.4303
-751477.25	-1025474.99	-753232.18	-1024998.24	21.541
-643828.134	-1066696.643	-643250.92	-1066919.41	6.8932
-708947.022	-1068917.61	-709267.717	-1068318.769	8.635
-776071.75	-1050624.5	-776384.82	-1050649.1	3.6689
-774246.13	-977816.71	-775923.936	-977266.63	38.5718
-679590.78	-1061605.57	-678499.29	-1063064.14	21.5997
-683981.04	-1045580.36	-683720.859	-1044504.957	12.3959
-865997.726	-1006888.609	-867441.345	-1002735.791	72.6855
-739485.75	-1029242.48	-739299.15	-1029228.09	3.7561
-686575.12	-1039593.79	-687874.492	-1039550.678	14.4783
-665794.8	-1014294.06	-663693.88	-1014805.29	25.3388
-841436.05	-1026926.25	-844761.0	-1030903.255	70.7175
-794145.376	-983149.177	-795450.938	-985788.52	35.0558
-752687.05	-982562.7	-753093.273	-983301.577	9.9177
-718948.86	-1088120.98	-718920.88	-1088152.074	438.8592
-849514.114	-1008336.564	-849434.18	-1008755.3	9.1542
-701179.42	-1050315.94	-701170.686	-1050328.027	0.3903
-780713.7	-1068654.21	-779286.05	-1069070.46	17.8083
-707322.4	-1045354.97	-707917.65	-1044556.38	20.4824
-842488.834	-1036834.753	-845456.526	-1038852.984	63.1762
-770537.784	-1010225.627	-769111.6	-1007999.37	31.0378
-731748.04	-1031479.96	-731456.036	-1032452.02	25.1635
-717871.38	-1031498.06	-715650.83	-1032190.21	37.4822
-657091.01	-1022208.29	-656919.63	-1022278.57	2.0664
-677792.44	-1026214.67	-678055.237	-1028645.783	52.4162
-640022.314	-1082782.538	-639921.775	-1083492.676	17.8554
-723703.199	-1036211.149	-723677.639	-1036221.999	0.6895
-765746.49	-1029031.38	-765572.3	-1028412.02	13.7025
-669541.76	-1081268.375	-670357.22	-1080322.771	14.7275
-692763.123	-1078645.94	-692559.898	-1080566.223	29.5736
-771281.929	-1061756.367	-771749.039	-1060604.088	22.2275
-746255.238	-1054054.79	-746502.643	-1054238.287	6.1619
-674384.818	-1029731.529	-674361.294	-1029465.061	3.0162
-758171.547	-1053690.762	-758844.38	-1054442.2	12.6623
-680358.135	-1067527.878	-678344.066	-1069057.355	31.4409
-679587.323	-1071764.46	-680612.899	-1073297.698	26.019
-815086.286	-1064891.427	-814788.862	-1065223.28	6.9073
-643570.536	-1046079.826	-643270.253	-1044720.053	15.5026
-669529.45	-1013894.36	-669517.02	-1013920.4	0.6721
-697608.833	-1001082.178	-697594.008	-1001104.644	0.7564
-770831.342	-1010431.064	-770659.27	-1011468.3	11.705
-649298.085	-1061754.233	-649297.606	-1061776.981	0.5113
-870390.26	-1017949.34	-870106.383	-1018127.974	4.1444
-752253.935	-1043211.332	-752326.98	-1042897.041	12.4908
-695647.36	-1055686.91	-693561.4	-1056600.7	34.0482
-749139.867	-1044020.697	-749191.481	-1044352.66	7.2746
-670431.0	-1047137.14	-670338.535	-1047349.91	2.5903
-667325.808	-1078035.471	-667418.895	-1078112.421	1.3568
-765441.28	-1054104.82	-763495.498	-1050934.008	101.6208
-818230.1	-984913.28	-819634.076	-980184.852	60.1305
-761571.97	-1037412.88	-762551.91	-1038286.19	15.2974
-722663.507	-1006396.818	-722728.545	-1006321.804	1.9953
-703583.63	-1089168.3	-703668.845	-1089052.406	1.7597
-727739.13	-975636.15	-725909.568	-977352.281	30.7627
-749716.36	-1051238.55	-749720.36	-1051443.07	4.1016
-690558.02	-1072701.96	-689533.77	-1072698.38	15.0422
-850195.5	-1010687.625	-850186.628	-1010641.007	1.0506
-825792.196	-1025475.053	-825818.437	-1025475.499	0.6943
-771592.16	-1018016.29	-770259.89	-1018648.16	17.8965
-769519.22	-1080204.5	-767940.059	-1080699.253	19.7256
-740152.75	-1030507.52	-740237.39	-1030261.3	2.9307
-680276.02	-1067212.39	-679522.468	-1067119.159	16.2156
-828983.675	-985529.775	-826779.953	-984446.308	40.8754
-756731.393	-987706.568	-757507.661	-987496.265	10.4933
-741262.938	-1055319.906	-745998.38	-1054124.323	38.8009
-791814.44	-1039505.59	-790450.96	-1040318.98	21.562
-688329.48	-1023091.54	-688387.54	-1023531.44	5.2242
-711842.72	-1041644.94	-712365.36	-1041495.43	4.1963
-654207.76	-1023022.35	-653846.459	-1023468.5	11.8006
-852583.012	-1008637.457	-852594.958	-1008631.623	0.3349
-709224.21	-1087573.41	-709135.278	-1086147.785	16.6154
-721225.165	-979155.823	-720783.766	-981450.211	41.1848
-777659.539	-1002051.994	-778812.234	-1000738.673	25.0209
-714250.17	-1026275.32	-713163.84	-1026838.29	17.3083
-695390.003	-1024767.071	-693680.59	-1025234.301	20.642
-691592.123	-1088514.346	-694355.705	-1089393.858	59.7853
-884612.115	-1021810.074	-885768.713	-1021406.583	14.8941
-712407.94	-1019209.31	-714635.81	-1020389.88	34.53
-640310.55	-1031771.38	-640378.25	-1031819.25	0.9213
-744980.439	-1059935.492	-745039.596	-1059925.337	1.2012
-681072.46	-1051644.97	-683665.563	-1050408.426	32.5091
-734995.56	-1025187.18	-733414.453	-1025012.115	49.8623
-819577.78	-1056410.112	-819740.529	-1058341.735	22.1953
-847132.19	-1070954.17	-847116.139	-1070917.101	0.5153
-683941.278	-995272.125	-683855.99	-995313.98	2.1259
-812729.78	-1071436.13	-813205.411	-1072126.728	17.0705
-774673.57	-1000296.917	-776672.51	-998311.07	32.4872
-731701.37	-980759.98	-731127.29	-980749.41	6.7232
-733747.465	-1053566.844	-733935.276	-1053561.424	10.0104
-661219.349	-1077757.684	-660874.392	-1080267.596	34.0927
-645364.78	-1052486.63	-647963.442	-1054468.654	31.8343
-659220.915	-1079389.294	-660116.5	-1080216.09	18.2861
-707460.34	-1021447.15	-710952.04	-1025721.06	43.3523
-740361.66	-987432.43	-741480.124	-993828.554	109.9088
-664839.942	-1030463.206	-663328.766	-1029262.266	24.4403
-794390.371	-1020723.153	-794276.65	-1021389.39	7.9891
-823222.53	-1069474.727	-822828.862	-1069529.776	8.193
-816246.79	-1011621.86	-816751.369	-1010628.466	14.4913
-850202.22	-1042068.29	-851348.499	-1041793.972	13.2959
-756649.728	-1049700.133	-756891.0	-1048656.43	22.0609
-809326.78	-991755.48	-809358.27	-991770.31	1.0159
-723349.17	-1049053.61	-724926.28	-1048904.58	20.741
-693763.178	-1000271.218	-691965.737	-998146.163	37.2003
-739416.634	-1054277.135	-740189.09	-1055208.574	15.0055
-843047.942	-1002069.217	-842860.55	-1002091.42	2.3638
-656919.63	-1022278.57	-658083.92	-1023719.36	27.1897
-765353.59	-1080221.63	-765408.29	-1080195.93	0.6776
-824175.43	-1076403.11	-824229.88	-1076428.91	17.0664
-864442.09	-1014849.73	-864454.75	-1014835.04	0.4275
-691664.96	-1036227.03	-693520.0	-1034325.96	33.5601
-781964.57	-995922.06	-781620.12	-995649.33	5.1783
-674070.204	-1056029.286	-673446.92	-1056164.381	7.1858
-661631.68	-1028707.03	-660600.295	-1028136.323	13.9875
-785384.123	-1060572.777	-783657.44	-1061218.98	23.9876
-819849.45	-1074283.26	-819856.95	-1074319.47	1.0781
-772848.964	-1031590.826	-773028.08	-1031503.21	2.5233
-702403.05	-1031934.43	-702366.34	-1031915.94	0.8225
-795520.8	-979030.66	-795628.1	-978832.44	4.6752
-730106.85	-1043466.23	-730452.94	-1043164.54	5.3209
-654583.356	-1070049.561	-653444.512	-1071622.173	23.241
-699676.871	-1068145.172	-700135.02	-1068003.88	5.3336
-651460.323	-1090112.656	-651799.729	-1090349.683	4.6305
-839367.739	-1069407.203	-840637.765	-1068920.25	15.2597
-778570.39	-973306.93	-777362.985	-973953.915	27.8794
-701640.85	-1074568.41	-700889.801	-1078074.226	46.3415
-808700.584	-991218.76	-808611.58	-991219.64	1.7807
-729514.372	-1080889.537	-729485.542	-1080870.234	0.8164
-801061.994	-1032382.651	-801941.445	-1036474.226	57.0564
-671823.64	-1060977.68	-672579.95	-1062530.59	22.1813
-760994.984	-994698.074	-759863.323	-994662.72	13.9329
-750676.86	-1010875.87	-751059.36	-1010180.34	16.281
-720087.37	-1066519.01	-719738.436	-1066678.565	8.1041
-876248.094	-1021616.472	-876044.64	-1022819.8	14.4336
-829697.252	-1070349.003	-828884.152	-1069456.919	13.6582
-874312.717	-1007284.93	-875300.892	-1006650.861	17.2688
-761946.575	-995064.163	-761330.631	-994884.53	7.1829
-697590.28	-995685.43	-698378.936	-995723.523	9.4873
-697944.0	-1070337.97	-697851.121	-1070299.491	1.2803
-764320.223	-977229.243	-764298.041	-977045.495	3.7077
-876155.562	-1021359.829	-876190.41	-1021455.21	2.5439
-642959.958	-1040436.707	-641510.31	-1041433.74	37.4473
-789047.504	-1072468.509	-788586.83	-1073144.05	11.3486
-754607.34	-1035820.88	-754562.87	-1035818.81	0.9488
-716913.25	-1017328.25	-715953.55	-1017612.59	11.1216
-772248.35	-1030173.62	-772208.43	-1030101.8	1.6434
-720470.927	-1057084.328	-719702.14	-1057265.64	15.798
-697119.277	-1060869.356	-696535.05	-1060849.84	6.7865
-643270.253	-1044720.053	-643232.72	-1044623.98	1.1463
-833920.868	-1033591.514	-834476.86	-1034461.395	11.7819
-760255.56	-1034967.11	-758289.66	-1037634.71	42.4633
-676765.16	-1071455.83	-678242.44	-1074125.29	37.4088
-769366.7	-971553.53	-769294.599	-971517.262	1.6193
-744573.76	-1075053.67	-743664.14	-1076112.04	17.074
-773126.11	-1059054.9	-773048.249	-1059316.095	5.8812
-850620.762	-1036813.505	-852656.05	-1038915.62	41.6937
-738004.483	-1046565.439	-738224.31	-1046716.3	5.3578
-721714.93	-1045134.66	-722976.671	-1047379.047	33.6191
-781716.31	-1060897.64	-782150.44	-1060844.24	5.5369
-670303.75	-1014305.27	-669600.52	-1014050.55	15.1909
-807975.59	-1019026.288	-808586.509	-1021248.665	30.7478
-799077.81	-993548.97	-799213.12	-993419.47	2.2413
-767805.41	-1026068.54	-767595.67	-1025910.37	4.2299
-706177.089	-1067401.754	-704744.62	-1069437.54	32.3082
-731529.762	-1067858.408	-729305.28	-1069793.18	36.3685
-701568.13	-1012234.63	-701667.279	-1012297.562	2.4384
-684448.47	-990115.0	-683930.899	-991603.792	18.1429
-867525.36	-1017267.4	-867797.09	-1017264.35	5.9824
-713001.11	-1006409.73	-713742.68	-1005140.25	17.0871
-847289.002	-1070296.975	-847103.331	-1070324.09	2.1073
-676956.373	-1091523.562	-677459.533	-1091180.847	6.9023
-694455.13	-1052575.23	-693818.89	-1055083.13	33.03
-699353.635	-999914.512	-698742.74	-999596.75	18.6987
-715420.0	-1067995.05	-714685.022	-1069750.904	39.3303
-709087.68	-1088888.29	-709224.21	-1087573.41	15.5748
-740529.23	-1057581.17	-741847.992	-1057274.004	15.3514
-670614.25	-1045185.875	-669036.133	-1044634.777	19.6411
-671577.98	-1006391.83	-671549.72	-1006754.72	4.6173
-701523.533	-1079594.385	-701993.354	-1081037.858	25.7315
-745013.89	-1059962.63	-745018.289	-1060369.947	8.6782
-795702.75	-978794.42	-795628.1	-978832.44	1.8266
-753016.49	-1037436.87	-752438.699	-1038144.74	7.029
-650425.21	-1035064.42	-648387.31	-1036026.6	30.0147
-767615.32	-1045923.917	-767684.069	-1045925.507	1.5848
-681261.812	-1047100.125	-681345.871	-1046738.944	4.3278
-647345.533	-1071014.407	-649242.897	-1072063.856	24.9372
-760192.584	-991129.884	-759622.695	-990240.968	15.1263
-649906.662	-1069949.529	-649412.96	-1069332.18	8.9326
-859271.08	-1010969.95	-859257.63	-1010952.37	0.5593
-753947.112	-1033697.12	-753912.95	-1033138.8	6.3395
-758157.58	-1033374.13	-758836.53	-1033845.27	16.5397
-745978.33	-1031442.64	-745130.41	-1030301.18	27.6843
-784697.145	-1007708.705	-784665.876	-1007701.217	0.5317
-824103.65	-1075094.96	-824035.26	-1075024.83	2.3305
-707080.209	-1050289.257	-707704.35	-1049529.74	20.2258
-797204.328	-1069117.112	-797174.951	-1069103.723	1.182
-710741.03	-1050352.91	-709951.15	-1050590.55	9.2532
-746376.671	-1053972.257	-746391.984	-1054066.041	1.9395
-704967.966	-1015039.181	-705027.205	-1015047.464	12.0408
-779251.363	-993739.69	-777861.4	-994155.78	17.6847
-689233.07	-1061404.75	-691781.71	-1063248.08	49.8579
-753427.9	-1049000.73	-753492.002	-1050068.921	21.4894
-762996.38	-1072366.43	-762922.81	-1072426.15	1.9365
-751792.832	-975676.789	-749275.24	-974110.5	37.5946
-770124.39	-983578.44	-770839.14	-983575.63	8.5524
-776899.44	-1052308.473	-776863.78	-1052388.04	1.7845
-811663.996	-1027269.798	-811830.888	-1027053.033	3.8689
-783025.01	-1000786.78	-782981.17	-1000789.0	0.495
-684373.94	-994673.519	-684379.891	-994645.138	1.1914
-667274.31	-1019346.6	-667559.74	-1021705.03	28.0541
-745060.155	-988699.985	-745958.08	-987636.28	21.1856
-708419.227	-991662.736	-712423.517	-983605.22	101.4467
-734657.224	-1006198.632	-732075.87	-1005296.73	36.7286
-810552.842	-1045120.031	-810740.903	-1045606.441	10.909
-711052.4	-1025670.01	-710963.47	-1025595.143	2.4324
-676565.855	-1071209.691	-676545.294	-1071198.007	0.8444
-755040.592	-975073.73	-754971.456	-975079.693	1.3936
-810575.11	-991741.91	-810632.11	-991820.38	1.0776
-780584.38	-1049899.73	-781677.917	-1049785.142	12.3512
-817540.37	-1031827.03	-815759.271	-1031571.235	25.0433
-778670.37	-996668.12	-778533.64	-996703.6	2.8298
-690514.32	-1056005.92	-690506.35	-1056090.2	0.9406
-734205.563	-1056541.375	-736125.971	-1057023.562	22.7413
-649964.51	-1055934.75	-651010.35	-1053240.12	35.4356
-642228.31	-1028441.14	-640652.89	-1029012.59	20.1296
-667902.946	-1031529.89	-669092.05	-1031725.74	14.024
-867326.503	-1012994.96	-867341.426	-1012987.657	0.3612
-817411.992	-1063506.723	-816146.27	-1064197.64	16.8023
-763628.32	-976556.84	-763638.895	-976417.956	3.1309
-684379.891	-994645.138	-684393.618	-994662.914	0.5758
-865149.161	-1016075.06	-865130.137	-1016067.314	0.5011
-771377.93	-1061984.36	-771281.929	-1061756.367	2.8048
-748084.48	-1035618.15	-749132.32	-1035837.82	14.017
-650292.94	-1011460.39	-649881.53	-1011694.043	103.169
-749090.496	-1004330.379	-748604.8	-1003219.44	24.525
-745964.59	-1022943.18	-744982.633	-1021418.128	27.1586
-747340.192	-1036328.09	-747339.63	-1036309.707	0.4141
-806729.222	-1027010.489	-807794.895	-1027397.361	12.5971
-648237.49	-1048240.12	-645414.186	-1049574.493	25.3459
-876537.832	-1030754.157	-878349.653	-1031651.384	27.0227
-778003.26	-971956.274	-778066.756	-971318.394	2164.2843
-767079.448	-980592.736	-767046.6	-980774.5	12.6597
-759044.19	-1047918.202	-759048.524	-1047938.092	0.5188
-705112.095	-1015101.919	-707395.27	-1021372.06	56.0614
-824874.679	-1067330.845	-824867.795	-1067191.528	2.9981
-688883.849	-1058534.562	-688742.145	-1058541.222	2.89
-656153.82	-1021977.87	-656946.47	-1021838.67	9.3562
-829965.826	-1060342.269	-829679.437	-1060371.719	5.4071
-766136.3	-1040888.08	-768381.901	-1043327.415	51.5202
-757373.21	-1040388.77	-757420.204	-1040997.825	12.3411
-772310.27	-1081676.44	-772410.73	-1081798.56	1.2171
-793254.17	-1060405.44	-790053.6	-1059337.48	43.2425
-852241.709	-1051299.341	-856558.174	-1056633.315	131.6507
-829589.15	-1040948.8	-831003.56	-1040615.966	21.0855
-827417.792	-1075394.971	-824371.81	-1072136.82	61.8683
-669023.951	-1044630.631	-669043.352	-1044621.083	1.3128
-769974.29	-1058239.67	-770079.88	-1058149.69	1.5511
-643687.778	-1034975.692	-642027.43	-1036100.23	23.7615
-715066.692	-1057435.978	-714104.234	-1058377.424	15.754
-722362.624	-1054556.009	-721408.44	-1053712.59	25.6492
-741789.364	-1064502.999	-741769.205	-1064506.716	0.2984
-685945.277	-993525.079	-685944.85	-993645.62	2.4233
-766487.96	-980291.1	-763612.14	-977687.04	73.535
-758678.932	-1048979.29	-759813.41	-1049340.45	14.7756
-681819.424	-1075513.693	-680185.978	-1081430.417	80.5297
-823355.76	-1063565.55	-821956.529	-1064924.03	24.5772
-752232.22	-969283.74	-754483.0	-969674.4	30.3893
-669241.87	-1070174.56	-669237.85	-1071413.68	14.1363
-786856.04	-1001095.15	-784552.08	-1000770.58	34.5383
-821591.64	-1013904.94	-820923.25	-1012044.48	32.0635
-865933.64	-1046371.91	-865931.325	-1046316.317	1.1131
-672969.55	-994817.47	-671671.17	-994217.99	31.7377
-678596.625	-1082820.423	-676923.61	-1083106.525	28.2606
-717053.22	-1001828.61	-717811.44	-1001502.344	10.79
-820589.54	-1063489.47	-820758.321	-1063384.583	2.5682
-770823.51	-981441.98	-772075.41	-980658.1	19.2997
-764589.48	-1036488.88	-764673.68	-1036205.79	3.3973
-702258.08	-1062721.58	-701455.724	-1063024.755	17.4275
-678065.93	-991301.26	-678419.702	-991168.547	7.7955
-639861.337	-1059011.338	-639862.841	-1059620.588	131.1522
-746257.484	-1053880.571	-746262.613	-1053881.415	0.104
-706622.38	-1065074.64	-705153.44	-1065116.36	18.5439
-749275.24	-974110.5	-749194.939	-972258.483	21.6627
-653190.51	-1023454.51	-652047.5	-1023327.26	24.9148
-808585.606	-991258.913	-808611.58	-991219.64	18.0384
-744462.285	-987548.078	-742977.964	-987871.438	16.9978
-822538.061	-1068643.955	-822504.08	-1069162.85	11.7714
-798438.216	-1001761.199	-798528.72	-1002169.83	4.6917
-725289.41	-1085667.7	-725564.36	-1087039.45	21.6447
-778814.3	-1071062.64	-779286.05	-1069070.46	26.3571
-680396.95	-1044919.04	-680379.32	-1044857.65	0.7097
-786951.09	-989143.0	-786887.737	-989073.619	1.8791
-684006.087	-995110.848	-683952.742	-995065.316	4.2431
-790012.06	-1060982.27	-787963.388	-1061123.454	23.3019
-644516.187	-1038472.986	-644277.949	-1038606.572	3.2565
-707915.61	-1021166.69	-707740.78	-1020386.26	16.7382
-770067.387	-1057302.856	-769893.111	-1056003.317	16.3669
-653720.94	-1027087.75	-653620.3	-1027061.15	1.341
-729315.731	-1056841.451	-729058.506	-1057198.088	5.1463
-639863.819	-1060016.777	-639949.802	-1059992.774	8.7236
-774988.678	-1082272.713	-774619.24	-1081896.47	74.9292
-799277.79	-1001414.86	-799240.82	-1001410.07	0.4903
-824159.63	-1072003.69	-824150.164	-1071997.183	0.2297
-740263.048	-1048539.176	-740997.31	-1047888.83	19.6352
-821332.799	-996435.808	-821301.72	-996383.229	0.7595
-844691.731	-1049062.371	-845513.182	-1050136.627	18.6552
-865651.653	-1048439.778	-865933.64	-1046371.91	23.5523
-784323.73	-1006892.02	-784379.863	-1006932.783	1.1282
-819918.122	-1008593.736	-819612.782	-1008068.581	20.6292
-654752.092	-1068261.201	-654133.383	-1067171.189	14.8739
-867453.799	-1044174.344	-868650.468	-1043225.142	17.0698
-739206.313	-1033719.313	-739058.32	-1033585.74	4.2469
-775167.6	-1015207.98	-775829.393	-1014756.219	8.9971
-663771.536	-1036203.713	-661199.007	-1036333.514	30.1179
-798688.6	-1058929.45	-797697.956	-1059815.806	17.364
-854800.89	-1011123.46	-854777.54	-1011091.37	1.1291
-776106.906	-1014781.784	-776106.232	-1014749.764	0.5731
-660162.685	-1086807.051	-659106.225	-1086477.216	17.9
-648196.224	-1067247.528	-647896.691	-1067703.176	11.1677
-759071.21	-1033683.539	-759083.146	-1033695.525	0.3857
-826654.644	-1032180.645	-825640.1	-1032712.65	13.7146
-797014.828	-1029002.774	-797061.3	-1028774.628	4.9376
-740121.86	-1003622.47	-740190.11	-1003507.66	1.4845
-800076.476	-1021913.816	-800087.013	-1021806.933	1.2375
-750975.981	-1073886.309	-751241.934	-1074165.482	4.5112
-755209.1	-1019163.62	-755302.51	-1019567.2	4.6114
-799809.037	-1047978.029	-801758.959	-1048034.473	22.8887
-789495.16	-1019934.7	-791114.2	-1019386.31	34.2477
-783541.401	-1061964.012	-783639.3	-1061919.5	3.5139
-722098.15	-993211.14	-721751.87	-992468.98	9.4468
-885460.917	-1015775.731	-885169.37	-1016810.178	13.9674
-766165.82	-991342.19	-767901.68	-991457.23	20.9999
-761666.724	-1024862.228	-758706.62	-1023700.47	43.8152
-797299.58	-1068850.802	-797380.64	-1068995.27	3.5112
-865417.798	-1006932.159	-865343.62	-1006940.56	0.8338
-748757.994	-1014323.258	-750047.208	-1015408.797	20.848
-818342.922	-1049312.599	-817473.473	-1049653.171	19.3317
-731404.222	-1008727.388	-731016.52	-1008914.65	4.8866
-834135.627	-1070052.582	-836114.539	-1065585.291	80.6315
-714835.37	-1080351.05	-716328.6	-1083401.67	113.9032
-863236.64	-1047067.888	-861498.81	-1046321.03	32.2174
-770190.57	-1053825.54	-770183.79	-1053803.3	0.5704
-792961.46	-1003326.84	-792127.679	-1002992.899	10.1017
-759169.19	-993327.263	-759114.077	-993280.853	0.9845
-645183.938	-1042723.0	-645204.688	-1042734.375	0.7943
-748503.37	-1025506.13	-749471.42	-1026367.62	29.3739
-816751.369	-1010628.466	-817626.397	-1008079.578	39.3012
-692536.03	-1046146.19	-692580.496	-1046095.138	0.7765
-799277.79	-1001414.86	-799432.633	-1001702.665	3.6566
-748266.93	-984834.88	-750228.414	-988919.972	62.3923
-640123.901	-1043109.222	-639983.58	-1043150.83	3.1929
-854513.56	-1011452.89	-854461.66	-1011514.51	2.109
-758024.852	-1015905.63	-757081.252	-1016222.829	20.7347
-800880.408	-1054551.349	-802399.077	-1055590.677	26.2725
-833817.48	-990512.85	-833474.288	-990036.628	11.8055
-821380.38	-1015120.25	-821516.11	-1014579.04	6.6516
-772772.16	-981632.61	-772541.83	-980125.34	18.2157
-694128.44	-1044382.37	-694114.03	-1044357.51	0.677
-848826.599	-1016534.692	-849819.671	-1016364.861	11.4923
-645261.5	-1019198.11	-644781.85	-1019489.29	6.9114
-786800.7	-996166.2	-785924.5	-993271.36	38.2703
-720011.75	-1071233.346	-720117.76	-1071251.49	1.4436
-734871.69	-1045752.6	-734905.92	-1045834.99	1.9162
-669423.182	-1060972.228	-669366.41	-1063884.53	58.9541
-696029.39	-1045481.76	-692637.564	-1046241.056	26.8972
-674384.818	-1029731.529	-673863.231	-1030835.681	23.2862
-772252.958	-1022494.152	-768797.409	-1022728.128	42.4854
-681261.61	-1045087.45	-682263.2	-1045314.88	11.4192
-669122.277	-1060861.011	-667348.92	-1060124.02	23.4608
-782323.51	-1079136.2	-783339.08	-1078609.8	22.8877
-840326.19	-1008863.21	-840379.37	-1008893.03	1.243
-791773.631	-986774.146	-792028.321	-986617.401	6.0435
-858716.326	-995805.151	-858444.317	-995101.939	9.6182
-766339.96	-1080322.38	-765999.3	-1078549.26	23.2204
-739353.38	-1033785.91	-739275.09	-1033725.54	2.292
-642679.84	-1051189.81	-642683.09	-1050436.76	8.5367
-651010.35	-1053240.12	-652508.028	-1051659.118	31.8284
-749465.23	-1050122.22	-749450.96	-1050111.98	0.1952
-759516.3	-1015707.3	-760254.55	-1018376.922	31.7986
-739356.313	-1033691.125	-739377.625	-1033703.063	0.5978
-724949.56	-1079714.09	-726218.61	-1080047.54	18.5678
-654041.209	-1081129.494	-654071.518	-1081504.252	5.8163
-700825.306	-1010100.418	-700883.381	-1010387.523	3.2679
-756325.51	-1036183.84	-756734.07	-1035038.43	17.8371
-859257.63	-1010952.37	-859274.95	-1010955.36	0.2475
-805039.949	-987203.021	-806575.888	-983341.554	63.4279
-759177.11	-1068732.59	-759201.84	-1068758.21	0.2739
-686629.83	-993525.39	-686041.36	-993242.57	18.9168
-854549.78	-1038901.8	-854753.94	-1038523.71	9.2157
-864330.796	-1043368.391	-864301.648	-1043408.757	0.5881
-733621.226	-1014692.737	-734168.062	-1013936.158	18.8657
-652391.738	-1081209.243	-651734.767	-1081204.567	7.9761
-764548.0	-1023889.301	-764482.173	-1023805.473	2.1353
-756795.41	-1050212.7	-757402.828	-1052419.611	28.4446
-830045.471	-1073007.368	-830010.454	-1073044.303	0.6129
-797346.87	-1064462.71	-798303.21	-1066951.14	38.8872
-789673.57	-1026841.604	-789678.346	-1026737.209	1.1612
-818748.281	-1056974.29	-819577.78	-1056410.112	11.148
-774407.999	-1059551.367	-775933.69	-1060078.05	19.8276
-799418.873	-1028890.233	-799769.16	-1026441.49	33.5172
-774965.76	-975159.46	-773051.556	-976619.588	34.8102
-856643.815	-1066591.971	-857314.66	-1064862.76	23.7222
-661494.437	-1043198.104	-662547.35	-1043114.02	12.2844
-689214.05	-1020423.947	-689062.61	-1020772.0	4.2253
-656335.94	-1067661.83	-656076.017	-1066182.731	17.7448
-733329.33	-1042060.1	-732836.67	-1042212.23	14.9804
-790265.88	-1005024.77	-790611.107	-1005098.447	2.7296
-769898.313	-1034656.295	-768977.62	-1034588.88	11.1907
-761985.8	-1043710.7	-762414.74	-1043282.56	6.8187
-766277.31	-1038549.28	-768899.02	-1037496.17	33.2415
-656556.57	-1006339.14	-655336.337	-1005434.894	26.4748
-692295.411	-1046667.796	-691205.33	-1048508.98	24.9023
-693587.23	-991321.44	-692939.02	-990204.98	14.8835
-766806.601	-1052210.031	-766913.952	-1052125.544	1.5776
-739129.476	-1048763.162	-739324.81	-1048782.878	3.93
-686431.54	-1059403.19	-686131.085	-1059873.72	6.3888
-751349.25	-1041115.938	-751454.25	-1041126.938	2.1481
-658504.748	-1051652.558	-658457.852	-1051857.961	4.3391
-756211.766	-1042483.919	-756262.518	-1042486.952	1.0185
-711393.28	-1065750.8	-714685.022	-1069750.904	101.2643
-844496.82	-1006056.77	-844933.3	-1005585.62	16.9601
-661588.134	-1088912.91	-660203.256	-1090906.22	28.8521
-661842.827	-1094137.372	-662680.682	-1092699.221	138.6129
-764772.972	-1010050.475	-762595.339	-1007603.092	57.4289
-776326.15	-977345.98	-776297.19	-977282.515	2.9161
-739377.625	-1033703.063	-739362.188	-1033725.438	0.7053
-857533.049	-1066623.251	-857732.115	-1066589.07	2.3652
-824913.522	-997340.039	-825445.484	-995866.382	33.9255
-654259.08	-1033888.45	-654059.57	-1034024.07	3.3809
-747563.18	-1019494.16	-747041.264	-1017634.962	25.048
-781263.042	-985714.254	-781617.16	-985767.32	12.8739
-676351.61	-1015305.71	-677862.51	-1016048.34	21.8047
-656472.334	-1069860.411	-656326.915	-1069967.999	3.6334
-684456.68	-990102.34	-684448.47	-990115.0	0.3629
-686493.37	-1059480.66	-686431.54	-1059403.19	1.1014
-735488.86	-1040504.8	-735557.76	-1040276.86	4.8142
-771751.37	-1060150.6	-772442.814	-1059091.704	43.4098
-809663.17	-994174.16	-809415.74	-994203.69	4.9975
-719914.46	-1077603.56	-719949.29	-1077840.81	2.965
-781716.31	-1060897.64	-781656.319	-1060949.682	0.8931
-724970.52	-1074858.62	-724640.93	-1075470.51	9.624
-751092.81	-1054280.59	-751153.908	-1053169.171	23.3699
-771695.42	-1051177.63	-771532.339	-1050366.719	47.2945
-812729.78	-1071436.13	-812493.877	-1070760.819	16.2268
-847164.007	-1052900.35	-848378.564	-1054774.256	36.9537
-781512.0	-1007581.01	-779292.75	-1007094.87	35.5243
-764891.389	-975526.452	-764234.519	-975925.19	16.2979
-881766.324	-1009134.231	-884362.294	-1009602.65	30.2005
-688749.65	-1008095.61	-688651.72	-1008095.12	1.1601
-791003.305	-1005121.547	-790877.898	-1005206.126	1.8769
-697316.589	-1026575.904	-697368.527	-1026667.204	2.129
-731456.036	-1032452.02	-729830.25	-1033130.7	20.1882
-679280.26	-1038094.26	-679442.077	-1037644.774	12.9986
-852965.23	-1010593.78	-852819.54	-1010571.63	2.9522
-777136.27	-1059288.63	-777013.99	-1058699.76	12.2965
-772248.35	-1030173.62	-774508.13	-1029300.61	30.5989
-778433.87	-1059119.98	-780468.825	-1059820.652	24.1775
-657637.67	-1071921.73	-659857.84	-1075610.74	56.437
-854768.45	-1002319.94	-855063.7	-1001965.68	5.1488
-692961.71	-1082107.65	-692598.754	-1080646.661	16.9767
-712682.818	-1079173.214	-712411.89	-1079010.44	3.6965
-727819.46	-1073856.16	-727784.73	-1073939.35	2.1203
-843796.78	-1002800.22	-844110.592	-1005120.302	39.4851
-649026.99	-1042930.417	-650151.641	-1042705.927	12.9818
-780224.15	-1030413.4	-778955.724	-1029983.97	16.8848
-746350.157	-1053821.114	-746585.71	-1053649.2	3.2468
-641629.526	-1037040.407	-641656.13	-1036998.19	1.0113
-646776.35	-1025601.62	-647874.46	-1024284.84	21.5872
-693781.511	-1079055.923	-694069.206	-1078715.987	5.1069
-660064.183	-1068439.061	-659849.537	-1068544.077	2.7909
-865309.575	-993340.114	-862328.285	-994528.188	42.5774
-764298.041	-977045.495	-765030.335	-975184.381	16.2628
-879860.945	-1024818.193	-879501.125	-1023282.875	17.5783
-761129.02	-1053513.23	-760968.3	-1053414.23	2.1742
-741532.85	-1042058.86	-741521.63	-1042009.24	1.0184
-648133.96	-1022872.9	-649296.0	-1022367.68	14.8812
-776007.615	-1018697.758	-776158.328	-1018772.99	1.9801
-726689.4	-990317.24	-729254.18	-990785.76	55.298
-750065.549	-1003945.026	-750072.79	-1003929.06	0.542
-736800.71	-1037745.99	-736854.955	-1037974.562	4.7023
-645849.286	-1042703.925	-645916.971	-1042711.207	1.3673
-754188.564	-1061390.249	-753675.89	-1061412.21	6.1182
-658860.17	-1023337.73	-658823.63	-1023364.03	0.5122
-862395.853	-1023811.733	-864781.377	-1022291.407	45.4902
-736897.47	-1026809.06	-737151.093	-1027403.432	7.8742
-720706.68	-990159.03	-717194.195	-992150.664	150.2423
-730548.07	-1041502.46	-730635.99	-1041909.89	8.3409
-872762.304	-1016603.019	-875221.39	-1015757.36	40.503
-788159.821	-1052491.734	-785807.44	-1051302.42	32.7793
-828066.378	-1034119.544	-826654.644	-1032180.645	28.8097
-686395.48	-991056.63	-686358.42	-991295.94	2.6932
-721832.46	-1081626.08	-721194.68	-1082065.94	9.1343
-697601.473	-1037827.882	-697616.116	-1037824.725	0.4078
-751637.02	-1038034.94	-751658.12	-1038043.98	0.6428
-724422.035	-1041567.578	-722543.63	-1041395.05	21.6484
-690769.37	-996882.38	-690378.47	-996190.1	8.9805
-659358.945	-1030264.62	-659312.896	-1030193.823	0.9409
-829117.04	-985474.93	-828983.675	-985529.775	1.6032
-698699.67	-1041724.0	-697904.966	-1041996.604	16.8901
-730868.048	-1057213.587	-731080.52	-1056883.61	4.8137
-720706.68	-990159.03	-719505.542	-992802.08	32.9058
-830082.597	-1073037.995	-830045.471	-1073007.368	0.5604
-644237.59	-1084047.54	-642693.355	-1084116.936	23.4945
-794952.821	-986527.764	-794590.963	-986617.093	4.5634
-858563.572	-1008640.2	-858578.479	-1008620.268	0.6346
-714274.947	-1062350.567	-711870.206	-1061974.768	28.8674
-804069.414	-1048124.188	-806173.04	-1047531.5	24.9978
-673780.16	-1046991.36	-674014.12	-1047280.44	7.5077
-719458.421	-1019071.828	-718454.813	-1019105.75	12.1807
-819610.11	-1043267.663	-822202.31	-1044290.08	59.541
-696834.484	-1074781.516	-695916.769	-1074824.692	10.8856
-785376.44	-1042986.07	-783926.749	-1043266.965	22.3469
-683832.71	-1008037.48	-684782.25	-1006729.16	18.2823
-773288.74	-978357.61	-773248.94	-978418.24	1.4726
-719489.08	-1030707.48	-718519.86	-1032019.4	19.3863
-819458.15	-1075912.13	-819353.97	-1075609.13	6.4232
-763636.11	-1023108.7	-763384.83	-1022384.29	8.5536
-796891.93	-1033882.09	-795739.55	-1037356.85	51.2732
-671606.35	-994148.73	-673264.643	-994341.451	24.2104
-681398.099	-1047146.748	-681594.23	-1047241.68	2.7017
-760632.449	-1033840.804	-760647.712	-1033862.222	0.6408
-759955.845	-1045151.847	-757175.64	-1045058.435	31.5842
-773248.94	-978418.24	-773288.74	-978357.61	1.4595
-785167.69	-1014849.55	-784543.25	-1015416.38	19.5734
-700513.57	-1049666.632	-700502.25	-1049339.19	6.5807
-773638.34	-1055673.199	-773495.77	-1055868.64	4.8548
-845415.85	-1007787.98	-844157.23	-1005396.74	34.0426
-818268.597	-1063461.526	-817712.43	-1060613.02	42.4135
-662271.655	-1077069.689	-661479.04	-1077396.65	10.8146
-722543.63	-1041395.05	-722809.95	-1042514.67	24.8726
-746818.768	-1017317.733	-746794.85	-1017330.327	0.4153
-726844.043	-1054963.478	-724027.895	-1056719.96	37.4905
-656997.542	-1087336.797	-659042.13	-1085714.88	61.611
-685968.83	-1077885.118	-687095.817	-1078683.199	16.4655
-752487.759	-983603.229	-751731.718	-984231.884	11.0778
-781036.09	-1059946.3	-782150.44	-1060844.24	17.0587
-679029.09	-1001068.15	-678335.291	-1002373.392	16.9176
-792658.885	-1061574.541	-792636.539	-1061564.639	0.9459
-742515.947	-998100.753	-738570.48	-999570.7	67.3004
-693911.362	-1072521.499	-691937.271	-1072584.723	54.504
-696549.32	-1013687.83	-696712.51	-1014727.51	12.3039
-732768.863	-1029469.931	-732817.12	-1028636.06	17.7007
-845241.937	-1014450.711	-845119.71	-1014533.287	1.7041
-804085.47	-991997.42	-805133.389	-994169.159	28.8334
-645624.534	-1084805.598	-645606.194	-1085453.445	9.6987
-866304.12	-1007000.304	-865997.726	-1006888.609	3.6636
-784613.308	-1027026.831	-784908.833	-1026959.149	6.0666
-806336.448	-1016737.023	-804239.62	-1015362.907	33.3316
-843918.16	-1002773.37	-846637.22	-1002556.99	36.5623
-775083.88	-1043492.9	-775439.69	-1043294.95	4.5286
-790611.107	-1005098.447	-790712.739	-1005042.198	1.3863
-798373.29	-1067537.04	-798345.777	-1067597.387	0.7494
-668422.09	-1005060.78	-668553.21	-1004761.86	4.1214
-717595.02	-1042830.33	-717562.46	-1042859.42	0.8747
-711022.23	-1025781.77	-707454.24	-1021457.44	44.0868
-652196.12	-1011646.89	-651705.75	-1012646.17	14.7052
-640025.74	-1055326.843	-639851.872	-1055177.299	7.9534
-804456.578	-996470.834	-804435.713	-996388.927	0.9391
-757158.11	-978683.6	-756011.86	-980087.45	23.6037
-819049.11	-999147.84	-819055.79	-999123.85	0.6665
-669109.184	-1010833.617	-669124.001	-1010876.083	2.2198
-741627.06	-1001710.81	-741398.951	-1001930.92	4.6232
-742533.36	-1045896.58	-742493.44	-1046028.29	2.7978
-802728.095	-1001775.969	-803623.961	-1001321.414	12.3366
-751008.14	-1030205.85	-750830.51	-1029174.17	21.0174
-668632.14	-1015097.96	-669458.876	-1013775.064	45.5947
-880263.144	-1007673.309	-881684.648	-1007478.419	20.0313
-805993.21	-995316.03	-806496.7	-994995.52	7.1279
-652196.12	-1011646.89	-650292.94	-1011460.39	30.8227
-770734.458	-1066240.568	-771884.49	-1066599.35	13.7003
-760154.756	-1048719.943	-762856.494	-1050845.201	27.2553
-764858.67	-1011509.36	-763147.8	-1010545.38	22.9827
-692473.116	-988864.773	-691979.36	-989142.98	6.595
-749132.46	-1012149.8	-751809.984	-1007105.322	44.3106
-838593.93	-1021984.24	-839393.945	-1025218.83	42.1023
-671986.186	-1050016.153	-671463.28	-1049185.36	11.2813
-758643.631	-1049289.582	-758621.139	-1050300.073	24.4389
-754851.754	-1001837.015	-755025.976	-1001778.306	2.0443
-693900.894	-1080600.033	-692591.102	-1080615.148	27.8361
-640898.56	-1041492.96	-641425.24	-1041454.88	10.7772
-791835.05	-1033938.63	-791139.94	-1033601.8	26.0432
-758505.91	-1022715.61	-759251.08	-1022895.286	8.7598
-764348.989	-977294.751	-766311.67	-980211.76	32.1659
-665556.808	-1056922.381	-664659.973	-1053339.834	46.926
-642692.768	-1077259.837	-641686.481	-1076916.245	14.3934
-672190.329	-1083203.313	-671677.361	-1084068.87	11.6228
-741982.434	-1043721.781	-742458.968	-1045227.057	36.2097
-656862.505	-1068150.743	-656847.03	-1067663.14	5.5073
-735724.709	-1027667.382	-736492.71	-1028281.71	21.2295
-783766.49	-973858.9	-784334.458	-974540.551	13.0852
-712394.631	-1007056.945	-712745.62	-1008418.9	16.9215
-850583.541	-1050505.684	-849869.602	-1048792.886	21.9437
-819336.57	-1071831.53	-821011.9	-1071493.72	51.1996
-773077.46	-973270.523	-773231.093	-971897.078	16.319
-845202.589	-1031843.781	-845191.49	-1031871.04	0.5886
-750415.883	-992224.643	-749120.289	-990973.438	21.4939
-664103.73	-1045863.71	-664935.923	-1043309.049	55.6271
-756713.033	-990019.522	-757518.776	-989583.235	21.9674
-694777.4	-985249.65	-696761.853	-982955.052	56.6233
-722762.63	-1039605.41	-721284.824	-1039170.312	23.9312
-647469.48	-1028188.01	-647666.53	-1028933.83	9.3427
-826788.684	-1043921.802	-827032.435	-1043279.083	10.1665
-777561.69	-1064473.0	-776364.77	-1062821.26	23.5554
-649046.44	-1058285.21	-648846.44	-1057921.15	8.3077
-753082.234	-1019438.929	-753144.283	-1019290.304	3.2213
-730283.513	-1063285.34	-729478.027	-1066173.335	51.2777
-776988.913	-1082022.756	-777149.598	-1082046.115	180.8341
-649306.272	-1061680.99	-649372.966	-1061144.702	10.9039
-764187.59	-993195.93	-763837.45	-993504.81	9.3535
-644938.05	-1088958.605	-643487.277	-1087685.842	24.4558
-828059.577	-997223.52	-828019.303	-997044.751	2.5399
-759142.75	-1068600.375	-759177.11	-1068732.59	1.6356
-722191.33	-1041984.3	-722261.6	-1041876.62	10.7486
-696226.59	-1045571.556	-696029.39	-1045481.76	2.6832
-876206.304	-1021352.709	-876185.879	-1021345.18	0.2911
-829250.68	-1058476.11	-831265.27	-1057744.68	25.2678
-783587.85	-1031452.41	-781180.42	-1031701.87	28.4964
-759754.722	-1044467.336	-759767.89	-1042817.03	18.6627
-722062.83	-1058441.364	-721927.56	-1056816.23	50.7789
-811922.17	-1065456.546	-811942.127	-1065484.031	0.3981
-799240.82	-1001410.07	-799245.125	-1001368.678	0.5884
-815242.161	-1070957.669	-813735.208	-1071658.557	16.1826
-688066.84	-1062324.49	-688245.65	-1062409.67	4.0672
-716837.48	-1002128.513	-715951.33	-1001441.12	12.6052
-827417.792	-1075394.971	-828657.82	-1075487.98	14.0236
-761348.047	-1083662.227	-761507.216	-1083686.401	54.0677
-703433.588	-1089277.166	-703292.859	-1089790.854	1230.6152
-696561.63	-996196.47	-696422.04	-996113.99	1.8318
-739867.417	-1048497.285	-740009.513	-1048529.159	2.9131
-800458.83	-1005123.939	-800928.821	-1006647.121	18.3867
-847327.469	-1050227.846	-847821.052	-1049826.281	7.2375
-767065.288	-1052502.18	-769875.188	-1053806.12	24.6265
-734904.4	-1041120.39	-734517.46	-1041013.28	6.0801
-644951.37	-1049697.6	-645008.33	-1049648.67	1.5707
-651216.495	-1043242.764	-651198.62	-1043181.88	1.2691
-649397.09	-1068087.73	-650254.698	-1066684.671	19.0436
-682436.42	-1018093.72	-682468.58	-1018683.79	11.9457
-741146.58	-1047688.682	-741375.46	-1047504.02	5.9519
-808233.0	-1071418.5	-808157.36	-1071439.843	0.8783
-760586.316	-1021465.402	-761830.68	-1021728.81	16.6138
-658504.748	-1051652.558	-658306.16	-1050447.947	14.2783
-761907.571	-976770.73	-762685.372	-977846.601	31.6863
-819353.97	-1075609.13	-819264.862	-1075594.778	2.6914
-747508.02	-1054938.99	-747568.087	-1055029.002	2.5702
-649291.665	-1060965.126	-649189.405	-1060953.176	4.3591
-696674.938	-1001265.563	-698404.31	-1004453.47	28.1631
-696760.706	-1013421.934	-696640.86	-1013523.41	3.1847
-727274.83	-995905.14	-727431.61	-994557.49	17.6179
-754010.53	-1061799.67	-753675.89	-1061412.21	5.8128
-764319.04	-977108.64	-764436.4	-977167.332	4.141
-725145.027	-1060895.97	-725056.337	-1061722.984	9.9076
-671174.85	-1047493.04	-670431.0	-1047137.14	10.7091
-748278.41	-1074278.36	-747148.196	-1074203.698	23.4695
-701518.7	-1053203.9	-700715.959	-1052395.539	14.7558
-691658.28	-995803.58	-692465.41	-996307.79	11.4105
-681168.472	-1029384.679	-680891.06	-1028406.58	11.2966
-718188.94	-1031888.47	-717871.38	-1031498.06	6.8236
-679172.1	-1053437.78	-680978.05	-1051551.51	36.2713
-649828.14	-1051460.55	-649211.54	-1050423.25	26.7087
-789713.931	-1027151.929	-789851.337	-1027166.723	1.0631
-649211.54	-1050423.25	-647155.148	-1047910.482	37.1732
-640310.55	-1031771.38	-640233.33	-1030204.81	19.0127
-816170.84	-1003904.37	-814235.79	-1004758.79	23.5922
-744982.633	-1021418.128	-743918.15	-1021441.07	12.6124
-818981.927	-1075199.379	-818876.91	-1074880.42	3.8516
-867418.721	-1014610.622	-867415.576	-1014634.834	0.6845
-676292.366	-1082313.565	-674434.13	-1083718.49	32.7053
-768713.957	-972170.981	-768302.28	-971936.54	5.2797
-850345.49	-1010731.944	-850303.189	-1010734.798	0.8524
-766845.45	-1013227.2	-764786.263	-1013600.929	23.6492
-738971.93	-1033494.27	-737554.58	-1032825.0	17.5306
-782050.48	-1009785.59	-780297.889	-1009729.113	19.6144
-684556.785	-996046.574	-684950.74	-996639.44	14.6106
-744913.19	-983035.98	-745780.31	-982643.215	11.4538
-849048.33	-1002298.4	-849278.494	-1001949.545	8.5107
-689446.59	-994859.59	-689540.7	-994871.36	1.9103
-805046.157	-988856.915	-805036.492	-988692.512	3.3677
-649026.99	-1042930.417	-650269.41	-1043896.52	21.3079
-791412.01	-1026696.42	-790678.909	-1026980.514	9.0229
-753093.273	-983301.577	-753061.938	-983354.114	0.6798
-683977.01	-995256.53	-683974.6	-995282.95	1.2863
-783920.11	-1019150.09	-785751.46	-1023155.57	59.0579
-762915.919	-992362.478	-762941.79	-992367.91	0.7899
-806683.103	-1070750.001	-806738.412	-1068728.082	24.9067
-653060.158	-1093797.093	-653447.178	-1093042.842	13.4575
-756917.862	-1016333.564	-757209.257	-1016685.09	11.8126
-755698.61	-1036277.05	-755650.89	-1035456.56	18.8586
-727793.899	-1040572.963	-727929.937	-1040777.035	2.8267
-698699.67	-1041724.0	-698793.625	-1041595.938	3.2373
-729545.024	-1037363.321	-728311.439	-1037625.802	29.3207
-727207.25	-1013923.12	-723694.18	-1014270.44	53.3336
-734636.107	-1072986.567	-734646.646	-1072998.231	0.4231
-719573.58	-1015047.5	-720785.16	-1016735.96	29.2408
-763417.35	-1022304.798	-763457.945	-1022252.058	0.9595
-733937.241	-972137.04	-731904.61	-972443.26	26.4412
-685682.71	-1014792.46	-685366.11	-1014977.7	4.1246
-675277.496	-1046282.022	-675125.514	-1045981.28	3.873
-673324.09	-1043429.71	-673303.703	-1043503.367	1.5335
-870696.034	-1028508.817	-870796.34	-1028019.47	5.7291
-756000.029	-1034391.458	-755153.65	-1035285.29	9.5381
-722459.94	-1083683.62	-721740.02	-1083953.92	8.9106
-734188.66	-994647.45	-732770.34	-993991.07	18.1679
-673314.3	-1012103.57	-673235.616	-1012182.841	2.237
-729227.91	-1084557.39	-728620.53	-1084460.42	7.5339
-737490.74	-1035633.23	-738384.6	-1034761.48	13.878
-809789.61	-1048129.71	-812708.61	-1047177.08	38.5933
-759866.87	-972977.63	-759850.619	-972865.737	2.2671
-770301.57	-1016164.93	-770317.58	-1016319.82	3.1184
-732174.09	-1040922.07	-734767.74	-1040996.46	30.229
-752698.839	-986984.752	-752854.23	-988519.06	20.0655
-651145.588	-1045325.774	-650448.885	-1045428.71	14.3454
-795222.501	-986638.994	-795263.688	-986737.04	1.6077
-750010.571	-1005717.902	-748158.512	-1005367.104	27.3656
-793199.2	-983181.61	-793175.91	-983188.02	0.3599
-791769.11	-986292.988	-791804.912	-985582.064	8.5187
-864526.91	-1015039.05	-864273.56	-1014862.79	6.7091
-673583.4	-1084431.66	-674603.26	-1085170.42	14.4767
-773437.1	-1067513.94	-773310.21	-1067510.22	2.5923
-835866.39	-1032659.405	-835429.046	-1033696.089	16.088
-719056.33	-1041002.22	-715825.398	-1040270.046	37.4945
-783920.11	-1019150.09	-783612.356	-1019313.592	4.7113
-761830.68	-1021728.81	-763636.11	-1023108.7	27.6269
-645714.73	-1017890.78	-645335.65	-1017763.32	4.4544
-759318.06	-1015367.68	-758874.248	-1013426.521	30.085
-792103.448	-986597.519	-792028.132	-986651.745	7.6907
-771139.03	-1003724.68	-770316.988	-1004126.594	10.1922
-760647.712	-1033862.222	-760610.829	-1033853.973	1.9865
-794590.963	-986617.093	-792103.448	-986597.519	32.8062
-824668.188	-1060950.97	-825439.162	-1058892.314	26.6297
-749257.29	-1010057.03	-749354.35	-1010423.3	4.3208
-740793.95	-1040702.31	-740918.56	-1040961.15	5.8467
-706403.78	-1074184.617	-705696.57	-1072586.84	26.3317
-647759.378	-1060941.888	-647806.841	-1060485.976	9.2215
-651099.35	-1036057.73	-650425.21	-1035064.42	14.1656
-680366.89	-1001046.11	-681588.08	-1000094.86	19.8675
-767762.7	-1055178.08	-769518.938	-1054142.75	33.7767
-824128.174	-1073878.554	-824131.87	-1074814.98	8.5263
-690523.891	-995554.392	-690289.7	-995274.992	2.8219
-857587.613	-999831.837	-855476.543	-997761.633	72.4895
-715691.24	-1003004.78	-716065.78	-1003270.5	5.3665
-740529.23	-1057581.17	-740517.56	-1057594.04	0.5388
-745795.512	-982630.319	-745792.773	-982646.313	0.2436
-716792.41	-1028460.31	-716776.47	-1028470.23	0.2086
-662006.84	-1026065.79	-661877.34	-1025173.71	10.1886
-847981.715	-1062723.73	-849027.29	-1064681.514	38.8435
-724834.911	-1066867.274	-724891.11	-1066813.89	1.7089
-664728.44	-1005648.28	-663440.572	-1005056.297	32.9469
-720963.674	-1048017.921	-720813.672	-1048330.845	6.9832
-826470.563	-1036756.862	-827757.15	-1034938.74	26.6722
-775670.719	-1064925.753	-775736.2	-1064261.9	7.4492
-666018.226	-1070164.497	-664722.059	-1069286.88	63.4771
-643738.9	-1027158.62	-642228.31	-1028441.14	29.5291
-690094.53	-998410.86	-689375.05	-998992.22	10.632
-876123.83	-1021118.45	-875959.361	-1019407.808	21.9721
-673060.629	-1016547.86	-672753.02	-1016760.62	4.2377
-715820.768	-1040249.342	-715825.398	-1040270.046	0.4967
-641797.64	-1041826.898	-641514.71	-1041514.6	8.9815
-789466.13	-1020968.258	-789495.16	-1019934.7	17.9873
-652273.806	-1026372.473	-652055.19	-1026467.11	2.7402
-776369.209	-975951.979	-776310.924	-975940.009	1.19
-746148.845	-1007124.227	-743588.968	-1006059.4	31.9316
-777378.72	-1032412.01	-777744.03	-1031926.26	14.7603
-817922.03	-1036911.7	-821529.279	-1038631.439	55.8178
-845547.732	-1039891.091	-845507.48	-1038886.21	12.8589
-810799.14	-991824.71	-810801.26	-991902.66	0.9157
-756880.203	-1065655.615	-756870.588	-1065638.939	0.5801
-671532.991	-1028463.149	-672221.29	-1031168.84	35.6455
-674265.513	-1018960.391	-674312.265	-1019535.362	10.7223
-829239.63	-1074397.57	-825530.02	-1076547.61	50.4584
-740035.91	-1048705.8	-739856.55	-1048772.52	3.839
-751804.13	-1004450.95	-751424.034	-1004313.261	10.3785
-776027.577	-1014675.413	-773723.726	-1016297.862	22.6805
-774246.13	-977816.71	-774137.11	-977853.18	4.3209
-649162.702	-1072381.248	-649242.897	-1072063.856	3.71
-828832.036	-1030165.093	-830033.794	-1031139.986	25.2519
-667425.69	-1031463.45	-667050.43	-1033212.56	20.5709
-711973.004	-1040687.026	-711988.708	-1040692.742	0.2185
-754811.591	-1063320.883	-754650.992	-1063263.595	3.4344
-706827.6	-1069583.45	-706921.2	-1069889.39	3.6083
-662108.94	-1040513.93	-661403.04	-1040077.11	10.0458
-640511.029	-1082738.275	-640022.314	-1082782.538	6.4249
-787445.176	-1062920.408	-787970.43	-1063151.69	11.4787
-826590.528	-1066929.803	-823222.53	-1069474.727	50.6831
-725401.005	-978434.604	-725462.663	-978511.852	2.0236
-792388.063	-978534.122	-792391.06	-978518.12	0.6847
-645277.476	-1083572.424	-645473.846	-1084218.04	8.3297
-767920.89	-991141.11	-766982.928	-989208.52	24.4171
-721527.44	-1003516.38	-722041.05	-1002970.84	14.844
-779250.426	-997226.575	-780799.07	-998071.35	19.6552
-683482.151	-1066506.534	-680658.134	-1067462.859	33.3366
-822661.746	-1066512.685	-821804.609	-1066679.277	17.6445
-767781.46	-1012709.8	-769011.59	-1014363.67	26.5423
-705237.46	-1015233.13	-705027.205	-1015047.464	2.1616
-664530.55	-1069222.12	-662153.973	-1068753.801	27.4679
-740567.913	-1014769.19	-736790.235	-1014569.195	43.5273
-728399.76	-1022448.7	-731367.55	-1022331.55	38.1273
-738491.09	-1020682.01	-737885.353	-1020982.033	8.0585
-683695.36	-992998.26	-682733.8	-992511.93	39.6005
-876242.996	-1030422.038	-876543.88	-1025650.58	88.0682
-795330.43	-1055353.6	-793970.96	-1055671.44	34.8335
-884949.578	-1018011.069	-883700.873	-1019663.734	31.9565
-747683.923	-1064691.835	-742145.86	-1064673.33	92.0561
-648867.65	-1037515.07	-648387.31	-1036026.6	20.322
-646485.39	-1037826.33	-645846.83	-1036798.13	15.7707
-692480.86	-1046486.89	-692393.91	-1046471.76	1.0863
-645727.305	-1042665.46	-645607.656	-1042430.919	2.9255
-655096.03	-1054199.71	-654392.692	-1054642.076	9.4272
-659564.47	-1054034.521	-660053.491	-1053848.304	6.7931
-789489.75	-989260.36	-789599.47	-989178.13	2.7423
-741854.22	-1010686.5	-740137.48	-1011440.94	21.2818
-703340.707	-1054249.386	-704002.618	-1055416.614	15.3831
-757934.49	-1010342.66	-757747.598	-1010433.883	2.3168
-735521.07	-1040511.36	-735382.36	-1040739.75	5.6981
-785924.5	-993271.36	-785761.21	-993341.67	2.265
-754607.573	-1035644.477	-754578.32	-1033875.92	24.7816
-697605.08	-1030139.578	-698038.13	-1031923.59	22.0228
-646478.203	-1068568.501	-646545.473	-1068527.193	1.1129
-721714.93	-1045134.66	-719843.172	-1044008.229	31.0116
-730564.38	-1057446.88	-730891.19	-1057518.92	3.7239
-740880.67	-1001694.33	-742486.9	-998318.24	47.851
-860278.73	-1006748.49	-858578.479	-1008620.268	31.1496
-744763.263	-988713.681	-744693.307	-988746.254	1.589
-765579.51	-1074243.31	-770218.87	-1076595.4	63.8699
-721102.6	-1072331.29	-722226.76	-1072826.32	14.4218
-689233.07	-1061404.75	-688466.684	-1062197.847	14.6358
-764075.567	-977066.577	-764298.041	-977045.495	6.2785
-649205.63	-1061116.033	-649372.966	-1061144.702	3.9161
-734494.586	-1012639.929	-734520.128	-1012602.924	2.1196
-765788.7	-990262.19	-765677.7	-990558.27	2.4344
-678451.24	-1008444.26	-677198.54	-1010537.89	38.915
-765408.141	-1051604.16	-766913.952	-1052125.544	18.4273
-747983.512	-984649.72	-748055.993	-984815.748	2.0592
-750665.14	-969225.28	-751871.27	-970107.79	104.784
-723474.115	-1036356.159	-723650.025	-1036501.706	4.9185
-726383.719	-1070435.076	-726485.929	-1070435.268	2.3727
-749654.164	-1078700.159	-747676.693	-1079372.08	34.1435
-803803.869	-976929.666	-803797.57	-976894.27	0.4007
-745963.09	-1022964.21	-745964.59	-1022943.18	0.5901
-727179.101	-1060948.226	-726793.67	-1060789.397	9.9635
-681654.74	-994560.4	-681215.231	-994266.449	6.2187
-668782.662	-1036107.387	-668496.15	-1035373.03	8.7733
-753124.51	-1010953.81	-750676.86	-1010875.87	28.0605
-669692.44	-1068140.09	-668977.106	-1067594.311	10.3574
-712882.343	-1049711.431	-710741.03	-1050352.91	25.1017
-769427.816	-1056808.768	-767762.7	-1055178.08	29.7927
-640898.56	-1041492.96	-641629.526	-1037040.407	82.2673
-670436.689	-1076819.673	-670499.965	-1076816.189	0.7103
-668306.47	-1025376.41	-668898.705	-1022840.572	31.305
-820396.702	-1012136.434	-818993.518	-1012754.21	18.2005
-750627.619	-1025630.881	-751335.55	-1025384.98	8.7307
-804444.718	-1038920.636	-802460.343	-1038687.359	32.1338
-777773.68	-981956.07	-775414.03	-983225.06	42.4586
-811384.793	-1060414.363	-811367.092	-1060331.764	1.0427
-679293.063	-990851.478	-679733.92	-991544.95	15.3835
-773823.199	-1056068.979	-773631.891	-1055891.607	5.2633
-778917.1	-1060712.15	-780578.77	-1062574.61	34.6306
-842302.555	-1046516.057	-842349.978	-1046613.751	1.2511
-819623.13	-1076040.47	-819612.78	-1076589.87	6.4479
-773047.06	-1031228.34	-772865.013	-1031315.823	4.3645
-723662.348	-987212.162	-720706.68	-990159.03	47.7707
-870162.02	-1044906.49	-869520.35	-1043346.23	21.0311
-880246.238	-1019134.669	-880106.128	-1017037.521	26.4319
-812056.7	-1016862.42	-812432.85	-1013986.31	32.2763
-752685.024	-1049177.554	-752734.577	-1049409.519	4.8036
-737606.276	-1080142.949	-736689.21	-1080041.06	10.2886
-736155.31	-987946.37	-736319.77	-987791.74	2.5136
-644809.314	-1073394.96	-644819.178	-1073393.316	0.2188
-776142.829	-979416.983	-776179.99	-979470.54	0.904
-744957.53	-1008093.73	-743839.09	-1008631.76	14.0073
-818797.56	-1019942.66	-817241.266	-1019931.56	18.0933
-746446.577	-1053783.202	-746376.671	-1053972.257	2.4856
-809358.27	-991770.31	-809318.62	-991774.95	1.6921
-779916.95	-983094.0	-780519.769	-983807.611	10.4591
-692580.496	-1046095.138	-692519.521	-1046074.747	0.7234
-789999.22	-1029582.85	-788623.02	-1030555.81	20.0663
-766382.69	-1052099.3	-767065.288	-1052502.18	6.1254
-783758.47	-1044267.37	-785376.44	-1042986.07	45.114
-697604.62	-999528.62	-697095.23	-996864.93	33.3418
-719334.593	-1002927.581	-717846.36	-1002316.8	42.466
-740190.11	-1003507.66	-740829.08	-1001958.87	20.2751
-826472.441	-1068470.372	-826615.211	-1068384.514	3.3321
-687569.81	-1056047.47	-687421.8	-1056195.02	6.8299
-679781.5	-1010354.11	-680458.8	-1011176.49	13.3217
-742207.66	-971373.38	-742811.99	-976078.34	77.8917
-794508.83	-998061.18	-795519.83	-995402.33	46.1872
-770201.52	-1018458.77	-769888.27	-1017591.99	11.1819
-766869.724	-1009908.032	-766866.215	-1009933.771	0.2901
-649260.73	-1048288.6	-649315.16	-1048398.31	1.8748
-735568.11	-1040276.17	-735382.36	-1040739.75	10.3466
-726033.672	-972446.074	-726757.632	-974343.727	45.4549
-768875.26	-1035702.9	-768977.62	-1034588.88	22.8181
-651058.82	-1044615.54	-649293.63	-1044451.85	19.6977
-702591.63	-1070675.77	-703712.723	-1072042.225	21.5544
-777284.456	-996509.71	-777257.61	-996054.453	5.143
-714762.413	-1027902.794	-714641.39	-1027861.81	2.5564
-784332.276	-1007703.711	-784551.99	-1007572.05	2.8551
-825495.86	-1053317.43	-826213.02	-1052725.02	10.7395
-730929.889	-1057204.495	-730830.32	-1057375.1	2.195
-752161.6	-1038473.45	-752432.92	-1038135.98	4.8116
-701719.186	-1012526.163	-704453.1	-1014660.56	27.6805
-670314.0	-1047546.5	-670477.6	-1047600.09	2.0679
-755235.77	-1036429.56	-754590.79	-1035902.17	19.8416
-786559.102	-1061340.464	-785384.123	-1060572.777	17.0077
-694308.4	-991617.43	-694332.89	-991642.1	0.3892
-762595.339	-1007603.092	-759869.32	-1006681.27	36.0889
-777842.114	-985595.75	-779449.713	-985374.92	36.046
-850636.859	-1010801.445	-851518.2	-1010751.166	17.7895
-754631.91	-1063279.292	-754624.95	-1063256.073	0.6699
-741925.422	-1082482.181	-741950.155	-1085737.187	96.408
-762800.39	-973592.59	-762921.827	-973598.762	2.6565
-742599.176	-1046079.724	-742493.44	-1046028.29	3.0998
-819149.87	-1017315.07	-822522.04	-1017189.31	42.2738
-766982.928	-989208.52	-767102.18	-989078.35	3.5372
-751349.25	-1041115.938	-751459.03	-1041048.354	2.6199
-671006.791	-1021002.446	-671537.295	-1019001.541	28.4589
-743594.29	-1020628.84	-744619.948	-1021117.129	12.6888
-790784.875	-1005217.062	-790798.607	-1005234.247	0.305
-750715.12	-1043202.08	-751974.705	-1043105.096	29.2991
-679425.241	-1064083.037	-679665.464	-1065415.499	37.399
-675814.885	-1041137.364	-674506.896	-1042179.33	19.0847
-780793.557	-989314.909	-779130.4	-989055.72	21.5013
-771078.29	-990730.67	-771084.724	-991785.444	13.3999
-643811.132	-1022184.146	-641679.37	-1023333.67	53.3874
-849281.083	-1065563.125	-850163.81	-1066617.882	18.478
-790941.96	-1034484.23	-788893.92	-1033754.56	30.5078
-675167.148	-1074093.622	-674943.95	-1076363.873	27.3634
-646384.95	-1016840.67	-645752.15	-1016432.323	17.3719
-882091.044	-1017735.02	-882213.977	-1017116.94	9.6009
-712776.782	-1079029.394	-712682.818	-1079173.214	2.0776
-768369.27	-1057962.9	-769365.932	-1057150.421	17.37
-728209.958	-1022949.572	-728399.76	-1022448.7	15.9776
-719497.051	-992828.454	-718190.04	-995343.27	32.597
-820796.02	-1063693.532	-820743.22	-1063814.623	1.6165
-675579.44	-1033002.51	-675527.54	-1031294.86	19.434
-710766.209	-1070158.688	-708783.763	-1071503.143	38.1214
-756713.033	-990019.522	-756731.393	-987706.568	31.6854
-807650.58	-990353.79	-807784.97	-990455.03	6.8439
-686841.974	-1066086.179	-685181.368	-1066206.294	34.5505
-699748.77	-997757.04	-699774.69	-995359.47	38.8294
-853227.3	-1005277.26	-853567.4	-1004294.55	12.7563
-781865.15	-1048439.48	-782508.45	-1049591.91	15.1432
-684434.33	-990100.31	-682745.938	-989419.5	40.6427
-734902.885	-1053869.137	-734169.2	-1053825.2	16.4182
-739344.58	-1033713.78	-739275.09	-1033725.54	1.4101
-793175.91	-983188.02	-793153.111	-983230.444	0.5379
-820436.579	-1026745.197	-823451.63	-1026158.985	36.4866
-843131.733	-1057411.835	-843921.816	-1058030.155	49.4463
-656633.86	-1070308.88	-656675.335	-1070374.031	1.557
-763989.372	-1024143.273	-763664.655	-1024288.954	7.1854
-708118.84	-1072450.287	-705966.084	-1071067.862	36.3882
-775984.15	-977292.28	-776326.15	-977345.98	7.9099
-676250.16	-1042634.43	-674666.237	-1043065.477	18.2395
-653323.78	-1036128.19	-654059.57	-1034024.07	25.4545
-692193.646	-1029463.697	-692916.61	-1031763.95	32.6912
-730850.22	-996143.5	-728304.675	-994065.09	53.3479
-746816.113	-1067439.618	-745864.683	-1068619.617	22.0174
-742522.57	-1045850.3	-742458.968	-1045227.057	12.6659
-704454.2	-1014723.62	-704678.708	-1014785.048	4.7743
-725243.045	-1058432.144	-724027.895	-1056719.96	26.2136
-825240.835	-1064319.423	-825336.372	-1064370.67	2.1962
-766883.809	-1046462.034	-767521.688	-1046058.5	8.9034
-733914.475	-1053317.791	-734005.02	-1053336.7	2.1784
-732051.83	-1040986.84	-732103.646	-1040876.88	2.6067
-755938.32	-1031830.57	-755751.391	-1032452.898	8.097
-646572.22	-1029234.58	-646612.72	-1029025.29	2.3693
-711052.4	-1025670.01	-711124.62	-1025831.21	4.0296
-680409.556	-989585.247	-679466.541	-989570.958	24.948
-765648.86	-1014631.0	-769011.59	-1014363.67	39.2465
-716119.768	-1048477.837	-714659.241	-1048748.234	16.555
-705231.099	-1015094.761	-704967.966	-1015039.181	3.9468
-707342.596	-1067840.561	-706827.6	-1069583.45	20.9552
-852025.15	-1010321.64	-852292.36	-1010381.54	6.0139
-727322.317	-1058318.754	-725243.045	-1058432.144	28.2044
-857239.13	-1033987.9	-859334.96	-1031935.4	34.5551
-756117.029	-1034221.27	-756000.029	-1034391.458	1.5888
-661491.52	-1046295.0	-660964.185	-1046088.619	6.438
-823465.147	-1076379.897	-824303.713	-1075020.57	24.4561
-676788.304	-991716.144	-675357.972	-991934.632	29.3067
-659164.367	-1065042.203	-658988.262	-1065359.861	11.6254
-793087.077	-1064377.439	-792335.7	-1064165.62	8.8779
-728620.53	-1084460.42	-727815.05	-1083942.25	14.0558
-671719.93	-1041676.199	-673546.85	-1042976.667	32.0457
-699234.121	-1087672.849	-697181.498	-1087404.295	30.0335
-872464.669	-1032874.098	-872614.328	-1033223.347	6.6771
-639960.604	-1042280.486	-640016.423	-1042136.147	3.2802
-702216.03	-1056459.18	-703931.569	-1057508.405	25.5428
-727734.171	-1074184.599	-726393.89	-1073258.642	25.2854
-746965.676	-1017400.74	-746939.588	-1017404.603	0.3497
-657007.24	-1069561.841	-656472.334	-1069860.411	12.4574
-759516.3	-1015707.3	-758239.87	-1016193.82	15.3749
-759400.55	-1009589.78	-759269.75	-1006895.26	37.9227
-819595.188	-1075679.25	-819652.398	-1075671.193	1.1598
-739242.345	-1001705.951	-738748.919	-1001258.549	7.5296
-760864.513	-1000583.034	-760688.95	-998727.14	21.3779
-811899.928	-1065506.872	-811922.17	-1065456.546	0.6126
-751633.55	-1062340.88	-754453.681	-1063515.296	68.3741
-819264.862	-1075594.778	-819302.55	-1075496.64	2.3421
-647716.73	-1054208.63	-647609.524	-1054245.965	2.7356
-816893.762	-1069517.321	-816882.103	-1069528.576	0.3776
-759345.19	-1056031.723	-759355.124	-1056085.696	1.1014
-848378.564	-1054774.256	-849253.783	-1056172.622	23.4915
-729942.52	-1083605.87	-730674.527	-1083621.898	14.8796
-821921.948	-997679.521	-822013.873	-996448.627	19.922
-726152.344	-1051205.196	-726094.73	-1051630.11	8.6564
-785879.46	-1063937.49	-784722.5	-1063858.94	17.4142
-674324.159	-1057175.819	-667943.849	-1059113.16	76.5601
-718906.5	-1016922.99	-719175.82	-1016530.84	12.4838
-755258.008	-1046325.019	-755258.858	-1046303.702	0.5283
-843640.906	-1021731.064	-839314.316	-1021318.603	55.0457
-780546.517	-1009551.238	-776116.121	-1014573.075	53.0054
-840796.862	-1039063.86	-839894.429	-1041506.852	29.8609
-706905.87	-1028430.1	-707185.87	-1028507.77	3.2774
-674909.751	-1073907.919	-673775.041	-1076370.682	30.1745
-768780.443	-1061241.466	-770353.66	-1060804.791	20.4836
-741384.0	-1047519.75	-740035.91	-1048705.8	36.1096
-757549.968	-1049067.836	-757602.31	-1049500.47	8.9307
-653423.62	-1030555.827	-653288.426	-1030346.54	2.8775
-730655.43	-1045534.04	-730719.8	-1045394.6	2.1615
-819300.52	-1075731.24	-819271.979	-1075735.204	1.274
-731273.19	-1062928.24	-731090.94	-1063326.74	4.8694
-678306.819	-1002377.18	-677070.88	-1001484.59	23.956
-843965.27	-1003002.31	-843761.02	-1002936.1	4.7592
-662956.071	-1048677.243	-662315.995	-1049032.62	9.2677
-887560.516	-1019868.019	-884358.116	-1021483.795	34.778
-684496.2	-1065703.32	-684486.446	-1065823.749	2.4419
-652577.566	-1044757.953	-651145.588	-1045325.774	17.7077
-674394.04	-1072998.88	-674909.751	-1073907.919	13.303
-643669.343	-1034932.529	-643499.44	-1034658.75	3.8916
-822634.434	-1069568.19	-823245.745	-1071548.892	41.9768
-858884.703	-1014431.02	-859749.207	-1013110.078	21.0396
-766632.26	-1037720.18	-766747.32	-1037626.07	3.3736
-654207.76	-1023022.35	-653299.13	-1023139.24	19.5925
-770124.39	-983578.44	-770374.86	-983338.06	3.986
-849463.51	-1002474.76	-849431.22	-1002496.71	1.7004
-747940.297	-1017099.553	-747318.87	-1017001.64	11.9089
-738444.54	-998239.718	-732506.853	-996720.549	103.5665
-741766.996	-1064489.266	-741789.364	-1064502.999	0.669
-741826.92	-1043491.34	-741667.69	-1043280.41	5.3244
-763141.96	-992584.68	-763545.25	-992093.52	13.0581
-817446.39	-1070558.94	-815525.153	-1070903.131	17.7469
-673060.629	-1016547.86	-672706.22	-1015107.8	16.6666
-812053.644	-1017077.163	-812056.7	-1016862.42	4.6803
-809384.25	-994087.73	-809585.21	-994142.99	4.1709
-644939.06	-1049741.53	-645298.82	-1050454.711	14.1134
-770553.82	-979593.09	-770635.2	-979600.35	1.2501
-780483.59	-1052968.93	-780209.19	-1052580.14	5.3663
-686922.48	-993715.83	-689446.59	-994859.59	21.6149
-742145.86	-1064673.33	-741789.364	-1064502.999	4.7072
-645118.9	-1045890.91	-644849.066	-1047152.556	14.405
-723901.304	-1036730.429	-724283.282	-1037360.78	21.0466
-816445.5	-1069377.05	-816868.164	-1069518.245	11.2435
-763531.11	-993047.25	-763369.78	-992839.07	5.27
-718463.59	-1008380.55	-718544.501	-1008651.76	3.6079
-809766.998	-1029119.163	-811663.996	-1027269.798	39.562
-660237.998	-1086828.299	-661179.667	-1084527.399	31.1038
-755025.976	-1001778.306	-761179.81	-994753.86	80.7679
-683295.221	-1065172.013	-683992.398	-1063882.896	32.2456
-736148.49	-1007963.14	-737866.679	-1005571.421	34.2243
-811830.888	-1027053.033	-811609.18	-1024678.44	35.0695
-760078.83	-976652.25	-760105.85	-976644.44	0.7447
-697060.79	-1046682.57	-697002.42	-1046880.98	2.439
-649906.662	-1069949.529	-649786.847	-1070020.187	1.5457
-688957.83	-1056736.91	-692291.01	-1058643.01	50.5987
-749325.603	-1044341.555	-749242.33	-1044511.21	3.9365
-823761.0	-1076417.74	-823470.46	-1076465.18	2.2666
-655762.18	-1018584.24	-655878.4	-1018527.01	1.546
-770694.099	-1069735.531	-770502.676	-1069954.578	3.2372
-694947.241	-1029166.982	-695247.565	-1029725.528	8.6537
-649372.966	-1061144.702	-649291.665	-1060965.126	3.947
-655919.27	-1048562.33	-656769.01	-1048573.79	6.5458
-667596.64	-1016697.53	-668161.61	-1016709.32	6.8214
-752374.83	-1043146.66	-752548.071	-1043362.204	5.5345
-815590.582	-1043950.418	-817696.777	-1044028.456	27.884
-805450.508	-1012456.415	-804404.726	-1013302.48	15.5178
-738570.48	-999570.7	-736715.438	-999326.162	23.014
-773325.19	-978306.71	-773348.35	-978281.86	0.6794
-663643.54	-1047828.42	-656769.01	-1048586.36	59.0392
-689629.06	-1035820.39	-689627.423	-1035843.007	0.252
-734904.4	-1041120.39	-735050.9	-1041000.8	2.1013
-744778.424	-1048376.349	-744348.287	-1047616.458	17.5512
-703485.16	-1089073.21	-703583.63	-1089168.3	1.9011
-680588.724	-1064347.312	-679425.241	-1064083.037	24.1404
-859456.5	-996748.5	-858716.326	-995805.151	16.1483
-828544.984	-1071974.834	-828932.054	-1072228.151	5.1435
-859589.953	-1012999.229	-859612.768	-1012994.734	0.5117
-674434.13	-1083718.49	-674053.53	-1083790.15	5.254
-713550.47	-1017791.14	-717403.83	-1013182.66	103.0724
-726002.57	-988861.01	-726330.742	-988719.655	4.709
-672661.78	-1068657.88	-674573.09	-1067736.05	23.8978
-875959.361	-1019407.808	-875219.812	-1019175.928	28.9467
-759130.368	-1047663.758	-759204.415	-1047672.559	1.5987
-648229.71	-1048214.72	-648235.47	-1048205.59	0.1199
-816264.968	-1012124.115	-816164.41	-1011933.429	3.1027
-642296.01	-1094976.12	-642099.11	-1095058.989	2.4337
-703733.09	-1077097.09	-703348.626	-1076577.81	7.5415
-692330.5	-998364.0	-692439.87	-998478.84	1.2215
-729058.506	-1057198.088	-728066.664	-1055965.989	21.8381
-865272.948	-1015986.292	-865278.305	-1015964.147	0.5996
-700441.78	-1088317.93	-700473.75	-1088323.41	0.4872
-751631.12	-1041022.424	-751636.521	-1041297.117	8.5893
-715420.0	-1067995.05	-714992.26	-1064696.34	41.0595
-740663.06	-1026232.44	-740325.08	-1025842.42	5.9129
-748571.79	-989246.96	-747769.641	-989471.419	9.9933
-756840.57	-1038169.12	-757294.023	-1039645.091	21.4536
-783516.82	-1058617.82	-784212.8	-1059855.91	20.0969
-644993.93	-1049839.45	-644945.99	-1049785.66	1.5026
-689380.5	-1058492.11	-689296.152	-1058690.826	2.8336
-678242.44	-1074125.29	-676234.284	-1075886.608	30.7094
-734667.725	-1041598.981	-733574.37	-1041925.75	22.9438
-744444.64	-1041362.66	-744438.125	-1041269.582	4.5037
-730242.39	-1077387.21	-731774.599	-1077428.656	19.1938
-722790.83	-979017.63	-723261.699	-979691.061	19.5835
-782067.999	-1010291.553	-782050.48	-1009785.59	10.4964
-727741.81	-1073818.99	-727784.73	-1073939.35	2.5557
-756164.6	-993304.1	-756227.79	-991806.51	17.545
-693883.566	-1032463.944	-696066.6	-1032776.61	26.8092
-706759.61	-1036013.73	-705605.06	-1036556.55	14.5638
-820209.74	-989166.5	-817440.385	-987824.75	47.5696
-721102.6	-1072331.29	-720323.832	-1071070.678	22.0009
-720459.31	-1084859.54	-719699.97	-1085550.72	12.4674
-708317.55	-1057431.48	-707832.949	-1057289.458	5.6836
-717538.757	-1074174.434	-717615.03	-1074166.97	0.8942
-769875.188	-1053806.12	-770494.286	-1053928.15	12.6234
-832911.048	-1027494.357	-833504.056	-1025748.803	25.8527
-734041.0	-1068720.0	-734125.148	-1068801.398	1.3062
-837072.881	-1001122.397	-835329.698	-1001077.37	36.4807
-755911.515	-991018.509	-755956.61	-990921.9	2.1824
-701493.122	-1012267.925	-701426.13	-1012166.332	2.4339
-699987.12	-1040664.48	-700881.593	-1039815.799	14.6519
-876242.996	-1030422.038	-876537.832	-1030754.157	12.5572
-720302.516	-1070959.109	-717572.936	-1074309.221	42.7715
-688947.767	-1065936.886	-686841.974	-1066086.179	24.2602
-865944.702	-1046034.631	-864972.286	-1044654.765	23.7143
-654990.028	-1070130.784	-654988.369	-1070998.936	9.9324
-684543.09	-994078.52	-684524.76	-993875.02	4.3371
-819300.52	-1075731.24	-819567.0	-1075685.25	5.485
-696535.05	-1060849.84	-696197.4	-1059702.55	14.6533
-715849.855	-1067543.626	-715420.0	-1067995.05	13.1479
-720560.46	-1005519.18	-719771.92	-1004374.9	68.5789
-650858.36	-1043750.1	-651216.495	-1043242.764	14.1539
-859240.91	-1037850.75	-862990.333	-1037035.084	46.3302
-822074.13	-1016009.95	-821380.38	-1015120.25	12.7456
-800596.166	-1012756.763	-801108.0	-1008116.063	54.3455
-765351.032	-1023102.423	-765239.733	-1023113.709	3.5523
-788497.064	-1013954.972	-788487.635	-1013962.555	0.1547
-749450.96	-1050111.98	-745098.936	-1048384.833	63.1544
-817696.777	-1044028.456	-817578.366	-1042462.891	20.4499
-639846.141	-1052855.648	-644700.4	-1050094.82	48.9206
-723654.054	-987187.532	-723686.422	-987174.238	0.8995
-760798.366	-976523.528	-760815.72	-976474.535	2.0724
-684456.271	-1065830.333	-684486.446	-1065823.749	0.9799
-681321.048	-1064389.756	-681287.93	-1064461.518	1.5808
-667050.43	-1033212.56	-667319.162	-1033690.175	6.8433
-763350.3	-992817.46	-763370.11	-992818.11	0.4371
-649967.98	-1030992.87	-649928.66	-1031448.47	5.0914
-662235.315	-1059060.07	-661501.52	-1058410.07	12.3749
-792398.72	-978527.25	-792388.063	-978534.122	0.3279
-761986.299	-1025253.683	-761924.936	-1026064.781	9.5857
-754336.728	-1045687.211	-755092.033	-1045687.374	15.2756
-764793.8	-994787.52	-763837.45	-993504.81	18.0572
-773630.64	-1042294.64	-771416.56	-1042704.81	33.1525
-861128.379	-1005824.81	-860278.73	-1006748.49	14.7162
-765487.184	-1056779.747	-765592.541	-1056706.326	1.6
-744585.4	-1048128.72	-744555.04	-1048217.91	1.8848
-864604.604	-1060866.453	-864909.972	-1059365.861	34.7237
-789012.52	-981479.23	-788537.62	-982462.36	15.3054
-759662.94	-976494.55	-759614.391	-976477.019	1.0333
-703994.683	-1051276.113	-702914.4	-1049943.85	21.203
-761145.62	-1070568.14	-763227.89	-1072531.86	37.3579
-715802.644	-1040275.867	-715513.44	-1040586.49	8.9967
-724693.77	-1051072.26	-725880.561	-1051661.289	15.51
-736155.31	-987946.37	-736631.28	-985374.91	30.9268
-783618.34	-1061207.52	-783532.06	-1061868.28	13.9352
-708643.64	-1056377.41	-708317.55	-1057431.48	15.6395
-670965.53	-1008802.41	-672424.206	-1008814.981	22.2531
-782981.17	-1000789.0	-782989.44	-1000828.26	0.4489
-674579.81	-1020864.91	-673898.48	-1020353.88	9.487
-757599.75	-1039889.39	-753875.83	-1041685.1	33.6122
-814533.496	-1013896.626	-814806.09	-1013848.04	4.0279
-761207.79	-1034014.75	-760634.42	-1034959.18	16.0914
-762487.54	-978758.49	-761851.211	-980207.841	26.0399
-762856.494	-1050845.201	-762975.367	-1050789.735	4.2494
-791408.81	-1045872.74	-791568.33	-1044904.05	11.8663
-698314.12	-1008460.98	-698925.234	-1010862.723	34.4973
-796544.06	-1010161.76	-796572.45	-1009553.07	7.1374
-660386.03	-1022995.96	-658860.17	-1023337.73	21.9467
-808157.36	-1071439.843	-808102.851	-1071160.684	3.162
-692271.419	-1046317.644	-692500.234	-1046056.225	4.2618
-720921.3	-1011698.64	-723472.047	-1009554.734	38.9627
-756840.57	-1038169.12	-756885.578	-1037955.246	4.5559
-665051.49	-1012206.8	-664203.72	-1013240.89	20.4336
-763545.25	-992093.52	-764117.881	-991884.65	6.9198
-843367.441	-992167.464	-846960.039	-990774.059	50.8678
-808211.018	-1014754.016	-810418.986	-1013689.3	30.7449
-843965.27	-1003002.31	-843706.44	-1002673.06	8.5036
-716828.42	-1028430.58	-716792.41	-1028460.31	0.52
-734520.128	-1012602.924	-736148.49	-1007963.14	56.796
-687480.32	-1004428.3	-688121.91	-1005129.46	11.8551
-691950.61	-1065160.608	-693268.136	-1066214.459	23.3888
-749716.36	-1051238.55	-749869.5	-1051283.82	6.0854
-801255.009	-1013122.702	-801278.029	-1013124.806	0.2578
-878319.919	-1027277.494	-877381.09	-1026048.84	17.9767
-768572.23	-1063516.11	-771377.93	-1061984.36	41.624
-720501.53	-1007824.76	-718544.501	-1008651.76	39.9113
-797337.54	-979437.12	-800495.161	-978110.673	103.6561
-645748.625	-1090647.177	-642805.577	-1092189.703	40.9014
-762972.68	-1010383.12	-759400.55	-1009589.78	45.434
-762082.323	-1026352.017	-762422.17	-1027892.26	21.9142
-761681.41	-1037105.19	-761571.97	-1037412.88	3.8306
-765949.302	-1076303.012	-766069.463	-1076129.668	2.3492
-658305.54	-1007290.38	-656556.57	-1006339.14	24.3883
-758232.25	-972614.85	-758270.57	-972697.23	1.0107
-692393.91	-1046471.76	-692358.68	-1046574.8	1.2242
-679158.914	-1030025.357	-681168.472	-1029384.679	25.5419
-730145.688	-993169.063	-729412.166	-990629.707	63.8295
-870597.7	-1010531.22	-871153.91	-1010993.66	9.9736
-788856.01	-1038690.79	-788582.825	-1037890.899	21.519
-701202.59	-1012387.6	-701281.438	-1012426.375	1.089
-812658.25	-1072236.5	-813328.04	-1072109.909	15.8341
-730838.57	-1043194.93	-730675.04	-1043358.39	2.6102
-802617.775	-1021022.365	-804793.658	-1019770.362	33.7414
-807650.58	-990353.79	-807685.43	-990267.62	1.8915
-778812.234	-1000738.673	-781273.163	-1004046.684	51.3833
-690289.7	-995274.992	-690190.7	-995235.01	1.1922
-787860.82	-978850.27	-786665.077	-979099.031	15.206
-878764.562	-1022419.216	-879501.125	-1023282.875	15.6089
-790860.627	-1002521.829	-789545.41	-1002070.51	15.4501
-717053.22	-1001828.61	-717396.5	-1002059.24	21.737
-818876.91	-1074880.42	-818728.15	-1074717.07	4.4236
-649293.63	-1044451.85	-650269.41	-1043896.52	13.6753
-680582.204	-989461.566	-680229.76	-988998.78	6.6235
-857617.02	-1008873.03	-856691.375	-1008970.875	11.5612
-671293.0	-1070489.27	-671769.276	-1069928.371	14.8254
-734987.438	-1043489.69	-734791.26	-1043682.03	5.8862
-721245.934	-1060993.837	-720968.998	-1063674.369	31.7681
-654976.495	-1070115.663	-654583.356	-1070049.561	4.4363
-774496.01	-1055892.09	-775865.26	-1056885.35	19.5375
-868428.83	-1050088.405	-871563.861	-1048720.373	59.3245
-655315.375	-1026583.681	-655282.27	-1025459.61	13.3254
-653562.49	-1025997.17	-653620.3	-1027061.15	12.0683
-680218.73	-1016899.15	-681443.886	-1016580.791	17.2846
-663914.11	-1003293.55	-662603.44	-1002134.49	23.1605
-739191.32	-1033635.28	-739117.25	-1033551.44	3.6265
-752530.639	-1077247.698	-755146.95	-1077081.38	34.8418
-648762.2	-1029133.73	-648861.608	-1028973.579	2.095
-809437.625	-1049733.25	-812925.859	-1049067.757	47.1319
-674999.298	-1006664.392	-673551.152	-1008561.937	33.3943
-796386.26	-1042773.31	-796202.74	-1044445.18	29.8855
-730645.6	-989247.51	-729778.3	-987713.52	24.7668
-783259.68	-996320.45	-783209.77	-996298.28	0.6072
-740572.33	-1040310.77	-740437.62	-1040354.147	2.8594
-820921.03	-1077379.74	-823471.08	-1076452.11	21.6242
-743555.275	-1024949.43	-743525.683	-1024934.562	1.6262
-693857.22	-1001639.89	-692380.59	-1000266.21	32.9322
-816403.88	-1076194.94	-816418.066	-1076253.124	1.274
-711566.197	-1014286.525	-710474.741	-1013302.23	16.5276
-735851.303	-1064178.222	-733977.418	-1063555.082	23.8587
-683504.009	-995029.32	-683530.17	-995952.62	25.4971
-666528.091	-1068783.223	-666018.226	-1070164.497	17.9131
-868712.059	-1021790.194	-869616.016	-1020897.713	25.1075
-708800.374	-1075110.976	-709493.898	-1076664.669	67.9504
-698496.31	-1035648.844	-698369.796	-1034987.46	7.4971
-797242.374	-1068992.553	-797225.383	-1069033.488	0.8864
-658344.16	-1029084.93	-657658.211	-1027917.403	15.791
-684506.17	-994253.69	-684465.51	-994535.698	5.6992
-772391.897	-1054695.278	-772370.063	-1054697.184	0.63
-783867.67	-994628.48	-783084.22	-993501.92	16.0991
-806948.62	-989708.11	-806965.18	-989759.4	1.6504
-645303.703	-1060413.091	-645287.16	-1060455.277	1.1366
-778671.883	-1022544.298	-777244.09	-1022465.751	18.1983
-746969.765	-1004072.67	-746954.522	-1004054.132	0.8016
-807092.05	-996176.3	-807087.86	-996251.48	1.6214
-752930.2	-1037432.22	-753160.456	-1037488.903	5.3951
-694114.03	-1044357.51	-694141.41	-1044339.51	0.8449
-767418.563	-980775.831	-767138.17	-980622.421	3.7184
-658239.03	-1005930.52	-658305.54	-1007290.38	16.2854
-777218.53	-1048643.03	-775823.61	-1048782.01	15.8062
-666696.66	-1030678.48	-665628.1	-1030560.71	12.0448
-644077.794	-1022814.719	-643811.132	-1022184.146	10.0769
-863279.16	-998718.49	-861166.839	-999768.473	32.4942
-769011.59	-1014363.67	-769874.09	-1015908.58	31.1339
-665109.738	-1030269.571	-664839.942	-1030463.206	6.655
-688716.595	-1043740.464	-688732.773	-1043758.172	0.3284
-824369.557	-1069640.862	-826472.441	-1068470.372	30.1058
-664502.78	-1047932.44	-664327.03	-1047880.92	1.4091
-784270.171	-1026762.041	-783769.365	-1025764.997	24.3758
-698225.61	-1063063.57	-699256.34	-1061459.02	22.2809
-697601.473	-1037827.882	-695648.89	-1038421.25	32.7338
-649316.891	-1061705.052	-649298.085	-1061754.233	1.0549
-817594.573	-1036995.655	-815246.656	-1034011.793	59.4985
-830984.252	-1065332.792	-829630.225	-1065454.87	17.1015
-748255.783	-1030596.93	-748374.24	-1028407.63	26.0331
-708417.301	-991680.123	-708419.227	-991662.736	0.4382
-824026.79	-1073771.599	-824107.511	-1073718.837	1.7671
-883757.002	-1021715.412	-883936.157	-1021566.292	2.7192
-820673.12	-989381.2	-820209.74	-989166.5	5.7778
-733891.89	-1053407.48	-733914.475	-1053317.791	2.3929
-719755.49	-1030528.03	-719642.0	-1030529.89	1.3153
-742445.595	-1057045.698	-743735.74	-1058144.17	20.6757
-762794.21	-1043674.35	-764413.7	-1043941.75	32.1524
-679528.41	-1071500.27	-679587.323	-1071764.46	3.058
-726496.4	-1072033.33	-725957.19	-1071372.88	17.4755
-729502.351	-1080841.587	-729514.372	-1080889.537	2.4184
-774371.24	-980479.83	-773862.08	-982143.2	30.0397
-660600.295	-1028136.323	-660125.873	-1028254.54	5.5037
-647923.93	-1094532.48	-648561.92	-1095210.25	10.4222
-802057.3	-999091.98	-802541.423	-998769.185	6.522
-703635.862	-1037189.932	-703661.58	-1035118.35	34.2188
-780793.58	-993776.99	-781206.691	-993468.119	6.674
-773146.172	-1031233.812	-776241.19	-1030072.87	26.3051
-835547.209	-989951.865	-834020.95	-990593.56	19.6759
-688201.86	-1053356.66	-688505.13	-1051236.35	25.1829
-771582.07	-1041055.57	-770186.892	-1039543.124	29.0841
-744438.125	-1041269.582	-744488.19	-1041311.68	1.6017
-686268.84	-993149.63	-686065.342	-993601.918	19.8802
-729539.891	-1057128.264	-729315.731	-1056841.451	4.9197
-712438.272	-983588.937	-712423.517	-983605.22	1.0953
-728834.58	-1061079.68	-729975.212	-1063167.207	29.2325
-672222.536	-1078964.284	-670968.886	-1078706.518	30.177
-870492.524	-1035159.228	-871874.345	-1034118.846	19.671
-716937.42	-1007933.48	-714147.66	-1008924.75	36.1139
-697797.7	-1053567.25	-700186.357	-1052771.488	29.4243
-832441.61	-1024564.49	-832703.871	-1023951.265	11.3554
-652788.52	-1024989.77	-652273.806	-1026372.473	19.8564
-876124.29	-1021139.59	-876194.256	-1021323.626	2.2014
-672388.42	-1014268.33	-672326.153	-1014439.536	3.6442
-744897.887	-1026833.986	-743875.53	-1025696.44	20.0601
-662315.995	-1049032.62	-661758.59	-1047597.21	18.6953
-871874.345	-1034118.846	-871098.782	-1032753.124	21.3912
-677256.85	-1037622.57	-676047.76	-1037292.652	14.0908
-848763.027	-1010048.128	-848817.352	-1010040.504	1.2587
-851033.045	-1018723.146	-851078.489	-1018209.76	7.7147
-659288.519	-1008355.189	-658632.613	-1007570.898	21.7602
-802745.655	-986906.4	-802627.311	-986851.019	1.5833
-687569.81	-1056047.47	-687445.825	-1055917.373	3.6291
-749312.721	-1044251.85	-749325.603	-1044341.555	1.8191
-724274.98	-1081959.74	-721832.46	-1081626.08	33.9247
-790712.739	-1005042.198	-790781.372	-1005118.501	1.5317
-701719.961	-1012286.117	-702528.88	-1011405.28	29.4338
-643241.65	-1044616.06	-643357.52	-1044647.09	1.8646
-739058.32	-1033585.74	-738971.93	-1033494.27	2.5782
-658804.05	-1025491.79	-657159.238	-1024531.255	21.8172
-745864.683	-1068619.617	-743813.524	-1069243.996	29.0486
-658791.001	-1060312.349	-658734.781	-1060337.432	0.684
-840756.407	-1039033.045	-840796.862	-1039063.86	0.5653
-713001.11	-1006409.73	-714572.525	-1006513.706	19.7676
-760447.14	-1059615.138	-760898.023	-1060233.296	20.7815
-648889.325	-1058112.566	-648638.888	-1058260.078	5.8395
-872985.395	-1040333.041	-869866.398	-1037678.079	88.3445
-686512.37	-990518.63	-686426.19	-990506.72	0.967
-694550.39	-1089676.0	-694772.607	-1090684.302	65.1471
-746721.41	-1011678.92	-746719.1	-1011750.25	0.8069
-771416.56	-1042704.81	-771921.115	-1041128.653	22.7956
-797224.579	-1068798.163	-798345.777	-1067597.387	21.3916
-791147.957	-1033581.961	-795102.787	-1028956.598	79.3314
-703392.676	-1059769.677	-702768.8	-1059534.95	13.7398
-869834.437	-1000438.862	-867678.05	-998459.66	38.8553
-760634.42	-1034959.18	-760606.221	-1034962.461	0.5846
-708800.374	-1075110.976	-708187.83	-1075244.96	31.4178
-867825.597	-1017288.354	-867847.716	-1017285.814	0.5434
-767346.246	-1040086.767	-768529.35	-1040347.1	25.7792
-797220.522	-1023550.419	-796853.478	-1023502.277	4.248
-847713.155	-1066306.545	-848587.265	-1066239.624	12.9417
-720052.54	-1075565.5	-719950.183	-1075713.04	2.0549
-665628.1	-1030560.71	-665898.745	-1032132.011	19.3144
-649066.35	-1023932.14	-650508.75	-1024626.59	28.4931
-729466.74	-1078252.51	-730136.57	-1079066.52	14.6439
-802860.579	-986687.947	-802843.522	-986670.819	0.5606
-817533.88	-1070541.42	-817507.47	-1070601.77	0.8894
-655774.43	-1015985.09	-655843.43	-1016058.73	2.0372
-759244.033	-1068497.749	-759295.33	-1068468.69	0.6551
-756958.69	-1044056.74	-757077.25	-1043105.17	22.3266
-651145.068	-1076608.201	-650342.247	-1075757.499	13.7147
-738973.364	-1084211.183	-739928.36	-1082451.5	29.3058
-823054.383	-1047606.95	-821554.948	-1048307.873	20.0497
-733803.798	-985254.066	-733690.172	-986474.415	56.9103
-660268.625	-1087255.908	-661202.16	-1086315.52	15.2301
-733937.241	-972137.04	-734066.75	-972086.58	1.5482
-699841.41	-1066810.69	-700387.25	-1066319.45	8.7707
-737520.52	-1039020.19	-738807.89	-1040058.4	33.1908
-699709.298	-995267.078	-700211.37	-994675.68	14.2605
-816146.27	-1064197.64	-815971.38	-1064373.54	5.147
-747427.15	-1020180.7	-747540.75	-1019621.563	6.4209
-776578.17	-975595.74	-776481.04	-975542.86	2.2119
-755041.005	-1016854.325	-755657.198	-1013741.211	38.1334
-654938.746	-1068629.13	-654752.092	-1068261.201	4.7874
-741483.047	-984171.128	-740449.38	-984069.56	12.9078
-641830.694	-1058978.996	-641712.611	-1058542.261	9.2262
-775016.4	-1033843.46	-774993.72	-1033762.995	1.8961
-784706.56	-1026266.96	-789673.57	-1026841.604	59.7
-719048.93	-1050490.37	-719549.768	-1051776.667	15.8562
-812095.043	-1023393.512	-813902.061	-1024065.431	26.0683
-703668.845	-1089052.406	-703330.28	-1089018.46	3.8184
-761137.06	-1053405.7	-761129.02	-1053513.23	1.2876
-664058.97	-1047818.75	-664261.049	-1047852.715	1.5771
-723686.422	-987174.238	-723695.477	-987199.538	0.6157
-869520.35	-1043346.23	-870985.48	-1042716.7	19.6269
-697002.42	-1046880.98	-697501.77	-1048576.23	20.8504
-825810.194	-1048982.067	-826325.4	-1047991.61	13.4628
-753595.4	-994051.75	-753851.93	-993658.93	7.3286
-765863.485	-983721.005	-765150.999	-983372.343	9.2067
-762849.939	-1040391.14	-763334.63	-1040409.66	9.7319
-780868.79	-1023109.06	-781818.55	-1022920.8	11.498
-736802.978	-1032360.481	-736994.459	-1032378.053	7.6495
-645810.0	-1027252.38	-645969.2	-1026861.65	4.7458
-721916.777	-1032975.383	-721792.87	-1032929.71	2.8719
-770770.45	-1066037.26	-771035.44	-1064934.89	12.6986
-754768.421	-1001856.78	-754788.077	-1001786.249	0.8137
-849304.122	-1028940.798	-849249.794	-1028945.888	0.6068
-759071.725	-1047704.779	-758946.8	-1047715.38	4.6826
-685485.66	-1072865.66	-686681.775	-1073823.663	19.9036
-650877.756	-1080320.181	-651974.543	-1078911.704	28.0559
-807518.2	-1026112.45	-807794.895	-1027397.361	17.5163
-691280.26	-1049337.06	-691713.46	-1050986.78	20.0689
-695101.87	-1011495.99	-694590.564	-1011296.896	6.2073
-696066.6	-1032776.61	-697822.59	-1034061.34	29.2473
-789491.698	-1064086.379	-789555.135	-1064020.58	1.1905
-741865.394	-1082445.309	-741925.422	-1082482.181	0.7959
-793193.621	-1026561.355	-793865.509	-1026433.866	7.8776
-724027.637	-1042840.928	-724041.077	-1042827.831	0.4801
-877455.749	-1028168.893	-878239.65	-1027464.47	12.9897
-747762.892	-981878.26	-749690.597	-982185.135	27.5052
-738577.444	-1069075.136	-737068.94	-1070351.39	36.164
-746312.16	-1007135.22	-746721.41	-1011678.92	52.0469
-826671.121	-1062964.062	-825240.835	-1064319.423	22.2428
-873603.06	-1012639.49	-873364.742	-1015038.539	33.2967
-671277.981	-1082418.007	-669541.76	-1081268.375	36.9581
-811732.45	-1017293.0	-812045.072	-1017091.715	8.2651
-773400.23	-1067433.99	-773437.1	-1067513.94	1.7874
-641294.357	-1074313.305	-639899.834	-1074605.061	20.6528
-797323.691	-1021577.978	-796743.252	-1021713.892	6.6381
-770124.43	-1011939.43	-767781.46	-1012709.8	28.6967
-647871.59	-1018667.93	-647365.34	-1018527.4	5.8388
-686522.06	-1059508.8	-686757.86	-1059493.77	2.8111
-779155.01	-1043480.64	-779236.607	-1043685.413	2.4855
-721831.82	-1032837.54	-721508.26	-1032421.66	4.0557
-756211.766	-1042483.919	-756454.44	-1042130.3	12.0762
-762929.756	-1028472.199	-763753.88	-1030032.14	21.2521
-640017.94	-1042964.66	-640061.58	-1043028.02	1.5408
-681171.13	-1047426.99	-681292.92	-1047433.68	1.5744
-802905.445	-1007319.834	-801982.816	-1007913.053	15.6692
-846905.631	-1029704.542	-846882.735	-1029706.228	0.2551
-690663.34	-1082367.123	-688998.787	-1083121.351	31.1035
-746465.698	-1054244.406	-746181.747	-1054149.451	6.5991
-667480.93	-1001337.08	-667991.59	-1000674.222	9.7888
-713528.78	-1021332.54	-714635.81	-1020389.88	16.4286
-799508.079	-1070481.606	-801452.53	-1076304.46	97.4979
-672142.31	-1009768.45	-672077.19	-1011036.43	14.1358
-776731.11	-973928.64	-777324.325	-973961.95	11.944
-731600.967	-1056010.854	-732317.52	-1055113.43	23.008
-798373.29	-1067537.04	-798400.967	-1067562.3	0.423
-672926.39	-1060561.43	-671795.61	-1060828.448	13.6395
-686096.57	-1010712.31	-686837.88	-1011094.67	11.6587
-660174.35	-1015075.14	-660469.16	-1014999.53	5.3112
-747554.85	-1019566.23	-747513.38	-1019535.13	0.7718
-778354.93	-982840.37	-775046.211	-985303.495	63.3462
-833749.287	-1072545.879	-833658.629	-1072656.762	2.4676
-752280.591	-1029233.34	-753336.78	-1029263.22	24.4591
-867153.465	-1001938.043	-866261.592	-1002064.318	10.7563
-744510.13	-989935.9	-743303.43	-993703.84	47.5411
-674573.09	-1067736.05	-675690.37	-1067570.25	26.0235
-767494.606	-1023226.062	-767792.95	-1022765.24	11.442
-665783.24	-1039185.6	-665458.76	-1039205.67	3.7972
-702366.34	-1031915.94	-698080.568	-1031875.656	48.7791
-734275.116	-1013785.963	-734280.716	-1013780.281	0.1596
-766470.27	-1008040.88	-766886.432	-1009875.954	21.3489
-770293.832	-1060662.695	-771749.039	-1060604.088	19.7707
-746224.654	-1054171.412	-746181.747	-1054149.451	0.964
-764153.58	-1033532.2	-766746.83	-1036733.97	53.8689
-734772.38	-1029674.17	-734559.509	-1029374.867	4.1914
-789516.43	-1027199.534	-789625.983	-1027260.753	1.6795
-821079.97	-1071519.75	-821506.23	-1071709.92	9.3364
-820001.306	-1026390.182	-820017.319	-1026392.266	0.3626
-799809.037	-1047978.029	-800328.892	-1048892.208	40.0621
-881872.21	-1006938.51	-881891.08	-1006954.27	0.2907
-840523.27	-1070522.25	-842572.97	-1071217.11	24.8056
-758407.752	-1021128.973	-755466.457	-1021017.746	34.3324
-665512.361	-1062368.242	-666069.34	-1063029.08	10.3006
-779963.1	-991110.24	-779251.363	-993739.69	33.8271
-690092.367	-1088967.61	-690535.648	-1088628.29	6.7706
-680697.38	-1050051.66	-682538.522	-1049193.512	23.0047
-708282.759	-1048488.32	-707704.35	-1049529.74	14.3541
-842860.55	-1002091.42	-842745.5	-1001935.625	2.6953
-770981.026	-975646.851	-770178.782	-977825.038	31.7909
-772662.778	-1054864.906	-773026.593	-1055087.224	8.5356
-767305.477	-1030413.63	-767289.523	-1030419.662	0.4258
-799253.133	-1001546.675	-799331.67	-1001568.91	1.0388
-699212.275	-1065647.246	-699360.43	-1065723.06	1.8775
-647990.36	-1032865.77	-647475.185	-1033811.312	11.9786
-797546.47	-1028510.29	-797650.14	-1028584.26	2.5615
-807132.5	-1007093.48	-808428.86	-1008377.375	21.8525
-724272.84	-1037388.347	-724223.542	-1037385.671	1.2466
-688858.81	-1024493.81	-688841.052	-1024527.626	0.4244
-788030.54	-1056044.58	-787825.85	-1055724.62	4.221
-726336.23	-981775.91	-726227.69	-981373.9	8.5338
-655867.9	-1004824.949	-658239.03	-1005930.52	85.8861
-684220.492	-1066037.532	-683505.878	-1066498.52	33.623
-770212.7	-1053784.19	-770317.013	-1053596.458	4.4724
-750852.576	-1078422.336	-749654.164	-1078700.159	13.9188
-804182.309	-1060068.083	-804696.757	-1060212.003	10.8463
-823918.42	-1076379.17	-824140.66	-1076361.08	2.4814
-668682.99	-1092390.839	-669523.053	-1091902.984	12.2587
-744236.42	-1009120.34	-743839.09	-1008631.76	12.6109
-869392.325	-1039644.254	-869760.72	-1037812.227	24.0993
-751637.21	-1006976.32	-751695.64	-1006990.75	0.8009
-662781.884	-1058976.87	-662235.315	-1059060.07	11.4883
-652542.747	-1062334.365	-652491.095	-1062328.171	0.578
-673359.17	-1017298.72	-673405.59	-1017255.57	0.7043
-870341.59	-1018137.35	-870487.08	-1018234.17	1.3444
-765168.47	-1037772.7	-765159.83	-1037765.08	0.2479
-712344.92	-1015969.21	-712116.305	-1015732.558	8.0314
-756190.559	-993844.372	-756162.76	-993334.08	10.7981
-688732.547	-1058555.025	-688414.053	-1061323.311	36.7825
-719977.53	-1046601.324	-718828.8	-1045805.59	19.7415
-804600.045	-988821.064	-805089.981	-989045.638	11.0388
-788332.757	-1064664.699	-788186.2	-1063310.5	17.3534
-865198.738	-1049418.508	-865314.314	-1050375.508	20.2231
-797859.59	-1000584.11	-797658.008	-1000446.292	2.7843
-715004.37	-1003747.86	-718256.376	-1004401.106	76.3493
-774109.779	-1027302.216	-773101.66	-1027226.3	11.4489
-750260.813	-981836.621	-750585.66	-982197.15	5.9788
-801970.256	-1007936.59	-801945.574	-1007922.918	0.7396
-824111.37	-1071479.55	-824063.43	-1071420.72	1.6943
-794129.88	-1043579.34	-793187.171	-1043613.294	12.081
-760624.075	-1040803.862	-762324.87	-1040520.03	19.3422
-646485.39	-1037826.33	-645656.76	-1038237.91	10.3801
-763420.63	-977212.93	-763277.081	-977146.599	3.2179
-764512.253	-997703.884	-764261.78	-997949.66	5.1993
-722809.95	-1042514.67	-721714.93	-1045134.66	35.4474
-849524.125	-1064819.0	-850752.894	-1062275.087	36.6489
-795439.262	-985877.066	-795476.89	-985874.3	0.5045
-842860.55	-1002091.42	-842868.84	-1002004.93	4.2687
-650342.247	-1075757.499	-649422.742	-1074287.048	29.4309
-721288.14	-1056579.85	-722362.624	-1054556.009	28.0895
-844556.43	-1061431.761	-842337.405	-1060444.901	30.0999
-766800.29	-1037056.05	-766813.624	-1037065.826	0.4775
-824863.93	-1052668.59	-826171.662	-1052692.013	16.0043
-872614.328	-1033223.347	-872116.886	-1034067.855	12.682
-673757.12	-1065065.67	-674393.059	-1065501.458	18.6904
-730570.9	-1042956.27	-730643.52	-1042110.79	17.0806
-706560.61	-1015673.42	-705718.77	-1015755.28	10.6306
-653883.8	-1046418.99	-653951.972	-1045922.459	5.569
-792414.944	-979502.006	-792360.12	-979425.55	1.8874
-765648.759	-998992.338	-764261.78	-997949.66	29.9401
-814407.02	-1017451.0	-814761.761	-1017377.469	4.0334
-707043.145	-1047369.448	-706674.3	-1047175.28	4.7927
-748135.706	-1005360.224	-748140.66	-1005344.116	0.3829
-850960.186	-1014908.947	-851461.777	-1014494.652	13.7278
-755146.95	-1077081.38	-756345.75	-1076171.42	18.6819
-770275.01	-1015936.58	-771925.35	-1015431.21	21.1221
-759694.68	-976470.55	-759740.36	-976517.51	1.3897
-805133.389	-994169.159	-805178.36	-994250.13	1.8585
-739388.676	-1054246.035	-739416.634	-1054277.135	0.5121
-762618.34	-1038545.51	-762593.868	-1038824.962	5.5671
-696398.86	-986594.61	-699394.9	-986624.89	61.5311
-811681.231	-1065758.167	-811899.928	-1065506.872	3.8334
-645724.47	-1074143.02	-644825.501	-1073404.509	13.8435
-771751.37	-1060150.6	-772417.03	-1059210.58	13.4947
-757841.8	-1039899.77	-757684.89	-1039998.96	4.5037
-674994.31	-1013613.33	-674890.948	-1013709.212	1.7632
-692398.188	-998321.563	-692363.09	-998251.16	0.8931
-808233.0	-1071418.5	-808185.557	-1071296.55	2.7603
-736067.29	-972759.2	-736741.105	-973060.952	13.3833
-790474.46	-1026767.65	-790130.99	-1026365.77	6.1036
-682496.19	-991621.711	-680625.78	-989592.65	32.7261
-670645.41	-1038343.34	-669365.819	-1036227.712	30.6939
-779096.91	-1060367.77	-778433.87	-1059119.98	17.4002
-776083.207	-1014759.946	-776106.906	-1014781.784	0.5811
-775807.257	-1014701.919	-775826.218	-1014683.062	0.3183
-718388.11	-1038712.794	-718121.73	-1038100.5	14.123
-783225.21	-1030316.79	-782560.95	-1028351.4	23.2118
-753698.5	-1066634.56	-751633.55	-1062340.88	132.7565
-736230.98	-988464.838	-736155.31	-987946.37	5.9436
-790798.577	-1005026.94	-790785.313	-1005010.651	0.2866
-853489.03	-1040574.85	-853619.73	-1041936.38	17.9583
-751326.36	-1045689.05	-751384.235	-1045613.361	2.87
-845737.637	-1059391.351	-844556.43	-1061431.761	28.6454
-802447.37	-998738.56	-799501.05	-1001491.58	31.3329
-740215.99	-1079494.81	-740102.41	-1080931.31	17.3174
-693003.18	-998300.05	-695477.027	-996993.808	64.5359
-822454.91	-1068924.56	-822399.257	-1068941.538	1.34
-707517.7	-1004096.04	-706091.96	-1004485.88	22.6261
-693680.59	-1025234.301	-695735.76	-1026015.665	26.3553
-691422.51	-993829.52	-690475.514	-993524.549	11.3958
-737180.56	-1036101.54	-737024.99	-1036287.62	4.8516
-724863.773	-1053139.85	-724540.752	-1053298.081	4.1683
-758253.4	-1040701.45	-758324.992	-1040666.032	1.598
-737963.03	-1057864.42	-739946.066	-1055665.419	28.159
-740605.199	-1064951.861	-736546.792	-1065798.633	70.6916
-710981.52	-1050935.5	-710741.03	-1050352.91	8.0515
-870422.68	-1018207.71	-870282.98	-1018113.91	1.2948
-804404.726	-1013302.48	-804204.364	-1015322.504	24.3164
-726099.658	-1050785.485	-726152.344	-1051205.196	8.62
-787615.208	-989710.969	-787221.94	-989369.96	10.4155
-729430.54	-1029841.99	-729616.5	-1031588.92	23.7078
-744514.179	-981522.01	-742481.38	-983608.42	46.8167
-690542.42	-1081541.74	-690676.192	-1082340.194	9.3412
-641137.754	-1061523.742	-639949.802	-1059992.774	24.0709
-753959.685	-1045613.356	-754302.163	-1045692.465	7.0536
-692204.04	-1051154.63	-692738.64	-1049095.92	30.1496
-681345.871	-1046738.944	-680779.96	-1046931.63	6.835
-641377.065	-1067248.964	-641021.02	-1067058.85	4.5904
-723084.786	-984234.215	-723654.054	-987187.532	67.8022
-808223.64	-990949.31	-808515.85	-991162.91	7.271
-808859.77	-1004533.06	-809740.499	-1004240.265	11.0302
-773231.093	-971897.078	-773213.54	-971852.23	1.1521
-807739.25	-990341.35	-807705.007	-990364.568	1.2846
-719803.459	-1057595.514	-719702.14	-1057265.64	7.1192
-707018.55	-1039608.68	-702051.307	-1042737.632	101.0546
-781064.88	-989176.29	-780793.557	-989314.909	3.6895
-698194.99	-1034920.52	-698369.796	-1034987.46	3.7507
-876486.02	-1026238.44	-877381.09	-1026048.84	17.077
-843694.07	-1002627.92	-843841.55	-1002700.27	3.6694
-647990.36	-1032865.77	-649833.27	-1032576.94	28.5571
-766866.215	-1009933.771	-766842.694	-1009923.787	0.2839
-808471.63	-991328.41	-808494.3	-991275.362	1.1555
-750378.786	-1005549.152	-750401.242	-1005557.255	0.6437
-708282.759	-1048488.32	-707915.843	-1046963.972	21.4132
-829963.059	-1073058.576	-830045.471	-1073007.368	1.0784
-645518.759	-1042729.318	-645356.061	-1042741.654	3.2764
-755855.912	-995499.119	-755872.151	-995485.295	0.7395
-641514.71	-1041514.6	-641469.563	-1041469.75	1.2838
-733405.4	-1042025.81	-733626.52	-1042062.24	4.8175
-757493.817	-987386.907	-757267.007	-984599.297	39.7055
-754624.95	-1063256.073	-754010.53	-1061799.67	29.9166
-788881.111	-1025129.916	-788680.01	-1023327.75	54.8885
-888069.918	-1019912.142	-888038.029	-1019909.256	62.4767
-748555.73	-1024956.416	-750627.619	-1025630.881	28.662
-828518.24	-1067452.957	-829335.9	-1067212.49	17.3468
-781276.156	-1065205.766	-778119.65	-1064849.13	35.8859
-775021.41	-1039047.45	-774306.54	-1039273.79	8.5659
-661247.788	-1060001.457	-659255.092	-1065048.695	81.2081
-672318.158	-1012604.435	-672330.296	-1012608.536	0.3035
-767457.178	-980747.749	-767418.563	-980775.831	0.5409
-719918.3	-1084615.0	-719857.435	-1084645.331	0.7659
-702807.89	-1029484.95	-703810.42	-1030188.63	18.892
-799321.21	-1056571.07	-800013.98	-1055415.21	15.5843
-753144.283	-1019290.304	-754673.83	-1017453.87	28.2163
-647719.127	-1045908.413	-649047.638	-1047670.39	26.7517
-845567.78	-1007928.33	-845415.85	-1007787.98	2.325
-768950.04	-999418.05	-769027.74	-999452.77	0.9457
-733675.105	-1015316.557	-733668.12	-1014744.36	20.1684
-687244.819	-1009882.046	-685241.56	-1009201.33	25.2495
-718581.56	-1070656.91	-718061.147	-1070291.681	13.0201
-640758.72	-1069107.283	-640988.613	-1069351.753	3.81
-846072.799	-1007934.831	-845567.78	-1007928.33	7.2179
-752416.495	-974195.927	-752690.62	-972236.13	34.6734
-746954.522	-1004054.132	-745761.813	-1003659.195	25.3746
-657094.999	-1080603.56	-656815.057	-1081622.732	21.6644
-765408.141	-1051604.16	-765437.161	-1051460.769	2.927
-763794.948	-1040182.246	-765045.05	-1039464.7	16.8311
-768302.28	-971936.54	-767326.434	-971436.256	12.2511
-745720.029	-1042594.344	-745476.058	-1042442.099	7.4566
-691533.43	-993770.01	-691937.46	-991755.66	23.9539
-707094.49	-1015993.99	-707107.89	-1015925.36	1.4971
-759803.72	-1011182.22	-759906.448	-1010347.176	11.487
-701528.588	-1063540.191	-701312.21	-1063705.53	5.6191
-824204.8	-1076334.16	-824257.03	-1076464.14	1.2741
-642683.09	-1050436.76	-642841.85	-1047796.88	29.9366
-825313.57	-1029088.76	-823997.083	-1031074.688	35.7158
-711914.43	-1022050.9	-712005.61	-1022127.72	1.3396
-755650.89	-1035456.56	-755763.53	-1034878.28	6.5604
-730674.527	-1083621.898	-730629.2	-1084569.55	21.5522
-749772.962	-1049969.585	-749858.88	-1050156.31	2.3953
-653274.017	-1030254.879	-653901.604	-1029503.98	10.9712
-737772.44	-1057837.93	-737963.03	-1057864.42	3.8486
-674924.1	-1006230.06	-675086.81	-1006293.2	3.4911
-738992.52	-1040311.04	-739038.42	-1040337.81	1.0627
-779744.871	-976486.266	-779575.13	-976375.19	4.0575
-694069.151	-1040314.036	-694645.17	-1041725.22	17.2892
-780724.916	-1009557.171	-780880.66	-1009150.77	6.5119
-758706.62	-1023700.47	-759251.08	-1022895.286	11.4206
-685654.688	-993552.75	-685728.1	-993575.39	1.8335
-716425.506	-1057311.845	-716319.893	-1056857.227	9.7223
-815590.857	-1064630.056	-814776.967	-1064361.641	9.7772
-718118.94	-1074538.02	-718929.37	-1073660.14	25.3026
-739945.128	-1048406.216	-740040.5	-1048642.14	5.1334
-700915.204	-1010513.621	-700927.887	-1010529.799	0.4117
-700390.17	-1053493.403	-697656.66	-1053658.25	30.5974
-754721.465	-1001870.286	-754768.421	-1001856.78	0.5814
-737520.469	-1051085.235	-737591.776	-1051200.507	4.7972
-760607.55	-1040804.24	-760624.075	-1040803.862	0.1837
-644784.776	-1077825.179	-644522.792	-1078228.107	7.0141
-696640.96	-1007359.589	-696411.51	-1007449.07	2.8277
-752007.346	-1018911.755	-752215.179	-1018553.828	4.994
-714968.885	-1087407.117	-714682.82	-1088480.807	13.0242
-699196.5	-1055916.06	-696891.54	-1055061.82	33.8686
-659981.157	-1076134.679	-660136.76	-1076192.93	3.379
-827341.07	-1052243.08	-826325.4	-1047991.61	75.1216
-841357.154	-1010942.499	-840936.563	-1011852.615	20.7194
-762408.894	-993314.666	-761946.575	-995064.163	20.4631
-804924.075	-989096.845	-804806.243	-988967.024	3.5704
-807312.372	-1038652.671	-804444.718	-1038920.636	37.315
-830311.214	-1027135.661	-832044.399	-1029065.65	53.6314
-715285.172	-1080005.619	-715157.975	-1080069.009	2.8695
-865198.738	-1049418.508	-863328.538	-1047075.128	40.9209
-735782.65	-994290.7	-734725.92	-994457.21	13.1661
-836817.298	-1056915.859	-836444.241	-1056307.197	10.7565
-670530.658	-1016031.392	-670644.52	-1018055.48	32.5849
-719699.97	-1085550.72	-718775.66	-1088012.98	34.7435
-854712.44	-992471.85	-856245.965	-987780.178	71.5875
-770301.57	-1016164.93	-772145.95	-1016289.6	21.0704
-740011.94	-1011514.41	-737256.925	-1010320.687	36.1553
-770954.56	-1034522.777	-772761.907	-1033078.897	28.7566
-647774.02	-1059233.54	-647851.998	-1059211.296	1.8631
-694960.38	-1087145.06	-695328.154	-1088322.168	14.3888
-717390.824	-1021655.853	-716438.38	-1022530.7	16.8008
-795395.58	-979342.28	-795520.8	-979030.66	6.7558
-705112.095	-1015101.919	-705180.085	-1015148.305	0.9145
-755611.131	-980195.085	-755006.918	-980759.374	12.6417
-773690.064	-977974.951	-774246.13	-977816.71	12.6131
-851348.499	-1041793.972	-851183.098	-1042206.542	5.9654
-654583.356	-1070049.561	-651504.349	-1069456.071	34.8438
-794813.759	-986676.163	-794590.963	-986617.093	2.5697
-725161.86	-1040315.19	-725158.78	-1040229.56	1.739
-720440.86	-1041212.08	-720286.94	-1041210.65	3.0789
-760061.61	-1045933.24	-757484.4	-1046437.29	32.3286
-880059.211	-1017014.859	-878647.59	-1016413.42	17.8575
-762907.221	-1050623.978	-763495.498	-1050934.008	13.8994
-876719.98	-1013377.32	-875933.168	-1013508.261	9.397
-671463.28	-1049185.36	-671453.484	-1048988.167	2.1938
-714635.81	-1020389.88	-714747.487	-1020317.35	1.4887
-767713.24	-1020395.35	-765908.844	-1020150.942	21.0664
-711375.94	-1044822.95	-708648.73	-1045259.4	32.2611
-732106.87	-1056824.41	-730981.14	-1056186.48	10.8068
-823835.5	-1076396.56	-823918.42	-1076379.17	0.9421
-786817.24	-1009852.06	-786585.72	-1009820.43	2.6123
-688505.13	-1051236.35	-688190.74	-1048705.98	32.8763
-667580.854	-1071084.734	-668606.725	-1072789.606	27.4265
-748363.74	-1010950.49	-749552.75	-1012219.86	19.8846
-748262.44	-1027946.56	-747395.28	-1027586.476	12.767
-767241.0	-980439.39	-768069.06	-979492.87	20.8261
-671463.28	-1049185.36	-671544.788	-1049045.428	1.7999
-754919.423	-988119.4	-755467.3	-987470.71	13.4928
-716837.48	-1002128.513	-717053.22	-1001828.61	4.5996
-827341.07	-1052243.08	-829758.922	-1053034.519	35.8757
-649679.88	-1041503.66	-646889.99	-1040994.64	36.5915
-738576.608	-1060547.021	-738573.336	-1060565.649	0.5569
-791121.12	-978514.74	-789064.31	-977443.98	37.9248
-757126.745	-1032268.154	-757108.177	-1032272.941	0.4301
-780697.882	-1009437.239	-780546.517	-1009551.238	1.4625
-777013.99	-1058699.76	-776622.26	-1058346.08	12.1479
-727533.57	-983771.26	-726875.0	-983234.71	30.5337
-737315.04	-1057810.47	-737264.099	-1057893.862	2.5929
-646526.173	-1066046.309	-646743.322	-1067779.455	19.4552
-659261.68	-1070362.596	-661168.88	-1070300.5	27.4328
-696891.54	-1055061.82	-695647.36	-1055686.91	16.3442
-728484.79	-1032303.11	-727095.671	-1031375.294	18.8215
-652396.83	-1062308.24	-652477.023	-1062427.322	1.6657
-643595.338	-1039542.467	-642959.958	-1040436.707	21.9463
-763389.81	-992953.24	-763174.39	-993076.53	4.9641
-702465.55	-1002891.55	-701337.4	-1003724.2	16.2459
-788537.62	-982462.36	-787525.92	-984347.2	32.3039
-887892.627	-1019817.324	-887947.324	-1019600.704	2.4828
-832231.66	-993998.69	-830707.165	-996960.852	174.7931
-819489.537	-1076342.97	-819458.15	-1075912.13	8.7122
-670651.509	-1021130.62	-670413.35	-1020801.35	4.5627
-704198.73	-1030521.64	-702403.05	-1031934.43	27.1716
-665871.701	-1077467.464	-667325.808	-1078035.471	27.5692
-698265.972	-1089942.663	-697556.4	-1090392.389	59.5223
-723603.11	-1082662.2	-722190.11	-1085142.7	60.7256
-712883.468	-982937.197	-712877.22	-982763.524	3.5059
-794692.01	-1067810.067	-795679.997	-1064193.145	46.4163
-743582.44	-1031752.64	-743887.93	-1031128.06	9.5948
-817440.385	-987824.75	-816858.775	-987381.333	8.7194
-807705.007	-990364.568	-808223.64	-990949.31	16.7733
-690634.73	-1072849.38	-691293.59	-1075642.909	40.6893
-707342.596	-1067840.561	-708461.4	-1069518.07	25.1507
-867798.626	-1006764.106	-866511.434	-1007379.341	17.3465
-751454.25	-1041126.938	-751459.03	-1041048.354	1.7072
-784290.356	-1026763.126	-784289.205	-1026790.087	0.7206
-647873.143	-1067710.293	-646743.322	-1067779.455	13.7485
-693636.81	-1041161.74	-693060.92	-1042497.66	18.5434
-763759.72	-977173.79	-763420.63	-977212.93	6.8484
-697634.39	-994570.19	-697255.32	-994348.55	5.4191
-733168.314	-1025388.183	-731077.477	-1028160.791	39.2946
-688866.45	-1008086.58	-688749.65	-1008095.61	1.3236
-819127.044	-1000624.817	-819205.852	-999912.507	9.7246
-685505.55	-990812.11	-685410.226	-990766.144	1.1834
-731035.755	-971957.39	-728957.97	-973977.14	38.0093
-767089.88	-999138.78	-766744.49	-996216.03	39.1659
-665793.867	-1091448.356	-668507.652	-1091797.497	43.0559
-773957.78	-995737.93	-774568.946	-994547.847	18.1234
-750481.898	-1003083.552	-750659.099	-1001857.843	14.1666
-682690.358	-1063043.568	-682321.453	-1062691.028	10.395
-772590.59	-1057139.05	-773187.92	-1058004.16	20.7589
-864222.74	-1014670.3	-859734.14	-1012932.79	38.4889
-759866.87	-972977.63	-759913.851	-973080.106	2.2759
-783028.45	-1041392.85	-786090.39	-1037006.11	78.9784
-787483.154	-1061959.579	-786559.102	-1061340.464	27.1785
-717931.68	-1074774.45	-716930.02	-1074651.97	12.4418
-693340.93	-1061831.51	-692398.456	-1061029.368	14.5698
-789678.346	-1026737.209	-788881.111	-1025129.916	21.7642
-849530.54	-1064841.58	-853220.061	-1065083.953	42.7492
-664329.433	-1088720.01	-664519.478	-1089063.209	5.042
-869631.174	-1051272.688	-869901.092	-1051622.426	384.6807
-772546.91	-983665.96	-771549.54	-982560.38	20.4343
-858391.79	-1013161.04	-858884.703	-1014431.02	34.3027
-760736.63	-1031935.29	-759479.25	-1029428.5	42.9882
-760308.23	-1018604.28	-760277.5	-1018634.36	0.5052
-820516.732	-995220.081	-819199.368	-993790.579	21.6563
-653706.307	-1024163.142	-653679.07	-1024120.953	1.1229
-810780.18	-991970.74	-810621.584	-991824.357	2.4381
-644022.3	-1053280.01	-642679.84	-1051189.81	29.7159
-723603.11	-1082662.2	-722459.94	-1083683.62	17.2783
-791734.12	-1047652.83	-792423.16	-1048951.2	62.3169
-760604.3	-1013328.54	-760421.48	-1012971.66	4.4554
-709548.831	-1013318.313	-708340.625	-1014167.897	18.8447
-735366.12	-1027297.32	-734608.004	-1027176.601	18.5184
-643250.92	-1066919.41	-643462.07	-1067914.49	21.9285
-751346.75	-1034441.65	-750079.66	-1033913.28	16.9579
-774310.46	-1006853.04	-774148.28	-1006863.95	1.8184
-757615.04	-1039877.36	-757862.35	-1039890.22	4.9589
-751460.039	-1074464.813	-752764.758	-1074806.328	15.6935
-814420.08	-988131.19	-810771.91	-991753.27	72.1259
-723930.764	-1047299.497	-724926.28	-1048904.58	25.4551
-885754.491	-1008784.033	-887146.313	-1006165.878	40.2625
-794620.463	-986556.358	-794666.078	-986619.372	1.312
-783554.64	-1066015.71	-783093.52	-1067530.6	19.466
-723349.17	-1049053.61	-721590.121	-1050351.776	28.6456
-778531.494	-981681.515	-778659.197	-981267.035	10.1102
-782726.78	-987641.643	-782154.75	-986473.19	14.7789
-774403.2	-1006979.17	-774310.46	-1006853.04	1.7397
-806619.044	-1074946.343	-806521.31	-1073962.9	11.4996
-806521.31	-1073962.9	-806698.84	-1072860.548	24.6419
-671906.859	-1077655.554	-672222.536	-1078964.284	17.6583
-783000.21	-1044291.56	-782634.352	-1044538.258	26.122
-654133.383	-1067171.189	-652521.772	-1066017.858	28.7109
-822661.746	-1066512.685	-823878.304	-1066514.863	25.4635
-767291.194	-1078266.456	-770233.58	-1076648.03	39.4261
-783050.58	-1007080.54	-782979.14	-1007118.42	1.6226
-732538.079	-1053884.384	-731145.825	-1053372.089	16.9224
-824002.89	-1011428.37	-823868.38	-1013022.22	19.5123
-772390.309	-1054712.423	-772662.778	-1054864.906	6.4431
-643604.91	-1039469.98	-643648.62	-1039472.04	0.9756
-648232.39	-1047796.96	-648522.29	-1048170.92	13.6374
-806734.91	-996474.84	-806746.5	-996395.04	0.9982
-724028.92	-1008873.53	-726485.95	-1007041.3	54.5482
-792197.43	-1041123.19	-792083.93	-1041155.31	1.3233
-766981.251	-980976.408	-766953.473	-981111.047	1.5286
-819205.852	-999912.507	-825231.354	-998609.884	81.9547
-753260.19	-1071639.32	-755344.83	-1071368.742	28.225
-822782.768	-1008835.327	-823018.611	-1008315.888	8.5818
-771941.93	-1037507.11	-769243.19	-1037394.21	32.1393
-858444.317	-995101.939	-854712.44	-992471.85	98.5673
-672598.24	-1032674.43	-673352.86	-1032759.32	8.5632
-806963.57	-996427.91	-808251.99	-998862.84	35.2329
-766858.763	-1037423.041	-766803.76	-1037074.27	7.0686
-646608.894	-1035148.209	-648327.05	-1036020.26	23.8957
-655124.918	-1068254.416	-654938.746	-1068629.13	6.5001
-754682.0	-993568.33	-754101.289	-992495.668	17.8409
-655099.038	-1068726.923	-654997.148	-1068694.178	1.1985
-702984.99	-1052881.869	-703340.707	-1054249.386	16.2345
-813460.061	-1065957.135	-813476.993	-1065953.547	0.4315
-740173.965	-1056481.452	-740515.12	-1057578.56	12.9225
-765364.78	-1061948.48	-765269.55	-1061964.842	1.1197
-674361.294	-1029465.061	-674110.887	-1028481.137	11.5102
-708112.032	-1070038.448	-707728.379	-1069934.999	4.4914
-730879.83	-1042076.474	-730667.11	-1042312.4	7.3881
-709135.278	-1086147.785	-708393.03	-1085245.969	13.9231
-675043.064	-1056723.951	-674365.546	-1057198.808	10.1484
-825955.727	-1025691.804	-825528.77	-1025668.121	4.7612
-870636.715	-999067.61	-869834.437	-1000438.862	21.2955
-753077.49	-1037346.2	-753162.621	-1037241.517	2.6986
-747419.441	-1023887.103	-747426.456	-1023928.438	0.8885
-848435.252	-1010297.065	-848437.289	-1010286.293	0.2214
-752764.758	-1074806.328	-754115.375	-1075575.309	18.1338
-745978.025	-1022943.676	-745963.09	-1022964.21	1.2961
-779063.45	-981850.24	-779860.566	-982997.266	16.6391
-748399.66	-995948.99	-749612.02	-998037.06	30.6931
-683505.878	-1066498.52	-683503.31	-1066511.71	0.3575
-714240.58	-1040116.44	-713263.437	-1040260.418	10.9745
-695749.54	-993803.93	-695962.77	-992333.25	23.0061
-725140.036	-993094.291	-726689.4	-990317.24	66.4596
-691342.203	-1067706.148	-693104.317	-1069194.366	28.6032
-751934.718	-1029089.783	-752280.591	-1029233.34	4.2177
-775933.69	-1060078.05	-776890.3	-1059359.67	28.947
-699888.738	-1058195.5	-699514.43	-1057402.52	9.8255
-644812.162	-1073412.044	-644809.314	-1073394.96	0.5052
-728099.7	-1079534.74	-727468.18	-1079410.892	28.0376
-880052.498	-1008271.662	-880263.144	-1007673.309	7.3979
-767759.585	-973602.723	-767742.987	-973600.962	0.514
-669326.41	-1035475.04	-668496.15	-1035373.03	9.2987
-744416.779	-1083885.415	-745486.072	-1084388.131	19.5928
-721753.897	-1066602.22	-720087.37	-1066519.01	22.8981
-648868.92	-1019486.9	-647826.98	-1019477.46	12.9276
-701750.961	-1012322.66	-701746.877	-1012354.194	0.6545
-776672.51	-998311.07	-775370.39	-996060.31	31.9999
-769951.24	-995580.14	-768014.7	-995202.91	22.3597
-711845.47	-1040741.69	-709967.89	-1041512.11	22.6622
-803529.555	-1076977.362	-802769.264	-1075821.103	37.243
-813911.591	-1008172.417	-814810.843	-1006381.65	23.2855
-758629.38	-1022029.92	-758407.752	-1021128.973	10.8491
-830984.252	-1065332.792	-830942.768	-1065061.502	5.9193
-879867.594	-1020787.255	-879599.56	-1020720.76	2.1244
-663771.536	-1036203.713	-661397.46	-1034322.3	34.1888
-852299.85	-1041099.68	-847974.88	-1040961.91	55.9293
-672915.76	-998637.81	-673848.98	-1000552.98	35.7392
-813911.591	-1008172.417	-812426.4	-1007250.22	23.7699
-684442.55	-1035071.69	-683386.861	-1034885.469	12.4811
-649468.97	-1031387.77	-649434.39	-1031417.11	0.5039
-819639.065	-1007333.371	-819612.782	-1008068.581	15.0513
-734206.583	-1013901.0	-734213.375	-1013919.354	0.5323
-751923.796	-1006801.927	-754478.268	-1002091.131	43.0975
-819782.143	-1026288.38	-819904.908	-1026322.442	4.5449
-717562.46	-1042859.42	-715924.94	-1042997.93	20.306
-867829.675	-1006778.003	-867876.413	-1006927.398	1.7479
-660445.077	-1038492.609	-661988.42	-1039509.63	20.9502
-651549.386	-1081039.563	-650877.756	-1080320.181	24.8932
-680325.31	-1045859.18	-680396.95	-1044919.04	11.7895
-752546.051	-985270.091	-751707.204	-986163.13	17.1252
-761089.62	-1070721.24	-761145.62	-1070568.14	3.8264
-811576.772	-1017603.739	-811727.31	-1017339.867	6.3052
-671006.791	-1021002.446	-670651.509	-1021130.62	4.2301
-679630.205	-1067940.403	-679531.5	-1068030.357	2.6709
-707402.253	-1032529.49	-707184.18	-1032446.4	4.9975
-793199.2	-983181.61	-794092.3	-983129.35	10.8451
-760426.849	-976146.255	-760266.0	-976457.688	7.2681
-758309.8	-973475.47	-759866.87	-972977.63	20.6499
-818993.518	-1012754.21	-818528.084	-1013301.356	8.2565
-842414.01	-1074804.08	-842432.549	-1074785.903	0.2895
-867652.35	-1012406.82	-868652.32	-1010419.15	27.3052
-861324.758	-1008825.029	-867167.828	-1010925.707	82.6001
-753604.798	-1079033.113	-755146.95	-1077081.38	34.1732
-807147.564	-993035.497	-807117.77	-993057.31	0.8667
-687445.825	-1055917.373	-687404.89	-1055806.78	2.3678
-693799.008	-985409.631	-693459.63	-985440.32	7.0331
-695525.86	-994939.15	-694805.3	-995371.38	14.7535
-760541.54	-1033838.85	-760610.829	-1033853.973	1.4184
-822593.74	-1069482.0	-822489.045	-1069168.568	6.6101
-715924.94	-1042997.93	-714383.3	-1043075.86	17.3801
-781214.734	-998287.394	-782549.33	-1000589.99	87.3191
-754572.88	-1035795.06	-754537.15	-1035708.28	2.3644
-881703.433	-1022270.161	-881929.226	-1022103.728	3.1268
-865651.653	-1048439.778	-865707.45	-1048533.08	2.2141
-865278.305	-1015964.147	-865295.346	-1015968.513	0.4066
-723899.63	-1050903.75	-724693.77	-1051072.26	11.3273
-764017.237	-1024135.383	-763989.372	-1024143.273	1.5613
-801952.175	-1007904.1	-801982.816	-1007913.053	0.8969
-807965.166	-1072493.025	-810563.815	-1071887.514	30.3112
-754614.23	-1035771.28	-754607.34	-1035820.88	1.0827
-870390.26	-1017949.34	-870454.8	-1018131.13	3.5985
-759758.79	-1022562.13	-759709.546	-1022511.169	0.8343
-647586.316	-1070406.09	-647612.939	-1070404.522	0.8235
-731827.37	-1056765.91	-731447.732	-1056741.118	4.2519
-839036.637	-1018937.763	-838839.6	-1019081.98	4.8882
-666683.85	-1040351.24	-666295.02	-1041249.02	21.2165
-843305.65	-1042644.378	-839894.429	-1041506.852	52.5742
-724859.589	-1065156.77	-724831.883	-1065115.588	0.9927
-749858.88	-1050156.31	-749465.23	-1050122.22	7.9775
-857428.93	-1011866.86	-859309.08	-1012897.17	18.4553
-726355.674	-1029645.28	-725335.37	-1028213.23	25.5021
-749538.31	-1004515.68	-749522.02	-1004515.02	0.4338
-676391.91	-1057186.82	-677014.127	-1057821.14	18.6546
-850186.628	-1010641.007	-849094.251	-1010304.331	27.2915
-743760.77	-1021515.3	-743918.15	-1021441.07	1.9374
-662680.682	-1092699.221	-663666.31	-1091817.99	16.9214
-672211.697	-1089679.49	-672313.35	-1089677.56	2.0522
-859427.814	-1012787.461	-859427.308	-1012810.473	0.5005
-752546.051	-985270.091	-751945.629	-984673.444	11.6982
-736540.74	-982423.3	-736358.388	-982340.157	5.3538
-653562.49	-1025997.17	-652893.41	-1026318.93	10.9875
-709558.1	-1002063.35	-709955.586	-1000746.529	40.8357
-694237.635	-1076391.482	-693271.926	-1078184.103	25.0067
-819966.14	-1074245.14	-819889.406	-1074361.676	2.793
-852947.58	-1019297.82	-851033.045	-1018723.146	24.9394
-645139.2	-1049789.74	-645063.36	-1049850.29	2.1006
-736792.043	-1038448.971	-736870.83	-1038210.02	5.0427
-824035.26	-1075024.83	-823997.81	-1075021.58	0.7523
-644849.066	-1047152.556	-645067.71	-1049645.3	34.0591
-733891.89	-1053407.48	-734005.02	-1053336.7	2.6694
-681671.06	-1048041.65	-684041.7	-1045666.54	49.1044
-724027.637	-1042840.928	-722809.95	-1042514.67	15.9742
-806575.888	-983341.554	-809200.05	-983720.888	36.0071
-739314.48	-1033595.88	-739327.79	-1033613.66	0.4443
-806580.366	-1062053.822	-810378.063	-1063157.418	74.8516
-757183.1	-1024611.37	-757514.647	-1024827.762	8.1408
-770825.356	-973347.704	-771811.108	-972164.845	21.7493
-643357.52	-1044647.09	-643320.49	-1044829.44	2.1442
-687631.02	-997626.25	-687699.089	-997235.854	4.7561
-702741.319	-1085493.193	-703172.385	-1086097.618	8.549
-764786.263	-1013600.929	-765653.67	-1014483.26	14.2275
-790450.96	-1040318.98	-786380.289	-1040540.419	76.6441
-808214.44	-991501.83	-808259.75	-991522.18	1.3944
-705211.72	-1044587.42	-696258.275	-1045456.41	71.5129
-720963.674	-1048017.921	-720519.25	-1047917.17	9.1141
-757066.295	-1047375.812	-754788.525	-1047527.713	26.2275
-754526.906	-1063536.551	-754553.75	-1063526.759	0.7146
-814637.5	-1069897.604	-816445.5	-1069377.05	21.3894
-699360.43	-1065723.06	-700778.29	-1064917.129	19.3281
-824368.015	-1061111.425	-822648.96	-1061866.51	26.7363
-826510.959	-1068335.296	-826615.211	-1068384.514	3.0675
-651643.82	-1029548.21	-651631.14	-1029572.69	0.3063
-737670.268	-1057743.61	-737638.44	-1057658.8	1.8121
-737082.62	-1070361.22	-737072.78	-1070373.015	0.3761
-647779.42	-1029670.83	-648741.2	-1030486.44	14.295
-797165.7	-1009648.94	-796721.698	-1010100.98	7.9038
-800071.814	-1017257.071	-798438.051	-1017768.105	24.0322
-700927.887	-1010529.799	-700934.131	-1010553.257	0.4909
-827434.463	-1067893.731	-827430.283	-1067909.972	0.4151
-736864.95	-1038384.1	-736753.35	-1038293.37	2.8768
-692009.2	-1062034.14	-691323.86	-1061107.66	13.8602
-672280.13	-1014291.26	-672363.2	-1014434.51	3.4966
-765364.78	-1061948.48	-768031.975	-1063196.66	38.2756
-790420.8	-1064175.72	-789753.24	-1064120.66	5.1525
-793545.34	-994549.28	-792713.08	-994913.79	10.8105
-680494.767	-1082143.702	-680353.748	-1082497.976	4.2601
-856113.355	-1049196.757	-855628.204	-1046629.092	53.3524
-754869.91	-1046408.2	-754294.301	-1046395.686	11.6835
-728526.364	-1028355.445	-728934.364	-1028196.229	9.2909
-678268.824	-1069099.803	-678155.87	-1069138.538	1.3281
-671318.326	-1013380.851	-671323.556	-1013361.815	0.5831
-782077.75	-996422.43	-781895.681	-996105.509	4.0628
-671566.691	-1083348.848	-671554.314	-1083339.587	0.3547
-802745.655	-986906.4	-802860.579	-986687.947	2.9766
-699709.298	-995267.078	-700163.24	-992871.868	35.6595
-815742.213	-1031522.353	-815759.271	-1031571.235	0.5755
-747166.779	-980982.656	-747271.72	-979891.65	13.4514
-826561.251	-1068451.761	-826644.106	-1068543.16	2.4673
-719510.87	-1030611.7	-719412.41	-1030662.08	1.926
-859299.634	-1026141.144	-858523.894	-1030182.818	97.6774
-750072.79	-1003929.06	-750481.898	-1003083.552	19.4064
-864262.65	-1014830.74	-864222.74	-1014670.3	2.083
-765949.302	-1076303.012	-767291.194	-1078266.456	27.7022
-751727.92	-1056190.59	-753610.332	-1055794.016	27.909
-701640.85	-1074568.41	-700570.04	-1072108.74	34.085
-721975.74	-1041876.18	-722238.804	-1041749.558	6.9978
-739501.61	-1047742.46	-739945.128	-1048406.216	19.3125
-825354.441	-1028443.432	-824144.735	-1027704.958	17.333
-801061.994	-1032382.651	-801002.08	-1032379.022	0.7006
-788872.45	-997502.602	-786800.7	-996166.2	30.6447
-759622.695	-990240.968	-760349.589	-988703.119	28.8195
-770316.988	-1004126.594	-769163.84	-1004787.03	15.3889
-790053.6	-1059337.48	-789741.53	-1059082.31	5.2063
-647429.71	-1088888.66	-646543.902	-1089958.564	15.799
-747308.843	-1023989.877	-747325.9	-1023919.35	1.4833
-850522.97	-1010785.18	-850636.859	-1010801.445	2.3107
-648191.705	-1058473.464	-648187.866	-1058462.408	0.2435
-817356.22	-1070566.11	-820611.661	-1069858.811	37.122
-768977.65	-1052734.135	-769039.66	-1051459.32	26.1123
-867402.458	-1014608.839	-867418.721	-1014610.622	0.3677
-753232.18	-1024998.24	-753113.08	-1024805.07	5.2177
-715869.92	-1040181.649	-715820.768	-1040249.342	1.6731
-700932.587	-1010576.171	-700850.258	-1010619.439	2.3412
-808198.273	-1023759.267	-810296.354	-1022428.423	31.0601
-654712.715	-1081639.75	-655884.993	-1080168.593	32.4005
-728376.395	-1025974.213	-726689.83	-1026631.446	20.6084
-684449.59	-994630.45	-684413.066	-994587.854	1.2929
-643529.68	-1045810.428	-643596.482	-1045856.711	2.3193
-658823.63	-1023364.03	-658083.92	-1023719.36	9.4023
-681422.653	-988462.031	-681372.749	-988479.947	3242.3638
-692416.863	-1004296.387	-687763.22	-1003297.52	113.8033
-788144.83	-990291.65	-788208.64	-990498.09	8.8778
-795911.538	-985983.896	-796123.47	-986051.64	2.4722
-714650.501	-1080175.546	-714682.82	-1088480.807	211.9488
-816882.103	-1069528.576	-816868.164	-1069518.245	0.4157
-753494.85	-1045784.36	-753877.31	-1045785.8	2.9509
-858726.45	-1014810.57	-858884.703	-1014431.02	30.353
-743735.74	-1058144.17	-744980.439	-1059935.492	47.8356
-692473.116	-988864.773	-693459.63	-985440.32	96.6708
-733414.453	-1025012.115	-733168.314	-1025388.183	9.1278
-749809.887	-1025988.112	-749595.87	-1025442.64	13.0779
-759193.81	-1068765.22	-759070.16	-1068771.63	1.4813
-656284.52	-1048566.54	-656033.2	-1048570.81	1.9337
-724988.93	-1064518.87	-724827.534	-1065091.835	12.7028
-798303.21	-1066951.14	-798652.692	-1067077.747	4.1498
-876455.253	-1021280.48	-877286.626	-1021488.591	16.4486
-646565.498	-1077448.371	-650579.818	-1078621.567	63.1161
-821804.609	-1066679.277	-822804.131	-1068212.539	37.1104
-641716.414	-1058532.561	-644980.185	-1057370.44	45.3019
-645916.971	-1042711.207	-645715.132	-1042716.114	4.04
-750617.781	-1076624.699	-750680.81	-1076644.15	0.7782
-770572.788	-1067179.634	-770780.87	-1067266.864	2.5273
-748818.637	-1072539.24	-745947.38	-1072309.386	60.4189
-772848.17	-1031515.65	-772848.964	-1031590.826	0.9964
-813415.85	-1046633.6	-814934.646	-1044042.706	52.2412
-725737.899	-1069763.208	-726383.719	-1070435.076	10.6682
-696275.836	-1045441.325	-696490.038	-1045413.991	1.6611
-791820.142	-1069886.402	-791846.26	-1069890.07	0.293
-721027.22	-979132.25	-722790.83	-979017.63	19.6766
-744913.19	-983035.98	-744769.542	-981619.002	19.0062
-783380.611	-977760.113	-783751.065	-977170.142	8.0285
-744763.263	-988713.681	-744593.67	-987634.7	24.7364
-863328.538	-1047075.128	-863236.64	-1047067.888	1.0264
-791785.451	-976203.762	-792547.07	-975695.2	25.4459
-697177.04	-1038976.56	-694645.17	-1041725.22	46.5232
-719964.66	-1084640.61	-719857.435	-1084645.331	1.195
-707604.21	-1003401.36	-706247.82	-1004012.78	32.331
-690215.99	-997210.744	-689716.953	-997008.588	11.1091
-778371.176	-1058882.796	-778474.61	-1058840.4	1.7478
-756668.73	-1074707.95	-756448.302	-1074838.025	7.1249
-803797.57	-976894.27	-803730.46	-976981.38	1.2341
-763413.28	-977112.81	-763420.63	-977212.93	2.0246
-887135.399	-1006153.178	-887150.256	-1006146.517	0.4302
-674205.56	-1052947.414	-672648.861	-1053832.57	26.452
-647716.73	-1054208.63	-647483.293	-1054008.443	2.7999
-723448.35	-1020482.63	-721976.127	-1020248.353	20.055
-737780.89	-1073920.26	-735886.71	-1072198.31	34.2125
-734124.18	-979885.81	-734081.86	-980868.34	17.1907
-660469.16	-1014999.53	-662744.92	-1014180.03	28.84
-757974.56	-1037895.78	-757211.063	-1037791.513	16.1146
-644825.53	-1028849.56	-645341.34	-1028549.0	8.4691
-854983.08	-1011413.61	-854513.56	-1011452.89	9.4233
-810563.815	-1071887.514	-812729.78	-1071436.13	24.67
-648184.802	-1063849.961	-648216.898	-1064150.17	6.073
-811899.928	-1065506.872	-811942.127	-1065484.031	0.5616
-749223.77	-1044290.27	-749242.33	-1044511.21	4.4344
-830129.382	-1072797.519	-833504.385	-1072510.084	26.7976
-776749.33	-1034354.42	-776737.471	-1034379.852	0.6249
-704786.109	-1015222.899	-704510.52	-1016457.09	14.0606
-674920.11	-1092527.843	-676956.373	-1091523.562	27.8536
-793250.807	-1004363.66	-794127.69	-1003786.15	13.5742
-661634.62	-1045289.7	-661522.78	-1043425.9	26.9097
-644784.776	-1077825.179	-645766.812	-1077440.453	12.9393
-730687.99	-1081563.35	-729869.164	-1082071.118	10.9282
-813422.626	-1072143.35	-813337.29	-1072126.97	3.2848
-765437.161	-1051460.769	-765461.77	-1051464.79	0.4999
-741631.52	-1043058.113	-741854.177	-1043506.321	10.3792
-763664.655	-1024288.954	-762082.323	-1026352.017	72.5829
-749711.46	-1078290.19	-749654.164	-1078700.159	6.481
-662439.277	-1040682.025	-662108.94	-1040513.93	4.1505
-659849.537	-1068544.077	-659779.64	-1068592.09	0.9602
-653646.188	-1055821.75	-653638.25	-1055805.75	0.4219
-649297.606	-1061776.981	-649281.836	-1061781.562	0.3588
-739048.14	-1033896.2	-738971.93	-1033494.27	9.1284
-673775.041	-1076370.682	-670828.26	-1074758.31	40.6594
-678264.47	-1069167.266	-678155.87	-1069138.538	2.1897
-681028.93	-1044054.66	-681943.75	-1042758.76	18.449
-702192.06	-1009742.2	-702190.758	-1009785.457	1.0478
-810659.26	-991757.7	-810632.11	-991820.38	0.9761
-720526.708	-1056117.042	-721288.14	-1056579.85	18.1489
-789608.58	-989239.3	-789725.259	-989204.734	2.4837
-780485.3	-1040977.06	-781893.581	-1037032.955	55.7167
-671939.704	-1014790.747	-672062.917	-1014726.53	2.7833
-706198.54	-1077282.85	-703733.09	-1077097.09	28.384
-656675.335	-1070374.031	-659661.553	-1072015.61	43.0428
-795911.538	-985983.896	-796422.959	-985391.49	9.5057
-683930.899	-991603.792	-683717.457	-992989.128	15.7927
-796209.77	-1049662.93	-799554.59	-1047903.381	71.8665
-801941.445	-1036474.226	-799508.992	-1038479.43	45.8259
-735262.793	-1013251.225	-734527.133	-1012633.693	19.3631
-765632.14	-1074898.32	-760301.72	-1080143.79	101.3501
-779572.42	-972133.54	-778935.19	-972928.14	21.8969
-675017.86	-1015823.96	-676105.99	-1015473.53	13.0596
-806887.597	-1006244.926	-806442.499	-1004396.774	23.4172
-683869.808	-1062039.393	-683574.671	-1062240.606	7.1842
-807466.389	-988021.288	-810032.78	-985827.55	47.0935
-805178.36	-994250.13	-805259.48	-994166.93	2.4609
-661168.88	-1070300.5	-663828.882	-1070724.962	34.2584
-814347.41	-1017477.37	-814382.515	-1017417.118	0.775
-831841.063	-1024543.551	-832703.871	-1023951.265	15.9806
-736800.71	-1037745.99	-736852.14	-1038334.68	8.4645
-671291.953	-1086947.758	-669926.958	-1088201.107	21.6173
-790915.02	-987974.67	-791001.246	-987901.667	2.2709
-789012.52	-981479.23	-791844.85	-976260.45	83.3586
-651869.399	-1086573.583	-650914.341	-1085126.981	24.2632
-645584.93	-1076519.18	-645504.97	-1076863.933	4.0395
-643930.173	-1040600.159	-643645.52	-1039548.34	12.287
-799316.887	-1001589.365	-794405.95	-1003945.91	41.9109
-786897.49	-989063.07	-787090.31	-989195.54	4.6816
-816772.625	-1014524.25	-816829.91	-1014519.23	0.6442
-799507.399	-1038462.251	-798662.382	-1037329.219	20.1163
-726878.932	-1054903.12	-726849.801	-1054952.963	1.1547
-857589.02	-1066880.62	-857397.986	-1066928.189	2.3122
-849253.783	-1056172.622	-850974.94	-1059171.953	42.0784
-797880.15	-1001128.93	-797518.83	-1000895.41	4.9049
-797771.687	-1028655.188	-799304.901	-1029049.172	19.3075
-728996.04	-1005550.439	-728146.12	-1003625.21	46.2087
-681171.13	-1047426.99	-680982.82	-1047338.25	2.6687
-653736.225	-1007576.657	-653479.75	-1007565.245	126.4275
-684797.95	-1052891.12	-683702.25	-1051214.375	22.8007
-702651.98	-1032100.78	-702403.05	-1031934.43	6.0086
-671933.94	-1047172.02	-672345.041	-1046919.799	5.4623
-752512.984	-999850.382	-752823.9	-997573.587	29.3616
-792961.46	-1003326.84	-792631.3	-1002145.56	13.7004
-796895.697	-1025195.084	-797220.522	-1023550.419	22.0021
-827985.641	-1076715.365	-826752.787	-1076844.644	178.9957
-825699.63	-1025635.04	-825930.867	-1025606.763	1.792
-731057.466	-1050887.188	-732459.994	-1052408.904	27.4562
-649833.48	-1037909.58	-650261.77	-1038595.22	9.2227
-876205.29	-1021469.48	-876018.18	-1021451.31	1.4467
-711170.12	-1025870.9	-711034.162	-1025892.359	2.9671
-731552.55	-1042108.1	-733198.76	-1042119.31	33.712
-802539.96	-998661.72	-802447.37	-998738.56	0.9256
-848704.334	-1010274.69	-848599.913	-1010322.541	2.3074
-806619.044	-1074946.343	-804289.254	-1076350.861	30.8219
-725971.83	-1049155.86	-726099.658	-1050785.485	18.6503
-842937.02	-1002015.9	-843694.07	-1002627.92	11.3055
-677552.53	-1071411.69	-678978.25	-1073020.88	24.4084
-731655.538	-981365.218	-731701.37	-980759.98	7.6803
-778007.904	-971981.198	-777996.791	-971965.323	0.485
-727941.64	-1071846.7	-727909.11	-1071900.0	1.5762
-725670.665	-1042432.966	-722478.95	-1041861.96	25.66
-764235.842	-1073549.113	-763648.17	-1073885.23	14.0778
-700476.8	-1041432.14	-698699.67	-1041724.0	21.549
-702741.319	-1085493.193	-704097.718	-1083231.961	66.6355
-751554.189	-1045703.322	-751400.001	-1045798.738	3.8433
-666097.53	-999186.01	-662771.157	-997468.035	64.692
-768841.781	-1052658.302	-768792.382	-1052767.449	2.4626
-680358.135	-1067527.878	-680256.859	-1067463.219	2.6008
-805933.271	-1023474.187	-805457.62	-1024430.37	14.2916
-718430.87	-1007597.36	-718889.95	-1006082.01	19.0666
-799554.59	-1047903.381	-800110.031	-1046514.29	17.7842
-844371.505	-1015266.524	-844514.39	-1014430.18	15.7282
-640071.145	-1093682.786	-639953.72	-1096432.7	138.0476
-786222.78	-992025.7	-785761.21	-993341.67	16.1497
-690803.052	-1065148.176	-689186.527	-1065944.914	20.5762
-675849.46	-1054214.26	-675509.289	-1054207.776	6.9095
-809621.157	-1053842.133	-807534.432	-1051274.618	91.4292
-848307.95	-1035856.97	-852011.72	-1033267.21	62.8825
-814347.41	-1017477.37	-814407.02	-1017451.0	0.7387
-771084.724	-991785.444	-773776.733	-991481.284	41.7072
-750081.461	-1003938.849	-750065.549	-1003945.026	0.548
-731693.313	-1055903.791	-731146.852	-1056802.67	8.0975
-795034.18	-1026868.87	-793785.09	-1027214.36	16.8486
-791606.75	-1071129.55	-789693.45	-1072501.06	31.4709
-698162.83	-1068427.65	-699676.871	-1068145.172	18.1249
-683952.742	-995065.316	-683938.509	-995086.879	0.6425
-642899.386	-1019705.743	-643393.56	-1020051.71	117.3566
-792653.91	-1061556.1	-792658.885	-1061574.541	0.4857
-644574.533	-1038186.069	-644626.078	-1038208.679	0.6361
-785328.31	-998693.36	-783557.32	-996606.88	47.4213
-820420.533	-1067697.474	-820444.415	-1067699.879	0.3638
-758378.72	-1020350.72	-760586.316	-1021465.402	28.7317
-681215.231	-994266.449	-680919.45	-994669.96	8.1385
-652463.463	-1051558.487	-650579.291	-1050632.471	27.8072
-739416.634	-1054277.135	-739410.736	-1054307.586	0.3601
-736889.42	-1038378.58	-736852.14	-1038334.68	19.1531
-747426.456	-1023928.438	-747453.951	-1024023.395	2.0741
-869846.944	-1037645.178	-869916.774	-1037512.068	3.5543
-661588.134	-1088912.91	-659784.206	-1089373.746	22.6743
-758192.223	-1015753.97	-758024.852	-1015905.63	2.5137
-814421.534	-1067757.618	-816445.5	-1069377.05	31.8379
-760870.94	-1070667.92	-761145.62	-1070568.14	6.3534
-814570.55	-1070242.4	-815143.711	-1070873.278	18.7439
-740810.27	-1040213.68	-740689.13	-1040290.43	15.6709
-663474.28	-1004383.935	-663440.572	-1005056.297	7.702
-733371.256	-1053884.618	-734123.51	-1053289.092	19.4236
-791116.66	-978532.24	-791121.12	-978514.74	0.3943
-835429.046	-1033696.089	-835436.002	-1033713.723	0.2148
-691216.627	-1081881.763	-690542.42	-1081541.74	8.8754
-696105.69	-1068556.318	-694413.003	-1068650.807	19.97
-771738.96	-1017773.69	-771829.2	-1017624.27	2.3477
-655855.307	-1048416.028	-655865.063	-1048396.514	0.5054
-701201.77	-1010349.33	-701224.85	-1010374.38	0.7514
-730830.32	-1057375.1	-730648.73	-1057654.01	3.7289
-653423.62	-1030555.827	-651050.31	-1030179.44	32.3269
-746092.389	-1053933.229	-746257.484	-1053880.571	3.8603
-807380.946	-992320.317	-807283.22	-992058.13	5.7581
-723405.57	-1036180.08	-721916.777	-1032975.383	34.9941
-644185.343	-1059721.922	-644165.523	-1059726.601	0.4992
-710947.59	-1066487.36	-711393.28	-1065750.8	10.193
-700435.97	-1061059.08	-699743.556	-1060255.837	11.8435
-710966.346	-1033701.742	-707402.253	-1032529.49	60.223
-809398.86	-994191.22	-809415.74	-994203.69	0.5014
-699225.47	-1045795.5	-699220.65	-1048191.68	30.0081
-644160.599	-1059706.294	-642136.07	-1059290.71	24.081
-755911.515	-991018.509	-755901.06	-991045.05	1.5589
-753928.13	-1020771.05	-753404.14	-1020020.39	12.8696
-803996.26	-1040348.68	-804444.718	-1038920.636	18.0826
-669092.05	-1031725.74	-670654.23	-1032880.939	30.1757
-866784.561	-1055673.503	-867510.561	-1055794.65	117.8328
-785820.327	-976749.551	-785739.323	-976850.146	2.597
-672153.087	-1080418.844	-674252.069	-1080977.408	27.5361
-741819.671	-981309.368	-741428.63	-982599.37	17.4335
-652790.576	-1028728.644	-652693.444	-1028466.555	3.1134
-656255.699	-1070045.007	-655425.148	-1070143.698	17.6832
-745063.567	-1074560.029	-745927.28	-1073305.393	23.5795
-673859.18	-1036991.5	-673108.98	-1036819.32	8.5797
-725803.749	-1022124.234	-724158.64	-1023620.51	26.423
-648082.94	-1047685.46	-648232.39	-1047796.96	1.4345
-824063.43	-1071420.72	-824204.87	-1071403.23	7.0315
-672313.263	-1012618.788	-672318.158	-1012604.435	0.3909
-796544.06	-1010161.76	-794217.912	-1010748.602	27.5767
-657020.478	-1062950.696	-657019.754	-1063024.574	0.8556
-666647.94	-1075281.28	-665351.65	-1074709.53	19.1357
-655042.068	-1068759.884	-654997.148	-1068694.178	0.8896
-764193.53	-1038106.57	-765159.83	-1037765.08	20.6199
-640620.79	-1072163.79	-639894.453	-1072425.339	13.9178
-671554.314	-1083339.587	-671563.613	-1083323.763	0.453
-852965.23	-1010593.78	-852913.01	-1010654.81	2.5979
-857071.95	-1039267.52	-859240.91	-1037850.75	31.1776
-737221.62	-1036028.747	-737239.85	-1035895.127	2.6973
-822202.31	-1044290.08	-823928.655	-1044099.604	20.6803
-752384.46	-1048708.75	-749772.962	-1049969.585	24.4373
-696426.87	-1001006.06	-696337.563	-1001026.313	2.1148
-779548.5	-1080217.57	-779507.38	-1077682.8	41.0761
-661756.959	-1046881.545	-661491.52	-1046295.0	13.819
-682385.97	-1008835.85	-681451.6	-1009391.922	12.1033
-692470.7	-1037425.66	-691664.96	-1036227.03	18.6873
-775370.39	-996060.31	-774774.294	-996211.913	7.3792
-749015.514	-1045769.626	-749050.16	-1045813.65	1.1331
-753645.24	-1045631.4	-753550.831	-1045351.972	3.2867
-716328.6	-1083401.67	-714968.885	-1087407.117	68.5167
-646418.13	-1041526.08	-646202.371	-1042722.936	14.0654
-824671.62	-1061033.041	-824368.015	-1061111.425	7.9765
-670190.15	-1047706.29	-670142.063	-1047849.688	2.2003
-783625.48	-1009898.28	-782050.48	-1009785.59	17.6448
-671159.25	-1047519.8	-681176.14	-1047284.84	82.9442
-682351.386	-994485.127	-682345.069	-994468.994	0.3958
-721999.135	-1032679.218	-723872.477	-1031530.568	27.9448
-645191.576	-1049993.142	-644804.59	-1049444.13	13.4784
-835338.541	-986249.51	-834368.509	-984071.789	29.5074
-794952.821	-986527.764	-794920.703	-986688.056	2.1302
-763419.86	-977081.8	-763429.67	-977100.61	0.4911
-733530.165	-1061873.5	-731273.19	-1062928.24	29.8353
-755013.192	-1017324.232	-755209.1	-1019163.62	21.4449
-765065.607	-974746.125	-766131.31	-972965.24	24.6222
-845167.583	-1031769.793	-845238.05	-1031751.382	1.8608
-812576.94	-1013960.82	-814418.061	-1013904.695	20.9965
-713219.871	-1058449.529	-712627.804	-1058483.095	11.8842
-699855.57	-1001220.21	-699781.376	-1001286.294	1.1046
-798710.683	-1005533.253	-796978.76	-1006899.82	40.3369
-652045.78	-1024674.21	-652074.08	-1024611.04	0.7758
-647880.34	-1067696.773	-647896.691	-1067703.176	0.4307
-814382.515	-1017417.118	-814418.061	-1013904.695	42.6741
-755281.611	-1046316.443	-757098.591	-1047047.502	22.0439
-818651.724	-1074636.177	-818899.688	-1074846.176	6.5381
-813911.591	-1008172.417	-817626.397	-1008079.578	44.7483
-684456.271	-1065830.333	-684409.04	-1065821.75	0.9601
-814762.766	-1060740.963	-816333.79	-1059270.97	29.7048
-746787.335	-1017309.584	-746806.121	-1017300.037	0.274
-759314.01	-984887.872	-757493.817	-987386.907	36.5888
-753465.94	-1060133.48	-753931.96	-1059191.81	29.1454
-719549.768	-1051776.667	-717724.11	-1053686.03	49.7351
-642344.92	-1030653.09	-644298.13	-1030761.77	22.8443
-794437.34	-1003918.24	-794445.41	-1003817.64	1.5202
-853122.407	-1044067.769	-852564.625	-1046612.94	30.988
-810563.815	-1071887.514	-809201.691	-1069386.297	59.5788
-771084.724	-991785.444	-769238.54	-993296.93	31.5841
-744453.21	-1047760.88	-744348.287	-1047616.458	3.5708
-690242.41	-995107.0	-690238.75	-995190.78	0.9559
-684470.02	-993800.9	-684737.03	-993826.28	6.8257
-662912.41	-1058845.404	-662884.858	-1058858.485	1.4538
-826335.15	-1037293.3	-826470.563	-1036756.862	7.4681
-791814.44	-1039505.59	-792197.43	-1041123.19	18.9008
-758239.87	-1016193.82	-758024.852	-1015905.63	7.4664
-652523.86	-1048050.08	-652296.28	-1047526.95	6.9301
-650579.291	-1050632.471	-650028.63	-1050827.27	14.4066
-752258.777	-1068963.017	-753260.19	-1071639.32	60.3748
-802784.597	-977214.719	-802773.366	-977149.587	0.7359
-751284.64	-1060098.92	-748421.62	-1058141.72	39.6188
-799384.86	-1001553.15	-799316.887	-1001589.365	0.5925
-648387.31	-1036026.6	-648327.05	-1036020.26	0.6964
-700310.18	-1005653.43	-699617.042	-1004972.588	11.4257
-782808.7	-996219.12	-781964.57	-995922.06	10.1613
-763664.0	-1062929.15	-763618.94	-1061358.01	18.8491
-702528.88	-1011405.28	-702956.97	-1010907.46	20.6464
-753447.75	-1041691.59	-753637.4	-1041749.46	4.5265
-740126.039	-1055086.99	-739410.736	-1054307.586	12.9228
-821882.09	-997704.088	-821921.948	-997679.521	0.5224
-679414.3	-1041652.05	-678925.5	-1039515.25	25.2524
-876236.391	-1021602.8	-876254.449	-1021586.131	0.3646
-850345.49	-1010731.944	-850186.628	-1010641.007	3.7475
-726774.909	-1054699.946	-727026.639	-1054719.235	6.5944
-878042.415	-1004389.221	-878105.048	-1004383.171	0.6994
-703392.676	-1059769.677	-704514.881	-1058537.38	22.6635
-645504.97	-1076863.933	-644784.776	-1077825.179	15.6518
-756570.584	-990579.448	-756970.51	-990925.64	14.533
-761156.009	-1019960.611	-763026.768	-1018099.673	31.2783
-806831.71	-989712.44	-805580.55	-989185.89	15.1045
-733914.475	-1053317.791	-733688.643	-1053306.73	4.811
-849249.794	-1028945.888	-846905.631	-1029704.542	27.5075
-725420.66	-1041660.07	-724451.812	-1041571.23	10.8103
-730877.41	-1045434.47	-730832.41	-1045592.97	2.3303
-797022.73	-1056600.4	-796390.94	-1055155.03	22.4435
-734314.75	-1081506.11	-734896.444	-1079592.009	32.517
-825515.288	-1016140.978	-825532.634	-1016158.117	0.2965
-867847.716	-1017285.814	-867749.501	-1015704.146	19.8752
-665519.497	-1072390.694	-664678.424	-1072311.945	15.2101
-656862.505	-1068150.743	-656412.571	-1067887.071	6.0125
-753931.96	-1059191.81	-752290.473	-1058671.187	19.5231
-795628.1	-978832.44	-798811.12	-974392.15	183.1195
-855628.204	-1046629.092	-855694.41	-1046247.65	4.5677
-826497.19	-1025484.38	-826769.633	-1025440.266	3.0927
-730247.242	-979495.286	-731127.29	-980749.41	22.4454
-867902.159	-1006942.079	-867908.926	-1006939.719	0.0796
-748422.511	-1078422.559	-743757.419	-1079304.479	68.7295
-792375.04	-979389.02	-792606.16	-979568.23	7.1706
-772761.907	-1033078.897	-774158.39	-1032853.55	15.7388
-691323.86	-1061107.66	-689296.152	-1058690.826	44.5075
-773101.66	-1027226.3	-772978.669	-1026497.713	8.2751
-686986.884	-1071591.448	-686826.375	-1070694.396	10.3967
-846960.039	-990774.059	-849690.309	-985269.413	141.4472
-776509.75	-975546.23	-776578.17	-975595.74	1.6918
-870289.426	-1000815.521	-869834.437	-1000438.862	12.1899
-723719.755	-987123.519	-723759.896	-987216.172	2.7063
-789574.11	-1063961.26	-789839.955	-1064168.588	3.9767
-825972.997	-1025706.344	-825955.727	-1025691.804	0.3257
-659839.208	-1072077.168	-660121.15	-1072061.71	3.5036
-762038.22	-973337.892	-760915.44	-974214.23	37.971
-703278.325	-1089792.378	-703487.682	-1089002.434	913.9591
-757868.95	-991072.94	-757900.28	-991078.62	0.8683
-754540.55	-1042087.55	-754787.94	-1042029.07	5.2798
-662771.157	-997468.035	-661758.513	-998065.731	32.1292
-644022.3	-1053280.01	-640730.16	-1053153.74	42.0491
-740559.251	-1001796.456	-740534.457	-1001860.181	1.3923
-844330.373	-1033732.859	-843184.454	-1035767.624	27.5389
-737154.375	-1038631.313	-737018.66	-1038511.31	3.6248
-825401.77	-1070215.119	-825413.344	-1070246.633	0.8519
-740600.709	-1070713.525	-740603.949	-1073225.593	28.6993
-762975.367	-1050789.735	-763105.738	-1050918.699	4.5741
-719227.699	-1050025.693	-719291.016	-1050167.408	2.2973
-643351.07	-1073096.02	-641294.357	-1074313.305	27.418
-885893.23	-1020667.615	-885684.34	-1018888.909	27.5988
-829117.04	-985474.93	-831413.73	-984863.759	30.9458
-819274.598	-1065190.258	-819253.223	-1065170.414	0.7944
-643758.357	-1062705.563	-644458.174	-1062415.751	15.2543
-645062.731	-1074192.643	-645162.571	-1074255.841	3.3165
-753637.4	-1041749.46	-757615.04	-1039877.36	35.6906
-754755.285	-1001979.444	-754768.421	-1001856.78	1.3753
-655042.068	-1068759.884	-655099.038	-1068726.923	0.7434
-712394.631	-1007056.945	-712530.7	-1007131.23	3.1287
-778003.26	-971956.274	-778021.16	-971960.759	0.4468
-755595.06	-1042268.62	-755725.81	-1041750.45	10.7649
-668968.561	-1086290.602	-668357.916	-1086641.879	8.4241
-779292.75	-1007094.87	-779194.03	-1007236.81	3.5884
-698849.58	-996498.17	-699774.69	-995359.47	25.7759
-673117.27	-1077805.29	-673109.289	-1077823.336	0.2192
-657091.01	-1022208.29	-656946.47	-1021838.67	4.7124
-675198.195	-1071371.947	-673983.56	-1071086.53	13.8648
-880049.23	-1020712.27	-879869.627	-1020640.931	2.1697
-658601.6	-1029590.43	-657604.594	-1030395.592	14.8141
-795673.01	-1028932.49	-795638.545	-1029350.775	8.4388
-653828.341	-1023515.8	-653679.07	-1024120.953	12.474
-646458.253	-1071655.82	-646459.174	-1071635.768	0.5197
-831776.45	-1054223.17	-831474.384	-1053645.196	7.5391
-751747.313	-1007286.838	-751632.588	-1007525.016	2.0338
-724755.096	-1067022.753	-722614.982	-1066511.47	58.7474
-782498.15	-999336.2	-782476.56	-998778.02	6.2067
-677862.51	-1016048.34	-678543.68	-1015249.99	12.4056
-737329.67	-1035835.62	-737221.62	-1036028.747	7.0451
-861498.81	-1046321.03	-855694.41	-1046247.65	93.0644
-691919.46	-1026567.0	-692578.833	-1024496.341	24.805
-738733.01	-994172.457	-735782.65	-994290.7	40.088
-668357.916	-1086641.879	-668395.94	-1085313.12	16.7836
-736287.503	-989378.611	-735782.65	-994290.7	84.1579
-782979.14	-1007118.42	-783019.1	-1007024.65	2.0605
-867355.248	-1013000.322	-867349.757	-1013015.043	0.3454
-823930.49	-1009103.738	-823782.609	-1010399.294	21.9071
-643645.52	-1039548.34	-643595.338	-1039542.467	1.1226
-749578.5	-1051237.71	-749702.51	-1051274.86	7.6321
-662317.088	-1075570.752	-662744.93	-1075958.2	6.7714
-659942.94	-1008908.75	-659487.472	-1008874.069	9.157
-642692.768	-1077259.837	-643295.63	-1079918.169	45.6923
-736820.855	-1036772.279	-737031.576	-1036244.314	11.4263
-819856.95	-1074319.47	-819933.52	-1074461.742	3.3001
-761383.292	-1015001.54	-759516.3	-1015707.3	24.5173
-653460.785	-1073595.575	-653089.969	-1075934.876	56.8208
-690706.42	-988081.35	-689373.182	-985607.684	57.7536
-819442.15	-1054038.5	-819577.78	-1056410.112	27.2336
-753832.63	-1045767.94	-753922.75	-1045903.46	3.5168
-723930.764	-1047299.497	-723253.94	-1047378.28	7.6373
-647353.082	-1070283.365	-647367.445	-1070278.033	0.3967
-674666.237	-1043065.477	-673440.367	-1043397.604	14.1121
-677554.527	-1088695.803	-674914.18	-1089234.17	31.8601
-718833.728	-1055399.71	-718357.44	-1057583.87	31.9893
-646743.322	-1067779.455	-646545.473	-1068527.193	8.7851
-761255.95	-1042461.59	-761950.31	-1041800.06	20.1917
-639945.564	-1087544.052	-640148.722	-1086130.675	16.4266
-868587.902	-1053914.352	-866525.734	-1053699.208	218.8962
-669510.703	-1044432.663	-669535.23	-1044445.601	0.8196
-700358.813	-1017067.057	-700355.51	-1017085.84	0.7799
-871707.33	-1019437.94	-874099.09	-1020900.9	31.3051
-683525.776	-1008619.715	-682385.97	-1008835.85	13.0641
-787825.85	-1055724.62	-785062.0	-1058418.22	49.5337
-740272.67	-1068698.72	-738577.444	-1069075.136	32.3478
-705432.1	-995854.64	-708400.425	-991677.132	62.7871
-707832.949	-1057289.458	-704838.284	-1057569.131	36.7138
-813869.017	-1012270.555	-814806.03	-1011991.35	12.3374
-823928.655	-1044099.604	-826096.839	-1043447.24	25.1902
-844031.05	-1005115.65	-844011.49	-1005076.04	1.6929
-783019.1	-1007024.65	-783050.58	-1007080.54	1.287
-649246.15	-1014449.91	-648800.13	-1013239.62	17.3313
-792298.458	-1045843.765	-794125.83	-1044350.99	30.1368
-798425.685	-999791.675	-798447.91	-999886.06	1.0774
-727842.643	-1040415.929	-728049.438	-1040282.5	3.1963
-741842.018	-1047250.734	-741669.495	-1047218.903	4.0771
-819623.13	-1076040.47	-819395.745	-1076687.44	7.9078
-681797.21	-993912.17	-681240.77	-993505.54	8.328
-676222.02	-1057028.57	-676072.97	-1057055.44	3.083
-664642.66	-1013307.79	-665051.49	-1012206.8	13.1399
-768419.55	-1028090.41	-770208.09	-1027884.02	21.1904
-751080.485	-980975.691	-752105.489	-980945.987	12.6147
-742129.808	-1080899.379	-740470.232	-1080930.537	22.2103
-734767.74	-1040996.46	-735076.04	-1040992.76	8.4904
-739242.345	-1001705.951	-738613.52	-1001528.51	11.494
-683482.151	-1066506.534	-683485.717	-1066495.028	0.3114
-641425.24	-1041454.88	-641510.31	-1041433.74	1.755
-764454.035	-977118.755	-764436.4	-977167.332	4.686
-730458.67	-1043345.36	-730862.52	-1043140.22	3.5522
-818778.245	-1027828.678	-818946.6	-1027758.891	1.4262
-819612.78	-1076589.87	-820921.03	-1077379.74	13.1755
-877286.626	-1021488.591	-878764.562	-1022419.216	20.4972
-740580.83	-1040143.97	-740689.13	-1040290.43	3.7313
-665998.12	-1039213.13	-665904.29	-1038767.04	5.0653
-689899.342	-995399.552	-689913.724	-995393.446	0.423
-644149.596	-1038767.848	-643648.62	-1039472.04	9.6025
-725056.337	-1061722.984	-724577.88	-1062535.3	19.9139
-658083.92	-1023719.36	-657159.238	-1024531.255	15.1326
-645901.135	-1061451.155	-645287.16	-1060455.277	24.063
-783618.34	-1061207.52	-783657.44	-1061218.98	0.8154
-668553.21	-1004761.86	-668845.316	-1003441.49	20.3718
-710920.88	-999919.92	-709558.1	-1002063.35	30.2098
-673551.152	-1008561.937	-675048.91	-1008405.81	17.257
-737018.66	-1038511.31	-736864.95	-1038384.1	3.9912
-733491.88	-1064878.34	-731561.16	-1067617.97	52.649
-647349.661	-1081907.056	-645895.34	-1082488.863	20.5911
-808259.75	-991522.18	-808466.28	-991341.55	6.0799
-752734.577	-1049409.519	-751826.45	-1050796.91	24.438
-750830.51	-1029174.17	-750968.809	-1028819.444	7.8074
-768841.781	-1052658.302	-768977.65	-1052734.135	3.112
-745063.567	-1074560.029	-744573.76	-1075053.67	8.1164
-746918.125	-1017516.563	-746360.857	-1017754.732	18.7649
-697391.442	-1072062.306	-697851.121	-1070299.491	24.2895
-679845.96	-1010291.61	-679769.06	-1010345.8	1.241
-671554.241	-1012972.103	-669697.05	-1011811.44	24.7162
-705779.31	-1019720.11	-704497.25	-1019010.64	18.6202
-676525.57	-1061343.46	-676102.921	-1060763.556	8.1251
-675298.665	-1071534.53	-675397.7	-1072188.45	13.285
-728602.055	-1078644.568	-727549.081	-1078700.955	26.1006
-819055.79	-999123.85	-819069.756	-999150.362	1.2386
-808551.193	-1032080.837	-805972.709	-1033625.098	45.0693
-784551.99	-1007572.05	-784559.29	-1007554.27	0.2425
-656997.542	-1087336.797	-654684.264	-1087340.92	48.8925
-779286.05	-1069070.46	-778513.37	-1067377.03	25.2815
-760202.75	-983625.94	-760179.45	-983638.92	0.4298
-799539.621	-1015762.067	-800457.397	-1013147.446	34.7702
-693912.33	-983978.069	-693882.019	-985360.406	46.284
-744676.58	-997624.94	-745202.35	-996460.85	15.9012
-687058.38	-1025912.7	-686632.23	-1026029.46	8.8973
-743022.731	-1024000.975	-743760.77	-1021515.3	30.4944
-802530.611	-1003046.286	-803763.404	-1004035.892	23.281
-687783.35	-1038479.31	-686575.12	-1039593.79	27.2557
-756683.29	-1068529.86	-756527.4	-1068275.05	3.3491
-854418.07	-1042733.21	-854300.61	-1040188.13	32.6999
-685968.83	-1077885.118	-686681.775	-1073823.663	54.5682
-686872.828	-993897.459	-686738.235	-993832.623	2.988
-788287.5	-1065353.53	-788332.757	-1064664.699	14.1479
-872614.328	-1033223.347	-873308.551	-1034078.501	14.4193
-867507.198	-1013624.953	-867349.757	-1013015.043	12.699
-723677.639	-1036221.999	-723680.889	-1036185.247	1.2916
-734336.53	-1066592.6	-734041.0	-1068720.0	32.5001
-735402.99	-1027568.28	-735724.709	-1027667.382	3.9341
-699220.65	-1048191.68	-698314.29	-1047246.79	14.7139
-657094.999	-1080603.56	-655884.993	-1080168.593	16.0653
-686794.358	-1080842.599	-686501.686	-1080843.891	3.5586
-661888.06	-1024949.01	-662153.77	-1022912.68	23.3544
-766220.87	-1042900.42	-766123.13	-1042170.21	8.6366
-699758.44	-1004067.71	-699059.832	-1004382.054	15.8669
-769214.1	-993589.54	-769238.54	-993296.93	3.5282
-702768.8	-1059534.95	-701896.658	-1058378.527	17.9799
-721976.127	-1020248.353	-721748.38	-1020079.11	3.2449
-768716.02	-972195.887	-767751.402	-973554.333	19.1633
-805095.286	-990190.91	-805024.92	-990252.48	2.0176
-809500.35	-993536.53	-809522.65	-993549.24	0.6728
-790877.898	-1005206.126	-790798.607	-1005234.247	1.1204
-833176.461	-1061835.712	-832849.323	-1060328.067	18.4622
-805352.02	-1065256.11	-805526.666	-1063574.646	21.5564
-667561.482	-1025467.317	-668306.47	-1025376.41	15.6813
-687271.32	-1031795.99	-685424.56	-1032839.43	27.9252
-716892.06	-1028325.35	-716840.05	-1028417.8	1.197
-647441.596	-1082008.575	-649074.482	-1081102.697	44.6288
-683974.6	-995282.95	-684556.785	-996046.574	21.9036
-723695.477	-987199.538	-723662.348	-987212.162	0.9032
-690223.07	-997143.8	-690769.37	-996882.38	14.1133
-774589.68	-1037732.32	-775021.41	-1039047.45	17.543
-736358.388	-982340.157	-735923.36	-981412.58	12.3689
-750072.79	-1003929.06	-750081.461	-1003938.849	0.3177
-734764.112	-1045640.265	-734820.63	-1045921.73	5.7959
-886994.779	-1012209.452	-885481.877	-1015697.164	48.8344
-701143.14	-1055185.74	-701964.71	-1056572.05	17.953
-780483.59	-1052968.93	-780447.34	-1052568.44	4.5218
-820086.51	-1026747.71	-820436.579	-1026745.197	7.0878
-647889.573	-1067719.845	-647367.445	-1070278.033	31.7468
-809740.499	-1004240.265	-809767.319	-1004181.139	0.7896
-695848.88	-1063391.09	-695912.142	-1063048.495	4.0222
-748399.66	-995948.99	-748375.322	-995418.19	10.9376
-720875.398	-1063968.73	-716349.222	-1061215.837	85.7598
-659370.678	-1008787.28	-659294.372	-1008371.005	9.0493
-829758.922	-1053034.519	-831965.824	-1053225.374	33.0063
-721245.934	-1060993.837	-717088.02	-1060102.5	85.6887
-647768.254	-1088915.886	-647832.09	-1089321.13	8.7154
-799331.67	-1001568.91	-802886.96	-998364.25	37.2326
-683977.01	-995256.53	-683938.509	-995086.879	3.5595
-765231.41	-1062235.92	-764224.07	-1060908.12	31.2813
-754483.0	-969674.4	-755562.866	-970576.235	25.8193
-870928.851	-1000954.937	-870289.426	-1000815.521	11.4506
-833948.712	-1071199.905	-836617.377	-1071326.255	58.3279
-824229.88	-1076428.91	-824185.68	-1076313.69	1.1222
-708156.75	-1007415.76	-709705.91	-1006779.335	19.4256
-718906.5	-1016922.99	-718378.04	-1017929.97	13.1418
-675527.54	-1031294.86	-675528.852	-1031255.575	0.4371
-743813.524	-1069243.996	-742474.966	-1070295.532	22.9592
-718906.5	-1016922.99	-716913.25	-1017328.25	24.3549
-697656.66	-1053658.25	-696417.162	-1054119.286	14.6942
-747513.38	-1019535.13	-747563.18	-1019494.16	0.7461
-830082.597	-1073037.995	-830010.454	-1073044.303	0.8237
-815293.012	-1071088.658	-817251.698	-1072627.624	29.6571
-685424.56	-1032839.43	-685014.38	-1032689.79	13.3651
-707342.596	-1067840.561	-706177.089	-1067401.754	17.6127
-675423.065	-1056776.702	-675285.676	-1056729.511	2.964
-770306.11	-1039368.94	-769188.45	-1037631.87	27.9829
-657068.638	-1061265.033	-657020.478	-1062950.696	24.2834
-828343.065	-992114.223	-827571.154	-989063.969	37.9173
-830496.913	-1062786.197	-829353.772	-1063700.731	20.1006
-769039.66	-1051459.32	-767592.88	-1049843.99	40.9555
-645969.2	-1026861.65	-646638.17	-1025843.13	13.9505
-843454.051	-1049428.271	-844691.731	-1049062.371	15.5193
-728356.483	-971612.153	-728567.02	-972171.56	439.8913
-701583.21	-1066071.1	-701699.76	-1066467.06	4.6134
-686711.637	-1026428.942	-686599.315	-1026245.839	4.382
-779744.871	-976486.266	-781209.79	-976036.71	22.4134
-672286.57	-1013430.14	-674884.57	-1013545.47	42.9191
-664687.413	-1089591.815	-663666.31	-1091817.99	32.0865
-803595.72	-1041012.29	-801122.233	-1042749.785	39.9684
-688797.379	-1076150.545	-689510.76	-1076054.019	9.2845
-770178.782	-977825.038	-770553.82	-979593.09	25.4138
-702366.34	-1031915.94	-702557.72	-1030313.19	21.8118
-783095.18	-1043944.62	-783204.779	-1043769.819	4.1283
-726010.753	-980867.59	-724475.38	-981578.5	21.6558
-688651.72	-1008095.12	-688033.65	-1008448.13	8.4768
-655884.993	-1080168.593	-655818.302	-1080134.738	0.8548
-753334.92	-1025594.51	-753758.163	-1025794.588	9.4949
-738599.863	-1049584.498	-737520.469	-1051085.235	40.2812
-771582.07	-1041055.57	-771921.115	-1041128.653	7.0563
-846262.964	-1072549.949	-846969.722	-1071458.04	15.7775
-737256.925	-1010320.687	-738019.43	-1009028.93	18.2051
-712530.7	-1007131.23	-713001.11	-1006409.73	18.5262
-645478.566	-1049546.01	-648229.71	-1048214.72	24.898
-661815.94	-1019747.04	-660725.035	-1020574.153	15.2116
-645298.82	-1050454.711	-646943.532	-1050569.499	46.0719
-834024.087	-983878.067	-834339.5	-984063.875	11.2449
-692291.01	-1058643.01	-692539.763	-1058560.784	3.4253
-799448.64	-1054475.6	-796967.21	-1053971.04	30.247
-696411.51	-1007449.07	-696714.09	-1009872.17	34.2424
-731146.852	-1056802.67	-730648.73	-1057654.01	7.588
-784256.274	-994402.039	-783867.67	-994628.48	7.1259
-682911.605	-1089391.638	-683984.02	-1089600.62	14.5957
-744778.424	-1048376.349	-744555.04	-1048217.91	9.6475
-727946.954	-1073950.328	-727734.171	-1074184.599	6.5225
-778975.07	-1043223.18	-779155.01	-1043480.64	6.6317
-747339.63	-1036309.707	-747360.061	-1036303.743	0.5042
-770201.52	-1018458.77	-771829.2	-1017624.27	20.8868
-760607.55	-1040804.24	-761033.05	-1042194.675	21.2788
-779009.3	-981800.15	-778166.761	-980439.448	18.0071
-683000.678	-1033361.372	-684077.699	-1033039.805	13.0459
-712058.94	-1040994.58	-711981.896	-1040711.458	3.3022
-802900.18	-998268.5	-802994.8	-998275.28	1.2111
-696654.25	-1086644.32	-697297.346	-1085480.985	40.802
-764716.53	-1060653.17	-764591.72	-1060064.19	12.4486
-697606.343	-1037839.97	-697601.473	-1037827.882	0.3164
-738774.46	-1048789.538	-738807.796	-1048949.172	3.276
-754195.55	-1037453.92	-756840.57	-1038169.12	31.1073
-764679.67	-1023604.65	-764620.16	-1023928.55	6.5925
-869854.923	-1037688.21	-869828.387	-1037680.321	0.6354
-775023.929	-1033730.424	-774993.72	-1033762.995	1.2621
-717660.877	-1080102.827	-717159.18	-1080163.72	5.7345
-673775.041	-1076370.682	-673117.27	-1077805.29	17.5362
-727741.81	-1073818.99	-727819.46	-1073856.16	1.9687
-685596.24	-993630.49	-685654.688	-993552.75	2.3204
-704310.07	-1008548.95	-704063.808	-1007039.172	19.504
-789489.75	-989260.36	-789558.28	-989147.0	2.6713
-654684.264	-1087340.92	-652789.055	-1086686.953	26.588
-812219.241	-1036962.531	-811581.538	-1037657.666	15.0925
-749711.46	-1078290.19	-748422.511	-1078422.559	18.4348
-832522.232	-1070640.672	-833863.846	-1070978.163	44.0996
-760052.26	-1029217.17	-759861.728	-1027256.302	50.167
-666416.596	-1051353.785	-665321.897	-1052204.756	16.3858
-821252.392	-996441.12	-821301.72	-996383.229	0.5852
-774514.85	-974990.51	-774521.08	-975012.85	0.6234
-776241.19	-1030072.87	-778849.38	-1029617.777	20.4449
-693921.379	-1074516.569	-691868.159	-1074084.509	25.3086
-770537.784	-1010225.627	-770863.616	-1010070.631	9.8083
-787023.28	-1009846.62	-786817.24	-1009852.06	2.3054
-674884.57	-1013545.47	-674994.31	-1013613.33	1.8636
-654418.098	-1056187.692	-653664.313	-1055811.375	17.2926
-652789.055	-1086686.953	-653372.04	-1089068.18	43.0183
-760925.0	-1070532.72	-760844.771	-1070553.569	2.0598
-778533.64	-996703.6	-778234.747	-996274.26	13.7477
-744322.67	-1025324.1	-744415.818	-1025176.428	1.9474
-784543.25	-1015416.38	-783644.43	-1014052.56	20.7208
-861412.91	-990472.22	-861806.468	-988750.475	23.8963
-654802.8	-1024660.04	-653765.968	-1024185.397	20.234
-749703.59	-1051448.73	-749578.5	-1051237.71	5.6078
-723465.22	-1024603.52	-721544.88	-1026313.21	30.2119
-843760.259	-1002914.312	-843918.16	-1002773.37	4.2401
-761076.54	-1020198.18	-761858.43	-1020987.09	14.5381
-688948.95	-1058632.77	-688757.63	-1058642.28	3.8388
-697605.124	-1088095.737	-697737.923	-1088514.467	5.0788
-774616.967	-985471.357	-773499.14	-985346.785	26.5786
-729082.113	-1079284.231	-728099.7	-1079534.74	60.6907
-736854.955	-1037974.562	-737128.25	-1038566.78	7.2967
-861480.547	-1005436.37	-861213.19	-1005760.69	11.9217
-641872.24	-1042982.81	-641152.528	-1043280.12	15.9907
-766810.913	-1052223.818	-766498.187	-1052166.499	9.3191
-729921.66	-1041002.68	-727866.83	-1040514.95	16.2953
-724347.08	-1030566.65	-724991.46	-1029994.681	13.5135
-653039.41	-1067906.69	-653047.62	-1067925.5	0.228
-664103.73	-1045863.71	-661634.62	-1045289.7	28.1664
-754248.45	-997021.37	-754086.46	-996755.94	3.4554
-770547.6	-979716.0	-770075.309	-979937.134	5.903
-757294.023	-1039645.091	-757353.535	-1039853.287	3.1202
-794381.63	-1004055.99	-794212.96	-1004037.02	2.0859
-683994.92	-1063855.331	-684010.75	-1063877.72	0.9219
-691007.84	-1035833.65	-689629.06	-1035820.39	15.8047
-766569.98	-1006757.01	-764748.101	-1005277.63	34.1276
-783550.27	-991778.68	-785574.3	-991845.89	23.8867
-685654.688	-993552.75	-685788.91	-993690.74	8.9663
-735557.76	-1040276.86	-736756.4	-1038537.2	23.88
-818899.688	-1074846.176	-819154.25	-1074883.36	5.8766
-728535.537	-1060780.282	-728664.809	-1060889.23	1.9304
-816015.01	-992517.408	-814269.074	-992244.015	22.4578
-788124.72	-1067166.53	-790737.291	-1066899.122	36.8045
-645475.79	-1042722.862	-645607.656	-1042430.919	4.5057
-794920.703	-986688.056	-794813.759	-986676.163	1.2324
-684217.86	-1042855.28	-682240.68	-1042260.61	22.9409
-736684.254	-983690.416	-736690.38	-983714.019	0.6079
-766553.95	-1001801.89	-767089.88	-999138.78	31.788
-740354.81	-1066732.65	-740286.062	-1067041.588	7.7756
-733936.866	-1056558.047	-733915.431	-1056541.625	0.6419
-654422.55	-1033954.05	-655924.49	-1033728.83	22.0305
-640408.725	-1071317.926	-640324.19	-1071316.33	0.9401
-766078.87	-995475.49	-764793.8	-994787.52	16.4833
-799447.07	-1001740.2	-799530.056	-1001960.022	2.6145
-777731.902	-1012696.134	-777064.67	-1012698.41	11.7163
-797650.14	-1028584.26	-797771.687	-1028655.188	2.9879
-748140.66	-1005344.116	-747385.37	-1004570.34	32.973
-743664.14	-1076112.04	-742607.189	-1076199.05	16.0978
-723802.254	-1075167.8	-720052.54	-1075565.5	55.3345
-759115.936	-1047712.004	-759089.587	-1047792.853	1.7021
-873737.772	-1034144.285	-874233.106	-1033511.212	9.6367
-763504.4	-992745.44	-763370.11	-992818.11	3.8336
-826669.354	-1070793.339	-826730.649	-1070790.848	1.3236
-658804.05	-1025491.79	-658823.63	-1023364.03	39.9342
-681159.99	-1013190.94	-678543.68	-1015249.99	54.5565
-693984.34	-985511.09	-694777.4	-985249.65	17.6752
-710578.734	-1048053.536	-710188.14	-1048859.05	20.7557
-770118.517	-1053941.916	-770190.57	-1053825.54	2.8179
-701732.53	-1010033.69	-701716.99	-1010012.84	0.5646
-683909.275	-995204.688	-683855.99	-995313.98	2.4559
-646172.571	-1074039.462	-645724.47	-1074143.02	9.2029
-709530.633	-1060363.498	-711857.938	-1061987.625	34.201
-688716.595	-1043740.464	-687027.526	-1041754.471	31.3141
-836533.603	-997062.735	-832380.79	-998170.642	153.0057
-786665.077	-979099.031	-785318.801	-978173.796	18.9402
-717572.936	-1074309.221	-717563.66	-1074422.293	1.7749
-812042.47	-1038338.51	-811161.406	-1042049.504	56.9253
-640839.104	-1070655.431	-640408.725	-1071317.926	10.2474
-723723.65	-1036423.04	-723842.07	-1036401.27	4.5197
-783751.065	-977170.142	-783934.565	-977004.164	4.9501
-680669.255	-1026409.046	-680184.437	-1024783.66	19.5509
-675043.064	-1056723.951	-675030.3	-1056712.274	0.231
-818899.688	-1074846.176	-819202.2	-1075234.67	6.5074
-778803.67	-1029766.5	-778689.66	-1029545.02	4.993
-776434.28	-976007.81	-776447.02	-975916.66	1.8415
-649422.742	-1074287.048	-653089.969	-1075934.876	51.9111
-789516.43	-1027199.534	-789466.776	-1027126.16	1.0624
-649833.48	-1037909.58	-649159.42	-1037960.11	8.2719
-784732.25	-1013582.64	-783269.69	-1012154.03	26.9081
-710892.404	-1025908.72	-710944.524	-1025605.087	6.4947
-867547.61	-1013539.782	-869335.04	-1015775.02	37.6972
-856691.375	-1008970.875	-857414.55	-1009933.56	21.0566
-695916.769	-1074824.692	-695452.509	-1075684.577	11.2665
-736715.438	-999326.162	-736400.99	-999479.99	4.4991
-693271.926	-1078184.103	-693781.511	-1079055.923	11.9874
-848587.265	-1066239.624	-849103.749	-1066025.19	7.2152
-675397.7	-1072188.45	-674909.751	-1073907.919	22.1007
-651407.68	-1046722.97	-649302.42	-1047660.25	30.0251
-804979.672	-989061.68	-804955.382	-988969.297	1.9851
-856480.36	-1038822.1	-857071.95	-1039267.52	8.3767
-667413.88	-1070189.63	-666617.09	-1070176.59	8.8545
-707115.32	-1002637.76	-707604.21	-1003401.36	16.4259
-676765.16	-1071455.83	-676565.855	-1071209.691	6.68
-782673.08	-1005657.59	-781273.163	-1004046.684	26.986
-717527.23	-1013320.72	-717403.83	-1013182.66	2.1299
-839314.316	-1021318.603	-840670.518	-1019476.288	25.4651
-758232.25	-972614.85	-757897.741	-971877.005	25.3233
-748439.313	-1025122.257	-747453.951	-1024023.395	30.1896
-646901.705	-1057807.415	-646911.078	-1057791.934	0.428
-758222.11	-1020120.63	-758378.72	-1020350.72	3.7878
-691878.43	-1009643.53	-690227.01	-1008787.15	21.2177
-687404.89	-1055806.78	-687513.392	-1055979.94	5.5717
-851363.483	-1068832.609	-852041.021	-1068690.317	13.9085
-755725.81	-1041750.45	-756273.1	-1041563.77	11.7478
-653653.858	-1031493.301	-654724.454	-1031065.877	13.801
-749323.33	-1033889.64	-747917.66	-1033945.33	16.4465
-699475.68	-1000254.35	-699566.74	-1000140.02	2.9455
-737128.25	-1038566.78	-737270.58	-1038760.9	4.8245
-851821.906	-1010497.279	-851507.58	-1010767.77	8.3911
-729163.1	-1032025.58	-729830.25	-1033130.7	14.8635
-679368.474	-1080256.883	-678596.625	-1082820.423	32.7632
-824275.24	-1072041.62	-824118.398	-1073716.33	15.8464
-756634.32	-999950.65	-755485.379	-999853.998	29.1209
-718234.8	-998122.27	-722222.22	-997971.0	57.008
-780287.5	-995623.64	-779581.63	-996086.33	9.3919
-785031.72	-1007980.71	-784988.15	-1008249.07	3.1976
-758817.28	-1005029.9	-758826.12	-1005172.76	2.9836
-730473.09	-1057922.22	-730766.56	-1057386.58	6.8169
-697822.59	-1034061.34	-697689.67	-1035007.89	19.1169
-684146.999	-1080120.62	-683369.132	-1076733.495	44.7434
-869154.819	-1038271.982	-869167.643	-1038279.309	0.3437
-766786.24	-987720.39	-767108.651	-986832.001	13.4489
-774148.97	-1021052.88	-773661.384	-1019334.181	29.1205
-702499.68	-1071902.7	-703864.699	-1073200.65	40.2919
-869459.653	-1046669.966	-871048.19	-1046030.49	19.9457
-830987.48	-1056665.92	-829183.22	-1057270.09	22.2527
-721748.38	-1020079.11	-719644.184	-1021630.445	34.2189
-690630.034	-1083921.78	-690297.65	-1084598.126	8.8122
-744777.031	-1016567.584	-743387.82	-1016957.55	24.1733
-755449.02	-1081193.42	-755798.93	-1080711.14	6.8586
-657956.62	-1069270.74	-657244.75	-1069515.51	8.4386
-661149.182	-1010762.684	-658882.42	-1011419.01	52.8978
-669517.02	-1013920.4	-669600.52	-1014050.55	4.2402
-721298.45	-978901.33	-721225.165	-979155.823	2.9792
-825818.437	-1025475.499	-825805.007	-1025488.474	0.2581
-862328.285	-994528.188	-859456.5	-996748.5	47.0199
-728849.261	-1077896.152	-728821.246	-1077875.478	0.7929
-797771.687	-1028655.188	-798692.94	-1034078.43	72.7991
-770343.531	-971797.563	-769789.58	-971663.42	11.5019
-768913.823	-991587.479	-768819.527	-992032.256	5.1474
-753326.703	-1048034.081	-752473.827	-1048687.075	22.6522
-649833.27	-1032576.94	-650959.93	-1034803.46	28.1957
-737281.67	-1054172.1	-736125.971	-1057023.562	36.0064
-740125.388	-1048803.266	-740095.437	-1048765.803	1.0991
-745013.89	-1059962.63	-745039.596	-1059925.337	0.9257
-640247.606	-1080219.461	-639911.679	-1079403.206	17.925
-788487.635	-1013962.555	-788477.217	-1013950.601	0.2334
-671554.314	-1083339.587	-667750.276	-1083553.552	47.2749
-699042.528	-1004380.546	-699059.832	-1004382.054	0.4086
-790558.92	-1052852.39	-788159.821	-1052491.734	39.7121
-670866.58	-994569.28	-672317.297	-992832.107	78.9356
-885723.47	-1010197.174	-886994.779	-1012209.452	30.353
-740007.973	-1073765.578	-739504.506	-1073640.959	11.3466
-776509.75	-975546.23	-776678.43	-975431.97	5.8483
-689352.666	-1030052.024	-690250.589	-1030009.771	18.1822
-741582.743	-1023354.686	-741783.23	-1022223.97	13.2848
-722967.369	-1006661.187	-722728.545	-1006321.804	11.4507
-653646.188	-1055821.75	-651397.732	-1057855.359	37.1668
-810333.785	-991622.577	-809358.27	-991770.31	11.0188
-780897.85	-1009090.58	-780888.98	-1009117.11	0.3111
-646065.072	-1042716.985	-645952.536	-1042994.418	7.8858
-830045.471	-1073007.368	-830110.31	-1073052.819	0.9398
-731557.09	-1056137.15	-731373.968	-1056614.342	16.0638
-719458.52	-1019522.39	-719178.228	-1019507.295	3.1209
-689186.527	-1065944.914	-690169.154	-1066692.639	18.0331
-756947.78	-1032105.09	-756802.63	-1032153.56	2.3552
-755007.66	-1046144.38	-755258.858	-1046303.702	5.9662
-682696.544	-988004.687	-682745.938	-989419.5	23.0212
-777018.73	-1057926.76	-778924.59	-1057746.33	23.4815
-671635.205	-1028230.794	-671532.991	-1028463.149	3.0417
-748262.44	-1027946.56	-749380.89	-1026628.41	30.0719
-776120.45	-979334.08	-776022.78	-978391.97	12.1649
-787090.31	-989195.54	-787060.19	-989261.78	1.4713
-763361.35	-993086.1	-763531.11	-993047.25	4.4355
-805039.949	-987203.021	-804943.762	-982645.624	71.5371
-848826.603	-1006137.521	-849513.93	-1008292.36	30.2588
-652839.646	-1042012.519	-654688.28	-1041606.53	21.8524
-742486.9	-998318.24	-742515.947	-998100.753	4.3934
-807658.49	-1025137.54	-807518.2	-1026112.45	11.1178
-655282.27	-1025459.61	-655326.012	-1024814.439	16.4406
-686826.375	-1070694.396	-686455.58	-1070686.79	4.2528
-673713.074	-1018966.257	-674265.513	-1018960.391	7.3665
-684634.01	-1036494.61	-684255.005	-1035594.066	10.9067
-735510.1	-1028628.63	-734559.509	-1029374.867	17.0777
-701667.279	-1012297.562	-701719.961	-1012286.117	1.209
-744064.938	-1015927.5	-742545.072	-1015029.101	20.4911
-772978.669	-1026497.713	-771899.49	-1025011.53	44.2301
-838823.55	-999849.65	-838203.824	-999193.543	13.3462
-690514.32	-1056005.92	-690438.47	-1055956.5	1.2232
-787293.151	-984422.672	-786504.24	-985626.52	23.7515
-875221.39	-1015757.36	-873364.742	-1015038.539	23.7078
-840909.551	-1048925.369	-839969.91	-1049659.37	14.1405
-662921.774	-1081765.354	-663281.656	-1084264.71	30.3361
-865707.45	-1048533.08	-865651.653	-1048439.778	3.7757
-797092.49	-1041981.24	-798142.012	-1040529.697	28.9814
-782433.38	-997528.55	-782537.63	-996970.15	6.5521
-773827.82	-974156.23	-773077.46	-973270.523	13.1008
-772932.614	-1055580.24	-772371.88	-1055560.94	14.6943
-718912.187	-1047953.389	-719314.324	-1049519.795	18.4553
-765494.96	-1058755.27	-763821.57	-1058512.8	19.922
-692271.29	-998306.92	-690523.891	-995554.392	25.6515
-819740.529	-1058341.735	-820208.116	-1060539.986	25.6457
-714372.074	-1044361.9	-714409.72	-1045048.01	7.7332
-799716.584	-1069154.146	-800209.26	-1067457.76	31.7952
-739475.42	-1053953.642	-739388.676	-1054246.035	3.3892
-826513.595	-1029200.402	-826717.326	-1029086.403	4.6936
-740102.41	-1080931.31	-739851.743	-1080964.865	5.2706
-879867.594	-1020787.255	-879650.97	-1020835.38	2.7686
-664802.221	-1069038.226	-665404.435	-1068522.362	9.5838
-739365.02	-1054324.082	-739388.676	-1054246.035	2.2347
-715594.97	-1078158.25	-716799.875	-1077548.769	16.3057
-742927.19	-985833.76	-744414.405	-984314.431	25.1771
-685150.668	-994403.704	-685097.516	-994424.041	1.1455
-809522.65	-993549.24	-809512.423	-993567.602	0.4884
-872090.564	-991735.472	-873406.78	-991086.604	57.9794
-734574.82	-1045751.64	-730839.726	-1045640.553	47.5593
-760844.771	-1070553.569	-760827.86	-1070429.44	2.7128
-828956.99	-1072259.026	-828618.95	-1072041.44	4.4683
-693704.61	-1044343.74	-692637.99	-1043495.14	27.6689
-751611.11	-1061840.96	-751353.632	-1060553.196	16.6858
-735568.11	-1040276.17	-735521.07	-1040511.36	4.8003
-737661.145	-1057623.659	-738451.761	-1057492.143	16.1254
-649134.45	-1027880.01	-650153.63	-1026925.2	16.2144
-671453.484	-1048988.167	-671544.788	-1049045.428	1.2285
-688782.75	-991454.34	-689366.67	-991940.8	10.2119
-724167.957	-1062240.114	-721373.47	-1060629.82	46.8056
-692138.17	-998232.95	-691965.737	-998146.163	2.2236
-777018.73	-1057926.76	-778280.43	-1058590.03	17.0076
-764589.48	-1036488.88	-763017.75	-1036763.431	19.1827
-701739.26	-1008956.69	-701581.79	-1008552.238	9.1321
-653654.938	-1055796.5	-653664.313	-1055811.375	0.4232
-764117.881	-991884.65	-764974.33	-991600.96	11.1058
-727611.89	-994246.69	-727687.15	-993888.87	7.67
-819199.368	-993790.579	-819843.77	-995463.84	31.9859
-765239.733	-1023113.709	-765568.13	-1020517.37	41.9303
-768792.382	-1052767.449	-765441.28	-1054104.82	101.9043
-683515.102	-993524.902	-683516.88	-993541.99	0.3436
-679093.04	-1000965.52	-680366.89	-1001046.11	23.4539
-759318.06	-1015367.68	-758192.223	-1015753.97	13.5636
-679531.5	-1068030.357	-679175.209	-1068353.526	5.3448
-720011.75	-1071233.346	-718661.881	-1070686.967	48.8446
-889151.068	-1018025.197	-888899.449	-1018028.237	441.8085
-742025.384	-1041551.688	-741812.93	-1041316.18	14.7287
-732317.52	-1055113.43	-732492.83	-1054910.4	5.3653
-848343.12	-1036112.63	-846443.724	-1036838.121	26.3725
-722261.6	-1041876.62	-713707.54	-1041568.84	66.8987
-826558.4	-1025562.106	-827959.95	-1025194.124	16.3001
-848391.013	-1010363.56	-848442.37	-1010351.507	1.0565
-676704.44	-1010463.18	-675474.68	-1010843.68	15.2878
-683516.07	-993478.96	-683515.102	-993524.902	0.9194
-750213.42	-1019915.68	-750581.08	-1018442.97	19.4992
-744514.179	-981522.01	-743452.955	-980028.534	21.3253
-867400.339	-1034047.122	-867995.32	-1031386.54	59.4667
-845099.434	-1014584.88	-845119.71	-1014533.287	0.6582
-709197.168	-1039121.45	-707875.92	-1039742.88	17.0606
-753921.36	-1045635.63	-754159.21	-1045757.76	5.8262
-778955.724	-1029983.97	-778936.284	-1029982.018	0.4435
-644735.557	-1037979.395	-644626.078	-1038208.679	3.0462
-789687.46	-1064102.65	-790421.73	-1064163.29	5.6675
-734562.596	-1065442.796	-734556.24	-1065456.473	0.3918
-729452.35	-1015776.13	-727447.57	-1019795.24	111.8399
-681943.75	-1042758.76	-682176.13	-1042240.81	6.3393
-731071.433	-1056596.404	-731953.91	-1056749.85	18.845
-696578.34	-1035525.04	-697488.35	-1036432.86	20.1002
-802761.633	-986688.835	-802665.56	-986793.53	4.9783
-734608.004	-1027176.601	-733168.314	-1025388.183	27.1117
-867704.25	-1017459.2	-867706.58	-1017480.5	0.5146
-742529.131	-1056866.745	-742517.724	-1056857.1	0.3796
-738239.28	-1046740.78	-738090.59	-1046668.11	3.3101
-761510.266	-993283.083	-759215.6	-993272.15	31.1658
-725039.921	-1035332.008	-725020.866	-1035329.149	0.4669
-776364.77	-1062821.26	-776225.12	-1062572.7	3.3091
-753675.89	-1061412.21	-753465.94	-1060133.48	26.8844
-724411.356	-1029278.365	-724612.79	-1027039.26	36.0357
-647609.524	-1054245.965	-647483.293	-1054008.443	3.1491
-686814.05	-1008736.01	-684709.56	-1008697.17	23.869
-795545.325	-986086.86	-795284.906	-986212.111	3.2586
-810740.903	-1045606.441	-812211.605	-1044382.774	24.5753
-880151.53	-1017056.729	-880204.394	-1017070.064	0.6177
-723680.889	-1036185.247	-723703.199	-1036211.149	1.0261
-693463.932	-1026383.908	-691919.46	-1026567.0	18.203
-689477.71	-993270.639	-689202.67	-993214.61	3.1743
-696673.394	-1049950.353	-696740.64	-1050853.74	30.9373
-752039.98	-1007724.212	-752718.19	-1006076.97	19.7934
-806104.28	-1026783.59	-806729.222	-1027010.489	7.3874
-644077.794	-1022814.719	-645490.003	-1023171.5	20.8132
-671549.868	-1018795.541	-672037.58	-1018752.99	5.804
-651504.349	-1069456.071	-652006.89	-1070514.59	15.0571
-700927.887	-1010529.799	-701061.351	-1010492.143	3.0271
-779946.39	-983146.06	-779864.28	-983031.63	1.5728
-728001.33	-1072269.86	-727741.81	-1073818.99	18.6375
-711896.42	-1021996.28	-708535.462	-1020863.121	48.6137
-644167.988	-1071592.408	-642893.841	-1071604.898	16.6723
-733621.226	-1014692.737	-731373.413	-1012206.889	39.6387
-857533.049	-1066623.251	-857441.077	-1066745.506	2.0217
-784995.338	-1007564.853	-784700.689	-1007690.017	3.5614
-737304.085	-1057980.39	-737298.622	-1057931.764	1.1972
-819274.598	-1065190.258	-819266.67	-1065155.974	1.747
-700477.578	-1004743.59	-699758.44	-1004067.71	20.2055
-757158.11	-978683.6	-756035.714	-978645.227	15.0441
-657761.727	-1064862.846	-658077.11	-1064149.39	9.5952
-747318.87	-1017001.64	-748757.994	-1014323.258	35.284
-833174.947	-1023365.051	-834359.548	-1024053.119	24.0751
-660162.685	-1086807.051	-660237.998	-1086828.299	0.945
-712627.804	-1058483.095	-711981.554	-1058828.416	8.2535
-840950.41	-1019092.03	-840673.835	-1019472.426	7.4089
-724828.216	-1053726.832	-724124.816	-1055002.765	19.6054
-848593.3	-1036248.77	-847683.183	-1038675.318	36.1888
-881210.251	-1001344.506	-877306.387	-998763.671	80.682
-802140.854	-1005863.006	-802530.611	-1003046.286	32.1995
-744598.1	-1047894.96	-744688.54	-1048201.99	6.449
-665277.647	-1035791.801	-667092.245	-1033928.634	30.2217
-749097.12	-1045584.78	-749140.911	-1045567.351	0.9426
-685718.127	-1019089.813	-684319.74	-1018289.441	18.5324
-730169.158	-1030836.067	-729430.54	-1029841.99	13.9001
-676583.8	-1056954.83	-676222.02	-1057028.57	8.2123
-752455.375	-1043124.0	-752240.69	-1042987.36	13.7761
-833610.148	-1061574.582	-834771.583	-1060697.914	17.1368
-737596.76	-1057650.8	-737351.19	-1057924.427	7.3555
-652486.137	-1062382.974	-652477.023	-1062427.322	0.5031
-699234.121	-1087672.849	-699280.89	-1087922.68	5.7955
-747432.46	-1054956.55	-746638.009	-1054351.695	19.9941
-746013.188	-1054135.162	-741267.695	-1055336.117	38.9131
-734045.773	-1053350.17	-733502.956	-1053766.078	13.7663
-764748.101	-1005277.63	-764877.662	-1004163.078	34.5106
-649055.257	-1058143.084	-649055.45	-1058279.95	2.8255
-864660.78	-1015185.63	-865107.322	-1015804.24	15.3196
-678499.29	-1063064.14	-676525.57	-1061343.46	30.9199
-738647.803	-1048576.402	-739161.336	-1047787.293	20.7289
-677452.67	-996678.42	-677503.27	-996654.83	0.6204
-645187.107	-1032010.729	-647120.25	-1032718.03	26.9575
-824368.01	-1076678.07	-824431.54	-1076778.18	1.0782
-876292.761	-1024704.267	-876543.88	-1025650.58	11.643
-845917.841	-1070278.104	-847264.676	-1070411.162	10.689
-737593.42	-1057813.32	-737670.268	-1057743.61	2.7397
-799499.894	-1069937.277	-799508.079	-1070481.606	29.9053
-819127.044	-1000624.817	-820573.83	-1001637.48	30.359
-798662.382	-1037329.219	-796303.62	-1037484.85	27.2199
-756414.14	-974699.551	-756458.593	-974627.332	1.7133
-700853.71	-998518.14	-701969.68	-997871.5	14.3337
-766981.251	-980976.408	-766954.57	-980858.748	1.4151
-673757.12	-1065065.67	-672392.3	-1065459.41	16.5244
-717444.989	-1021625.032	-717869.17	-1022169.19	8.0995
-779061.296	-981747.373	-779063.45	-981850.24	2.2622
-641808.58	-1076501.209	-641876.179	-1076129.347	7.949
-663914.11	-1003293.55	-663474.28	-1004383.935	33.3533
-676169.25	-1057074.54	-676391.91	-1057186.82	4.9887
-790678.909	-1026980.514	-790474.46	-1026767.65	3.3356
-676554.965	-1070748.307	-675640.02	-1070644.17	21.5885
-693882.019	-985360.406	-693799.008	-985409.631	1.9312
-869854.923	-1037688.21	-869760.72	-1037812.227	3.1322
-778693.313	-997118.305	-778670.37	-996668.12	9.3395
-800209.26	-1067457.76	-800608.9	-1067009.36	6.6795
-754247.98	-1045748.46	-759136.529	-1047758.6	43.321
-733668.12	-1014744.36	-733621.226	-1014692.737	1.3948
-867678.05	-998459.66	-866860.328	-998552.66	10.9383
-779575.13	-976375.19	-777924.71	-976226.2	19.3873
-648995.43	-1058224.13	-648841.5	-1058041.29	7.2088
-789897.46	-1010678.27	-787882.07	-1011363.32	32.6308
-831193.859	-999203.224	-831033.022	-1000532.441	55.7119
-672392.3	-1065459.41	-671885.08	-1064660.9	13.2039
-744834.87	-1048200.68	-744453.21	-1047760.88	12.1105
-808440.439	-1030227.676	-809766.998	-1029119.163	20.223
-750377.052	-984570.46	-750218.82	-984501.81	1.9444
-858563.572	-1008640.2	-858316.24	-1008677.03	5.0406
-750394.144	-1005574.589	-750373.074	-1005566.807	0.5747
-734638.13	-974924.285	-736414.985	-973035.118	34.1664
-733803.798	-985254.066	-729566.13	-985317.67	56.7125
-741769.205	-1064506.716	-741766.996	-1064489.266	0.2339
-677862.51	-1016048.34	-678058.22	-1016224.03	3.0623
-675391.292	-1019425.013	-678058.22	-1016224.03	50.2589
-658394.989	-1065056.914	-658988.262	-1065359.861	13.7715
-701175.92	-1004128.59	-701332.32	-1004961.69	17.1957
-842868.84	-1002004.93	-842812.78	-1001987.65	0.6568
-715734.85	-1028532.58	-714807.73	-1027916.89	25.9524
-866212.348	-1049465.936	-866147.59	-1048867.78	13.9729
-732571.382	-1055125.922	-732551.961	-1055116.211	0.5189
-793153.111	-983230.444	-793170.24	-983172.03	0.709
-707680.002	-1079370.444	-709080.1	-1080880.17	31.746
-650579.818	-1078621.567	-650589.631	-1078457.129	1.8449
-695043.74	-988893.66	-695019.57	-988728.24	1.8576
-731697.787	-1086019.632	-732635.471	-1085666.116	13.5692
-804849.234	-1045543.833	-800393.896	-1046174.13	56.443
-645764.404	-1042735.256	-645727.305	-1042665.46	1.5819
-724881.914	-1065404.299	-724561.98	-1065478.333	7.0862
-822762.154	-1059353.561	-822653.638	-1059316.149	2.3773
-690566.15	-1055814.5	-690737.62	-1056009.16	4.3736
-648861.608	-1028973.579	-649004.93	-1028340.18	7.4535
-697686.311	-1037723.137	-697671.988	-1037727.436	0.3579
-705346.77	-1052287.05	-705269.645	-1054728.144	28.1083
-719505.542	-992802.08	-717194.195	-992150.664	39.2936
-773681.35	-1068461.09	-773691.55	-1068502.23	0.8551
-808225.379	-1014843.19	-807487.18	-1017041.32	31.6402
-685718.127	-1019089.813	-682430.78	-1018853.25	43.4593
-763227.89	-1072531.86	-763380.91	-1072715.19	2.7113
-760634.42	-1034959.18	-761681.41	-1037105.19	29.238
-753875.83	-1041685.1	-753600.19	-1041770.82	5.7841
-784053.28	-1047904.36	-782765.879	-1049651.404	47.647
-786897.49	-989063.07	-787231.58	-989358.37	8.9189
-823928.655	-1044099.604	-823858.552	-1043573.371	8.9238
-796209.77	-1049662.93	-796744.169	-1050356.163	27.5475
-740565.003	-1075583.468	-741446.68	-1074949.16	20.8606
-718121.73	-1038100.5	-715869.92	-1040181.649	35.148
-649159.42	-1037960.11	-648369.812	-1038391.511	10.237
-674926.25	-991125.09	-675357.972	-991934.632	11.0713
-641446.88	-1034905.08	-640566.277	-1033777.102	16.1181
-818342.922	-1049312.599	-818811.82	-1049475.91	10.6996
-640511.029	-1082738.275	-641558.455	-1081663.353	19.8123
-814250.59	-1042219.57	-814540.66	-1041755.27	7.6323
-678565.68	-1054345.3	-679172.1	-1053437.78	13.1086
-701312.21	-1063705.53	-701195.68	-1063753.9	2.5234
-672077.19	-1011036.43	-671179.76	-1011333.27	14.3543
-646358.425	-1071536.046	-644819.178	-1073393.316	28.45
-687528.37	-1043792.04	-685123.6	-1043129.11	27.9772
-825515.288	-1016140.978	-826193.15	-1016001.408	7.9773
-763350.3	-992817.46	-763141.96	-992584.68	6.2521
-738559.393	-1060558.556	-738576.608	-1060547.021	0.7339
-670055.86	-1000818.7	-669597.07	-1002026.89	15.831
-689525.338	-1046426.507	-689537.866	-1046430.53	0.2835
-684077.699	-1033039.805	-684859.623	-1032914.193	15.9539
-739283.4	-1047695.67	-738742.718	-1048731.333	29.3165
-746794.85	-1017330.327	-746787.335	-1017309.584	0.2926
-799534.342	-1038607.217	-799508.992	-1038479.43	1.4522
-667623.97	-1033602.94	-669456.93	-1033427.32	21.4786
-783270.84	-1064572.46	-783351.96	-1064711.49	3.2197
-772609.3	-1076770.52	-773306.16	-1076127.14	13.2811
-692939.02	-990204.98	-693256.551	-989791.023	6.3828
-645775.844	-1042677.613	-645845.051	-1042802.629	2.8589
-676222.02	-1057028.57	-676169.25	-1057074.54	1.4905
-668782.662	-1036107.387	-665277.647	-1035791.801	41.3239
-639945.564	-1087544.052	-641716.574	-1086901.577	32.6444
-781509.07	-1047399.61	-781791.85	-1046868.86	6.6885
-808198.273	-1023759.267	-807997.3	-1023995.28	3.6313
-770855.944	-1069628.976	-770572.788	-1067179.634	33.2358
-712625.01	-1079010.79	-712801.03	-1078872.18	1.7234
-791121.12	-978514.74	-791151.33	-978540.3	1.9057
-738384.6	-1034761.48	-739048.14	-1033896.2	21.9171
-700205.53	-1049396.229	-700502.25	-1049339.19	6.7005
-767432.3	-983270.12	-769283.265	-983580.511	31.7152
-741769.205	-1064506.716	-741552.15	-1064581.77	2.6926
-772530.856	-975898.01	-772331.46	-975915.98	2.2245
-810652.14	-991913.8	-810715.06	-991827.23	0.9756
-688958.37	-1008075.48	-688787.54	-1007956.6	2.9616
-660125.873	-1028254.54	-659312.896	-1030193.823	25.7691
-644574.533	-1038186.069	-644718.554	-1037970.142	2.9826
-654794.2	-1037390.1	-654719.39	-1037412.38	1.5611
-679029.09	-1001068.15	-680164.18	-1003734.49	64.8631
-813902.061	-1024065.431	-814942.43	-1022106.92	25.6091
-797594.76	-986146.4	-798085.15	-986328.76	5.8165
-656815.057	-1081622.732	-657232.552	-1083432.596	48.6405
-831124.176	-1037368.061	-829963.595	-1038299.624	17.921
-840507.259	-1070476.393	-840403.074	-1070447.272	1.6374
-824063.43	-1071420.72	-823245.745	-1071548.892	16.6519
-764873.57	-1004102.66	-766553.95	-1001801.89	34.5055
-640041.2	-1044758.34	-640439.987	-1043269.29	31.1389
-726626.685	-984499.349	-726600.6	-984492.426	0.7304
-735710.187	-1060683.266	-734422.781	-1059485.825	22.8377
-767438.13	-1012797.07	-764947.994	-1011560.44	35.3122
-822648.96	-1061866.51	-822653.638	-1059316.149	33.9987
-655219.841	-1011057.936	-653645.72	-1010375.37	22.7734
-644704.413	-1038555.288	-644574.533	-1038412.225	2.1819
-719771.92	-1004374.9	-719334.593	-1002927.581	27.2526
-687171.65	-1008606.97	-686911.15	-1008704.37	3.0902
-783570.89	-988845.43	-784998.81	-991020.33	36.5367
-841143.11	-1018832.66	-840433.73	-1018874.53	8.0376
-757101.05	-1067770.45	-756683.29	-1068529.86	13.027
-648037.819	-1045341.882	-649293.63	-1044451.85	19.0749
-708768.29	-1040762.91	-709197.168	-1039121.45	20.2281
-782818.71	-1003395.77	-782611.28	-1001090.23	25.7803
-732430.487	-1054769.329	-732492.83	-1054910.4	10.0713
-739299.15	-1029228.09	-738145.34	-1030593.02	28.8099
-881863.103	-1021865.019	-879867.594	-1020787.255	17.645
-696827.82	-1012290.25	-695101.87	-1011495.99	21.3833
-743391.442	-995400.328	-744036.04	-995306.13	16.6064
-772337.871	-1081854.175	-772312.553	-1081854.452	0.3148
-741898.86	-1047009.98	-742518.5	-1045924.19	25.3266
-674863.694	-1076462.292	-673775.041	-1076370.682	22.1766
-671256.5	-1032769.5	-671823.776	-1036449.887	42.5007
-749256.54	-1044624.59	-749097.12	-1045584.78	28.2978
-660469.16	-1014999.53	-660377.39	-1017385.64	39.2868
-814806.09	-1013848.04	-815246.72	-1013467.88	8.9816
-726644.58	-1011861.32	-725468.37	-1011185.65	15.9983
-816418.066	-1076253.124	-816447.694	-1077925.253	41.9778
-842369.133	-1046673.381	-844691.731	-1049062.371	42.6504
-806200.929	-1062531.738	-810719.239	-1064866.097	91.5983
-647949.802	-1063977.55	-648119.937	-1065264.0	26.4849
-663442.177	-1084581.588	-662462.515	-1084827.304	15.3007
-751059.36	-1010180.34	-752028.65	-1007752.13	29.1065
-844844.13	-1011374.13	-842791.18	-1011168.97	28.7566
-687422.664	-993904.781	-686872.828	-993897.459	21.1111
-746750.122	-981687.967	-747762.892	-981878.26	12.8552
-697606.343	-1037839.97	-697248.668	-1038787.04	21.9336
-746965.041	-1017374.599	-746991.912	-1017329.52	0.6036
-787917.19	-1061122.81	-787483.154	-1061959.579	18.8938
-726045.008	-980908.376	-726010.753	-980867.59	1.0653
-775931.861	-1014770.023	-775862.951	-1014698.686	2.8302
-677697.483	-990880.701	-676788.304	-991716.144	29.3067
-757110.445	-1047042.846	-757115.472	-1047055.704	0.3464
-788356.44	-1008594.32	-787694.63	-1006969.81	20.4626
-855694.41	-1046247.65	-855018.39	-1044644.42	24.7596
-792692.6	-1061893.44	-794503.91	-1062120.49	21.4325
-719949.29	-1077840.81	-720890.49	-1078565.08	15.4228
-707013.649	-1066206.357	-707194.39	-1067155.22	14.2303
-715081.37	-1007332.61	-716937.42	-1007933.48	33.6995
-663755.607	-1051422.114	-664626.215	-1052690.262	18.6306
-749858.88	-1050156.31	-749702.71	-1050186.84	2.7822
-785739.323	-976850.146	-787773.57	-978746.44	33.0473
-692418.005	-1046417.51	-692393.91	-1046471.76	0.6768
-729830.25	-1033130.7	-727749.77	-1033945.99	29.9814
-873364.742	-1015038.539	-869783.194	-1015873.868	55.592
-773571.182	-1068163.625	-772186.4	-1069039.25	20.5609
-725721.914	-1069587.758	-725744.18	-1069572.757	0.5459
-730954.25	-1028290.05	-729081.3	-1029275.1	24.0807
-728399.76	-1022448.7	-726885.05	-1020661.03	34.365
-788446.462	-990047.331	-788657.3	-989779.55	6.7403
-684373.94	-994673.519	-683735.771	-994863.405	15.9183
-684190.79	-1027277.101	-686599.315	-1026245.839	29.8574
-746148.845	-1007124.227	-744957.53	-1008093.73	17.3268
-781893.581	-1037032.955	-780721.85	-1035760.81	22.0677
-691828.6	-1064899.158	-691950.61	-1065160.608	5.8157
-790550.11	-1009049.625	-790045.962	-1008333.498	9.9455
-737221.62	-1036028.747	-737180.56	-1036101.54	1.6753
-742428.69	-1057042.01	-742437.62	-1057025.58	0.5124
-761907.571	-976770.73	-763264.3	-977132.65	28.4482
-642715.14	-1025985.37	-643738.9	-1027158.62	19.9629
-750036.931	-1005704.222	-750021.242	-1005725.692	0.8144
-688722.566	-1058549.16	-687691.147	-1057613.069	34.1211
-686757.86	-1059493.77	-686627.96	-1059580.54	1.7358
-790800.756	-991445.291	-790807.11	-991409.08	0.9567
-729237.237	-1080921.973	-727648.121	-1080709.565	19.7671
-664203.72	-1013240.89	-664041.83	-1013251.99	1.8032
-776487.38	-1076782.21	-778111.46	-1076900.66	26.7818
-790962.445	-1034475.468	-790952.09	-1034494.9	0.7406
-654059.57	-1034024.07	-650959.93	-1034803.46	38.813
-740981.82	-1040767.63	-741812.93	-1041316.18	23.8096
-750415.883	-992224.643	-750239.63	-989819.6	31.2246
-656769.01	-1048573.79	-663645.33	-1047815.73	59.0506
-739949.769	-1001962.629	-739242.345	-1001705.951	16.685
-642077.521	-1092336.307	-647466.17	-1093699.84	87.0986
-704178.924	-1008981.104	-704193.873	-1008993.01	0.4592
-677007.72	-1000843.96	-677020.49	-1000618.96	8.0158
-782154.75	-986473.19	-782736.302	-987635.37	14.802
-875917.851	-1021414.166	-876155.562	-1021359.829	2.8448
-779600.3	-972100.91	-779572.42	-972133.54	0.4822
-791304.19	-1038656.42	-788856.01	-1038690.79	28.5046
-840182.398	-1056753.095	-840168.712	-1056740.328	0.49
-777834.01	-980181.6	-776209.61	-979397.5	21.3616
-853021.11	-1010598.78	-854856.57	-1011412.45	24.2802
-731430.45	-1042100.23	-731552.55	-1042108.1	2.4471
-714659.241	-1048748.234	-715273.42	-1049983.72	15.6924
-824507.7	-1076400.89	-824311.496	-1076401.374	2.1806
-791114.2	-1019386.31	-791531.01	-1019221.8	5.1657
-792636.539	-1061564.639	-792653.91	-1061556.1	0.5049
-644855.32	-1030334.57	-644872.51	-1029746.97	6.698
-782921.24	-1054037.589	-780593.21	-1054091.28	28.1298
-864362.282	-1016657.851	-862394.689	-1017883.41	43.6833
-682236.742	-1091181.041	-682600.335	-1089721.639	20.5343
-789556.34	-1003330.81	-788981.45	-1005130.06	24.2067
-800662.705	-1059111.155	-801106.335	-1059646.571	8.2311
-641361.511	-1092462.084	-640426.525	-1091589.246	25.5856
-715004.37	-1003747.86	-715691.24	-1003004.78	12.0094
-696740.64	-1050853.74	-694827.08	-1052421.2	28.54
-795667.788	-985977.504	-796123.47	-986051.64	5.137
-826730.649	-1070790.848	-826755.049	-1070898.934	3.041
-708212.788	-1085402.243	-708041.22	-1085387.634	2.0731
-756996.81	-993384.67	-756178.87	-993320.65	9.1161
-784673.308	-1054472.311	-783553.147	-1058450.151	51.0224
-669517.02	-1013920.4	-669497.98	-1013920.47	0.3917
-807569.633	-1014178.413	-808211.018	-1014754.016	9.6091
-759056.26	-1033704.719	-759059.365	-1033686.955	0.4199
-685014.38	-1032689.79	-684859.623	-1032914.193	6.5346
-680658.134	-1067462.859	-680266.044	-1067450.627	7.896
-650153.63	-1026925.2	-650216.23	-1026314.9	7.4677
-714650.501	-1080175.546	-713092.63	-1079204.57	24.9408
-646416.591	-1068698.913	-646478.203	-1068568.501	1.7649
-751699.887	-986254.972	-750834.33	-987847.39	23.615
-807685.43	-990267.62	-806962.59	-989767.32	19.5397
-770168.015	-1057386.5	-770067.387	-1057302.856	1.4597
-756934.11	-1065837.4	-756662.9	-1065875.93	5.8932
-776744.647	-975479.767	-776666.55	-975479.07	2.1656
-734667.55	-1006388.29	-731469.808	-1006230.185	38.4559
-669365.819	-1036227.712	-669326.41	-1035475.04	9.6532
-728172.83	-1036863.76	-726701.24	-1036094.995	18.7144
-792674.46	-979701.73	-793186.073	-983160.595	42.2593
-839100.888	-993248.941	-839061.481	-993065.451	2.0856
-820159.666	-1026203.015	-820036.979	-1026366.183	4.5939
-755651.695	-991024.143	-755638.975	-991032.899	0.4428
-776696.195	-1034352.356	-776711.619	-1034332.795	0.5391
-841410.33	-1016492.513	-841341.273	-1016406.646	1.2255
-751658.12	-1038043.98	-751636.58	-1038056.78	0.7977
-674128.53	-1016623.03	-674729.5	-1016966.41	10.0344
-657159.238	-1024531.255	-655613.228	-1024420.374	17.6597
-643758.357	-1062705.563	-643740.101	-1062714.823	0.9718
-752334.938	-1043068.75	-752374.83	-1043146.66	1.7623
-831494.033	-1036682.579	-831124.176	-1037368.061	8.8552
-842356.181	-1017256.984	-841670.444	-1018144.384	12.4616
-741847.992	-1057274.004	-742063.155	-1057057.881	6.4259
-782254.663	-979211.743	-781165.18	-977555.19	22.9202
-645067.71	-1049645.3	-645105.96	-1049663.07	0.8548
-766233.713	-972616.784	-766214.59	-972635.192	0.3701
-678058.22	-1016224.03	-680218.73	-1016899.15	26.8541
-737800.99	-1023848.764	-737206.749	-1023015.723	12.2035
-747041.264	-1017634.962	-746918.125	-1017516.563	1.9027
-831791.806	-1029809.524	-832044.399	-1029065.65	31.4315
-710884.848	-1025926.968	-710892.404	-1025908.72	0.4462
-785862.88	-1018158.85	-784543.25	-1015416.38	65.7068
-639960.604	-1042280.486	-640017.94	-1042964.66	14.2293
-753237.68	-1041867.54	-752450.15	-1042833.73	10.4986
-648330.054	-1058407.276	-646928.349	-1057809.416	25.3721
-847103.331	-1070324.09	-847178.331	-1068827.432	16.8133
-776737.471	-1034379.852	-776714.575	-1034383.209	0.4975
-838864.168	-991542.112	-836254.049	-989704.778	44.3273
-791136.71	-1033573.92	-789999.22	-1029582.85	54.6294
-780690.837	-1009425.779	-780880.66	-1009150.77	3.9219
-684010.75	-1063877.72	-684424.781	-1065700.399	40.1365
-736753.35	-1038293.37	-736721.47	-1038267.28	0.8239
-644781.85	-1019489.29	-645067.326	-1018712.694	10.193
-751815.75	-1014127.69	-750676.86	-1010875.87	40.5311
-788150.0	-990375.94	-788144.83	-990291.65	5.0348
-706947.95	-1063003.73	-707084.08	-1063283.91	3.4715
-785874.31	-1045240.77	-789561.15	-1048395.93	83.5424
-719483.589	-1016406.002	-720032.57	-1016718.64	13.24
-736617.09	-1024933.33	-737800.99	-1023848.764	21.7109
-820469.461	-1007315.819	-820309.994	-1008044.434	16.1121
-691574.05	-997582.71	-692465.41	-996307.79	26.8055
-735617.1	-1020584.03	-734509.96	-1021489.88	16.2683
-730506.49	-1043283.22	-730458.67	-1043345.36	14.686
-866261.592	-1002064.318	-861494.852	-1000798.071	68.6316
-769866.22	-1053817.49	-766707.613	-1052278.382	27.8916
-682593.55	-1057225.8	-677073.236	-1057023.454	64.139
-789574.91	-1064106.02	-783489.42	-1061938.708	51.3985
-762685.372	-977846.601	-762487.54	-978758.49	17.7332
-743000.34	-1018311.31	-738491.09	-1020682.01	122.4565
-741678.677	-1028204.395	-740777.512	-1027762.545	20.4672
-882642.087	-1015832.189	-883593.847	-1017580.316	24.2869
-685568.523	-1071855.137	-683965.035	-1071510.03	19.9531
-814649.04	-1070090.53	-814637.5	-1069897.604	4.026
-767284.046	-1030405.057	-766999.39	-1030292.96	6.2056
-676545.294	-1071198.007	-675198.195	-1071371.947	21.0598
-777343.21	-973974.16	-777324.325	-973961.95	0.4926
-704510.14	-1069420.73	-703603.3	-1070228.96	13.7628
-796303.62	-1037484.85	-794659.195	-1039549.728	52.4443
-867178.859	-1001595.783	-866023.445	-1000937.373	15.9948
-754478.53	-1063405.59	-754225.14	-1063340.86	5.2331
-751893.901	-987526.245	-751699.887	-986254.972	15.8819
-709946.18	-1000726.775	-709961.951	-1000727.635	0.3852
-671513.114	-994230.191	-671278.77	-994714.42	15.0422
-700549.976	-1016985.471	-702421.28	-1015142.57	46.2774
-800458.83	-1005123.939	-800310.375	-1005008.813	5.9658
-771549.54	-982560.38	-772772.16	-981632.61	17.9205
-740981.82	-1040767.63	-740793.95	-1040702.31	5.6928
-722774.5	-1086079.5	-724018.519	-1087617.527	113.0614
-677459.533	-1091180.847	-677554.527	-1088695.803	30.0241
-767102.18	-989078.35	-767026.934	-988599.297	11.2319
-712059.61	-1018772.808	-712344.92	-1015969.21	33.0383
-845230.462	-1031772.156	-845202.589	-1031843.781	1.5371
-866511.434	-1007379.341	-866412.755	-1007295.052	1.507
-730212.23	-1055927.94	-730095.279	-1055932.911	1.3134
-783639.3	-1061919.5	-783532.06	-1061868.28	2.7202
-759516.3	-1015707.3	-759318.06	-1015367.68	5.5112
-765609.7	-990470.42	-765904.06	-990386.07	5.3178
-755007.66	-1046144.38	-755092.033	-1045687.374	9.6289
-763584.281	-996371.119	-764178.213	-995931.718	8.7387
-725756.82	-1080639.05	-724274.98	-1081959.74	22.6316
-667006.204	-1075075.738	-666720.53	-1075244.117	7.2373
-678047.049	-1087810.462	-678035.842	-1088468.6	7.3571
-681010.66	-998087.02	-681492.57	-998697.66	10.0652
-815971.38	-1064373.54	-816263.175	-1064382.149	5.8659
-652907.021	-1011415.196	-652196.12	-1011646.89	9.0065
-643547.547	-1062379.736	-643574.344	-1062389.511	0.8178
-737351.19	-1057924.427	-737358.08	-1057974.775	1.2611
-713290.45	-1029306.03	-714019.39	-1030869.42	20.6459
-734930.34	-1043352.34	-734987.129	-1043424.159	2.4013
-721544.88	-1026313.21	-724293.04	-1026433.46	33.0073
-673546.85	-1042976.667	-673440.367	-1043397.604	8.7781
-803595.72	-1041012.29	-800845.07	-1040057.81	37.2103
-655189.404	-1051871.198	-655182.379	-1051829.918	0.4653
-650365.17	-1017742.53	-651046.35	-1014975.04	44.1767
-765581.13	-1009982.57	-764772.972	-1010050.475	9.6778
-807972.849	-1018567.797	-811576.772	-1017603.739	51.3374
-697904.966	-1041996.604	-696821.837	-1044201.127	33.4653
-692138.97	-1053501.65	-693139.9	-1052017.28	20.5381
-652591.71	-1064360.351	-652605.739	-1064369.9	0.4177
-791840.28	-1069934.22	-791832.5	-1069959.04	0.5293
-851518.2	-1010751.166	-851658.317	-1010625.087	3.8267
-790637.26	-1060634.4	-790012.06	-1060982.27	12.0002
-776525.65	-975733.18	-776678.43	-975431.97	6.7554
-843931.125	-1074255.898	-845415.76	-1073378.13	20.4129
-777701.42	-1060876.17	-777136.27	-1059288.63	21.8384
-682033.32	-1045775.8	-682263.2	-1045314.88	7.1201
-807965.166	-1072493.025	-807951.231	-1072505.626	0.4405
-765164.638	-989534.881	-764837.642	-989035.083	7.4337
-700619.652	-1070088.575	-699826.15	-1069367.85	14.5098
-744982.633	-1021418.128	-743000.34	-1018311.31	125.5843
-735016.544	-973811.114	-733937.241	-972137.04	23.6961
-750021.242	-1005725.692	-749257.29	-1010057.03	56.8825
-650151.641	-1042705.927	-649679.88	-1041503.66	25.0931
-742335.39	-1026856.18	-741318.219	-1026828.168	21.0149
-731099.497	-1041271.31	-732051.83	-1040986.84	20.8272
-660193.355	-1090932.548	-658870.681	-1093727.726	36.4625
-711277.73	-1024644.39	-710785.11	-1024084.1	17.3265
-776434.28	-976007.81	-776369.209	-975951.979	1.9264
-644044.43	-1036806.581	-645557.515	-1036699.955	25.8353
-694056.52	-1014023.47	-693187.068	-1015097.222	17.9345
-874849.441	-1007985.653	-874312.717	-1007284.93	16.0183
-671829.67	-1073691.16	-670828.26	-1074758.31	17.0777
-769188.45	-1037631.87	-769243.19	-1037394.21	5.7652
-648369.812	-1038391.511	-647866.94	-1037895.92	11.3213
-736617.09	-1024933.33	-736897.47	-1026809.06	23.5005
-813476.289	-1065972.225	-813598.366	-1066082.57	3.3148
-693561.4	-1056600.7	-691882.63	-1055588.49	29.6965
-644165.523	-1059726.601	-643931.318	-1060759.431	21.4204
-829630.225	-1065454.87	-827686.949	-1066300.061	24.6786
-701618.13	-1053223.9	-701518.7	-1053203.9	1.1682
-652074.08	-1024611.04	-652123.08	-1024688.68	1.0257
-755956.61	-990921.9	-756545.25	-990581.42	13.6631
-753815.92	-975963.16	-751792.832	-975676.789	34.4905
-786898.14	-991274.68	-786222.78	-992025.7	11.3288
-756545.25	-990581.42	-756563.61	-990560.26	0.9481
-646849.159	-1084496.077	-646860.963	-1084552.205	0.6373
-643782.714	-1036881.502	-643687.778	-1034975.692	22.839
-783314.78	-1005296.41	-782818.71	-1003395.77	22.5764
-668596.42	-1026512.986	-668332.53	-1025413.37	12.9783
-697477.333	-1035907.731	-697518.488	-1035881.249	0.8534
-698225.61	-1063063.57	-697119.277	-1060869.356	28.8145
-812219.241	-1036962.531	-814978.285	-1036787.302	38.8784
-876360.227	-1021448.158	-879988.85	-1020805.55	30.1068
-704751.508	-1048567.281	-704737.523	-1048621.589	0.6257
-670493.82	-1074876.4	-669625.087	-1074589.714	60.1275
-681345.871	-1046738.944	-682033.32	-1045775.8	21.1561
-828142.339	-997312.657	-828019.303	-997044.751	5.2141
-661501.52	-1058410.07	-661199.843	-1057677.192	16.5692
-789555.135	-1064020.58	-789687.46	-1064102.65	1.9384
-825861.794	-1026578.558	-830311.214	-1027135.661	64.5424
-679257.94	-1038219.08	-679280.26	-1038094.26	2.5604
-730506.49	-1043283.22	-730570.9	-1042956.27	2.5634
-762669.225	-1039851.164	-762593.868	-1038824.962	11.5226
-771087.984	-1050192.956	-771068.06	-1050158.51	0.7959
-658882.42	-1011419.01	-658795.39	-1011722.96	3.6173
-794405.95	-1003945.91	-794212.96	-1004037.02	1.6417
-776368.4	-975487.15	-776387.54	-975479.38	0.4598
-648351.3	-1017818.92	-648420.53	-1016944.91	10.8724
-791767.762	-1034268.061	-794059.78	-1036805.73	48.1534
-672905.118	-1083829.117	-673583.4	-1084431.66	10.2584
-863895.585	-1041876.362	-863940.836	-1042221.619	4.0929
-676351.61	-1015305.71	-676879.59	-1014166.414	20.5237
-840551.637	-1070357.758	-840507.259	-1070476.393	1.5778
-822523.291	-1068631.884	-822489.045	-1069168.568	12.1325
-764974.33	-991600.96	-765196.17	-991442.12	3.0482
-755258.008	-1046325.019	-754869.91	-1046408.2	7.9937
-664104.224	-1047930.346	-662956.071	-1048677.243	16.2709
-755939.14	-1034460.74	-756982.34	-1032183.619	19.4854
-846571.19	-1058231.87	-847074.095	-1057602.076	9.2684
-865264.7	-1006922.21	-864649.983	-1006323.458	11.6457
-709945.145	-1000742.9	-709946.18	-1000726.775	0.3988
-653812.476	-1023484.643	-653846.459	-1023468.5	0.9548
-748217.911	-1030589.276	-747674.5	-1033325.3	32.7582
-678155.87	-1069138.538	-675640.02	-1070644.17	37.14
-695466.04	-999732.44	-693763.178	-1000271.218	23.2046
-843841.55	-1002700.27	-843918.16	-1002773.37	2.2493
-845783.24	-1007906.04	-846072.799	-1007934.831	3.4222
-773121.153	-974553.726	-772530.856	-975898.01	19.5805
-772312.553	-1081854.452	-772303.679	-1081833.637	0.2748
-721480.646	-1056896.706	-721472.343	-1056910.857	0.3937
-791324.55	-1023883.27	-790944.406	-1021661.805	27.6329
-780799.07	-998071.35	-781214.734	-998287.394	5.2051
-658622.933	-1059729.837	-657424.799	-1057490.718	33.3078
-645766.812	-1077440.453	-646565.498	-1077448.371	9.9484
-669423.182	-1060972.228	-669122.277	-1060861.011	3.7404
-665214.42	-1066320.27	-664710.698	-1068052.491	24.047
-661815.94	-1019747.04	-661677.75	-1019517.07	2.983
-654532.0	-1044940.38	-654226.65	-1044422.6	12.1927
-701596.83	-1012405.94	-701493.122	-1012267.925	3.4576
-770582.61	-973150.378	-769380.29	-972521.91	15.0804
-688948.56	-990840.02	-688782.75	-991454.34	7.3766
-764261.78	-997949.66	-763584.281	-996371.119	24.7083
-726016.3	-1037837.02	-724272.84	-1037388.347	21.1748
-658927.592	-1053462.142	-658334.737	-1052094.419	16.5949
-788049.75	-1006847.45	-787761.3	-1006940.55	3.368
-809415.74	-994203.69	-809385.58	-994210.66	1.4267
-740670.36	-985860.8	-740411.92	-987030.62	14.852
-768945.24	-980157.05	-767282.221	-980308.449	16.5574
-858009.186	-1049152.542	-858706.713	-1052325.586	43.6342
-645887.77	-1042954.814	-645764.404	-1042735.256	5.0369
-651301.86	-1057897.46	-651414.86	-1057894.12	2.261
-857397.986	-1066928.189	-847463.732	-1070394.531	87.4379
-782967.24	-1065482.01	-781276.156	-1065205.766	20.3189
-696821.837	-1044201.127	-695093.919	-1044393.153	19.5459
-712117.51	-1071221.702	-712241.19	-1070905.53	6.7902
-747272.377	-1064367.253	-747683.923	-1064691.835	11.8391
-644277.949	-1038606.572	-644149.596	-1038767.848	2.2977
-862138.977	-1025229.767	-860013.131	-1026158.307	38.5142
-762240.73	-1026225.87	-762115.67	-1026223.8	1.3903
-740377.782	-1074139.706	-740628.86	-1074654.03	12.4393
-703567.379	-1020096.168	-702853.68	-1021948.35	22.1384
-744488.19	-1041311.68	-751349.25	-1041115.938	139.7865
-719458.52	-1019522.39	-719458.421	-1019071.828	5.0608
-794127.69	-1003786.15	-795520.982	-1003368.997	18.4495
-792547.07	-975695.2	-791858.12	-976182.05	31.1711
-750373.074	-1005566.807	-750378.786	-1005549.152	0.4307
-734677.054	-970731.792	-733829.805	-969647.157	29.053
-700438.95	-1088340.9	-698428.52	-1089773.763	28.8566
-751460.039	-1074464.813	-751687.387	-1073721.144	9.5212
-701283.64	-1067708.34	-700694.83	-1067745.19	6.645
-754781.524	-1001917.383	-751747.313	-1007286.838	50.0813
-754895.68	-1063355.495	-754811.591	-1063320.883	1.8187
-736994.459	-1032378.053	-737019.67	-1032551.039	4.1828
-657761.727	-1064862.846	-658394.989	-1065056.914	7.3996
-819172.32	-1071709.66	-817485.111	-1070669.022	22.4324
-715074.63	-1040766.98	-714135.1	-1040635.74	10.6854
-762829.78	-987338.79	-762660.384	-984434.985	35.0725
-737608.164	-1050851.346	-737557.43	-1050809.91	1.4295
-792756.27	-1064989.56	-792559.55	-1065629.64	15.694
-647370.202	-1070293.104	-647353.082	-1070283.365	0.7899
-732450.31	-1054985.68	-732551.961	-1055116.211	7.9741
-677451.058	-1022228.31	-675183.93	-1021306.91	28.3469
-697320.24	-1023642.9	-695390.003	-1024767.071	26.0635
-728805.03	-1039018.55	-729906.312	-1038942.067	12.3869
-864700.48	-1059564.14	-863247.271	-1054696.134	130.0576
-840182.398	-1056753.095	-840183.754	-1056792.045	0.7916
-645504.97	-1076863.933	-645766.812	-1077440.453	7.0716
-769188.45	-1037631.87	-768899.02	-1037496.17	12.0062
-855649.83	-1035660.68	-857068.072	-1034191.237	25.6708
-730719.8	-1045394.6	-730433.77	-1043884.81	12.0167
-647401.8	-1028096.74	-647469.48	-1028188.01	2.2725
-694097.928	-1048485.249	-694503.77	-1049498.43	12.2853
-869335.04	-1015775.02	-869236.02	-1015892.63	3.4352
-804924.075	-989096.845	-804952.408	-989107.347	0.615
-753284.357	-1004660.27	-751804.13	-1004450.95	16.9931
-714132.725	-1073338.675	-714126.459	-1073423.687	0.9556
-682609.21	-1044783.43	-681943.75	-1042758.76	26.2607
-724422.035	-1041567.578	-724437.183	-1041554.406	0.2667
-757415.611	-994125.242	-756190.559	-993844.372	14.2997
-696714.09	-1009872.17	-698925.234	-1010862.723	33.1162
-761330.631	-994884.53	-761264.677	-994889.293	0.8021
-752483.391	-1077454.372	-750680.81	-1076644.15	24.3729
-692479.53	-1046283.14	-689840.591	-1046565.689	20.5026
-805541.115	-990403.576	-805529.791	-990380.262	0.6799
-754073.5	-1045920.14	-753724.11	-1045846.48	10.6225
-645440.32	-1052446.23	-645364.78	-1052486.63	2.0609
-648646.5	-1065164.625	-648859.67	-1066159.18	13.5379
-674920.11	-1092527.843	-675287.453	-1092727.547	173.1266
-781165.18	-977555.19	-781686.39	-976700.47	13.8892
-705224.412	-1082573.949	-704891.302	-1081539.256	12.3294
-879585.58	-1020819.82	-878764.562	-1022419.216	21.9732
-701009.58	-1089180.0	-700841.682	-1090047.888	67.8849
-796390.94	-1055155.03	-796967.21	-1053971.04	22.4746
-814392.773	-988063.794	-809067.59	-990874.41	79.3722
-719610.632	-1066956.199	-719134.73	-1068870.94	22.775
-700213.91	-1012677.63	-698847.622	-1012640.27	15.7939
-765174.24	-1037748.31	-765183.32	-1037756.4	0.2652
-702329.08	-1044460.32	-702392.08	-1045953.55	17.966
-694177.33	-1002782.15	-694222.409	-1002472.161	3.6114
-672055.54	-1039487.72	-671942.405	-1039583.898	1.6797
-670852.196	-1050857.433	-670263.038	-1053337.584	29.9504
-780724.916	-1009557.171	-780546.517	-1009551.238	2.1029
-691878.43	-1009643.53	-693161.08	-1007415.74	33.1263
-735378.68	-1040730.19	-735488.86	-1040504.8	5.1174
-646786.441	-1046280.427	-645970.479	-1043078.314	26.2866
-675086.81	-1006293.2	-674999.298	-1006664.392	10.5636
-823918.42	-1076379.17	-824123.41	-1076094.96	4.5466
-726367.226	-1053620.562	-726774.909	-1054699.946	13.4616
-724223.542	-1037385.671	-724221.372	-1037346.047	0.9077
-713092.63	-1079204.57	-713031.564	-1079710.978	6.4736
-648919.929	-1048245.544	-648166.53	-1047764.36	6.8853
-824668.188	-1060950.97	-822762.154	-1059353.561	36.2425
-702557.72	-1030313.19	-702807.89	-1029484.95	12.3197
-682674.341	-1028324.974	-682692.846	-1028346.69	0.317
-655326.012	-1024814.439	-655206.639	-1024478.076	7.3831
-784099.891	-975185.692	-785820.327	-976749.551	30.6006
-846262.964	-1072549.949	-845892.06	-1072257.44	5.2632
-678883.548	-1033468.819	-679251.22	-1033454.96	4.092
-784053.28	-1047904.36	-785021.6	-1045330.21	41.6857
-680978.05	-1051551.51	-681072.46	-1051644.97	1.5667
-645667.751	-1071370.708	-645265.831	-1071654.948	5.6025
-773231.21	-978427.34	-773248.94	-978418.24	0.5954
-775491.055	-988500.27	-775538.857	-986019.904	36.2432
-767346.246	-1040086.767	-766250.89	-1038585.87	24.7514
-836045.875	-1043452.688	-840037.09	-1044765.746	70.4112
-770537.784	-1010225.627	-766866.215	-1009933.771	41.4541
-660600.09	-1066370.54	-660064.183	-1068439.061	31.5588
-686703.625	-986566.091	-686476.08	-990166.38	61.6759
-663227.05	-1065826.86	-662258.351	-1067543.972	26.1958
-745920.493	-1052837.899	-746031.36	-1052928.029	25.1007
-751487.88	-1038347.8	-751592.776	-1038205.716	4.3501
-873151.075	-1009409.353	-873220.634	-1009452.022	2.0293
-759651.247	-1059692.039	-760447.14	-1059615.138	20.9321
-688328.881	-1046580.985	-689513.392	-1046443.612	28.4889
-753912.95	-1033138.8	-753916.336	-1032670.828	6.0928
-778474.61	-1058840.4	-778327.952	-1058733.938	2.4159
-692358.68	-1046574.8	-692295.411	-1046667.796	1.2943
-694503.77	-1049498.43	-696673.394	-1049950.353	29.5461
-794827.259	-986652.482	-794920.703	-986688.056	1.1359
-738037.11	-1005368.743	-740121.86	-1003622.47	36.3096
-700207.76	-1047783.05	-701483.77	-1047075.82	17.0771
-813245.666	-1017991.657	-814942.43	-1022106.92	50.9003
-642077.521	-1092336.307	-641605.123	-1092203.697	10.1815
-658424.33	-1064450.19	-658706.819	-1064884.091	10.8188
-759861.728	-1027256.302	-760986.04	-1026533.61	22.3653
-781414.81	-1012256.33	-779946.4	-1012986.89	36.8638
-792002.03	-1071349.26	-792604.39	-1071830.54	10.0872
-708393.03	-1085245.969	-709239.075	-1084687.83	12.1936
-796562.33	-980874.64	-796706.692	-980718.829	4.3601
-765863.36	-1026064.72	-765605.87	-1025824.37	3.9657
-767505.147	-1030465.416	-767305.477	-1030413.63	4.1448
-750027.08	-1005696.608	-750036.931	-1005704.222	0.2636
-670431.0	-1047137.14	-670302.753	-1047033.774	1.831
-872762.508	-995169.136	-871571.133	-995640.839	167.8005
-807985.91	-1047762.37	-808952.21	-1046616.25	22.999
-784696.252	-1027101.178	-784613.308	-1027026.831	6.8594
-787023.28	-1009846.62	-788356.44	-1008594.32	23.2559
-715825.398	-1040270.046	-715802.644	-1040275.867	0.5797
-851262.609	-1068848.27	-851363.483	-1068832.609	2.0418
-672648.861	-1053832.57	-671676.996	-1053675.005	11.1552
-692732.56	-1045939.57	-692580.496	-1046095.138	2.4558
-735035.64	-1031357.32	-734056.437	-1031412.866	19.6942
-781142.37	-1024346.29	-778138.73	-1024703.06	34.1706
-829918.574	-1070530.916	-831365.121	-1070584.323	16.3605
-700939.169	-1010810.479	-700850.258	-1010619.439	4.2177
-772803.63	-1017751.8	-774940.581	-1017890.853	24.0018
-882361.76	-1020912.45	-880457.418	-1019613.337	32.4757
-670190.15	-1047706.29	-669943.33	-1047802.91	2.039
-773554.847	-978844.404	-774137.11	-977853.18	23.2444
-668900.263	-1010304.089	-668653.807	-1010130.087	6.5753
-761165.56	-994823.376	-761091.924	-995027.082	1.6682
-682609.21	-1044783.43	-682523.68	-1045236.7	5.1259
-669466.252	-1013763.62	-669471.047	-1013784.39	1.1627
-751863.653	-979629.662	-751196.842	-979431.781	8.8211
-742533.36	-1045896.58	-742587.308	-1046018.625	2.7556
-680107.004	-1067418.19	-679630.205	-1067940.403	14.1897
-663846.34	-1076975.045	-662825.369	-1081498.459	53.647
-660661.6	-1069779.97	-661168.88	-1070300.5	8.2938
-654988.369	-1070998.936	-653540.239	-1071735.365	20.634
-788856.01	-1038690.79	-788045.69	-1038570.688	11.0029
-716401.15	-1060900.03	-717088.02	-1060102.5	23.6786
-700850.258	-1010619.439	-700834.385	-1010509.411	3.3071
-728436.074	-1061012.176	-728655.924	-1060908.631	2.8229
-723719.755	-987123.519	-726313.87	-985563.72	35.168
-765196.17	-991442.12	-765681.525	-990725.693	10.0817
-771589.277	-973799.939	-770825.356	-973347.704	10.1682
-838376.918	-1004698.806	-838369.06	-1001460.2	75.525
-677292.61	-1004621.31	-678849.04	-1004521.86	19.0152
-666720.53	-1075244.117	-666788.659	-1075535.744	6.657
-639960.604	-1042280.486	-639819.948	-1042245.718	5.869
-864470.66	-1014864.14	-864660.78	-1015185.63	7.5771
-645887.77	-1042954.814	-645518.759	-1042729.318	9.5203
-748140.66	-1005344.116	-748162.565	-1005349.258	0.5885
-871076.13	-1046023.98	-873089.601	-1046057.481	87.4233
-734924.513	-978114.676	-734179.118	-976020.254	25.8601
-849181.34	-1044137.53	-847352.14	-1046359.12	44.122
-824026.79	-1073771.599	-824013.0	-1073699.3	0.8666
-773107.31	-1004082.68	-772708.64	-1004795.07	9.963
-847631.984	-1026209.072	-850635.225	-1022379.352	56.9204
-657007.24	-1069561.841	-657405.41	-1068717.74	10.404
-807952.239	-1072477.849	-808157.36	-1071439.843	22.5906
-797625.12	-1013152.09	-795999.57	-1013472.36	57.9627
-754526.906	-1063536.551	-754453.681	-1063515.296	1.535
-758846.34	-1054643.86	-759343.85	-1055717.92	14.0256
-679703.97	-1011880.87	-680458.8	-1011176.49	11.7588
-709548.831	-1013318.313	-709205.78	-1011739.13	21.3561
-775736.2	-1064261.9	-776364.77	-1062821.26	18.6285
-806200.929	-1062531.738	-806580.366	-1062053.822	12.6169
-643351.07	-1073096.02	-644363.219	-1074429.349	19.6217
-717024.88	-1028516.25	-719358.41	-1030469.28	23.4137
-876134.38	-1021131.71	-876124.29	-1021139.59	0.1722
-849869.602	-1048792.886	-848819.369	-1047955.088	16.7432
-719738.436	-1066678.565	-719610.632	-1066956.199	9.0064
-781656.319	-1060949.682	-781669.484	-1061354.464	4.7187
-822013.873	-996448.627	-822224.908	-996407.815	2.6917
-806461.312	-1072615.239	-806475.01	-1072614.425	0.3414
-688883.932	-1058199.578	-688732.223	-1058533.682	7.5167
-808708.01	-1000773.94	-808575.344	-1000665.039	1.9085
-675241.22	-1000267.97	-673848.98	-1000552.98	21.0608
-751081.699	-983234.876	-751028.92	-981540.47	20.6321
-647971.86	-1063967.988	-647949.802	-1063977.55	0.5917
-737378.41	-1051200.73	-734833.8	-1053003.25	35.0346
-800608.9	-1067009.36	-804737.03	-1062302.394	86.2273
-758836.53	-1033845.27	-759056.26	-1033704.719	5.2174
-747889.099	-1030600.482	-747306.301	-1028328.545	29.006
-789753.24	-1064120.66	-789709.144	-1064199.061	1.2656
-819511.67	-1075826.07	-819588.885	-1075793.762	2.4558
-739856.55	-1048772.52	-739172.11	-1048818.336	13.8726
-769100.28	-1034464.36	-769389.42	-1033348.2	13.2746
-677452.67	-996678.42	-674315.48	-997936.62	44.601
-887693.209	-1018971.361	-887588.336	-1017002.628	28.5329
-728996.04	-1005550.439	-728571.644	-1005629.372	4.8999
-685424.56	-1032839.43	-686288.658	-1034859.718	27.1595
-648563.304	-1072847.197	-649162.702	-1072381.248	8.5175
-803234.05	-1000504.67	-802861.71	-1001269.784	13.2518
-786429.169	-985671.17	-786504.24	-985626.52	1.796
-778937.795	-1029962.107	-778803.67	-1029766.5	4.7462
-663061.438	-1022726.344	-661815.94	-1019747.04	44.6876
-835023.352	-1038205.577	-834866.785	-1038392.737	2.7241
-806814.361	-1057381.18	-809714.232	-1056420.091	43.3786
-778981.648	-981746.448	-779063.45	-981850.24	2.6431
-816858.775	-987381.333	-818230.1	-984913.28	35.0714
-659288.519	-1008355.189	-659300.865	-1008357.932	0.3191
-689214.05	-1020423.947	-685901.05	-1019332.07	54.3543
-771139.03	-1003724.68	-771256.68	-1004227.34	6.7508
-812826.87	-1005193.35	-812613.446	-1005240.202	2.428
-735859.82	-1031839.76	-734199.75	-1031885.47	19.8397
-822593.74	-1069482.0	-822396.22	-1069384.95	5.3983
-657177.89	-1027416.55	-655721.4	-1026706.88	23.6165
-659098.75	-1009155.77	-655915.64	-1010865.18	47.9584
-735658.926	-1031187.02	-735677.204	-1031198.34	0.5268
-784998.81	-991020.33	-783623.3	-991692.49	18.4441
-754478.268	-1002091.131	-755025.976	-1001778.306	4.8631
-649281.836	-1061781.562	-649269.117	-1061763.106	0.5477
-656067.747	-1048723.149	-655883.891	-1048425.175	3.8932
-768977.62	-1034588.88	-767141.08	-1033645.5	23.7
-654724.454	-1031065.877	-654626.586	-1030590.14	5.6775
-804992.853	-989111.787	-805000.518	-989097.218	0.3881
-721515.93	-1016968.04	-720744.89	-1017999.41	15.174
-766803.76	-1037074.27	-766794.91	-1037066.09	0.2867
-750079.66	-1033913.28	-751596.74	-1033037.27	20.7343
-682386.51	-1045201.04	-682523.68	-1045236.7	1.5958
-752136.14	-1042822.68	-751603.929	-1041232.075	13.0549
-776655.935	-975605.359	-776656.257	-975645.026	2.311
-887777.614	-1019985.955	-887560.516	-1019868.019	2.902
-805133.389	-994169.159	-805259.48	-994166.93	2.5901
-747041.264	-1017634.962	-747318.87	-1017001.64	7.7363
-752690.62	-972236.13	-752952.03	-971384.738	19.1153
-673270.08	-1043444.385	-669535.23	-1044445.601	42.9936
-812119.815	-1017145.01	-813245.666	-1017991.657	16.276
-728836.996	-1077840.299	-728849.261	-1077896.152	3.82
-674087.966	-991095.283	-674100.64	-991599.67	44.9629
-829774.868	-1072801.654	-829800.781	-1072833.673	0.5108
-741471.85	-1019735.03	-738491.09	-1020682.01	36.0765
-652788.52	-1024989.77	-652123.08	-1024688.68	10.0183
-704453.1	-1014660.56	-704896.61	-1014942.03	4.0542
-737298.622	-1057931.764	-737351.19	-1057924.427	1.3882
-759694.68	-976470.55	-758080.6	-977733.33	50.3416
-769519.22	-1080204.5	-770262.821	-1080426.88	9.1597
-710240.621	-1036353.305	-706685.6	-1037092.63	44.239
-762853.52	-1061995.16	-763618.94	-1061358.01	16.3771
-848715.44	-1050724.55	-848771.631	-1050724.211	1.1238
-647598.453	-1070426.818	-647345.533	-1071014.407	13.0731
-699629.87	-1055317.49	-699196.5	-1055916.06	10.0048
-830303.18	-997579.08	-831240.458	-999151.728	44.1014
-742545.072	-1015029.101	-743374.6	-1015246.99	9.791
-716425.506	-1057311.845	-715946.22	-1057343.1	9.6065
-648646.5	-1065164.625	-648566.084	-1065178.916	1.6336
-722222.22	-997971.0	-725453.136	-998817.093	88.6171
-865156.072	-1016055.06	-865272.948	-1015986.292	2.7223
-670833.536	-1070603.537	-670881.948	-1069497.115	24.3014
-709135.278	-1086147.785	-711374.99	-1085861.61	25.7275
-766752.906	-981642.493	-767019.3	-982605.74	13.1097
-817594.573	-1036995.655	-817623.148	-1037014.96	0.6897
-711131.66	-1011675.56	-711094.626	-1011664.817	0.4288
-759244.033	-1068497.749	-759142.75	-1068600.375	1.6375
-783351.96	-1064711.49	-783872.32	-1065262.31	17.0838
-706685.6	-1037092.63	-705454.27	-1037701.34	17.7062
-702667.689	-1022336.44	-702017.25	-1023575.44	16.3817
-847352.14	-1046359.12	-847324.257	-1046292.378	0.8955
-788405.81	-990185.11	-788446.462	-990047.331	2.8857
-782979.14	-1007118.42	-782026.167	-1007397.616	20.7448
-776634.42	-1027612.8	-774109.779	-1027302.216	33.5578
-754059.77	-1046108.69	-753858.425	-1046002.964	4.6791
-802665.56	-986793.53	-804600.045	-988821.064	33.366
-686413.35	-990741.71	-685505.55	-990812.11	14.0558
-882622.57	-1021971.004	-883757.002	-1021715.412	8.9852
-874849.441	-1007985.653	-878042.415	-1004389.221	90.1655
-669497.98	-1013920.47	-669486.06	-1013907.47	0.3672
-773808.417	-1047373.8	-771084.12	-1044639.87	51.8654
-772523.117	-1081971.363	-772404.43	-1081947.67	1.5461
-787651.31	-989675.49	-787424.51	-989781.65	5.6484
-810760.28	-991750.83	-814420.08	-988131.19	72.2768
-709955.586	-1000746.529	-709945.145	-1000742.9	0.2399
-660240.66	-1003312.06	-660596.22	-1003097.49	4.6957
-739011.19	-1040229.08	-738890.244	-1040092.129	10.9248
-847235.691	-1007495.607	-847170.479	-1007441.499	0.9415
-760105.85	-976644.44	-760266.0	-976457.688	5.0761
-757097.594	-1032250.122	-756802.63	-1032153.56	3.4492
-682911.605	-1089391.638	-682615.938	-1087826.567	17.995
-885893.23	-1020667.615	-883700.873	-1019663.734	28.5102
-753698.5	-1066634.56	-753877.82	-1066653.36	4.1183
-776572.98	-975967.95	-776316.188	-975779.5	7.4529
-696417.162	-1054119.286	-696930.45	-1054809.26	9.659
-764436.4	-977167.332	-764426.058	-977139.381	0.6456
-650798.66	-1020546.9	-649268.93	-1019995.56	18.5656
-781509.07	-1047399.61	-778604.682	-1048733.957	35.5502
-766626.437	-972314.671	-766952.821	-971853.213	6.2803
-838402.846	-1065280.683	-838418.981	-1064292.207	12.4866
-758416.97	-970988.03	-759505.373	-970185.822	15.2501
-639884.649	-1068454.388	-639989.465	-1068443.161	10.263
-752716.919	-1009641.85	-751059.36	-1010180.34	19.6829
-647949.802	-1063977.55	-647953.556	-1063944.924	1.2032
-784289.205	-1026790.087	-784268.435	-1026788.976	0.4773
-823997.083	-1031074.688	-823993.2	-1034841.931	76.557
-884612.115	-1021810.074	-884584.089	-1021818.952	0.4685
-768447.69	-1028149.04	-768419.55	-1028090.41	1.3019
-730531.813	-1057439.07	-730564.38	-1057446.88	0.3721
-859296.61	-1031466.39	-860160.79	-1029930.809	24.0288
-809067.59	-990874.41	-808753.15	-991205.09	9.1954
-760864.513	-1000583.034	-757012.059	-1000191.644	43.5971
-880151.53	-1017056.729	-880106.128	-1017037.521	0.5478
-866570.558	-1040967.68	-864577.617	-1039218.412	52.7813
-760604.3	-1013328.54	-760003.88	-1013059.59	7.3409
-845398.449	-1044515.837	-846070.357	-1044381.777	9.6936
-690247.146	-995050.618	-690242.41	-995107.0	0.6333
-731145.825	-1053372.089	-731354.323	-1054921.893	19.1756
-646362.235	-1071521.322	-646157.913	-1071175.528	8.3208
-812576.94	-1013960.82	-812896.76	-1013097.99	10.5276
-699321.98	-1074296.04	-699291.53	-1077338.05	37.2727
-808859.77	-1004533.06	-808775.884	-1003795.998	9.2157
-659466.97	-1008885.9	-658882.42	-1011419.01	46.7611
-841116.01	-1031187.07	-841612.48	-1029097.62	62.247
-701864.5	-1027910.07	-702777.85	-1027874.37	28.0561
-773723.726	-1016297.862	-775931.861	-1014770.023	21.5902
-734657.59	-1033417.9	-734560.737	-1034385.235	19.5965
-795581.52	-1003424.16	-798811.049	-1001939.102	39.6416
-673583.4	-1084431.66	-674053.53	-1083790.15	9.0384
-662153.973	-1068753.801	-660064.183	-1068439.061	23.6696
-757098.591	-1047047.502	-757110.445	-1047042.846	0.3076
-699196.5	-1055916.06	-699352.38	-1057446.86	19.0139
-683485.717	-1066495.028	-683505.878	-1066498.52	0.4705
-720073.289	-1071319.818	-720117.76	-1071251.49	0.6271
-746947.0	-1017091.25	-746965.041	-1017374.599	3.8587
-754170.984	-982983.49	-753093.273	-983301.577	16.1776
-759505.373	-970185.822	-759541.615	-970262.409	0.9457
-760144.97	-1011847.89	-763051.01	-1010558.8	37.7564
-644447.233	-1038261.923	-644318.761	-1038051.714	2.7803
-745964.59	-1022943.18	-745978.025	-1022943.676	0.298
-643049.81	-1024267.01	-641679.37	-1023333.67	23.2686
-727438.719	-1062037.833	-725979.904	-1063751.37	39.7969
-710938.84	-1049923.0	-710182.35	-1049300.4	12.5608
-762993.042	-1036759.664	-761681.41	-1037105.19	17.5469
-647185.92	-1043354.23	-646328.303	-1042747.946	11.6906
-712204.06	-1019056.16	-712059.61	-1018772.808	6.3887
-773086.402	-978766.973	-773198.18	-978453.94	7.2755
-680353.748	-1082497.976	-678596.625	-1082820.423	24.9221
-687171.65	-1008606.97	-687068.48	-1007962.774	13.1761
-760693.291	-1033875.884	-761207.79	-1034014.75	5.9256
-639822.083	-1043110.517	-639956.58	-1043068.73	11.1493
-842891.95	-1010664.03	-841795.204	-1010891.984	13.6238
-647876.97	-1093900.63	-647923.93	-1094532.48	7.2089
-723479.16	-1003385.98	-726309.65	-1005617.59	64.7441
-678047.049	-1087810.462	-679247.175	-1087907.718	14.0163
-743703.125	-1025022.688	-743575.018	-1025210.438	4.5875
-792625.32	-979606.04	-792674.46	-979701.73	1.1981
-645846.83	-1036798.13	-645557.515	-1036699.955	6.4497
-733563.58	-1053923.28	-732591.292	-1053824.167	19.8716
-781254.31	-1068262.15	-780713.7	-1068654.21	7.8348
-709945.145	-1000742.9	-709158.077	-1001193.512	22.1702
-831841.063	-1024543.551	-832441.61	-1024564.49	6.6768
-776401.408	-979320.987	-776179.99	-979470.54	3.0221
-854925.579	-1011335.927	-855036.52	-1011397.23	2.9131
-749242.33	-1044511.21	-749256.54	-1044624.59	2.2874
-653279.646	-1022982.362	-656153.82	-1021977.87	55.7121
-692580.496	-1046095.138	-692629.241	-1046029.703	0.9284
-701061.351	-1010492.143	-701164.592	-1010397.339	2.8148
-702329.08	-1044460.32	-703440.6	-1044823.18	13.2264
-767940.059	-1080699.253	-766339.96	-1080322.38	28.393
-702499.68	-1071902.7	-702046.11	-1071741.6	5.5231
-776711.619	-1034332.795	-775574.553	-1033623.234	30.368
-762838.747	-1028415.402	-765278.0	-1028005.63	51.9628
-703487.682	-1089002.434	-703550.361	-1088756.538	1.952
-697656.66	-1053658.25	-697797.7	-1053567.25	2.4179
-754248.45	-997021.37	-755855.912	-995499.119	33.1649
-646644.983	-1068689.468	-646669.286	-1068695.164	0.342
-723882.82	-1021668.55	-721976.127	-1020248.353	37.4714
-753815.92	-975963.16	-753461.559	-974339.895	61.2615
-735161.18	-1040923.29	-734517.46	-1041013.28	10.2872
-690789.28	-1055998.43	-690737.62	-1056009.16	0.5863
-702747.23	-1018674.96	-701933.768	-1018659.443	10.9243
-811942.127	-1065484.031	-812396.788	-1065188.615	6.5414
-771884.49	-1066599.35	-773240.26	-1065794.28	20.1947
-731996.41	-998262.67	-731289.347	-998442.003	11.2512
-769898.313	-1034656.295	-770954.56	-1034522.777	23.3234
-801278.029	-1013124.806	-803282.683	-1012488.552	28.7342
-833778.651	-1072472.294	-833813.423	-1072429.324	0.863
-689389.55	-1041615.82	-689416.53	-1041345.84	5.465
-720073.289	-1071319.818	-720011.75	-1071233.346	1.3716
-800495.161	-978110.673	-802784.597	-977214.719	33.2865
-669134.93	-1002948.15	-668845.316	-1003441.49	12.0885
-673103.375	-1012159.25	-673065.66	-1012180.91	0.8698
-698771.08	-1081531.451	-699228.75	-1084220.74	58.5222
-757900.28	-991078.62	-757882.5	-991091.75	0.298
-749120.289	-990973.438	-748963.84	-990711.37	3.3998
-679741.72	-1010278.02	-679781.5	-1010354.11	11.0974
-784323.73	-1006892.02	-783314.78	-1005296.41	21.0081
-653680.66	-1007828.78	-653736.225	-1007576.657	11.791
-869348.34	-1019589.98	-869448.36	-1018125.62	25.0266
-714685.022	-1069750.904	-713596.42	-1070205.29	27.6423
-721472.343	-1056910.857	-721440.643	-1056896.976	1.2173
-652274.886	-1066104.592	-651339.498	-1066525.743	14.8369
-670464.738	-1071072.651	-669237.85	-1071413.68	14.9567
-861192.21	-1005818.49	-861128.379	-1005824.81	0.7145
-722247.869	-1041388.495	-722238.651	-1041371.728	0.2915
-713461.529	-1057701.511	-713318.64	-1057596.11	3.5943
-668300.58	-1045107.33	-668266.098	-1045163.806	1.3451
-784613.308	-1027026.831	-779046.215	-1029571.411	50.8141
-666540.647	-1070261.263	-667580.854	-1071084.734	16.1804
-700237.043	-1054401.725	-701143.14	-1055185.74	25.4907
-827627.983	-1065980.046	-827686.949	-1066300.061	6.6853
-673264.643	-994341.451	-675164.0	-992953.53	43.4632
-756216.449	-1043874.105	-756958.69	-1044056.74	17.5254
-695648.89	-1038421.25	-695525.99	-1038429.14	1.4116
-792713.08	-994913.79	-788872.45	-997502.602	58.3479
-851078.489	-1018209.76	-850960.186	-1014908.947	53.5529
-740361.66	-987432.43	-740411.92	-987030.62	9.5079
-804204.364	-1015322.504	-802459.515	-1014326.771	26.6169
-819582.875	-1075697.375	-819567.0	-1075685.25	0.4864
-867902.159	-1006942.079	-867876.413	-1006927.398	0.3914
-759487.57	-1004337.58	-761119.495	-1000997.084	73.0813
-727802.84	-1023207.34	-726689.83	-1026631.446	50.8539
-736333.4	-1081373.52	-736689.21	-1080041.06	18.4827
-776387.54	-975479.38	-776091.86	-974206.31	15.391
-680256.859	-1067463.219	-680243.275	-1067444.876	0.7355
-805117.21	-995960.29	-805449.757	-996900.841	11.3869
-736414.985	-973035.118	-736741.105	-973060.952	4.4072
-751400.001	-1045798.738	-751284.51	-1045846.232	2.7932
-877281.783	-1023219.796	-877286.626	-1021488.591	22.1265
-769382.87	-990174.37	-770746.85	-990883.12	22.1529
-790637.26	-1060634.4	-790053.6	-1059337.48	15.9671
-753144.283	-1019290.304	-752741.46	-1017317.94	22.6023
-737329.67	-1035835.62	-737024.99	-1036287.62	6.0798
-696412.988	-986870.134	-696398.86	-986594.61	3.101
-822338.15	-1022359.13	-821865.352	-1022146.499	6.1332
-826325.4	-1047991.61	-826695.7	-1046988.145	12.1112
-763206.265	-1083508.236	-765353.59	-1080221.63	86.7571
-756770.213	-1065375.482	-756844.741	-1065253.931	3.4679
-680184.437	-1024783.66	-679164.725	-1024308.852	16.686
-652693.444	-1028466.555	-652444.32	-1028726.62	4.0017
-765106.286	-1060529.073	-766384.884	-1060137.681	19.5285
-716142.935	-1064705.901	-715849.855	-1067543.626	39.5184
-762990.67	-1017658.57	-761383.292	-1015001.54	34.6408
-695962.77	-992333.25	-695463.99	-991622.97	9.6849
-760447.14	-1059615.138	-761068.2	-1059492.78	20.9007
-728238.84	-1027416.73	-729694.704	-1025204.159	71.028
-784665.876	-1007701.217	-784354.602	-1007709.4	3.4652
-767662.53	-981154.36	-766752.906	-981642.493	12.7563
-700237.043	-1054401.725	-699629.87	-1055317.49	12.6688
-760349.589	-988703.119	-760366.64	-987873.39	9.7934
-779038.47	-1029561.661	-784288.839	-1027120.132	48.2322
-770494.286	-1053928.15	-773585.129	-1055782.565	28.5867
-765269.55	-1061964.842	-765293.39	-1061827.9	1.5555
-784199.89	-1065298.81	-786505.52	-1066825.13	32.1234
-787060.19	-989261.78	-784998.81	-991020.33	42.6455
-782560.95	-1028351.4	-784268.435	-1026788.976	26.5906
-807087.86	-996251.48	-806963.57	-996427.91	2.7652
-776164.42	-977575.59	-776389.105	-977198.922	10.0188
-819391.504	-1042895.331	-821163.064	-1040511.731	70.377
-703567.379	-1020096.168	-700575.05	-1020715.85	39.4547
-771129.77	-1013837.5	-771409.02	-1011313.29	28.7518
-668570.513	-1008622.189	-668127.32	-1007452.69	14.7372
-688387.54	-1023531.44	-687058.38	-1025912.7	37.4763
-653629.213	-1024181.643	-653654.524	-1024225.887	1.1185
-640061.58	-1043028.02	-640457.476	-1043228.455	9.4909
-701201.77	-1010349.33	-701716.99	-1010012.84	12.3257
-670591.351	-1068779.942	-669692.44	-1068140.09	13.201
-688204.498	-1045604.069	-688351.24	-1045429.23	5.0265
-841670.444	-1018144.384	-841410.33	-1016492.513	27.3238
-765271.33	-1038248.14	-765168.47	-1037772.7	10.9323
-829202.567	-1059275.791	-829250.68	-1058476.11	9.3946
-655487.301	-1082266.333	-655546.801	-1084139.926	27.4761
-754368.65	-1063473.26	-754225.14	-1063340.86	4.2493
-867441.345	-1002735.791	-868041.697	-1002230.454	9.2171
-865689.492	-991806.891	-862451.551	-989807.102	56.3924
-647790.847	-1067393.64	-647880.34	-1067696.773	6.4995
-849513.93	-1008292.36	-848549.27	-1008367.37	20.024
-644237.59	-1084047.54	-645473.846	-1084218.04	16.7933
-753237.13	-1041854.936	-753384.83	-1041809.36	1.1901
-773437.1	-1067513.94	-773571.182	-1068163.625	13.9641
-748963.84	-990711.37	-747671.952	-990070.094	17.0254
-750617.781	-1076624.699	-750625.795	-1076596.379	0.3336
-685775.306	-1008252.372	-686593.53	-1007380.87	14.7125
-757608.017	-1040053.534	-757855.65	-1040223.969	8.5864
-804263.349	-1031449.801	-801061.994	-1032382.651	38.8714
-645570.393	-1042290.671	-645685.415	-1042500.373	2.6622
-757012.059	-1000191.644	-756634.32	-999950.65	10.5834
-742481.38	-983608.42	-741438.097	-984864.973	18.8096
-681529.022	-1022174.331	-683331.887	-1021783.553	23.4453
-694676.06	-1062700.39	-694785.121	-1062521.895	2.3248
-739324.81	-1048782.878	-740088.274	-1048662.678	16.0333
-718889.95	-1006082.01	-718947.25	-1005997.56	1.1348
-655607.26	-1048587.63	-655812.1	-1048450.58	5.3581
-788477.217	-1013950.601	-788497.064	-1013954.972	0.5866
-727547.636	-983761.853	-727533.57	-983771.26	0.3384
-669625.087	-1074589.714	-668960.1	-1074642.45	13.9285
-732608.251	-1056995.402	-732788.99	-1056914.48	4.0278
-767138.17	-980622.421	-767241.0	-980439.39	2.6611
-684496.2	-1065703.32	-684424.781	-1065700.399	1.4296
-640988.613	-1069351.753	-640839.104	-1070655.431	22.4805
-712002.982	-1034390.585	-715062.318	-1036305.579	50.2744
-810633.478	-1066041.128	-811681.231	-1065758.167	12.487
-757564.373	-1039753.091	-757602.58	-1040026.348	3.0674
-702114.812	-1043261.196	-702329.08	-1044460.32	14.1232
-698194.99	-1034920.52	-698247.6	-1034623.78	6.0603
-790841.527	-991416.733	-790800.756	-991445.291	2.2375
-814235.79	-1004758.79	-812826.87	-1005193.35	16.4391
-783244.85	-1011887.99	-783625.48	-1009898.28	22.8765
-802861.71	-1001269.784	-802728.095	-1001775.969	10.6647
-822396.22	-1069384.95	-822828.862	-1069529.776	13.6196
-725019.592	-1035314.128	-725039.921	-1035332.008	1.8593
-685232.746	-993710.463	-685133.178	-993721.288	2.0031
-772541.83	-980125.34	-772686.635	-979904.72	3.1636
-759887.37	-972841.89	-759850.619	-972865.737	0.8796
-652384.421	-1032220.303	-653653.858	-1031493.301	17.9691
-693305.03	-1004407.28	-692416.863	-1004296.387	20.6703
-824094.906	-1069738.914	-824839.115	-1069927.949	15.4051
-727294.932	-1054418.92	-727026.639	-1054719.235	8.0556
-735808.48	-1009613.24	-736050.663	-1009638.721	4.9129
-700006.43	-1023097.54	-698173.226	-1023945.333	25.4964
-848950.995	-1010127.127	-849099.645	-1010295.279	7.1296
-656218.933	-1033673.179	-659721.31	-1032357.81	52.9514
-766744.49	-996216.03	-766350.084	-995474.104	30.6103
-648343.932	-1058416.838	-648320.15	-1058431.014	1.0716
-757900.28	-991078.62	-759601.922	-991807.613	21.4798
-653082.09	-1010352.41	-653126.72	-1010249.25	2.2763
-696258.275	-1045456.41	-696029.39	-1045481.76	1.7714
-645895.34	-1082488.863	-645277.476	-1083572.424	19.1866
-757922.63	-1027951.45	-759861.728	-1027256.302	31.863
-644666.797	-1038327.29	-644574.533	-1038412.225	1.5585
-641629.526	-1037040.407	-641686.67	-1037076.0	1.479
-778849.38	-1029617.777	-778900.318	-1029531.5	2.8356
-754384.573	-976431.956	-756035.714	-978645.227	62.9365
-754537.15	-1035708.28	-754607.573	-1035644.477	1.9005
-765572.3	-1028412.02	-765278.0	-1028005.63	10.5641
-649428.98	-1060875.631	-649209.144	-1061099.602	7.0826
-702142.2	-1009771.98	-701765.41	-1010006.88	8.9677
-805526.666	-1063574.646	-804737.03	-1062302.394	16.9162
-779107.83	-979354.97	-779398.2	-977284.25	25.5026
-780880.66	-1009150.77	-780888.98	-1009117.11	0.3855
-707385.36	-1021461.53	-707388.19	-1021381.55	1.7521
-642893.841	-1071604.898	-642862.219	-1071659.45	1.3266
-841388.927	-1061952.353	-840120.3	-1063468.548	38.5454
-688121.91	-1005129.46	-688787.54	-1007956.6	39.6433
-689541.189	-1046445.739	-689527.613	-1046455.283	0.3761
-784989.074	-1052835.696	-785178.16	-1051782.72	23.2282
-731564.343	-1067858.126	-734041.0	-1068720.0	33.732
-809177.84	-994195.19	-807092.05	-996176.3	22.5602
-734206.583	-1013901.0	-734275.116	-1013785.963	2.7073
-743594.29	-1020628.84	-743307.88	-1019662.27	12.0891
-773047.06	-1031228.34	-773146.172	-1031233.812	2.1665
-745720.029	-1042594.344	-748398.11	-1043188.53	55.9727
-773753.99	-990806.97	-773776.733	-991481.284	8.2656
-697658.14	-999543.02	-697706.206	-999723.703	3.8541
-799447.07	-1001740.2	-799420.636	-1001728.866	0.3978
-805227.15	-994348.1	-805178.36	-994250.13	2.1978
-691771.528	-1023419.177	-692578.833	-1024496.341	15.5717
-757209.257	-1016685.09	-757573.93	-1017125.61	11.6851
-668719.83	-1079577.06	-668550.57	-1078945.44	9.8738
-718280.08	-1046521.31	-718478.89	-1046912.61	9.5165
-787458.04	-976936.43	-788457.09	-972162.696	131.3773
-686415.83	-991132.39	-686013.62	-992607.43	14.008
-699220.004	-1086836.49	-699280.96	-1087095.96	5.3332
-762418.26	-993299.638	-762408.894	-993314.666	0.4491
-709908.03	-1003993.08	-707517.7	-1004096.04	29.3388
-773776.733	-991481.284	-773517.96	-992433.34	11.2106
-787231.58	-989358.37	-788376.49	-989836.61	27.1804
-683198.19	-994624.7	-683207.8	-994620.61	0.2765
-675700.96	-1002830.98	-677014.66	-1004511.1	31.7484
-707894.669	-1073609.691	-706944.713	-1074501.568	15.4555
-672915.76	-998637.81	-671859.83	-999802.66	18.7041
-753684.045	-981066.838	-753237.843	-981234.533	8.4277
-647877.341	-1062897.559	-647953.556	-1063944.924	21.0571
-661131.88	-999947.81	-659985.939	-1000099.681	28.3763
-696684.966	-1001039.062	-697841.33	-1001068.24	24.2526
-658457.852	-1051857.961	-660127.47	-1052094.61	19.8998
-700575.05	-1020715.85	-700439.49	-1021063.54	4.7606
-783131.41	-990621.49	-783623.3	-991692.49	14.6888
-857068.072	-1034191.237	-857239.13	-1033987.9	3.3017
-690215.99	-997210.744	-690377.59	-997946.71	15.1164
-822828.862	-1069529.776	-822634.434	-1069568.19	4.2135
-722190.11	-1085142.7	-722774.5	-1086079.5	25.6536
-680982.82	-1047338.25	-671162.07	-1047532.52	81.3753
-674233.93	-1014672.0	-673831.38	-1015394.53	9.6122
-774508.13	-1029300.61	-776238.3	-1029861.59	21.16
-641514.061	-1025133.864	-641193.869	-1025947.045	10.2835
-779946.39	-983146.06	-779866.125	-983130.25	1.0303
-783380.611	-977760.113	-782260.598	-979205.504	22.5348
-730549.63	-1057384.57	-730564.38	-1057446.88	0.8999
-807102.733	-1044347.395	-807229.254	-1046838.007	28.5093
-727611.89	-994246.69	-727201.508	-993032.23	19.0962
-746297.391	-1054350.964	-746302.213	-1054356.205	0.1424
-762849.939	-1040391.14	-762683.732	-1040426.102	3.4185
-789839.955	-1064168.588	-791156.4	-1065068.98	19.5531
-699629.87	-1055317.49	-698131.165	-1054356.979	30.2912
-801505.879	-1008101.374	-801122.25	-1008105.063	8.6125
-758874.248	-1013426.521	-758651.08	-1013410.21	2.5846
-848819.369	-1047955.088	-851819.82	-1047523.5	53.0467
-697594.008	-1001104.644	-697580.815	-1001079.1	0.8761
-752455.375	-1043124.0	-752548.071	-1043362.204	5.2475
-802140.854	-1005863.006	-802676.101	-1005159.873	10.6123
-701469.49	-1070934.9	-701079.66	-1070721.51	7.2883
-749519.933	-1033738.228	-750114.58	-1032506.51	17.4266
-699394.9	-986624.89	-698879.637	-982194.738	125.0977
-690314.82	-995625.48	-691047.04	-995263.18	12.096
-772523.117	-1081971.363	-772421.69	-1081831.94	1.3263
-683974.6	-995282.95	-683963.034	-995271.046	0.3815
-816858.775	-987381.333	-816748.835	-987169.243	2.7171
-683702.637	-993016.242	-683516.07	-993478.96	10.0859
-734125.148	-1068801.398	-734645.857	-1072632.119	68.464
-673109.289	-1077823.336	-672376.184	-1079422.655	19.5483
-783886.97	-988418.09	-783838.86	-988399.59	0.6284
-869618.203	-1007584.616	-867839.488	-1006747.598	29.9718
-721021.3	-979133.49	-721298.45	-978901.33	4.7779
-728301.83	-1039146.96	-725845.5	-1038792.9	28.5842
-776638.16	-1070415.12	-777253.82	-1070743.77	8.0286
-652477.023	-1062427.322	-652591.71	-1064360.351	21.9208
-645414.186	-1049574.493	-644748.24	-1050053.81	17.0659
-702949.797	-1052173.005	-702984.99	-1052881.869	11.3936
-643742.916	-1069951.408	-642044.356	-1068029.289	33.7529
-751217.73	-988675.46	-751415.81	-988789.17	2.8971
-821533.491	-996041.098	-822296.228	-994827.281	30.3214
-807261.441	-1077681.501	-806619.044	-1074946.343	44.3074
-766198.249	-972617.169	-766216.779	-972599.195	0.3565
-748375.322	-995418.19	-750699.369	-993068.138	51.3609
-793186.073	-983160.595	-793199.2	-983181.61	0.3694
-719197.733	-1004911.061	-719771.92	-1004374.9	9.328
-684449.59	-994630.45	-684400.46	-994761.98	2.8164
-773691.55	-1068502.23	-776638.16	-1070415.12	41.5946
-742265.16	-1013559.67	-741398.042	-1014878.314	21.2968
-734280.716	-1013780.281	-734442.59	-1013574.83	5.281
-831921.084	-993054.912	-832231.66	-993998.69	11.8556
-844761.0	-1030903.255	-845062.714	-1031835.4	34.5894
-736940.38	-981618.48	-735923.36	-981412.58	13.5112
-789194.89	-990872.61	-789149.05	-990849.48	1.6722
-683723.053	-994868.062	-683735.771	-994863.405	0.3596
-686627.96	-1059580.54	-686631.93	-1059677.05	1.5586
-642292.66	-1093616.92	-642296.01	-1094976.12	21.5794
-804946.338	-989020.174	-804806.243	-988967.024	3.003
-770028.61	-1016007.78	-770275.01	-1015936.58	6.0727
-735923.36	-981412.58	-734124.18	-979885.81	30.993
-784579.81	-1007557.27	-784577.155	-1007581.555	0.3457
-780917.64	-1051279.978	-781677.917	-1049785.142	22.6992
-879988.85	-1020805.55	-880186.05	-1020865.91	1.5887
-763578.23	-983007.87	-763706.99	-983102.71	1.8487
-782395.67	-1066785.34	-781254.31	-1068262.15	22.5036
-686631.93	-1059677.05	-686522.06	-1059508.8	6.4879
-837528.25	-994688.83	-836533.603	-997062.735	87.1646
-776678.43	-975431.97	-776861.68	-975078.71	7.9719
-727943.789	-1072192.206	-727983.52	-1072141.29	1.5776
-678318.291	-1002398.486	-677664.48	-1003816.44	19.1641
-791324.55	-1023883.27	-791567.2	-1023807.89	5.086
-744517.364	-1048937.733	-744457.86	-1048976.82	1.4466
-795607.24	-1018154.0	-794781.54	-1019822.93	23.3718
-757608.017	-1040053.534	-757592.42	-1040046.747	0.3897
-645348.96	-1052271.34	-645440.32	-1052446.23	2.2682
-765694.119	-990470.415	-764212.02	-984411.28	62.0195
-708579.181	-1062557.106	-706947.95	-1063003.73	22.8615
-847134.79	-1070900.84	-847137.84	-1070687.912	2.3662
-740001.971	-1073894.731	-740007.973	-1073765.578	2.7415
-719061.461	-1038404.118	-719060.561	-1038420.999	0.4187
-784103.78	-1064968.52	-783889.677	-1065255.525	11.8234
-740001.971	-1073894.731	-740377.782	-1074139.706	9.4838
-751596.74	-1033037.27	-751004.0	-1032435.41	10.1399
-740042.44	-1023752.96	-738444.2	-1024753.62	22.5862
-791870.0	-1012130.96	-792004.99	-1012400.74	3.4498
-686073.991	-993614.154	-686056.885	-993614.347	0.5694
-822224.908	-996407.815	-821541.517	-996065.46	8.563
-803597.372	-1026385.44	-804735.243	-1026440.667	12.6603
-681547.55	-1054896.15	-682471.77	-1053166.07	22.8064
-809318.62	-991774.95	-808621.52	-991377.83	21.4206
-692383.73	-998440.59	-692271.29	-998306.92	1.3466
-690031.769	-995179.741	-689576.86	-994911.26	10.9303
-753404.14	-1020020.39	-755302.51	-1019567.2	34.7793
-791957.075	-1004787.086	-792127.679	-1002992.899	26.7409
-876242.996	-1030422.038	-877455.749	-1028168.893	33.9949
-714682.48	-1006423.8	-714027.24	-1005063.45	18.0566
-850080.397	-1074377.018	-850098.317	-1074396.593	0.4153
-847164.007	-1052900.35	-847511.823	-1052531.185	5.7847
-796123.47	-986051.64	-797594.76	-986146.4	16.5166
-645267.57	-1031669.73	-644872.92	-1030385.35	15.9287
-670726.865	-994716.065	-667476.599	-994755.203	68.7932
-766031.67	-990340.716	-766241.06	-990103.64	3.5475
-794827.259	-986652.482	-794813.759	-986676.163	0.3873
-683948.34	-1002964.8	-684041.72	-1005087.56	40.8335
-752939.55	-1021062.22	-752954.53	-1020913.44	1.6619
-686661.272	-1088452.577	-687712.51	-1088439.55	12.7509
-650684.518	-1064923.191	-650277.2	-1065888.95	11.7387
-848449.58	-1008274.1	-847949.273	-1009381.985	18.1872
-746536.61	-1036540.22	-747340.192	-1036328.09	18.5494
-699042.528	-1004380.546	-698440.11	-1003270.46	14.6242
-756507.085	-1057781.15	-758846.34	-1054643.86	72.0533
-753428.182	-1047855.423	-754173.61	-1046352.76	14.7399
-824213.47	-1074941.09	-824303.713	-1075020.57	2.4051
-752568.73	-1022723.96	-752262.75	-1022755.45	3.4295
-692383.73	-998440.59	-692215.46	-998369.85	2.0555
-751116.62	-980309.58	-751863.653	-979629.662	15.9494
-718531.302	-1074829.682	-717931.68	-1074774.45	7.1735
-657068.638	-1061265.033	-651687.191	-1062230.428	168.3762
-870106.383	-1018127.974	-870305.37	-1018279.86	2.8746
-820209.74	-989166.5	-821758.61	-987273.78	34.6525
-798528.72	-1002169.83	-798811.049	-1001939.102	5.3948
-875917.834	-1018665.126	-876401.821	-1018512.434	10.3862
-649180.66	-1061116.009	-649189.671	-1061088.354	0.8468
-731080.52	-1056883.61	-731089.392	-1056745.661	1.8224
-788217.74	-1063335.14	-789545.719	-1063955.989	16.3578
-683724.11	-993007.49	-683702.637	-993016.242	0.6171
-646349.547	-1062365.682	-646345.149	-1062385.989	0.7331
-817623.148	-1037014.96	-817922.03	-1036911.7	6.6485
-689296.152	-1058690.826	-688883.849	-1058534.562	4.9937
-646172.571	-1074039.462	-646191.925	-1074020.369	0.5743
-737670.268	-1057743.61	-737772.44	-1057837.93	2.8758
-875933.168	-1013508.261	-876427.652	-1014297.283	11.1306
-649294.156	-1061839.107	-649269.754	-1061986.387	2.9863
-795519.83	-995402.33	-797478.12	-994976.98	24.9904
-748323.25	-1058021.77	-747432.46	-1054956.55	39.3235
-675978.208	-1041097.886	-675814.885	-1041137.364	1.8679
-712874.327	-982742.071	-712891.898	-982747.303	0.4749
-756262.518	-1042486.952	-756739.51	-1042458.0	9.6139
-730283.513	-1063285.34	-731090.94	-1063326.74	9.2027
-689649.844	-1058594.024	-689507.986	-1058463.912	4.4778
-743839.09	-1008631.76	-743588.968	-1006059.4	50.6581
-746254.654	-1054216.692	-746297.391	-1054350.964	2.8856
-814496.11	-1069885.77	-814637.5	-1069897.604	3.1789
-852819.54	-1010571.63	-852389.51	-1010471.46	9.0313
-643547.547	-1062379.736	-643543.881	-1062297.469	2.2619
-651289.106	-1082357.524	-652355.284	-1084513.846	33.8437
-820040.56	-1062087.93	-818268.597	-1063461.526	28.7272
-670733.3	-1045837.43	-671824.35	-1045084.65	15.2533
-745200.55	-1034512.93	-746280.4	-1034524.79	12.1106
-736596.62	-982676.97	-738809.24	-982583.25	29.1175
-772385.81	-1018391.77	-776007.615	-1018697.758	43.7127
-848854.063	-1010324.813	-848437.289	-1010286.293	10.3107
-702013.998	-1046509.264	-702718.41	-1046996.8	12.1818
-685123.6	-1043129.11	-684217.86	-1042855.28	10.5138
-782560.4	-996870.19	-782959.33	-996490.55	6.2668
-801191.019	-1056920.709	-799321.21	-1056571.07	22.0052
-751912.67	-1036668.09	-752082.5	-1036255.65	22.5422
-704179.784	-1009008.677	-704510.64	-1009921.67	16.3432
-737108.71	-1036116.39	-737215.96	-1035894.82	4.9371
-684480.035	-1061627.586	-684254.372	-1061788.584	3.082
-691205.33	-1048508.98	-691280.26	-1049337.06	9.2386
-675859.917	-1064273.924	-678410.454	-1063641.313	35.4868
-819733.064	-1026468.279	-819782.143	-1026288.38	3.9923
-762387.53	-1043099.51	-762414.74	-1043282.56	2.1509
-819595.188	-1075679.25	-819582.875	-1075697.375	0.5664
-736357.239	-1013771.455	-736143.428	-1010295.467	50.5244
-728304.675	-994065.09	-728346.01	-993979.719	2.7215
-751008.14	-1030205.85	-752062.27	-1029376.05	16.0896
-642784.249	-1071121.019	-642375.112	-1071148.054	8.2116
-734888.653	-1083229.687	-738253.96	-1085565.87	56.3255
-743368.463	-1074569.017	-743664.14	-1076112.04	17.9309
-784730.27	-1053910.04	-784989.074	-1052835.696	12.3629
-735050.9	-1041000.8	-735378.68	-1040730.19	4.724
-710708.604	-1038545.761	-709197.168	-1039121.45	34.8823
-712058.94	-1040994.58	-711845.47	-1040741.69	4.295
-745388.884	-996068.068	-746987.53	-995071.76	23.1777
-792391.06	-978518.12	-795363.29	-973602.78	120.6146
-822397.442	-1068849.655	-822459.54	-1068874.63	1.6275
-692090.239	-1029413.062	-692193.646	-1029463.697	1.2845
-732840.55	-1019601.95	-732551.005	-1019593.952	3.2246
-684041.7	-1045666.54	-688204.498	-1045604.069	49.4655
-820758.321	-1063384.583	-820718.29	-1063652.81	3.0182
-850853.76	-1050620.43	-856113.355	-1049196.757	72.9361
-740142.03	-1084688.17	-739928.36	-1082451.5	25.7465
-836817.298	-1056915.859	-840168.712	-1056740.328	55.198
-763753.88	-1030032.14	-764637.1	-1030011.46	18.0428
-758738.418	-1022082.312	-758629.38	-1022029.92	1.3442
-697060.79	-1046682.57	-696379.8	-1045598.58	14.9737
-838695.195	-1035629.537	-838499.018	-1037581.379	27.7067
-682733.8	-992511.93	-682496.19	-991621.711	11.1545
-673066.87	-1036803.53	-671823.776	-1036449.887	14.8745
-699861.59	-1016544.73	-700047.39	-1016971.25	10.0477
-811163.664	-1075847.797	-809128.779	-1074842.045	27.506
-706775.892	-1083266.411	-706335.484	-1089471.799	156.2682
-820743.22	-1063814.623	-820763.034	-1063867.82	0.6307
-764947.994	-1011560.44	-764949.17	-1011425.65	1.5004
-835229.15	-1036761.68	-835023.352	-1038205.577	16.8459
-768661.98	-1046136.751	-767978.65	-1046123.455	13.9135
-658407.59	-1015441.63	-660174.35	-1015075.14	21.0939
-787424.51	-989781.65	-787054.4	-991129.28	18.9411
-774501.36	-975014.99	-774495.89	-975005.19	0.2445
-691781.71	-1063248.08	-691865.31	-1062400.71	9.9268
-671371.183	-1047810.527	-671080.59	-1047572.72	4.5208
-708095.34	-1046824.52	-707313.21	-1045782.24	21.9444
-807099.2	-989740.06	-807466.389	-988021.288	24.2348
-819953.225	-1074481.211	-819933.52	-1074461.742	1.3847
-777297.98	-1013203.73	-777731.902	-1012696.134	7.42
-664863.81	-1026418.11	-666994.063	-1025462.897	29.5978
-778937.795	-1029962.107	-778958.856	-1029962.33	0.4982
-881432.276	-1028474.542	-881051.007	-1028562.75	9.7435
-666617.09	-1070176.59	-666454.352	-1070173.633	1.8086
-746987.53	-995071.76	-746274.66	-993820.43	17.5936
-647230.95	-1071708.757	-646469.519	-1071658.796	41.7704
-701362.057	-1012418.346	-701209.452	-1012443.428	1.8728
-785879.46	-1063937.49	-785295.194	-1064511.86	9.4915
-753503.25	-1044967.41	-752482.88	-1043314.671	16.1528
-851756.305	-1060741.82	-850974.94	-1059171.953	26.5186
-744173.3	-977698.49	-744468.691	-978364.184	8.3235
-776588.52	-1032456.82	-777378.72	-1032412.01	16.2899
-672391.99	-1070720.65	-671769.276	-1069928.371	11.6213
-710981.52	-1050935.5	-712680.04	-1051246.1	21.6429
-724869.48	-1065149.973	-724943.03	-1065253.85	2.5458
-729514.372	-1080889.537	-729869.164	-1082071.118	13.7454
-719642.0	-1030529.89	-719489.08	-1030707.48	2.6166
-820444.415	-1067699.879	-820566.613	-1067436.695	3.5093
-654394.282	-1054653.301	-659303.77	-1056898.26	72.7555
-649175.166	-1061861.382	-647820.968	-1061964.638	27.3925
-740997.31	-1047888.83	-741375.46	-1047504.02	10.7937
-665109.738	-1030269.571	-665226.62	-1028236.89	28.9116
-731988.718	-1063624.377	-733977.418	-1063555.082	27.3536
-641469.563	-1041469.75	-641431.4	-1041477.92	0.8082
-769274.75	-984827.67	-769728.48	-985328.26	9.9859
-778145.757	-981936.077	-778354.93	-982840.37	21.4195
-726094.73	-1051630.11	-726344.15	-1051657.65	5.2406
-641363.693	-1058245.202	-642283.77	-1055533.05	34.1472
-808153.22	-1071282.18	-808399.37	-1071299.43	1.8983
-781209.79	-976036.71	-780146.784	-975121.456	41.764
-764250.32	-1023773.75	-764031.53	-1023816.45	4.5442
-739995.13	-1005497.33	-736065.216	-1009628.72	68.4053
-742537.331	-1056854.259	-742529.131	-1056866.745	0.3796
-725649.28	-1069064.77	-725699.807	-1069669.236	6.8696
-768216.533	-1064805.843	-769022.858	-1065177.67	10.1405
-781520.077	-985990.071	-781539.03	-986001.46	0.9288
-795263.688	-986737.04	-795416.278	-987032.126	3.7513
-646180.626	-1074049.63	-646172.571	-1074039.462	0.3138
-767709.808	-1028302.294	-766999.39	-1030292.96	81.5638
-784696.252	-1027101.178	-784340.233	-1026853.333	9.9612
-690506.35	-1056090.2	-690524.34	-1056303.93	2.4045
-725089.861	-1049969.272	-724693.77	-1051072.26	14.4317
-658988.262	-1065359.861	-659779.64	-1068592.09	39.9786
-808466.28	-991341.55	-808259.75	-991522.18	6.5806
-764673.68	-1036205.79	-764098.369	-1035032.971	18.0502
-671677.361	-1084068.87	-671682.411	-1084432.838	4.1113
-759007.55	-1068529.69	-759224.355	-1068507.43	2.762
-720470.927	-1057084.328	-719803.459	-1057595.514	55.1299
-699353.635	-999914.512	-699748.77	-997757.04	28.1355
-884358.116	-1021483.795	-884366.997	-1021690.341	3.3623
-779092.241	-981900.865	-779014.383	-981884.226	1.645
-824131.87	-1074814.98	-824120.46	-1075002.36	3.7549
-722459.94	-1083683.62	-721907.69	-1084657.76	13.0548
-756188.18	-1019118.53	-757945.36	-1018942.46	21.0325
-729869.164	-1082071.118	-730063.5	-1083120.83	12.2851
-724828.216	-1053726.832	-724166.816	-1053718.129	7.7031
-709205.78	-1011739.13	-705932.86	-1013325.98	61.9249
-726869.938	-1052038.839	-726344.15	-1051657.65	13.1322
-850080.397	-1074377.018	-848719.605	-1073969.032	19.043
-741460.669	-1058925.122	-741456.828	-1058912.339	0.3346
-721527.44	-1003516.38	-721098.21	-1003558.97	12.2831
-712116.305	-1015732.558	-708116.272	-1016039.129	45.428
-777582.191	-1081879.582	-776988.913	-1082022.756	12.8025
-738953.985	-1055720.43	-738065.85	-1057077.11	19.6153
-833882.948	-1042635.148	-836603.408	-1051931.422	135.4108
-684480.035	-1061627.586	-684827.173	-1062061.435	6.3065
-776149.73	-1034943.3	-774589.68	-1037732.32	45.7547
-741552.15	-1064581.77	-740602.21	-1064877.74	23.4075
-799716.584	-1069154.146	-799499.894	-1069937.277	17.7444
-701864.5	-1027910.07	-700648.69	-1029373.56	21.7056
-865295.346	-1015968.513	-867396.188	-1014627.841	54.805
-658278.062	-1080883.94	-658011.731	-1080796.942	5.7293
-792265.291	-984819.119	-791600.54	-984231.35	15.0926
-773126.11	-1059054.9	-774153.25	-1059067.97	21.2405
-742445.595	-1057045.698	-742428.69	-1057042.01	0.4472
-754302.163	-1045692.465	-754336.728	-1045687.211	1.3964
-670581.47	-992525.33	-671128.782	-992157.67	89.629
-745200.55	-1034512.93	-745062.566	-1033780.362	9.2979
-741289.261	-1026790.821	-742671.88	-1024956.35	26.8442
-812426.4	-1007250.22	-812613.446	-1005240.202	23.5767
-852230.78	-1010352.22	-851821.906	-1010497.279	10.4627
-713775.639	-1051218.491	-713077.96	-1050386.75	16.176
-711981.554	-1058828.416	-711586.299	-1058720.341	4.5695
-697437.04	-999782.5	-695477.027	-996993.808	46.3525
-763837.45	-993504.81	-763531.11	-993047.25	11.0303
-700778.29	-1064917.129	-700885.09	-1064746.32	2.2515
-687693.614	-1057572.291	-687707.323	-1057595.839	0.65
-867178.859	-1001595.783	-867153.465	-1001938.043	4.4311
-758844.38	-1054442.2	-758846.34	-1054643.86	2.2644
-724307.441	-1034485.543	-722700.99	-1033242.12	24.1879
-727533.57	-983771.26	-726626.685	-984499.349	27.4123
-695512.23	-990571.86	-695043.74	-988893.66	31.2651
-739161.336	-1047787.293	-739283.4	-1047695.67	3.0674
-782566.51	-972839.89	-783766.49	-973858.9	18.4617
-759057.97	-1031667.64	-758900.159	-1029946.098	19.7178
-688883.849	-1058534.562	-688948.95	-1058632.77	3.8262
-779107.83	-979354.97	-778075.03	-979356.371	17.2981
-745735.447	-977153.325	-747333.9	-976817.69	27.8842
-710621.97	-1010386.03	-709205.78	-1011739.13	30.3099
-690094.53	-998410.86	-689702.869	-1000523.932	37.7713
-726383.719	-1070435.076	-726502.432	-1070523.304	2.9582
-884362.294	-1009602.65	-884583.855	-1009276.31	4.7844
-771829.2	-1017624.27	-773613.968	-1016378.266	24.545
-727687.15	-993888.87	-729254.18	-990785.76	40.35
-666698.84	-1064869.95	-667129.442	-1066091.123	15.24
-746465.698	-1054244.406	-746382.521	-1054216.087	1.7697
-761255.95	-1042461.59	-762048.78	-1042973.87	19.3454
-762873.549	-1050943.551	-762805.438	-1051020.875	2.4219
-856064.434	-1028473.607	-855417.63	-1026729.69	33.9357
-814349.151	-1040577.083	-816360.47	-1040386.63	24.6189
-675210.08	-1014770.66	-676105.99	-1015473.53	19.1459
-748135.706	-1005360.224	-746628.318	-1006476.563	22.1879
-708413.261	-1084871.572	-708233.01	-1084992.954	2.5604
-652523.86	-1048050.08	-652788.91	-1048069.96	3.0275
-797410.36	-1052229.11	-797433.88	-1052597.14	4.5074
-655182.379	-1051829.918	-654046.05	-1050054.39	25.2798
-650269.41	-1043896.52	-650858.36	-1043750.1	12.1795
-715157.975	-1080069.009	-714835.37	-1080351.05	9.1205
-824204.87	-1071403.23	-824111.37	-1071479.55	3.471
-732836.67	-1042212.23	-731883.95	-1042140.41	19.113
-798688.6	-1058929.45	-798227.54	-1058686.04	6.0158
-731373.968	-1056614.342	-731211.441	-1056500.669	2.2096
-762162.709	-1026211.738	-762615.35	-1026263.42	5.0729
-877381.09	-1026048.84	-877326.558	-1024920.661	14.8148
-795999.57	-1013472.36	-794368.184	-1015294.909	28.6196
-668127.32	-1007452.69	-668761.442	-1007202.62	7.9816
-756952.07	-1032323.67	-756989.6	-1032397.03	1.0621
-654962.858	-1035433.944	-654422.55	-1033954.05	19.0665
-790915.02	-987974.67	-790958.663	-987876.982	2.1414
-734556.24	-1065456.473	-734545.897	-1065441.216	0.6267
-737033.73	-1010214.122	-736143.428	-1010295.467	18.2297
-789598.91	-989195.65	-789608.58	-989239.3	1.2454
-744414.405	-984314.431	-744913.19	-983035.98	18.9372
-727756.552	-1059544.567	-728409.01	-1060385.74	14.7487
-794526.144	-986574.626	-794620.463	-986556.358	1.3864
-824075.44	-1066292.55	-823944.91	-1066493.496	2.6647
-793309.705	-1013657.208	-793617.229	-1013482.027	4.0669
-856480.36	-1038822.1	-856801.251	-1037917.144	11.8183
-843921.816	-1058030.155	-845196.17	-1057797.05	14.7854
-800604.538	-1003260.473	-802646.786	-1001873.885	28.1384
-796118.31	-1046052.3	-795993.19	-1049532.23	93.5369
-648357.04	-1047628.54	-647155.148	-1047910.482	15.0953
-831869.923	-1035242.397	-831494.033	-1036682.579	17.6125
-646543.902	-1089958.564	-645748.625	-1090647.177	12.8961
-793371.063	-1072480.937	-793349.32	-1072590.22	1.251
-815390.646	-1022572.468	-817243.65	-1024194.83	28.9333
-746278.879	-1054177.747	-746224.654	-1054171.412	1.0954
-726639.21	-1036007.9	-725039.921	-1035332.008	20.0535
-724435.034	-1041584.202	-724422.035	-1041567.578	0.2894
-687095.817	-1078683.199	-687329.116	-1078734.987	4.9093
-840936.563	-1011852.615	-838727.56	-1011031.99	28.6514
-770317.013	-1053596.458	-770212.7	-1053784.19	4.4906
-786817.24	-1009852.06	-786838.58	-1010464.74	6.965
-774390.93	-1015793.852	-775167.6	-1015207.98	10.8751
-674233.93	-1014672.0	-675210.08	-1014770.66	19.7174
-697580.815	-1001079.1	-697608.833	-1001082.178	0.8013
-688351.24	-1045429.23	-687528.37	-1043792.04	21.0222
-703394.236	-1088879.85	-703330.28	-1089018.46	2.0718
-847324.257	-1046292.378	-846070.357	-1044381.777	43.7615
-691229.36	-1022081.02	-690976.164	-1022440.541	4.9925
-723099.912	-1038173.839	-722762.63	-1039605.41	16.7877
-733400.347	-1056074.989	-734447.363	-1055467.877	17.7961
-671795.61	-1060828.448	-671823.64	-1060977.68	1.6872
-775845.511	-1014684.31	-775862.951	-1014698.686	0.2598
-876190.41	-1021455.21	-876360.227	-1021448.158	1.3089
-843765.648	-1071279.334	-844409.67	-1071273.74	14.1214
-806921.609	-989798.425	-806831.71	-989712.44	2.4972
-846347.928	-1044004.569	-848408.57	-1042630.07	30.2389
-884579.566	-1021802.378	-884612.115	-1021810.074	0.9304
-672062.917	-1014726.53	-672326.153	-1014439.536	7.9983
-876163.857	-997949.568	-875351.484	-998420.372	18.6502
-826011.05	-1025891.49	-825861.794	-1026578.558	9.1481
-673146.848	-1025900.608	-671688.297	-1026646.767	19.1996
-739946.066	-1055665.419	-740126.039	-1055086.99	7.3909
-804760.361	-1075172.719	-806521.31	-1073962.9	28.5972
-695247.565	-1029725.528	-697605.08	-1030139.578	28.9937
-792756.27	-1064989.56	-793857.24	-1066268.77	23.5208
-721756.482	-1032562.996	-721719.49	-1032667.78	2.0391
-799184.546	-1015725.715	-795607.24	-1018154.0	68.2558
-815390.646	-1022572.468	-815931.981	-1024730.764	26.6985
-747599.375	-1019617.438	-747513.38	-1019535.13	2.1495
-649302.42	-1047660.25	-650470.69	-1048034.97	15.6964
-763380.91	-1072715.19	-763360.59	-1072785.59	0.8554
-771821.53	-1003361.86	-774638.4	-1000367.22	46.8769
-779121.43	-989023.46	-777043.735	-988866.738	24.5116
-806496.7	-994995.52	-807117.77	-993057.31	22.6183
-697594.667	-999708.68	-697604.62	-999528.62	3.6257
-750249.562	-981741.692	-750260.813	-981836.621	1.1564
-742481.968	-1045891.873	-742587.308	-1046018.625	12.858
-774501.36	-975014.99	-772530.856	-975898.01	25.6596
-760426.849	-976146.255	-760915.44	-974214.23	74.7575
-660048.533	-1007516.181	-663313.095	-1007489.1	44.912
-664642.66	-1013307.79	-664203.72	-1013240.89	4.9851
-771811.108	-972164.845	-771953.17	-972150.1	3.0543
-888038.029	-1019909.256	-887835.846	-1019891.347	2.2554
-718623.75	-999624.31	-722463.4	-1000557.521	65.4633
-643621.025	-1046319.884	-643570.536	-1046079.826	4.9067
-746902.633	-1017351.676	-746991.912	-1017329.52	1.2368
-692637.564	-1046241.056	-692480.86	-1046486.89	3.4523
-885684.34	-1018888.909	-884949.578	-1018011.069	12.8875
-781140.14	-990701.09	-782127.93	-989879.61	16.1479
-856643.815	-1066591.971	-857441.077	-1066745.506	9.2254
-813441.667	-1071995.925	-813337.29	-1072126.97	3.3581
-640589.158	-1024405.023	-639777.047	-1024867.819	15.7535
-802539.96	-998661.72	-802526.42	-998748.09	1.0945
-738444.2	-1024753.62	-737800.99	-1023848.764	12.5687
-746657.563	-1017680.468	-746794.85	-1017330.327	4.2158
-773836.33	-1065074.73	-773582.53	-1064914.68	6.1554
-666647.94	-1075281.28	-664882.56	-1076094.25	22.3441
-768014.7	-995202.91	-769214.1	-993589.54	23.5834
-776444.064	-979394.896	-776401.408	-979320.987	1.628
-800328.892	-1048892.208	-801417.697	-1050238.184	21.0691
-766820.366	-1037693.14	-773059.94	-1031306.33	78.7331
-717320.02	-1074418.83	-717500.578	-1074329.57	1.551
-889229.403	-1015636.114	-891309.496	-1014258.065	41.2628
-747419.441	-1023887.103	-747080.21	-1022274.73	20.7943
-725468.37	-1011185.65	-724498.258	-1009402.075	24.4395
-849249.794	-1028945.888	-847499.198	-1027049.942	42.8665
-751945.005	-1038538.814	-751880.584	-1038518.759	1.3688
-726016.3	-1037837.02	-726701.24	-1036094.995	23.6417
-789561.15	-1048395.93	-791576.552	-1052055.955	117.2092
-791136.71	-1033573.92	-791147.957	-1033581.961	0.3014
-810552.842	-1045120.031	-807102.733	-1044347.395	39.5948
-734168.062	-1013936.158	-734275.116	-1013785.963	3.7478
-773051.556	-976619.588	-770178.782	-977825.038	35.7844
-772600.332	-1054949.996	-772813.618	-1055319.761	15.0087
-696813.865	-1065594.502	-696412.493	-1063921.756	24.7391
-825439.162	-1058892.314	-829250.68	-1058476.11	44.4852
-666976.85	-1084987.33	-666656.393	-1086639.051	19.2927
-720536.65	-1026893.42	-717632.68	-1027691.75	36.6649
-771821.53	-1003361.86	-771778.16	-1003400.94	0.6487
-762151.98	-1057543.4	-761148.58	-1059030.53	30.1192
-749742.1	-1050014.13	-752546.196	-1048649.874	26.401
-689190.86	-1058576.02	-688948.95	-1058632.77	4.9882
-834373.817	-1075631.925	-834486.639	-1073878.542	21.398
-796115.625	-986060.813	-795210.213	-986265.294	12.1202
-686017.889	-1029556.394	-687593.77	-1028876.38	25.13
-671682.411	-1084432.838	-671291.953	-1086947.758	29.7404
-790558.92	-1052852.39	-788196.28	-1055375.31	57.7749
-746331.456	-1054349.706	-746346.505	-1054248.18	2.0762
-681654.74	-994560.4	-678311.67	-995246.51	50.5708
-772409.43	-1015257.39	-774390.93	-1015793.852	32.2546
-676565.734	-1070767.609	-676554.965	-1070748.307	0.7146
-714409.72	-1045048.01	-715499.81	-1046015.41	22.6084
-760577.26	-1067424.49	-760975.529	-1067077.038	7.8188
-828449.262	-1076666.749	-828092.939	-1076328.197	312.7127
-767521.688	-1046058.5	-767603.85	-1046005.37	1.9591
-806478.523	-1054687.767	-805998.918	-1054670.326	5.3335
-750162.817	-1005349.323	-750178.031	-1005376.112	1.4811
-716892.06	-1028325.35	-717024.88	-1028516.25	2.7144
-684524.22	-989344.01	-684448.74	-990093.82	15.0931
-731000.5	-1084154.49	-731697.787	-1086019.632	22.3959
-749095.62	-1045762.39	-749050.16	-1045813.65	1.3894
-682113.01	-996984.028	-681010.66	-998087.02	17.3604
-817396.62	-988845.84	-814269.074	-992244.015	104.3497
-648859.67	-1066159.18	-649116.853	-1066243.064	5.5094
-686522.06	-1059508.8	-686493.37	-1059480.66	0.4474
-705228.605	-1089587.869	-703668.845	-1089052.406	75.8983
-769299.5	-971590.383	-769294.599	-971517.262	1.6431
-887969.106	-1019586.53	-888027.903	-1019766.527	2.2916
-749577.765	-1073879.55	-748278.41	-1074278.36	15.1199
-785295.194	-1064511.86	-786455.105	-1064322.263	19.383
-878105.048	-1004383.171	-882180.889	-1003054.844	75.1605
-791531.01	-1019221.8	-793551.607	-1019618.858	25.3154
-665733.375	-1028673.938	-667059.7	-1028552.2	15.7132
-753447.75	-1041691.59	-753300.125	-1041726.066	3.1941
-734169.2	-1053825.2	-734155.582	-1053828.039	0.3988
-680396.95	-1044919.04	-681261.61	-1045087.45	10.5098
-697239.861	-1038815.407	-697196.144	-1038949.392	2.8517
-765050.924	-1023265.386	-765239.733	-1023113.709	4.8449
-777599.05	-1081865.48	-777612.74	-1081883.74	0.5762
-842300.635	-1068760.687	-843492.62	-1069956.18	23.2239
-701195.68	-1063753.9	-698601.44	-1063577.91	28.9876
-766220.87	-1042900.42	-766608.22	-1042683.18	5.9404
-803947.883	-1061268.828	-800730.13	-1062538.77	43.8339
-722478.95	-1041861.96	-722261.6	-1041876.62	4.3569
-844530.484	-1054067.499	-847164.007	-1052900.35	74.5478
-708469.74	-1085004.36	-708413.261	-1084871.572	2.1484
-742604.08	-1029716.56	-744113.81	-1028719.22	36.1022
-757617.9	-1040036.349	-757608.017	-1040053.534	0.4844
-646911.078	-1057791.934	-646928.349	-1057809.416	0.7572
-800087.013	-1021806.933	-802617.775	-1021022.365	32.8919
-768394.55	-991513.293	-767920.89	-991141.11	7.2741
-740785.3	-970692.25	-741134.66	-969869.5	33.4819
-764098.369	-1035032.971	-764091.206	-1035010.138	1.098
-784998.81	-991020.33	-785574.3	-991845.89	11.2929
-753486.91	-1045306.78	-753521.58	-1045244.16	1.8081
-765006.22	-1033381.77	-766906.4	-1033649.9	41.2196
-757499.79	-1009071.74	-752753.485	-1009535.044	54.7808
-770210.38	-1053816.77	-770494.286	-1053928.15	6.4922
-671275.98	-1092124.2	-670643.957	-1093214.471	55.9331
-679476.381	-1092288.289	-679534.169	-1092199.13	708.446
-691965.737	-998146.163	-691574.05	-997582.71	8.0131
-685019.57	-1032596.64	-685510.402	-1030303.126	29.6326
-655601.323	-1051831.086	-655189.404	-1051871.198	4.7814
-737378.41	-1051200.73	-737520.469	-1051085.235	3.6622
-676431.36	-1035607.69	-675579.44	-1033002.51	31.6742
-701544.95	-1038146.17	-699459.57	-1038695.07	25.3402
-797214.213	-1068891.346	-797299.58	-1068850.802	2.4981
-836731.282	-1037842.268	-838499.018	-1037581.379	20.6983
-712877.22	-982763.524	-712874.327	-982742.071	0.6614
-867415.576	-1014634.834	-867396.188	-1014627.841	0.5053
-667596.64	-1016697.53	-667985.11	-1018128.56	19.5895
-808551.193	-1032080.837	-804263.349	-1031449.801	57.2549
-714750.98	-1029446.53	-714762.413	-1027902.794	22.3222
-810801.26	-991902.66	-810817.74	-991978.05	1.1606
-701523.533	-1079594.385	-699925.36	-1080109.3	27.6751
-822786.712	-1008871.24	-823930.49	-1009103.738	15.482
-662913.22	-1009424.38	-663053.27	-1009082.431	4.1944
-753727.9	-1045596.83	-753832.63	-1045767.94	4.0221
-817250.794	-1072663.047	-817234.585	-1072653.72	0.4838
-813176.459	-1046589.393	-813415.85	-1046633.6	2.7097
-844142.491	-1005285.144	-845669.45	-1007913.1	38.9391
-687771.26	-1010935.02	-686837.88	-1011094.67	23.3521
-643232.72	-1044623.98	-641872.24	-1042982.81	24.1647
-828343.065	-992114.223	-826393.58	-993760.31	96.331
-660377.39	-1017385.64	-658280.32	-1017825.24	27.5296
-715827.967	-1053556.402	-715323.771	-1055066.714	24.8294
-864705.822	-1049523.913	-865198.738	-1049418.508	12.407
-704751.8	-996618.02	-705432.1	-995854.64	12.4316
-749710.96	-1029340.97	-750830.51	-1029174.17	32.6856
-724399.64	-1034469.65	-724307.441	-1034485.543	1.909
-826137.341	-1057679.481	-827049.41	-1054625.63	41.5054
-685794.23	-1019181.53	-685718.127	-1019089.813	1.3263
-747306.301	-1028328.545	-747299.88	-1028248.63	0.8918
-669486.06	-1013907.47	-669501.06	-1013878.65	0.7826
-755669.45	-1051943.02	-757160.106	-1052335.222	19.4381
-765030.335	-975184.381	-765232.67	-974584.482	4.9406
-864728.2	-1021041.49	-866869.598	-1018950.646	92.6981
-780136.267	-975125.107	-779575.13	-976375.19	16.3458
-745476.058	-1042442.099	-745720.029	-1042594.344	6.9061
-704737.523	-1048621.589	-705123.87	-1050335.6	21.1463
-809201.691	-1069386.297	-811681.231	-1065758.167	69.3958
-766131.31	-972965.24	-766214.59	-972635.192	3.8232
-733950.735	-1053559.331	-733935.276	-1053561.424	0.3964
-808777.7	-1000828.95	-808747.18	-1000847.45	0.4405
-777996.791	-971965.323	-778003.26	-971956.274	0.2366
-887693.209	-1018971.361	-887873.551	-1019022.036	2.1601
-716259.938	-975954.976	-716968.387	-978496.964	58.4879
-701067.767	-1088268.67	-701009.58	-1089180.0	36.2838
-640533.9	-1067549.89	-641021.02	-1067058.85	8.2146
-709665.003	-1067962.98	-710154.438	-1069709.127	45.4701
-766707.613	-1052278.382	-766806.601	-1052210.031	16.9833
-727815.05	-1083942.25	-725980.5	-1083703.27	22.3901
-810812.074	-1036876.588	-807312.372	-1038652.671	65.4595
-751209.618	-1060054.65	-750808.93	-1059654.04	16.4134
-753152.938	-1010980.073	-753124.51	-1010953.81	0.4442
-659467.018	-1008866.672	-659487.472	-1008874.069	0.6357
-750065.549	-1003945.026	-749347.726	-1004401.908	17.1199
-675183.93	-1021306.91	-677292.97	-1020091.06	32.2384
-702421.423	-1064295.483	-702745.877	-1065631.999	16.2308
-701164.592	-1010397.339	-701201.77	-1010349.33	1.9069
-787331.17	-1001536.79	-789419.83	-999241.0	38.4603
-763389.81	-992953.24	-763361.35	-993086.1	3.339
-666994.063	-1025462.897	-667561.482	-1025467.317	15.4343
-734745.125	-1042155.188	-734667.725	-1041598.981	11.3456
-675361.237	-1049640.643	-674679.59	-1048054.11	20.0673
-784332.276	-1007703.711	-784878.66	-1007574.2	4.3323
-791767.762	-1034268.061	-791835.05	-1033938.63	7.606
-662744.92	-1014180.03	-664041.83	-1013251.99	18.5757
-732817.12	-1028636.06	-731077.477	-1028160.791	21.2842
-691342.203	-1067706.148	-689784.86	-1068968.16	23.9868
-731564.343	-1067858.126	-731542.29	-1067800.52	0.6872
-771511.08	-1078430.42	-771986.75	-1079105.54	10.0002
-770141.46	-995998.32	-770073.586	-995598.948	5.3052
-776988.913	-1082022.756	-776929.274	-1082069.219	98.8877
-804080.996	-1060113.942	-804182.309	-1060068.083	2.2852
-794092.3	-983129.35	-794145.376	-983149.177	0.6895
-754721.465	-1001870.286	-754814.802	-1001699.415	2.1803
-642283.77	-1055533.05	-644083.61	-1053792.21	28.6939
-739209.899	-1047653.54	-739242.04	-1047530.36	2.6062
-689265.91	-1025362.49	-689532.0	-1025551.84	3.6481
-646797.905	-1070101.819	-646817.027	-1070110.852	0.567
-769888.27	-1017591.99	-770267.63	-1016474.41	13.4075
-709860.07	-1013225.01	-710474.741	-1013302.23	24.745
-764857.312	-1020603.85	-763355.85	-1021358.05	48.3651
-796202.74	-1044445.18	-796118.31	-1046052.3	24.5727
-688417.72	-1061391.853	-687128.448	-1059812.154	30.9143
-780136.267	-975125.107	-780131.226	-975110.78	0.4111
-702113.22	-1043229.82	-702051.307	-1042737.632	10.147
-734766.043	-1043710.238	-734799.24	-1043636.72	1.6133
-727322.317	-1058318.754	-727830.699	-1058743.388	15.3293
-838504.902	-1065598.13	-840107.51	-1065084.419	19.3205
-789495.07	-989274.28	-788645.545	-989800.028	11.2388
-653638.25	-1055805.75	-651010.35	-1053240.12	46.8992
-748103.01	-1035830.68	-748084.48	-1035618.15	14.152
-708863.65	-1054156.14	-708245.433	-1051580.466	39.0196
-867396.188	-1014627.841	-867402.458	-1014608.839	0.483
-758440.286	-1032985.845	-759470.21	-1031669.35	21.7108
-766766.386	-980503.856	-767157.721	-980962.108	4.8417
-730916.04	-1057545.2	-729538.036	-1058695.777	28.1611
-882091.044	-1017735.02	-880204.394	-1017070.064	24.8509
-758586.27	-1057603.82	-759355.124	-1056085.696	19.9788
-786585.72	-1009820.43	-785031.72	-1007980.71	28.3868
-843193.936	-1016635.188	-844371.505	-1015266.524	20.2425
-684041.7	-1045666.54	-683981.04	-1045580.36	1.6693
-802308.357	-1054114.598	-804148.763	-1051305.117	157.7426
-775478.8	-1021851.08	-774305.718	-1021278.4	15.59
-840490.431	-1056312.086	-844530.484	-1054067.499	74.9518
-756739.51	-1042458.0	-756454.44	-1042130.3	8.737
-716438.38	-1022530.7	-716310.31	-1022614.45	1.7003
-848314.87	-1067025.917	-848587.265	-1066239.624	12.2545
-727349.778	-1048202.287	-725773.61	-1048589.77	18.0408
-688732.547	-1058555.025	-688722.566	-1058549.16	0.2959
-644447.233	-1038261.923	-644527.52	-1038188.014	1.3161
-847463.732	-1070394.531	-847348.937	-1070561.21	2.7774
-649967.98	-1030992.87	-649468.97	-1031387.77	7.0773
-672313.35	-1089677.56	-672257.813	-1089760.551	2.1507
-766311.67	-980211.76	-766487.96	-980291.1	2.4349
-679069.798	-1023497.251	-679021.72	-1023490.794	0.9702
-726005.712	-1020273.05	-724920.28	-1020590.19	24.3063
-789393.19	-998693.59	-789419.83	-999241.0	6.6378
-718828.8	-1045805.59	-718280.08	-1046521.31	27.5753
-781064.88	-989176.29	-780590.831	-987038.492	25.2184
-848965.971	-1010131.521	-848840.874	-1010200.239	2.8548
-768086.74	-985456.66	-769274.75	-984827.67	19.013
-787825.765	-1006710.999	-787739.253	-1006851.018	1.8407
-786838.58	-1010464.74	-786782.541	-1010597.882	1.7811
-737019.67	-1032551.039	-736973.547	-1032504.996	1.3034
-776106.232	-1014749.764	-776083.207	-1014759.946	0.3485
-784354.602	-1007709.4	-780697.882	-1009437.239	31.3627
-690397.806	-1020396.222	-691880.813	-1019898.25	17.6381
-767753.068	-973588.546	-767759.585	-973602.723	0.4284
-739217.73	-1033609.03	-738387.24	-1034776.1	28.8909
-753333.535	-979268.124	-753071.696	-979898.12	8.4256
-854513.56	-1011452.89	-854389.39	-1011463.21	2.492
-663166.08	-1058879.59	-662912.41	-1058845.404	5.1259
-829876.287	-1072800.346	-829863.983	-1072868.589	0.9788
-657658.211	-1027917.403	-657177.89	-1027416.55	7.8297
-757502.92	-1005108.84	-754765.41	-1002093.81	46.6493
-661199.007	-1036333.514	-659427.17	-1037681.69	25.1638
-725954.836	-1019955.705	-722332.58	-1017137.68	52.3966
-749711.46	-1078290.19	-750617.781	-1076624.699	84.145
-766845.368	-1037438.243	-766747.32	-1037626.07	4.6307
-679093.04	-1000965.52	-679029.09	-1001068.15	1.3439
-766136.3	-1040888.08	-765682.58	-1040663.16	6.086
-842446.245	-1001920.005	-842745.5	-1001935.625	3.3306
-734767.74	-1040996.46	-735050.9	-1041000.8	3.2217
-749354.35	-1010423.3	-748363.74	-1010950.49	24.5484
-813336.573	-1055487.559	-813856.39	-1055683.49	6.9913
-662603.44	-1002134.49	-660948.93	-1001902.42	24.3918
-781255.659	-985725.951	-781250.658	-985708.254	0.8713
-865931.325	-1046316.317	-869459.653	-1046669.966	47.8368
-825955.727	-1025691.804	-825967.52	-1025677.531	0.2402
-734056.437	-1031412.866	-734199.75	-1031885.47	9.879
-765511.99	-1074354.51	-765632.14	-1074898.32	11.4225
-675523.865	-1025031.442	-673675.724	-1027299.289	47.4479
-640426.525	-1091589.246	-639937.167	-1089727.756	37.6341
-830311.214	-1027135.661	-830074.97	-1027272.543	3.2084
-765921.79	-990097.51	-765871.691	-989925.097	2.1729
-643736.04	-1046707.62	-643621.025	-1046319.884	8.0994
-884024.5	-1021641.205	-887508.86	-1019850.702	37.184
-770510.56	-979664.55	-770635.2	-979600.35	1.5584
-708400.425	-991677.132	-708417.301	-991680.123	0.4295
-749140.911	-1045567.351	-749171.951	-1045561.739	0.645
-731904.61	-972443.26	-731035.755	-971957.39	37.968
-785947.35	-1018199.65	-785862.88	-1018158.85	1.2932
-682386.51	-1045201.04	-682315.552	-1045123.005	1.1754
-679925.531	-999357.282	-678819.53	-998378.5	20.4535
-756795.41	-1050212.7	-756749.59	-1049906.669	6.3606
-738570.48	-999570.7	-738444.54	-998239.718	23.6706
-822680.54	-1016949.64	-822526.13	-1016545.87	5.3231
-744593.67	-987634.7	-744462.285	-987548.078	3.2058
-679461.209	-1037627.833	-679442.077	-1037644.774	0.7518
-711597.156	-1048385.964	-711768.96	-1048828.93	12.8422
-816811.814	-1014494.023	-816829.91	-1014519.23	0.3622
-795341.173	-986115.417	-795439.262	-985877.066	2.8935
-858733.91	-1009309.47	-858585.0	-1008652.824	13.9433
-730995.632	-1036426.044	-730753.01	-1037058.017	15.9087
-740685.2	-1040309.9	-740572.33	-1040310.77	3.2147
-773499.14	-985346.785	-771878.58	-986682.57	31.6274
-759284.026	-1047928.139	-760154.756	-1048719.943	9.1046
-649055.07	-1019600.4	-648868.92	-1019486.9	4.5122
-755092.033	-1045687.374	-756216.449	-1043874.105	26.113
-677387.567	-1057538.417	-676899.047	-1057192.153	12.1662
-717871.38	-1031498.06	-716764.61	-1028476.85	59.0442
-712420.272	-983594.696	-711730.929	-983702.925	14.1436
-733502.956	-1053766.078	-732450.31	-1054985.68	32.2294
-845196.17	-1057797.05	-844921.455	-1057035.09	11.3314
-700355.51	-1017085.84	-700346.562	-1017072.948	0.428
-689265.91	-1025362.49	-687658.851	-1025776.211	19.7429
-720968.998	-1063674.369	-720875.398	-1063968.73	3.563
-661877.34	-1025173.71	-661888.06	-1024949.01	2.5309
-652497.992	-1066015.383	-652512.268	-1066003.798	0.2644
-685173.71	-1084269.78	-684434.355	-1081436.478	34.0243
-750621.889	-969088.267	-750558.56	-969160.07	157.0652
-651687.191	-1062230.428	-649175.166	-1061861.382	29.6568
-648216.898	-1064150.17	-648070.13	-1064005.995	4.7605
-751758.933	-1077986.983	-750852.576	-1078422.336	15.3468
-715285.172	-1080005.619	-716258.059	-1079302.106	15.5518
-803299.082	-1079241.065	-803282.589	-1079305.767	14.2708
-686426.19	-990506.72	-686413.35	-990741.71	2.615
-688388.569	-1045386.217	-688351.24	-1045429.23	1.1945
-835240.575	-1040178.658	-835040.953	-1040646.03	6.1267
-684463.163	-1008439.427	-685775.306	-1008252.372	15.2911
-825805.35	-1025515.51	-825930.867	-1025606.763	2.1987
-656226.72	-1048857.1	-656067.747	-1048723.149	2.3702
-722478.95	-1041861.96	-722191.33	-1041984.3	7.5248
-694254.45	-993618.94	-694006.079	-995200.362	40.4877
-780523.91	-993848.68	-780191.92	-994719.11	10.5161
-785376.44	-1042986.07	-786298.87	-1042608.88	12.0381
-748544.882	-1024940.17	-748555.73	-1024956.416	0.5472
-664351.125	-1047977.938	-664184.063	-1047903.25	2.9533
-820763.034	-1063867.82	-821804.609	-1066679.277	34.3707
-881697.608	-1022289.692	-882768.42	-1022174.046	14.0438
-681667.189	-1030216.736	-681168.472	-1029384.679	10.9414
-690535.907	-995551.564	-692330.5	-998364.0	26.2398
-796891.93	-1033882.09	-793621.56	-1033086.45	40.588
-779600.3	-972100.91	-781032.98	-972376.97	16.5486
-746269.1	-1055406.65	-746980.67	-1058663.82	39.583
-730532.79	-1045370.4	-723930.764	-1047299.497	77.6993
-776238.3	-1029861.59	-778723.324	-1030379.705	30.2231
-733142.76	-1035763.729	-733060.69	-1035355.42	5.4625
-687297.019	-1004332.947	-687275.98	-1004384.21	0.6157
-828142.339	-997312.657	-828059.577	-997223.52	1.3584
-684319.74	-1018289.441	-683163.78	-1018221.69	18.9308
-784288.839	-1027120.132	-784340.233	-1026853.333	9.8537
-852926.407	-1003453.801	-849872.823	-1008152.813	82.1533
-683899.563	-1076949.046	-685968.83	-1077885.118	26.1703
-763369.78	-992839.07	-763349.65	-992839.56	0.4938
-798540.66	-1052815.28	-799448.64	-1054475.6	22.4009
-833691.9	-1057019.08	-833159.856	-1056480.242	10.9731
-744777.031	-1016567.584	-745090.897	-1016759.453	4.1886
-736870.83	-1038210.02	-736873.15	-1038074.36	2.7434
-801505.879	-1008101.374	-802127.752	-1008368.964	13.9517
-721927.56	-1056816.23	-721480.646	-1056896.706	9.0878
-772697.187	-999447.262	-773231.14	-998764.04	9.7707
-664670.146	-1006510.766	-663313.095	-1007489.1	21.6046
-888027.903	-1019766.527	-888109.909	-1019842.345	15.1229
-715066.692	-1057435.978	-714087.729	-1057511.199	11.4952
-853122.407	-1044067.769	-850050.84	-1043723.36	37.8613
-833658.629	-1072656.762	-833794.117	-1072679.423	1.7531
-717406.529	-1074272.847	-717500.578	-1074329.57	1.6524
-865689.492	-991806.891	-865309.575	-993340.114	20.0439
-649302.42	-1047660.25	-649095.29	-1047681.46	2.4958
-643595.338	-1039542.467	-643604.91	-1039469.98	2.0118
-833691.9	-1057019.08	-832599.1	-1057956.73	16.1768
-648741.2	-1030486.44	-649621.6	-1029185.54	23.5936
-780654.19	-1020271.14	-781352.95	-1020016.67	8.7849
-644819.178	-1073393.316	-644825.501	-1073404.509	0.303
-766045.79	-1076247.01	-766189.5	-1076373.07	1.4713
-778800.86	-1022489.66	-780654.19	-1020271.14	86.6308
-720117.76	-1071251.49	-721547.42	-1069979.61	15.6036
-747718.385	-1062503.67	-748922.553	-1064209.42	34.6844
-737648.76	-1057596.41	-737661.145	-1057623.659	0.6279
-783541.401	-1061964.012	-783740.92	-1062114.7	5.001
-734739.342	-1062149.316	-733977.418	-1063555.082	19.8542
-735510.1	-1028628.63	-735502.4	-1028336.259	3.25
-780229.26	-1009888.51	-780482.395	-1009537.145	4.8574
-808102.851	-1071160.684	-808771.898	-1069374.469	22.5108
-759955.845	-1045151.847	-759754.722	-1044467.336	15.8632
-851363.483	-1068832.609	-854779.924	-1073905.672	148.066
-686350.07	-993429.47	-686514.378	-993466.449	3.3807
-714807.73	-1027916.89	-714762.413	-1027902.794	0.9492
-741881.759	-1014936.346	-743387.82	-1016957.55	37.4896
-747595.566	-1068754.193	-749359.631	-1072003.681	51.4077
-760108.1	-976669.03	-760078.83	-976652.25	1.3117
-741480.124	-993828.554	-738733.01	-994172.457	33.6496
-683516.07	-993478.96	-683474.209	-993471.414	0.8768
-736050.663	-1009638.721	-736065.216	-1009628.72	0.4107
-670729.731	-1080489.678	-670357.22	-1080322.771	5.111
-692204.04	-1051154.63	-693139.9	-1052017.28	14.6015
-784727.36	-999553.65	-785338.24	-998942.01	11.0572
-715323.771	-1055066.714	-714655.015	-1056038.843	23.7912
-757291.75	-1022892.522	-758505.91	-1022715.61	14.3315
-763160.673	-1072458.821	-763227.89	-1072531.86	1.1122
-784808.85	-1041929.78	-785644.369	-1041141.424	22.1799
-664519.478	-1089063.209	-664687.413	-1089591.815	10.7278
-838203.824	-999193.543	-836533.603	-997062.735	114.5925
-819830.35	-1074417.23	-820086.52	-1072965.37	32.1405
-753851.93	-993658.93	-751878.793	-992894.934	29.9261
-653279.646	-1022982.362	-653072.91	-1022891.08	5.72
-813965.584	-1078185.531	-811908.457	-1076375.594	65.1078
-741428.63	-982599.37	-741483.047	-984171.128	18.4847
-846960.039	-990774.059	-849337.108	-991340.404	27.6191
-722238.651	-1041371.728	-720440.86	-1041212.08	20.865
-784722.76	-1026987.074	-789713.931	-1027151.929	39.6327
-650214.713	-1066673.462	-650254.698	-1066684.671	0.4615
-798345.777	-1067597.387	-798400.967	-1067562.3	0.7332
-839550.537	-1075502.651	-839424.901	-1075430.39	1012.4881
-752150.8	-1042812.48	-752242.07	-1042958.93	3.452
-751945.005	-1038538.814	-751970.65	-1038533.5	0.7189
-830942.768	-1065061.502	-830496.913	-1062786.197	26.1968
-671278.02	-1014903.47	-670530.658	-1016031.392	17.7295
-692331.51	-1039270.14	-693636.81	-1041161.74	27.0264
-700834.385	-1010509.411	-700915.204	-1010513.621	1.8964
-789741.53	-1059082.31	-788207.126	-1059604.875	20.0794
-806862.02	-982792.324	-812388.176	-977737.761	104.3017
-748339.95	-979141.65	-748333.149	-980555.381	20.8828
-648126.207	-1091893.832	-648110.28	-1092559.28	7.3965
-699819.01	-1059099.45	-699767.59	-1058228.5	10.7434
-678275.815	-1069146.017	-678264.47	-1069167.266	0.2694
-848631.622	-1009970.503	-845746.3	-1007961.96	43.1555
-812489.38	-1013963.8	-812576.94	-1013960.82	0.9809
-740017.87	-1023680.65	-739209.05	-1021968.58	21.1852
-824140.66	-1076361.08	-824238.73	-1076359.83	1.0899
-718775.66	-1088012.98	-718948.86	-1088120.98	2.2926
-760366.64	-987873.39	-762253.87	-984849.76	60.9439
-799398.713	-1001736.838	-799420.636	-1001728.866	0.2598
-794920.703	-986688.056	-795263.688	-986737.04	4.228
-647469.48	-1028188.01	-647875.307	-1027737.863	16.1198
-666384.15	-1058993.096	-664878.977	-1059238.198	17.5051
-751326.36	-1045689.05	-751513.932	-1045689.238	3.7517
-681856.875	-1067973.625	-683537.01	-1066911.67	24.4528
-765511.99	-1074354.51	-764530.34	-1074144.75	25.0532
-739946.066	-1055665.419	-740555.067	-1055377.392	5.2988
-820237.415	-1025735.818	-820192.47	-1025296.08	4.9254
-683949.63	-1036590.98	-683890.59	-1036417.26	2.0388
-744730.982	-1001506.622	-741627.06	-1001710.81	48.3891
-683566.397	-1034493.712	-684084.16	-1033852.85	11.3699
-810055.65	-1032263.64	-814348.83	-1031915.438	52.8836
-738444.2	-1024753.62	-738117.97	-1025342.62	13.6366
-870331.398	-1011239.458	-870597.7	-1010531.22	8.7779
-781036.09	-1059946.3	-781511.97	-1060800.29	11.5162
-762243.624	-1057488.376	-762151.98	-1057543.4	2.178
-855628.204	-1046629.092	-854140.01	-1046983.951	19.1034
-808777.7	-1000828.95	-808708.01	-1000773.94	0.9908
-765555.283	-989751.387	-765164.638	-989534.881	4.9867
-647915.562	-1066970.75	-647790.847	-1067393.64	8.8423
-649281.375	-1061840.834	-649218.969	-1061762.193	2.6987
-698401.21	-1004629.35	-698382.33	-1004446.27	2.2471
-702956.135	-1076208.755	-701751.9	-1074551.6	23.5101
-735705.76	-1007865.98	-731404.222	-1008727.388	55.8109
-713742.68	-1005140.25	-714027.24	-1005063.45	3.2914
-754607.34	-1035820.88	-754590.79	-1035902.17	2.1984
-675277.496	-1046282.022	-674130.7	-1047102.27	16.5179
-645182.125	-1042740.125	-645231.86	-1043705.2	29.1615
-645656.76	-1038237.91	-644773.5	-1037891.361	12.7197
-641152.528	-1043280.12	-640478.578	-1043279.784	14.1631
-781927.11	-1013434.22	-782644.121	-1018033.388	67.2095
-792197.43	-1041123.19	-793511.08	-1041584.97	18.161
-737596.76	-1057650.8	-737585.966	-1057622.357	0.6417
-692637.99	-1043495.14	-693060.92	-1042497.66	23.5462
-829579.044	-992664.87	-828019.303	-997044.751	133.74
-680469.593	-1048668.601	-680637.2	-1047907.33	9.3998
-714181.98	-1073425.977	-714126.459	-1073423.687	0.6234
-731589.929	-1056706.085	-731146.852	-1056802.67	5.3253
-791773.631	-986774.146	-791769.11	-986292.988	10.4955
-752473.827	-1048687.075	-752441.0	-1048737.125	1.3599
-776731.11	-973928.64	-777798.65	-971854.93	35.2502
-647976.31	-1088461.283	-647768.254	-1088915.886	10.0745
-688002.282	-1075181.562	-687637.99	-1074883.63	5.2355
-760660.272	-1068689.028	-760665.759	-1068759.931	0.7902
-725756.82	-1080639.05	-726051.674	-1081296.628	8.3855
-742089.043	-1049140.504	-742087.72	-1049062.09	2.1107
-753531.82	-1029255.4	-755185.5	-1028876.24	20.5288
-695425.18	-1027294.18	-694947.241	-1029166.982	23.4091
-794781.54	-1019822.93	-794390.371	-1020723.153	11.6372
-747786.218	-1026682.429	-748503.37	-1025506.13	22.7248
-879650.97	-1020835.38	-879599.56	-1020720.76	2.8119
-664819.92	-1015788.69	-663394.55	-1018058.15	29.7775
-818596.165	-1001266.455	-819127.044	-1000624.817	9.2579
-768081.24	-985497.61	-768086.74	-985456.66	0.4591
-644103.839	-1047463.345	-644280.07	-1047970.75	5.9923
-727335.155	-1055066.018	-727371.092	-1055082.893	1.6551
-712770.01	-1027092.35	-711055.301	-1025126.549	30.6937
-705153.44	-1065116.36	-702421.423	-1064295.483	65.9157
-658632.613	-1007570.898	-659200.06	-1006056.33	27.0055
-724920.28	-1020590.19	-723448.35	-1020482.63	17.3227
-661219.349	-1077757.684	-659220.915	-1079389.294	31.5578
-644516.187	-1038472.986	-644718.554	-1037970.142	14.3066
-697437.04	-999782.5	-697594.667	-999708.68	3.6638
-826617.415	-1064975.428	-827627.983	-1065980.046	18.3046
-719962.98	-1050499.82	-719291.016	-1050167.408	8.3778
-649189.671	-1061088.354	-649209.144	-1061099.602	0.5382
-847631.984	-1026209.072	-846077.369	-1022040.031	79.0207
-815495.249	-1077006.108	-813838.81	-1073966.7	47.9812
-724612.79	-1027039.26	-724293.04	-1026433.46	19.8174
-684582.25	-1034680.56	-684737.81	-1033347.95	15.8153
-675086.15	-1054222.99	-674215.166	-1055126.978	15.0084
-710785.11	-1024084.1	-711654.17	-1022257.4	23.2714
-736492.71	-1028281.71	-735510.1	-1028628.63	12.0872
-648073.562	-1066122.759	-648137.96	-1066641.29	10.4504
-881684.648	-1007478.419	-881766.324	-1009134.231	21.1657
-760110.712	-976177.525	-759651.598	-976154.419	9.4742
-765677.7	-990558.27	-763389.81	-992953.24	25.8232
-777556.591	-991207.669	-777218.168	-993020.447	22.5813
-720245.62	-1070992.61	-720011.75	-1071233.346	3.9676
-882384.904	-1003135.151	-882180.889	-1003054.844	5.0343
-705932.86	-1013325.98	-706560.61	-1015673.42	28.4759
-733267.49	-1020351.43	-731613.902	-1021278.732	27.9074
-723862.67	-1002130.34	-725453.136	-998817.093	45.8272
-710457.607	-1037049.321	-710920.578	-1035454.223	41.7459
-741375.46	-1047504.02	-741788.86	-1047093.87	11.6761
-761858.43	-1020987.09	-761830.68	-1021728.81	8.4105
-857625.67	-1022950.01	-854376.18	-1025217.55	109.135
-679522.468	-1067119.159	-679665.464	-1065415.499	52.8037
-802617.775	-1021022.365	-802580.204	-1022609.926	23.4803
-776071.75	-1050624.5	-775823.61	-1048782.01	31.7878
-641137.754	-1061523.742	-641830.694	-1058978.996	33.9657
-690676.192	-1082340.194	-690663.34	-1082367.123	0.3322
-785947.35	-1018199.65	-785903.44	-1018138.51	0.8604
-757147.235	-1059510.985	-757128.242	-1059507.045	0.8137
-749962.11	-1054825.44	-751727.92	-1056190.59	29.2906
-860889.384	-1066222.927	-862018.808	-1064807.077	20.1281
-732103.646	-1040876.88	-732170.956	-1040809.093	2.1484
-779116.42	-1042743.98	-780485.3	-1040977.06	50.9348
-684053.62	-1032015.32	-684124.787	-1031890.884	1.5928
-701712.32	-1012534.577	-701546.07	-1012463.02	3.6202
-697477.333	-1035907.731	-697424.697	-1035914.68	0.5899
-738748.919	-1001258.549	-738660.45	-1001178.32	1.4029
-761729.69	-1057200.32	-759345.19	-1056031.723	34.7631
-671334.839	-1013380.04	-671318.326	-1013380.851	0.4191
-822691.204	-993747.305	-825652.86	-990284.21	93.7345
-696768.359	-1065799.89	-696813.865	-1065594.502	2.3782
-802886.96	-998364.25	-802994.8	-998275.28	1.0754
-767157.721	-980962.108	-766499.505	-982853.063	16.5051
-681800.77	-1011449.95	-681393.7	-1012890.33	17.4883
-843734.26	-1002910.68	-843706.44	-1002673.06	5.0304
-773585.129	-1055782.565	-773719.778	-1055932.824	4.0353
-771612.37	-1023803.49	-768205.212	-1023323.605	38.2313
-824027.093	-1021446.928	-823979.116	-1021458.512	0.5563
-849048.33	-1002298.4	-849059.247	-1002323.581	0.6378
-764857.312	-1020603.85	-765568.13	-1020517.37	8.7003
-783391.24	-1061960.53	-783301.77	-1061787.31	4.1784
-732317.52	-1055113.43	-732430.487	-1054769.329	8.1731
-848719.605	-1073969.032	-846969.722	-1071458.04	39.2623
-667434.36	-1033768.44	-667092.245	-1033928.634	5.3782
-788280.93	-990324.35	-788266.04	-990503.37	9.4806
-734667.55	-1006388.29	-734657.224	-1006198.632	2.2934
-644809.314	-1073394.96	-643963.03	-1072646.66	13.0065
-802221.716	-997025.126	-804134.69	-996514.12	23.0357
-818651.724	-1074636.177	-819612.78	-1076589.87	17.7438
-646842.755	-1034783.755	-644971.38	-1032389.41	42.58
-696712.51	-1014727.51	-695996.79	-1015467.52	13.2247
-738659.24	-985876.91	-737827.37	-984515.47	21.0221
-884362.294	-1009602.65	-881522.812	-1014064.165	74.0267
-751476.087	-976015.903	-749717.98	-974722.78	26.0209
-667304.361	-1041101.153	-666683.85	-1040351.24	19.8205
-712856.0	-983393.06	-712873.074	-983376.143	0.9043
-672190.329	-1083203.313	-672245.998	-1083231.835	1.2551
-686632.23	-1026029.46	-686097.313	-1024010.399	24.0011
-698328.194	-1080327.111	-698150.83	-1081315.17	13.9108
-757717.93	-1027868.5	-757198.72	-1025175.29	33.9526
-782127.93	-989879.61	-782973.879	-989205.278	14.1603
-751974.705	-1043105.096	-752279.89	-1043061.71	8.2035
-736873.15	-1038074.36	-736748.94	-1037377.2	14.2896
-706921.2	-1069889.39	-707071.52	-1070293.14	4.7906
-731640.68	-1078966.1	-735491.943	-1077107.534	51.5867
-724451.812	-1041571.23	-724435.034	-1041584.202	0.2916
-690378.47	-996190.1	-690223.07	-997143.8	11.1286
-767938.33	-1019675.92	-767713.24	-1020395.35	8.7125
-794506.51	-1004011.49	-794481.78	-1004012.95	0.3553
-864972.286	-1044654.765	-866288.3	-1043015.41	25.6071
-835716.726	-990384.662	-835547.209	-989951.865	5.8559
-649428.98	-1060875.631	-649315.954	-1060816.827	4.8316
-756770.213	-1065375.482	-756870.588	-1065638.939	5.657
-882299.844	-1021957.655	-882622.57	-1021971.004	2.4893
-792554.569	-979614.516	-792414.944	-979502.006	2.0056
-773902.9	-997205.3	-774490.386	-998364.466	24.7983
-730363.36	-1084639.28	-730339.49	-1084646.34	0.4978
-747592.42	-1012728.32	-748757.994	-1014323.258	48.5231
-698601.44	-1063577.91	-700885.09	-1064746.32	32.73
-789573.256	-1027143.939	-789516.43	-1027199.534	1.0097
-730385.752	-1043397.184	-730477.06	-1043448.93	6.4777
-758715.209	-1060308.79	-756229.13	-1064141.66	129.0238
-685269.238	-993743.812	-685365.419	-991199.758	29.072
-765999.3	-1078549.26	-765916.1	-1077914.45	7.4424
-753160.456	-1037488.903	-754195.55	-1037453.92	27.5423
-721916.777	-1032975.383	-721831.82	-1032837.54	3.2434
-755632.973	-991024.533	-755651.695	-991024.143	0.9657
-752021.69	-1007728.89	-752039.98	-1007724.212	0.2445
-640041.2	-1044758.34	-639827.249	-1045203.071	26.383
-818157.27	-1038318.05	-817681.88	-1038726.67	9.6042
-694942.03	-1066235.48	-694413.003	-1068650.807	29.146
-773549.494	-1055894.737	-773495.77	-1055868.64	1.2379
-848343.12	-1036112.63	-848593.3	-1036248.77	3.3111
-643390.018	-1044556.049	-643357.52	-1044647.09	1.0743
-753562.08	-1045802.37	-753430.208	-1045790.014	1.0194
-660125.873	-1028254.54	-658948.14	-1028018.85	14.7839
-763754.5	-977158.688	-764026.83	-977054.7	6.0386
-797242.374	-1068992.553	-797207.638	-1068902.189	2.1776
-690414.26	-1069784.24	-688454.182	-1070263.786	24.8358
-829800.781	-1072833.673	-829852.064	-1072797.4	0.737
-644350.08	-1074464.718	-642583.084	-1075093.771	21.1651
-757110.445	-1047042.846	-757484.4	-1046437.29	23.274
-767592.88	-1049843.99	-767429.581	-1048595.732	14.8979
-835436.002	-1033713.723	-836677.955	-1034938.437	21.3643
-770958.45	-1020244.89	-769598.02	-1020036.67	17.0785
-685904.886	-993511.359	-685232.746	-993710.463	14.2271
-757859.17	-971476.34	-758416.97	-970988.03	11.4376
-694089.33	-1072562.65	-694916.365	-1073152.797	12.6454
-764212.02	-984411.28	-765863.967	-983629.744	14.4165
-753305.819	-1004644.725	-754717.26	-1002056.5	33.2985
-851816.443	-1010487.409	-852025.15	-1010321.64	5.4258
-769888.27	-1017591.99	-769501.759	-1016717.413	10.671
-736802.978	-1032360.481	-736772.874	-1032130.157	4.6603
-648413.314	-1082896.161	-648524.869	-1084048.706	15.3374
-680494.767	-1082143.702	-681114.349	-1082188.818	7.4362
-755911.964	-1059127.866	-756507.085	-1057781.15	18.4261
-742977.964	-987871.438	-741735.77	-987581.701	15.132
-689663.127	-1077650.329	-688797.379	-1076150.545	19.4659
-851158.788	-1009138.871	-849872.823	-1008152.813	65.547
-726757.632	-974343.727	-727739.13	-975636.15	23.4255
-776512.28	-979470.94	-777841.63	-980174.42	17.8243
-704896.61	-1014942.03	-705112.095	-1015101.919	2.0673
-752141.41	-1023976.24	-752568.73	-1022723.96	14.7038
-725020.866	-1035329.149	-725019.592	-1035314.128	0.335
-754670.663	-1043581.536	-756259.96	-1043181.71	19.1925
-759709.546	-1022511.169	-760260.421	-1021845.213	9.8857
-767516.145	-1030473.609	-767505.147	-1030465.416	0.3832
-646608.894	-1035148.209	-646257.99	-1035696.78	7.2359
-764427.96	-984213.11	-765278.81	-985166.48	17.5597
-842537.83	-992099.058	-842568.76	-992116.35	0.939
-840507.259	-1070476.393	-840523.27	-1070522.25	0.5433
-752039.98	-1007724.212	-752045.381	-1007747.603	0.3538
-756889.551	-1065640.076	-756880.203	-1065655.615	0.5092
-732770.34	-993991.07	-735879.16	-989987.13	69.8391
-741063.502	-1048724.768	-740943.5	-1048793.72	3.4129
-864248.86	-1014682.19	-864660.78	-1015185.63	5.0046
-727468.18	-1079410.892	-727549.081	-1078700.955	14.886
-653414.983	-1023358.623	-653437.442	-1023375.294	0.9388
-725531.932	-998701.486	-725314.234	-997871.642	23.1827
-718775.66	-1088012.98	-717260.966	-1088326.135	63.5586
-810659.26	-991757.7	-810692.36	-991756.35	0.3891
-782291.96	-1079148.93	-780409.069	-1081704.322	132.8249
-760078.83	-976652.25	-759740.36	-976517.51	7.3271
-832504.574	-1028511.063	-833789.548	-1028802.239	19.3155
-713258.3	-1040346.94	-713263.437	-1040260.418	0.974
-854821.13	-1011089.54	-854887.4	-1011083.73	1.4011
-671529.156	-994215.846	-671541.458	-994226.952	0.3667
-704838.284	-1057569.131	-704824.513	-1057697.425	2.5806
-770073.586	-995598.948	-769951.24	-995580.14	1.3759
-819756.53	-1076870.55	-819624.11	-1076682.22	2.6012
-733915.431	-1056541.625	-733927.121	-1056517.774	0.614
-815931.981	-1024730.764	-817243.65	-1024194.83	15.8353
-744525.976	-985518.231	-742927.19	-985833.76	21.6744
-758594.475	-1047655.138	-760061.61	-1045933.24	32.7928
-683887.851	-1008125.569	-683832.71	-1008037.48	2.3665
-755086.89	-972337.9	-755071.627	-972993.598	15.8151
-738154.158	-1062918.564	-739793.524	-1062973.819	20.4941
-666792.402	-1075750.654	-669402.384	-1076829.111	43.7786
-698849.58	-996498.17	-698378.936	-995723.523	10.7137
-690378.47	-996190.1	-690355.329	-995681.431	6.6519
-821758.61	-987273.78	-821813.88	-987261.977	0.7893
-698742.74	-999596.75	-697706.206	-999723.703	13.9937
-640510.66	-1028327.36	-640652.89	-1029012.59	8.5264
-768181.129	-1028084.705	-768005.2	-1028115.04	3.5809
-769027.74	-999452.77	-772551.76	-997799.62	47.5529
-776457.57	-975926.16	-776446.43	-976006.71	1.6313
-811436.45	-1058332.05	-810964.063	-1057350.887	29.3001
-794596.07	-1003843.11	-799218.218	-1001629.481	39.4306
-659839.208	-1072077.168	-661987.09	-1073794.27	57.734
-662771.157	-997468.035	-662805.253	-996864.643	159.723
-678908.429	-1075980.569	-679399.801	-1079914.55	49.7881
-760798.366	-976523.528	-760694.235	-976579.692	2.7738
-770374.86	-983338.06	-771549.54	-982560.38	16.2426
-825652.86	-990284.21	-825767.75	-989720.75	6.5528
-746918.125	-1017516.563	-746939.588	-1017404.603	1.6207
-741819.671	-981309.368	-742170.27	-981064.35	5.6436
-756454.44	-1042130.3	-756273.1	-1041563.77	11.9775
-689289.117	-1090073.041	-689133.657	-1091275.611	15.8871
-757140.049	-1059498.17	-757147.235	-1059510.985	0.3745
-674729.5	-1016966.41	-674265.513	-1018960.391	27.2081
-742803.47	-1032645.08	-745931.551	-1032495.079	76.1282
-682692.846	-1028346.69	-684190.79	-1027277.101	20.7921
-698382.33	-1004446.27	-696426.87	-1001006.06	30.8365
-649286.677	-1061749.033	-649298.085	-1061754.233	0.2537
-872116.886	-1034067.855	-871874.345	-1034118.846	2.7601
-779253.26	-1007091.45	-777829.486	-1003324.989	62.7029
-683566.397	-1034493.712	-683000.678	-1033361.372	15.5261
-649209.144	-1061099.602	-649205.63	-1061116.033	0.3675
-735886.71	-1072198.31	-735030.582	-1072887.45	15.5973
-808875.104	-990891.741	-809067.59	-990874.41	5.5746
-705554.843	-1006843.949	-704847.721	-1008039.339	35.4693
-813725.859	-1071652.505	-815238.312	-1070947.234	16.2477
-691002.18	-995246.83	-690247.146	-995050.618	9.7777
-762253.87	-984849.76	-760202.75	-983625.94	45.7983
-695735.76	-1026015.665	-697316.589	-1026575.904	20.1689
-820973.902	-1062163.172	-820758.321	-1063384.583	13.7812
-730428.745	-1057413.053	-730549.63	-1057384.57	1.4109
-864301.648	-1043408.757	-864091.237	-1044544.766	17.4135
-751669.33	-1007020.21	-751637.21	-1006976.32	0.6053
-659141.502	-1054020.948	-659564.47	-1054034.521	5.1599
-766488.889	-972130.108	-766458.499	-972340.383	1.6418
-657019.754	-1063024.574	-652605.739	-1064369.9	56.8099
-860278.73	-1006748.49	-861324.758	-1008825.029	28.6325
-865033.199	-1014739.988	-864779.652	-1012961.45	42.0542
-719918.3	-1084615.0	-719964.66	-1084640.61	0.5905
-729566.13	-985317.67	-727547.636	-983761.853	30.8448
-673235.616	-1012182.841	-673068.91	-1012409.4	5.6326
-758097.64	-1033403.64	-757841.67	-1033524.501	5.6653
-757108.177	-1032272.941	-757097.594	-1032250.122	0.6216
-781677.917	-1049785.142	-781865.15	-1048439.48	16.3889
-757420.204	-1040997.825	-758253.4	-1040701.45	18.411
-885102.897	-1016857.919	-882642.087	-1015832.189	41.2776
-831494.033	-1036682.579	-832856.929	-1036801.011	18.4299
-776487.38	-1076782.21	-778922.16	-1071182.43	85.7191
-710977.87	-1025266.24	-710430.018	-1025668.049	14.2331
-710311.89	-1067211.04	-710947.59	-1066487.36	11.132
-667401.048	-1083330.838	-666388.889	-1082179.573	21.8798
-707084.08	-1063283.91	-706057.394	-1063749.005	13.7233
-640971.591	-1080795.556	-641563.12	-1081473.4	10.4598
-738946.797	-1071544.05	-739504.506	-1073640.959	34.4415
-701281.438	-1012426.375	-701654.7	-1012344.5	7.6674
-728440.506	-1060914.19	-730473.09	-1057922.22	28.4942
-639843.367	-1051732.211	-640470.79	-1051656.34	12.38
-727095.671	-1031375.294	-725685.08	-1033315.51	26.9694
-835040.953	-1040646.03	-837084.581	-1040616.452	25.4491
-814496.11	-1069885.77	-814649.04	-1070090.53	5.1312
-738989.588	-987015.568	-738672.355	-985890.635	19.4301
-766906.4	-1033649.9	-766746.83	-1036733.97	39.3071
-646928.349	-1057809.416	-646916.449	-1057818.684	0.3319
-704497.25	-1019010.64	-703972.47	-1019132.76	6.0317
-748260.33	-1030616.4	-748255.783	-1030596.93	0.4101
-748074.278	-981286.736	-747762.892	-981878.26	7.8519
-693730.615	-1032430.836	-693762.45	-1032418.66	0.6861
-759251.08	-1022895.286	-759758.79	-1022562.13	8.2402
-736840.53	-1036757.31	-736806.057	-1036906.288	3.0599
-727029.82	-1054875.525	-726907.287	-1054944.598	3.176
-645145.99	-1049725.66	-645139.2	-1049789.74	1.3332
-748623.581	-1025255.676	-748448.468	-1025141.783	7.162
-826207.223	-1025611.665	-825983.792	-1025686.738	2.6656
-660600.09	-1066370.54	-661244.734	-1066292.993	8.5228
-859274.95	-1010955.36	-859271.08	-1010969.95	0.202
-641003.486	-1073021.745	-640730.83	-1072215.52	10.1459
-727397.58	-1033927.5	-727394.82	-1032823.14	16.515
-689433.515	-1058416.562	-688883.495	-1058050.177	13.2215
-844011.49	-1005076.04	-839305.924	-1006682.998	143.6917
-784552.08	-1000770.58	-784727.36	-999553.65	18.6594
-689070.19	-1007867.98	-689146.607	-1007520.54	4.1141
-813902.061	-1024065.431	-814454.41	-1025832.225	33.3493
-768510.663	-1082952.008	-768538.32	-1082897.61	9879.5184
-849027.94	-1002337.53	-848826.603	-1006137.521	61.2214
-840611.07	-1059465.3	-841388.927	-1061952.353	70.7715
-641900.29	-1083151.42	-641558.455	-1081663.353	24.8752
-772290.594	-972053.928	-771922.183	-971933.635	9.1954
-794318.27	-1008076.35	-790550.11	-1009049.625	60.8967
-678795.907	-990702.905	-679466.541	-989570.958	26.7126
-736379.617	-1013751.113	-736379.594	-1013769.886	0.2424
-732817.12	-1028636.06	-734608.004	-1027176.601	29.7144
-732635.471	-1085666.116	-734758.764	-1086491.288	62.8299
-741813.07	-1047094.23	-741842.018	-1047250.734	3.7958
-697472.53	-1017427.37	-697349.47	-1017397.28	2.5418
-851153.587	-1009157.697	-851170.803	-1009143.361	0.9903
-681287.93	-1064461.518	-681218.36	-1064419.74	2.7298
-645063.453	-1071395.993	-644167.988	-1071592.408	10.302
-791097.96	-1010612.87	-789897.46	-1010678.27	14.4398
-849027.94	-1002337.53	-849048.33	-1002298.4	2.1798
-716573.27	-1009828.58	-717406.571	-1009971.884	13.6978
-756447.96	-1021323.23	-757291.75	-1022892.522	23.9157
-694401.055	-1065921.44	-694942.03	-1066235.48	8.9447
-824185.68	-1076313.69	-824140.66	-1076361.08	13.1864
-876735.812	-1034362.82	-878110.309	-1036605.959	31.471
-645555.73	-1052928.7	-645481.3	-1052903.41	0.9821
-778145.757	-981936.077	-778139.229	-981927.018	0.2851
-705213.552	-1046907.088	-704286.97	-1047107.97	10.5849
-824123.41	-1076094.96	-824103.65	-1075094.96	9.1693
-688732.223	-1058533.682	-688742.145	-1058541.222	0.3484
-766744.49	-996216.03	-764512.253	-997703.884	30.293
-666466.26	-1013751.01	-666386.09	-1013742.47	0.9067
-762805.438	-1051020.875	-762339.98	-1051545.548	35.0028
-752574.0	-1048595.25	-752456.66	-1048568.5	3.8471
-701332.32	-1004961.69	-704645.72	-1007854.94	74.1343
-754453.681	-1063515.296	-754368.65	-1063473.26	1.9903
-651926.66	-1019772.51	-653953.22	-1019479.01	34.2074
-798345.32	-994740.24	-799077.81	-993548.97	17.5181
-828650.137	-1025051.101	-830057.621	-1024759.739	15.9707
-684465.51	-994535.698	-684500.3	-994629.26	2.0358
-741678.677	-1028204.395	-742088.056	-1027627.493	7.8624
-683207.8	-994620.61	-681797.21	-993912.17	36.221
-716181.54	-1053143.76	-713784.454	-1051227.776	39.138
-759070.16	-1068771.63	-759120.04	-1068577.14	3.9513
-676885.72	-1040443.22	-676359.333	-1040833.919	8.4712
-649281.375	-1061840.834	-649281.836	-1061781.562	1.2383
-695497.4	-1038523.04	-694182.92	-1040208.12	24.0453
-725462.663	-978511.852	-730613.51	-976931.21	70.287
-712745.62	-1008418.9	-712566.42	-1009304.56	10.5665
-767521.328	-1030468.912	-767516.145	-1030473.609	0.148
-760277.5	-1018634.36	-758222.11	-1020120.63	30.9264
-767491.287	-1045988.307	-767628.36	-1046038.68	2.9242
-666173.04	-1011510.76	-665202.27	-1011208.67	12.0227
-704514.89	-1014722.42	-704443.17	-1014666.94	0.6976
-730555.63	-1041606.57	-729921.66	-1041002.68	10.6311
-714569.04	-1056043.87	-714087.729	-1057511.199	17.3602
-819624.11	-1076682.22	-819458.15	-1075912.13	8.934
-683525.776	-1008619.715	-683572.77	-1009436.95	9.2954
-683574.671	-1062240.606	-683994.92	-1063855.331	34.8815
-776711.619	-1034332.795	-776749.33	-1034354.42	1.1708
-734179.267	-1073288.225	-734107.342	-1075541.778	28.602
-644773.5	-1037891.361	-644749.721	-1037931.006	0.5149
-702320.32	-1009965.34	-702516.565	-1010261.375	7.1945
-703603.3	-1070228.96	-702591.63	-1070675.77	12.7046
-798345.32	-994740.24	-800442.53	-998372.8	59.226
-662235.315	-1059060.07	-662315.36	-1062090.09	36.4046
-834771.583	-1060697.914	-835407.871	-1058766.318	24.1822
-656123.371	-1061794.799	-652542.747	-1062334.365	42.8913
-648369.812	-1038391.511	-648257.58	-1038522.22	1.9488
-789999.22	-1029582.85	-789625.983	-1027260.753	28.8752
-729458.7	-1079294.71	-730136.57	-1079066.52	8.069
-763475.06	-992883.25	-763702.81	-992726.37	5.5329
-762524.04	-1062470.43	-763664.0	-1062929.15	14.877
-719124.44	-1019653.71	-719644.184	-1021630.445	30.4548
-646487.376	-1023965.665	-648133.96	-1022872.9	22.6687
-693139.9	-1052017.28	-694455.13	-1052575.23	17.9333
-672706.22	-1015107.8	-672642.55	-1014807.25	3.5783
-792713.08	-994913.79	-793324.128	-996026.433	14.8902
-684950.74	-996639.44	-684308.453	-1001173.117	83.294
-703972.47	-1019132.76	-703567.379	-1020096.168	11.6124
-769035.413	-993099.911	-767901.68	-991457.23	40.0783
-787841.5	-1017293.11	-785969.35	-1018223.45	64.6123
-746657.563	-1017680.468	-746935.15	-1017088.725	5.1014
-819733.064	-1026468.279	-819904.908	-1026322.442	4.5223
-705349.875	-1044497.918	-705583.77	-1044359.47	2.091
-644993.93	-1049839.45	-644748.24	-1050053.81	6.5868
-720519.25	-1047917.17	-718912.187	-1047953.389	18.4049
-655774.43	-1015985.09	-652077.08	-1016925.91	45.717
-685946.901	-1053736.888	-688505.13	-1051236.35	45.9694
-701337.4	-1003724.2	-701237.46	-1003858.29	3.607
-649822.85	-1086477.095	-650094.63	-1087395.397	27.3156
-804450.558	-1069192.035	-804402.802	-1069236.047	1.3581
-762921.827	-973598.762	-762800.511	-973664.528	2.7825
-686841.974	-1066086.179	-687258.748	-1064722.219	19.9397
-770392.356	-1000118.005	-770489.81	-1000173.05	1.2436
-759120.04	-1068577.14	-759224.355	-1068507.43	1.3943
-733650.642	-1053310.708	-733688.643	-1053306.73	0.9979
-669697.05	-1011811.44	-669124.001	-1010876.083	23.0432
-763355.85	-1021358.05	-763141.496	-1021116.148	4.6815
-647466.17	-1093699.84	-647876.97	-1093900.63	5.3039
-690092.367	-1088967.61	-691194.385	-1091059.52	138.5445
-797607.34	-1069337.13	-797706.25	-1070400.74	15.3061
-738923.023	-995382.748	-738733.01	-994172.457	14.7677
-860277.03	-1033622.47	-859548.5	-1034615.3	14.7232
-687848.906	-1056461.199	-688201.86	-1053356.66	41.5787
-755038.409	-975123.909	-755003.782	-975027.435	24.1019
-762955.47	-1033824.97	-760736.63	-1031935.29	38.4268
-804402.802	-1069236.047	-800608.9	-1067009.36	52.375
-686826.375	-1070694.396	-685318.93	-1069051.32	27.3223
-665794.8	-1014294.06	-664819.92	-1015788.69	19.9417
-887835.846	-1019891.347	-887560.516	-1019868.019	3.0703
-671563.613	-1083323.763	-671566.691	-1083348.848	1.4488
-647774.02	-1059233.54	-647852.61	-1059246.72	1.6273
-796037.22	-1012218.17	-795999.57	-1013472.36	15.1065
-746719.1	-1011750.25	-746356.47	-1011843.08	4.6229
-744427.01	-1041940.53	-744444.64	-1041362.66	11.9024
-668848.3	-1010056.22	-669484.44	-1009602.86	18.9538
-823944.91	-1066493.496	-823952.872	-1066561.885	1.7563
-674304.001	-1060024.199	-672926.39	-1060561.43	18.0384
-819149.87	-1017315.07	-817241.266	-1019931.56	45.2149
-644501.1	-1038399.972	-644454.839	-1038353.711	0.7471
-733950.735	-1053559.331	-734158.512	-1053815.078	7.5582
-828066.378	-1034119.544	-829057.641	-1032575.254	26.7974
-822522.04	-1017189.31	-822967.682	-1019635.13	63.2251
-698477.336	-990974.16	-696412.988	-986870.134	59.1641
-820973.902	-1062163.172	-820040.56	-1062087.93	19.1778
-790798.607	-1005234.247	-790769.08	-1005236.152	0.6333
-804256.144	-996697.82	-804134.69	-996514.12	2.449
-713784.454	-1051227.776	-713775.639	-1051218.491	0.2513
-699059.832	-1004382.054	-699058.165	-1004402.255	0.5224
-764075.567	-977066.577	-764026.83	-977054.7	1.2382
-662362.855	-1049139.007	-662315.995	-1049032.62	1.2953
-753296.424	-1004671.452	-753284.357	-1004660.27	0.2
-645172.077	-1071344.936	-645186.686	-1071405.017	1.2369
-783301.77	-1061787.31	-778315.6	-1058863.87	46.5419
-662315.36	-1062090.09	-661510.83	-1064983.96	49.6797
-819202.2	-1075234.67	-819511.67	-1075826.07	13.542
-685712.89	-1068641.545	-685181.368	-1066206.294	37.233
-669237.85	-1071413.68	-668606.725	-1072789.606	18.8077
-655004.554	-1070119.791	-654990.028	-1070130.784	0.2384
-792574.93	-1067375.07	-792717.683	-1068085.831	8.4467
-811609.18	-1024678.44	-812095.043	-1023393.512	16.6707
-645172.077	-1071344.936	-645067.818	-1071285.796	3.9258
-783961.55	-1053084.29	-782921.24	-1054037.589	34.7799
-661987.09	-1073794.27	-662570.484	-1074158.653	9.7858
-740113.877	-1048564.374	-740263.048	-1048539.176	3.2584
-782595.73	-1062161.21	-781330.99	-1062207.01	15.0888
-783639.3	-1061919.5	-783740.92	-1062114.7	4.7902
-734814.96	-1045808.9	-734871.69	-1045752.6	1.9887
-692559.898	-1080566.223	-690356.566	-1079498.692	30.1513
-684561.603	-994651.643	-684400.46	-994761.98	4.0004
-660725.035	-1020574.153	-659267.448	-1021680.819	20.3351
-740370.9	-1068792.036	-740537.23	-1069677.13	24.8765
-733649.399	-1015348.684	-733675.105	-1015316.557	1.7512
-652296.28	-1047526.95	-652244.35	-1047484.7	0.7438
-771899.49	-1025011.53	-770273.005	-1024610.855	23.4849
-741826.92	-1043491.34	-741616.98	-1043059.21	9.8916
-648783.95	-1028159.26	-648220.07	-1027573.9	13.8806
-661677.75	-1019517.07	-661395.535	-1019171.592	24.3108
-808259.75	-991522.18	-808223.01	-991554.91	1.3689
-717444.989	-1021625.032	-717390.824	-1021655.853	0.701
-771281.929	-1061756.367	-770353.66	-1060804.791	18.6144
-680256.859	-1067463.219	-680266.044	-1067450.627	0.3615
-768947.8	-980146.02	-769681.56	-980106.11	7.0756
-746628.318	-1006476.563	-746316.93	-1007009.61	7.131
-778014.027	-1012372.889	-778688.11	-1011687.44	10.7671
-661617.63	-1011287.41	-662928.31	-1011069.52	20.5442
-758900.159	-1029946.098	-759479.25	-1029428.5	16.3789
-680545.68	-1060098.99	-681692.29	-1059999.27	13.1121
-773237.107	-978438.398	-773231.21	-978427.34	0.2887
-754768.421	-1001856.78	-754851.754	-1001837.015	0.9652
-753531.82	-1029255.4	-751583.2	-1027700.11	30.5909
-835338.541	-986249.51	-834379.642	-987116.702	24.4359
-795439.262	-985877.066	-795450.938	-985788.52	1.0047
-684737.81	-1033347.95	-684084.16	-1033852.85	9.3567
-672386.15	-1014641.12	-672062.917	-1014726.53	7.0126
-684719.07	-993999.7	-684524.76	-993875.02	6.6875
-760986.04	-1026533.61	-761127.644	-1026146.311	8.4395
-712180.97	-1055894.97	-711586.299	-1058720.341	35.8036
-696379.8	-1045598.58	-696115.69	-1045320.03	4.3286
-744676.58	-997624.94	-746249.934	-999007.937	31.0544
-819253.223	-1065170.414	-819266.67	-1065155.974	0.4494
-762732.99	-1003869.0	-761330.15	-1006063.11	51.9283
-695425.18	-1027294.18	-697368.527	-1026667.204	34.3315
-726849.801	-1054952.963	-726844.043	-1054963.478	0.2398
-710900.688	-1025940.774	-710884.848	-1025926.968	0.4836
-675690.37	-1067570.25	-675211.97	-1066793.444	28.4181
-699514.43	-1057402.52	-699352.38	-1057446.86	1.8922
-654626.586	-1030590.14	-654593.16	-1030291.35	3.3507
-763495.498	-1050934.008	-765408.141	-1051604.16	22.9031
-749171.951	-1045561.739	-749343.934	-1045675.019	4.4264
-652444.32	-1028726.62	-651643.82	-1029548.21	12.8126
-720704.68	-1050757.53	-720089.69	-1051396.2	10.7166
-757081.252	-1016222.829	-756917.862	-1016333.564	4.0073
-762151.98	-1057543.4	-761729.69	-1057200.32	14.4008
-689965.324	-1088969.229	-690092.367	-1088967.61	1.4531
-812592.933	-1005045.049	-809822.205	-1004207.396	38.9917
-743670.905	-1024947.276	-743733.598	-1024751.968	4.1053
-726878.932	-1054903.12	-726907.287	-1054944.598	1.1199
-648119.937	-1065264.0	-648073.562	-1066122.759	17.2635
-807283.22	-992058.13	-807218.882	-991570.862	10.3346
-733380.49	-1000976.91	-733066.43	-1000888.03	3.8025
-678849.04	-1004521.86	-680164.18	-1003734.49	24.5995
-666683.85	-1040351.24	-665998.12	-1039213.13	16.3652
-813798.296	-1067557.869	-812337.094	-1067266.24	20.7847
-811732.45	-1017293.0	-807487.18	-1017041.32	56.9159
-819859.81	-1075632.48	-820681.82	-1077421.557	30.6584
-750581.08	-1018442.97	-748877.24	-1017607.466	29.1414
-758333.318	-1040644.002	-758355.348	-1040652.328	0.5778
-817229.42	-1070591.25	-817356.22	-1070566.11	1.4363
-693880.659	-991617.913	-693587.23	-991321.44	4.9144
-730136.57	-1079066.52	-731640.68	-1078966.1	18.3101
-679587.323	-1071764.46	-678978.25	-1073020.88	17.2908
-656326.915	-1069967.999	-656255.699	-1070045.007	2.1041
-783886.97	-988418.09	-783901.62	-988451.57	0.4061
-797114.443	-1028734.905	-797650.14	-1028584.26	11.1398
-690024.26	-1005862.91	-692416.863	-1004296.387	53.124
-771986.75	-1079105.54	-776058.3	-1081472.38	58.1107
-877339.234	-1015828.577	-877826.08	-1014802.63	16.2379
-683331.887	-1021783.553	-685497.87	-1023511.15	32.4153
-817411.992	-1063506.723	-814565.083	-1061261.8	47.6472
-739314.48	-1033595.88	-739217.73	-1033609.03	2.4986
-698568.47	-1004508.36	-698737.223	-1004659.148	2.6334
-727549.081	-1078700.955	-725714.2	-1076604.05	44.6803
-742458.968	-1045227.057	-742533.36	-1045896.58	13.6653
-701597.527	-1060360.695	-702768.8	-1059534.95	17.1303
-648073.562	-1066122.759	-646526.173	-1066046.309	18.2829
-656596.064	-1070185.016	-656633.86	-1070308.88	2.6596
-744607.988	-1048628.387	-744500.5	-1048316.55	9.2504
-794052.3	-1037127.69	-794659.195	-1039549.728	50.801
-821541.517	-996065.46	-821510.98	-996075.529	0.4698
-686980.44	-1062408.9	-688066.84	-1062324.49	14.1652
-879585.58	-1020819.82	-879650.97	-1020835.38	0.7863
-772252.958	-1022494.152	-771612.37	-1023803.49	27.8117
-751400.001	-1045798.738	-751354.53	-1045701.18	3.4545
-671429.964	-994727.192	-671462.93	-994729.683	1.7312
-727802.84	-1023207.34	-725803.749	-1022124.234	38.5136
-661501.52	-1058410.07	-658622.933	-1059729.837	54.0088
-852947.58	-1019297.82	-853343.062	-1022535.79	41.8308
-700883.381	-1010387.523	-700915.204	-1010513.621	2.6036
-715946.22	-1057343.1	-716319.893	-1056857.227	16.3253
-774305.718	-1021278.4	-774162.8	-1021173.806	2.0512
-702392.08	-1045953.55	-702013.998	-1046509.264	9.0923
-817440.385	-987824.75	-817396.62	-988845.84	12.9905
-672110.66	-1011490.64	-673053.29	-1012178.46	24.0158
-745951.264	-1053740.124	-745949.483	-1053736.759	0.0761
-690024.26	-1005862.91	-688121.91	-1005129.46	28.1122
-714821.655	-998230.155	-713070.7	-998912.01	20.9743
-739286.62	-1033463.37	-739217.73	-1033609.03	3.2229
-649055.257	-1058143.084	-648988.473	-1058055.204	2.2866
-756164.6	-993304.1	-756178.87	-993320.65	0.5514
-691713.46	-1050986.78	-692204.04	-1051154.63	5.777
-761869.05	-1044037.25	-762779.554	-1043689.805	11.6396
-644280.07	-1047970.75	-644139.468	-1047621.263	5.9622
-642375.112	-1071148.054	-640408.725	-1071317.926	21.9884
-643467.953	-1062808.251	-643407.33	-1065727.687	35.4927
-755814.649	-1034625.46	-755875.499	-1034440.47	2.1873
-727719.25	-1040456.16	-723564.93	-1036303.18	46.577
-840107.51	-1065084.419	-842664.93	-1065638.633	29.3088
-727990.498	-1055920.737	-727882.96	-1055864.88	2.5703
-812433.03	-1013933.23	-812489.38	-1013963.8	0.7147
-762564.02	-992066.04	-762541.454	-992050.625	1.1869
-723677.639	-1036221.999	-723650.025	-1036501.706	5.6451
-727727.2	-1040446.25	-727842.643	-1040415.929	1.4701
-762857.67	-1050705.85	-762805.438	-1051020.875	8.2987
-808485.125	-991109.938	-808875.104	-990891.741	8.9996
-820040.56	-1062087.93	-817712.43	-1060613.02	38.6141
-687421.8	-1056195.02	-682593.55	-1057225.8	58.5572
-801122.25	-1008105.063	-801108.0	-1008116.063	0.4037
-653715.262	-1078892.329	-653588.193	-1079864.762	12.4972
-779866.125	-983130.25	-779817.024	-983152.727	0.6
-819353.97	-1075609.13	-819302.55	-1075496.64	2.4742
-745923.02	-1055713.05	-746339.26	-1055479.06	10.796
-645356.061	-1042741.654	-645204.688	-1042734.375	3.0465
-659898.244	-1090702.716	-659784.206	-1089373.746	15.3669
-665659.82	-1000236.89	-663914.11	-1003293.55	71.6775
-827897.646	-1061881.878	-826671.121	-1062964.062	18.2079
-680341.8	-1069060.17	-681395.684	-1071134.646	28.5986
-727465.293	-1006781.635	-727307.445	-1006654.372	2.4873
-775431.892	-1032659.27	-775646.55	-1032626.12	2.4134
-767079.448	-980592.736	-767157.721	-980962.108	4.4717
-705213.552	-1046907.088	-705068.76	-1047873.8	11.3507
-656412.571	-1067887.071	-655124.918	-1068254.416	15.9313
-776337.19	-1022113.34	-775478.8	-1021851.08	11.5395
-686738.011	-1062853.464	-686980.44	-1062408.9	11.8483
-808753.15	-991205.09	-808700.584	-991218.76	1.0923
-668187.95	-1070197.45	-667580.854	-1071084.734	12.6846
-775508.24	-1065095.71	-774118.63	-1065131.66	16.0039
-806738.412	-1068728.082	-806550.624	-1067938.374	16.4546
-726485.929	-1070435.268	-726502.432	-1070523.304	2.5822
-647768.254	-1088915.886	-647429.71	-1088888.66	6.8706
-866147.59	-1048867.78	-865707.45	-1048533.08	11.0636
-753007.42	-983585.66	-753063.822	-985251.483	20.1552
-747395.28	-1027586.476	-747786.218	-1026682.429	11.0139
-755006.918	-980759.374	-754805.789	-981132.737	4.7564
-680588.724	-1064347.312	-680661.217	-1062984.287	15.8707
-697287.6	-1072560.2	-697391.442	-1072062.306	5.6951
-794639.386	-986543.904	-794827.259	-986652.482	2.6386
-862451.551	-989807.102	-861412.91	-990472.22	16.6054
-715631.772	-1000548.948	-715496.39	-1000040.36	5.9281
-725020.866	-1035329.149	-723735.714	-1035565.991	29.122
-661131.88	-999947.81	-660750.09	-1001499.58	34.6044
-727749.77	-1033945.99	-727397.58	-1033927.5	3.9196
-842649.229	-1017088.561	-842356.181	-1017256.984	3.9772
-762967.238	-980983.02	-761851.211	-980207.841	16.0393
-783758.47	-1044267.37	-785874.31	-1045240.77	63.5286
-863459.709	-1029550.184	-867400.339	-1034047.122	183.1118
-697879.42	-1024755.13	-697316.589	-1026575.904	22.3923
-741398.951	-1001930.92	-741364.58	-1001918.11	0.7357
-831413.73	-984863.759	-833025.666	-988995.456	53.7777
-802900.18	-998268.5	-802866.19	-998231.72	0.5565
-664882.56	-1076094.25	-663806.42	-1075840.04	19.0386
-772326.804	-1081816.12	-772344.634	-1081828.37	0.2646
-805526.666	-1063574.646	-806200.929	-1062531.738	16.7936
-826096.839	-1043447.24	-827032.435	-1043279.083	10.7621
-703635.862	-1037189.932	-703635.91	-1037363.33	3.5018
-796287.08	-1026341.75	-796895.697	-1025195.084	15.2455
-769566.17	-1053026.82	-770317.013	-1053596.458	22.4706
-729135.715	-1078700.134	-729368.5	-1079393.96	14.6771
-752530.639	-1077247.698	-752483.391	-1077454.372	2.4178
-880146.31	-1011719.17	-881522.812	-1014064.165	34.5956
-795519.83	-995402.33	-796934.15	-997600.62	29.2967
-845398.449	-1044515.837	-843305.65	-1042644.378	50.5892
-713263.437	-1040260.418	-713080.6	-1040301.81	2.0836
-715953.55	-1017612.59	-713550.47	-1017791.14	37.0044
-679769.06	-1010345.8	-679781.5	-1010354.11	0.1664
-751991.82	-1038509.22	-752161.6	-1038473.45	3.8567
-744693.307	-988746.254	-742977.964	-987871.438	22.8016
-709648.23	-1055155.331	-708643.64	-1056377.41	27.5363
-798528.72	-1002169.83	-795766.35	-1003959.98	60.8184
-849027.29	-1064681.514	-849492.813	-1064832.5	12.6178
-750378.786	-1005549.152	-750178.031	-1005376.112	5.5235
-707013.649	-1066206.357	-706622.38	-1065074.64	13.4614
-699855.57	-1001220.21	-699954.06	-1000452.35	9.0756
-781414.81	-1012256.33	-781927.11	-1013434.22	23.4671
-744366.4	-1040022.85	-744325.313	-1039822.447	4.2596
-780868.79	-1023109.06	-780506.83	-1023495.58	7.6076
-787825.765	-1006710.999	-787838.72	-1006690.14	0.2728
-645183.938	-1042723.0	-644614.438	-1041881.625	11.3592
-751707.204	-986163.13	-751684.279	-986129.648	0.5102
-707043.145	-1047369.448	-704751.508	-1048567.281	32.5567
-689199.57	-1027006.85	-687615.17	-1025887.1	22.5762
-767520.721	-980927.126	-767457.178	-980747.749	3.4854
-745039.596	-1059925.337	-746180.91	-1055983.36	161.2609
-681845.974	-1048307.668	-681671.06	-1048041.65	3.5399
-653761.317	-1094060.611	-653397.894	-1094012.823	4.2167
-834373.817	-1075631.925	-834851.753	-1075995.373	35.6325
-758080.6	-977733.33	-757158.11	-978683.6	27.9864
-880386.519	-998153.313	-874589.614	-996794.932	115.6625
-739456.77	-984455.4	-739772.07	-983203.74	18.0361
-814540.66	-1041755.27	-814349.151	-1040577.083	14.0382
-735648.061	-1031206.468	-735035.64	-1031357.32	7.0177
-710884.848	-1025926.968	-710430.018	-1025668.049	11.1086
-844823.27	-1068111.92	-843492.62	-1069956.18	38.1688
-688204.498	-1045604.069	-688173.034	-1045724.756	2.7507
-778347.63	-979882.5	-778075.03	-979356.371	7.2482
-712106.34	-1041512.35	-712365.36	-1041495.43	2.895
-745202.35	-996460.85	-745388.884	-996068.068	8.568
-710578.734	-1048053.536	-708524.63	-1046732.8	28.562
-670936.937	-1070587.999	-670464.738	-1071072.651	13.6078
-764003.61	-1024125.807	-764017.237	-1024135.383	0.3767
-748278.41	-1074278.36	-748175.379	-1073268.348	25.4662
-649055.45	-1058279.95	-649463.246	-1060572.535	27.2705
-717553.41	-1023644.14	-718601.39	-1025304.16	22.8596
-684434.33	-990100.31	-684448.74	-990093.82	0.3769
-704367.28	-1004604.22	-706091.96	-1004485.88	19.2522
-831193.859	-999203.224	-826005.685	-998194.328	98.9063
-761216.881	-994932.114	-761091.924	-995027.082	1.9003
-717869.17	-1022169.19	-717553.41	-1023644.14	25.6552
-757611.17	-1038996.82	-757505.78	-1039271.09	3.3479
-766250.89	-1038585.87	-766277.31	-1038549.28	0.9028
-701568.13	-1012234.63	-701533.204	-1012301.314	2.9301
-717937.101	-978584.615	-718555.855	-979436.015	24.8382
-641999.909	-1083270.542	-641900.29	-1083151.42	3.2386
-749772.962	-1049969.585	-749702.71	-1050186.84	1.7599
-833863.846	-1070978.163	-834135.627	-1070052.582	11.7785
-641702.953	-1058528.436	-641716.414	-1058532.561	0.3897
-696561.63	-996196.47	-697634.39	-994570.19	24.73
-773028.08	-1031503.21	-772865.013	-1031315.823	2.7603
-670378.25	-1048213.313	-670282.17	-1047974.17	2.8705
-707728.379	-1069934.999	-707071.52	-1070293.14	8.3128
-681376.088	-1064537.425	-681195.203	-1064518.936	3.6382
-842812.78	-1001987.65	-842446.245	-1001920.005	4.1418
-683909.275	-995204.688	-683941.278	-995272.125	2.0017
-766886.432	-1009875.954	-766869.724	-1009908.032	0.4037
-685492.765	-1070729.299	-685206.43	-1070551.72	7.2725
-711182.08	-1008838.71	-712566.42	-1009304.56	25.7047
-653951.972	-1045922.459	-652800.92	-1044778.31	18.3621
-826437.994	-1068327.778	-826501.441	-1068388.419	1.7553
-710154.438	-1069709.127	-709267.717	-1068318.769	18.3236
-846906.763	-1052310.741	-847511.823	-1052531.185	7.4608
-744515.11	-1048334.02	-744607.988	-1048628.387	7.0008
-669124.001	-1010876.083	-669095.228	-1010861.663	0.8007
-668996.86	-1009376.63	-668570.513	-1008622.189	17.3346
-846083.92	-1033571.49	-848307.95	-1035856.97	37.5836
-681517.925	-1046005.473	-682033.32	-1045775.8	6.4353
-847683.183	-1038675.318	-845507.48	-1038886.21	28.1467
-792093.47	-1061423.94	-790637.26	-1060634.4	20.1892
-686288.658	-1034859.718	-684582.25	-1034680.56	24.1901
-724567.678	-1043860.306	-724042.189	-1042852.331	26.7201
-740605.199	-1064951.861	-740354.81	-1066732.65	25.8206
-848711.125	-1010338.375	-848599.913	-1010322.541	2.2844
-766498.187	-1052166.499	-762979.692	-1050902.147	30.254
-818542.134	-1001330.982	-818596.165	-1001266.455	0.9351
-761283.792	-994857.136	-761057.6	-994731.297	2.876
-668187.95	-1070197.45	-667413.88	-1070189.63	8.6015
-770839.14	-983575.63	-771062.56	-986449.233	52.0921
-771527.21	-1009234.35	-770863.616	-1010070.631	40.7433
-777253.82	-1070743.77	-778080.774	-1071621.092	14.1162
-725605.77	-1048990.89	-725214.99	-1049590.8	16.2034
-720584.34	-1026957.95	-719755.49	-1030528.03	53.8645
-648850.296	-1057904.804	-648879.304	-1057930.777	0.7787
-795649.836	-1074664.57	-795889.11	-1075753.77	31.7657
-802786.177	-1055892.54	-802399.077	-1055590.677	10.5036
-717801.722	-979961.24	-718555.855	-979436.015	19.4567
-648216.898	-1064150.17	-648218.351	-1064155.734	0.115
-702673.44	-997200.48	-705197.814	-993678.154	55.2923
-687707.323	-1057595.839	-687691.147	-1057613.069	0.5263
-699057.01	-1070584.67	-697944.0	-1070337.97	13.9117
-704866.76	-1061699.46	-703668.99	-1062360.73	15.2025
-644704.413	-1038555.288	-644516.187	-1038472.986	2.3646
-714682.82	-1088480.807	-714662.706	-1088598.593	99.3004
-701306.53	-1062771.45	-700435.97	-1061059.08	25.4801
-653408.243	-1023374.751	-653414.983	-1023358.623	0.4037
-658327.19	-1007363.39	-658305.54	-1007290.38	0.8564
-732106.87	-1056824.41	-731827.37	-1056765.91	5.7139
-809358.27	-991770.31	-810333.785	-991622.577	11.0206
-805580.55	-989185.89	-805549.61	-989198.8	0.8541
-808753.15	-991205.09	-808721.81	-991258.59	1.3859
-700934.131	-1010553.257	-700932.587	-1010576.171	0.4663
-767372.422	-1024243.024	-764620.16	-1023928.55	38.0062
-687669.082	-1057604.876	-686881.544	-1058803.954	28.7172
-739945.128	-1048406.216	-740113.877	-1048564.374	4.6692
-735273.672	-1013274.098	-735262.793	-1013251.225	0.73
-790737.291	-1066899.122	-792574.93	-1067375.07	25.5495
-751863.653	-979629.662	-753071.696	-979898.12	30.4315
-757993.91	-1037860.61	-757974.56	-1037895.78	0.8951
-682538.522	-1049193.512	-681845.974	-1048307.668	12.5712
-809159.34	-994184.85	-809585.21	-994142.99	8.7058
-804134.69	-996514.12	-804435.713	-996388.927	3.6238
-701337.4	-1003724.2	-699855.57	-1001220.21	35.6793
-730629.17	-1041975.49	-730621.63	-1042047.58	26.1865
-649286.677	-1061749.033	-649306.272	-1061680.99	1.4946
-775685.57	-995993.75	-775370.39	-996060.31	3.6405
-738499.524	-1076315.869	-737780.89	-1073920.26	35.4527
-646505.31	-1021123.44	-645953.01	-1021514.61	9.3334
-806921.609	-989798.425	-807099.2	-989740.06	6.9757
-777928.09	-1024717.17	-775900.9	-1024307.4	22.9814
-780888.98	-1009117.11	-781072.968	-1009265.796	3.9448
-754173.61	-1046352.76	-754070.889	-1046354.239	3.4177
-824242.78	-1071919.35	-824275.24	-1072041.62	2.5394
-866604.105	-1040990.974	-866585.404	-1040998.766	0.2438
-681926.98	-1010567.27	-681800.77	-1011449.95	9.9621
-644600.75	-1041860.375	-644618.793	-1041865.152	0.4699
-756934.11	-1065837.4	-757101.05	-1067770.45	25.115
-746303.829	-1053861.234	-746350.157	-1053821.114	1.2314
-706091.96	-1004485.88	-705554.843	-1006843.949	27.0282
-694676.06	-1062700.39	-694611.91	-1062657.07	0.8601
-723658.439	-1036741.984	-723627.515	-1036753.24	0.9599
-690976.164	-1022440.541	-688858.81	-1024493.81	36.9167
-748363.74	-1010950.49	-746721.41	-1011678.92	20.4235
-767083.888	-980586.629	-767079.448	-980592.736	0.0839
-842791.18	-1011168.97	-841795.204	-1010891.984	18.3819
-765232.67	-974584.482	-766343.461	-972581.316	18.3979
-791840.28	-1069934.22	-792851.98	-1070549.81	28.1685
-666069.34	-1063029.08	-667278.772	-1063015.809	14.403
-878647.59	-1016413.42	-877339.234	-1015828.577	17.3806
-684308.453	-1001173.117	-684294.67	-1001305.09	1.9612
-773864.194	-1048488.016	-773868.5	-1048439.4	1.0496
-768305.47	-1063499.85	-768572.23	-1063516.11	2.9825
-785384.123	-1060572.777	-784365.893	-1059895.552	16.3815
-724293.04	-1026433.46	-723465.22	-1024603.52	24.8642
-719358.41	-1030469.28	-719451.27	-1030484.668	1.0459
-849337.108	-991340.404	-856245.965	-987780.178	114.5059
-791943.37	-991093.07	-794104.53	-993257.69	39.1753
-689527.613	-1046455.283	-689513.392	-1046443.612	0.4304
-740007.973	-1073765.578	-743079.059	-1073762.088	48.1607
-773231.14	-998764.04	-772551.76	-997799.62	15.3306
-697691.297	-1074154.362	-697610.397	-1074461.541	3.8906
-752530.75	-1048781.25	-752655.72	-1049106.351	7.0445
-643431.223	-1047704.006	-642841.85	-1047796.88	7.0058
-725957.19	-1071372.88	-726412.52	-1070532.723	29.4745
-787860.82	-978850.27	-788632.81	-979612.71	21.8752
-664640.67	-1051052.65	-665321.897	-1052204.756	16.3945
-716040.63	-1064652.88	-714992.26	-1064696.34	26.521
-775807.257	-1014701.919	-775409.33	-1012503.54	29.5367
-647883.61	-1059352.33	-647774.02	-1059233.54	3.2946
-727355.342	-1055096.643	-727335.155	-1055066.018	1.1777
-704002.618	-1055416.614	-702216.03	-1056459.18	40.5498
-650365.17	-1017742.53	-649508.86	-1018964.207	17.0567
-772186.4	-1069039.25	-773681.35	-1068461.09	27.8231
-772371.88	-1055560.94	-772590.59	-1057139.05	28.1409
-678035.842	-1088468.6	-682236.742	-1091181.041	62.5945
-848962.91	-1010196.535	-848965.971	-1010131.521	16.1622
-753219.263	-1011090.832	-752788.817	-1011632.078	9.2955
-820596.573	-1063508.757	-820796.02	-1063693.532	3.6707
-800155.86	-986999.15	-798000.79	-986310.91	25.5819
-763530.548	-1022285.521	-763417.35	-1022304.798	1.2759
-685123.6	-1043129.11	-685684.47	-1041534.47	19.2053
-648150.16	-1066740.416	-648196.224	-1067247.528	10.2235
-727793.899	-1040572.963	-727719.25	-1040456.16	1.6052
-753492.002	-1050068.921	-752734.577	-1049409.519	23.054
-731542.33	-1042118.76	-730879.83	-1042076.474	13.277
-836114.539	-1065585.291	-836762.77	-1065574.434	7.2037
-749437.266	-1033909.1	-749323.33	-1033889.64	2.366
-784559.29	-1007554.27	-784579.81	-1007557.27	0.2686
-673712.95	-1006603.35	-672725.33	-1007905.78	23.1271
-791858.12	-976182.05	-791844.85	-976260.45	2.0447
-679242.718	-1019204.26	-680626.31	-1018394.21	18.2733
-740137.48	-1011440.94	-740011.94	-1011514.41	2.922
-852989.94	-1010517.63	-853201.371	-1010579.777	4.6045
-754336.728	-1045687.211	-754326.98	-1045709.048	0.5718
-734745.125	-1042155.188	-734930.34	-1043352.34	28.171
-792103.448	-986597.519	-794526.144	-986574.626	32.1774
-751353.632	-1060553.196	-750676.456	-1060986.532	16.3024
-761412.54	-996633.82	-761435.475	-996574.575	0.7059
-727371.092	-1055082.893	-728017.161	-1055341.844	17.6216
-677292.97	-1020091.06	-679242.718	-1019204.26	30.8452
-702667.689	-1022336.44	-700407.19	-1022786.15	27.0148
-712411.89	-1079010.44	-712332.49	-1078923.97	1.333
-672424.206	-1008814.981	-672142.31	-1009768.45	11.108
-651397.732	-1057855.359	-651414.86	-1057894.12	0.9001
-643557.271	-1045951.086	-643748.704	-1046709.3	15.6836
-881678.038	-1022283.404	-881703.433	-1022270.161	0.6988
-725728.64	-1047988.15	-725759.39	-1048014.72	0.8128
-653288.69	-1021283.75	-653953.22	-1019479.01	25.2763
-767952.16	-1018202.72	-767938.33	-1019675.92	16.8161
-799501.05	-1001491.58	-799384.86	-1001553.15	1.0115
-781108.19	-994530.19	-780793.58	-993776.99	11.6475
-752335.49	-1043007.45	-752283.773	-1042999.425	18.1238
-819856.95	-1074319.47	-819832.02	-1074318.32	0.5536
-767282.221	-980308.449	-767157.87	-980471.898	1.8857
-778981.648	-981746.448	-779061.296	-981747.373	1.8982
-792197.43	-1041123.19	-792160.977	-1042685.461	21.9463
-718061.147	-1070291.681	-717576.54	-1071020.05	13.8727
-766544.821	-1023277.347	-766628.606	-1023246.233	8.5957
-819811.51	-1075616.07	-819851.38	-1075578.98	1.6399
-747325.9	-1023919.35	-747419.441	-1023887.103	3.4458
-705123.87	-1050335.6	-707080.209	-1050289.257	22.7381
-805540.33	-989168.23	-804946.338	-989020.174	12.346
-717632.68	-1027691.75	-716892.06	-1028325.35	11.8518
-722367.371	-1006034.439	-723303.99	-1003392.09	42.9989
-765174.24	-1037748.31	-764673.68	-1036205.79	19.041
-768199.24	-1036525.0	-768767.21	-1035843.27	17.8683
-779860.566	-982997.266	-779918.002	-983002.261	0.8929
-831771.87	-1022224.438	-833174.947	-1023365.051	37.2412
-874121.601	-1018592.013	-874197.908	-1018506.375	2.7196
-740470.232	-1080930.537	-741865.394	-1082445.309	23.965
-663566.08	-1037782.32	-662491.9	-1039150.784	28.5785
-772512.536	-996030.911	-772632.881	-995574.369	5.2966
-685192.968	-993757.56	-685133.178	-993721.288	1.4707
-797214.213	-1068891.346	-797380.64	-1068995.27	3.9242
-665214.42	-1066320.27	-666698.84	-1064869.95	23.6792
-658819.536	-1094454.4	-658812.188	-1094158.133	82.9563
-878239.65	-1027464.47	-878319.919	-1027277.494	2.2611
-867167.828	-1010925.707	-868497.133	-1010424.36	21.9901
-670331.365	-992443.953	-670581.47	-992525.33	110.4996
-856558.174	-1056633.315	-856671.547	-1056578.81	2.5629
-887873.551	-1019022.036	-888826.21	-1016921.504	31.7968
-659290.395	-1054466.073	-659141.502	-1054020.948	9.4835
-825532.634	-1016158.117	-825471.49	-1016156.886	0.854
-876537.832	-1030754.157	-876735.812	-1034362.82	55.1025
-771848.74	-1029133.44	-770955.98	-1029438.48	10.7469
-641261.701	-1065502.962	-643467.953	-1062808.251	45.9312
-736039.136	-1010015.649	-736056.775	-1009654.387	7.44
-724991.13	-1067014.4	-724755.096	-1067022.753	4.7336
-782127.93	-989879.61	-783131.41	-990621.49	14.1754
-680572.645	-1066722.428	-680276.02	-1067212.39	11.4615
-654392.692	-1054642.076	-654382.464	-1054649.897	0.2204
-726227.69	-981373.9	-726045.008	-980908.376	10.4349
-751684.279	-986129.648	-751945.629	-984673.444	17.6895
-801698.213	-1026307.738	-803597.372	-1026385.44	21.7704
-848449.58	-1008274.1	-847235.691	-1007495.607	16.3072
-640457.476	-1043228.455	-640498.45	-1043240.46	0.8641
-820086.51	-1026747.71	-818565.298	-1026762.006	18.4509
-826437.994	-1068327.778	-826510.959	-1068335.296	1.5065
-758970.228	-988249.682	-757786.655	-988530.705	14.4136
-732453.52	-1040841.31	-732287.17	-1040885.55	3.4513
-644822.508	-1038732.068	-644318.761	-1038051.714	6.5848
-798438.216	-1001761.199	-797880.15	-1001128.93	9.7263
-791097.96	-1010612.87	-791870.0	-1012130.96	21.3671
-785167.69	-1014849.55	-784732.25	-1013582.64	18.227
-677223.02	-1004343.34	-677014.66	-1004511.1	3.0197
-765090.921	-974748.817	-765080.703	-974789.501	0.7311
-764550.697	-1059651.999	-764591.72	-1060064.19	8.8801
-647779.42	-1029670.83	-647419.75	-1029728.563	4.0886
-736056.775	-1009654.387	-736050.663	-1009638.721	0.3816
-748764.256	-989288.169	-749047.29	-987905.98	22.7698
-767230.195	-980431.316	-767157.87	-980471.898	1.1064
-709967.89	-1041512.11	-708489.08	-1041820.11	16.885
-680164.18	-1003734.49	-680366.89	-1001046.11	66.6497
-678590.879	-1024845.262	-677792.44	-1026214.67	20.6849
-740947.378	-1048931.179	-741076.525	-1048949.527	3.7065
-756555.36	-1034379.13	-757599.465	-1034395.045	11.6026
-772546.91	-983665.96	-772656.07	-983709.93	1.3335
-784379.863	-1006932.783	-786323.786	-1007089.214	22.2185
-745958.08	-987636.28	-748223.85	-988263.016	30.7096
-738778.9	-1032624.5	-738971.93	-1033494.27	11.7849
-699077.33	-1070595.49	-699057.01	-1070584.67	0.2558
-786887.737	-989073.619	-783901.73	-988367.12	47.9644
-714915.84	-1038608.6	-713242.06	-1039074.99	20.1617
-737304.085	-1057980.39	-736200.24	-1059961.11	25.7655
-667348.92	-1060124.02	-666384.15	-1058993.096	16.7411
-760708.45	-1061819.03	-761019.6	-1062391.89	8.0224
-741532.85	-1042058.86	-741322.22	-1041999.96	4.4116
-736039.136	-1010015.649	-735808.48	-1009613.24	11.1027
-642375.112	-1071148.054	-640839.104	-1070655.431	24.4457
-721792.87	-1032929.71	-721831.82	-1032837.54	2.9312
-789558.28	-989147.0	-789730.284	-989177.428	6.5023
-670881.948	-1069497.115	-670591.351	-1068779.942	9.6473
-764877.662	-1004163.078	-764873.57	-1004102.66	1.2608
-714290.31	-1043555.4	-712016.9	-1044548.09	30.0512
-887947.324	-1019600.704	-887978.012	-1019360.905	2.7282
-766813.624	-1037065.826	-766803.76	-1037074.27	0.3136
-701719.02	-1012444.79	-701746.877	-1012354.194	1.9103
-786898.14	-991274.68	-787054.4	-991129.28	4.2424
-689375.05	-998992.22	-688376.03	-1000484.46	28.8049
-655206.639	-1024478.076	-654802.8	-1024660.04	9.6706
-774286.71	-1047019.56	-773808.417	-1047373.8	11.0653
-675684.47	-1060626.73	-674304.001	-1060024.199	17.7761
-768977.65	-1052734.135	-769566.17	-1053026.82	13.2015
-684434.355	-1081436.478	-684146.999	-1080120.62	15.266
-723059.71	-974092.99	-724274.798	-973246.14	18.6596
-787838.72	-1006690.14	-788963.31	-1005173.23	24.4465
-828618.95	-1072041.44	-826755.049	-1070898.934	24.8726
-712005.61	-1022127.72	-713528.78	-1021332.54	20.886
-758309.8	-973475.47	-758250.72	-973553.41	1.109
-645186.686	-1071405.017	-645304.913	-1071479.305	2.2229
-646469.519	-1071658.796	-646458.253	-1071655.82	0.2525
-696660.57	-1001127.39	-696666.688	-1001067.998	1.2283
-697541.012	-1035978.822	-697424.697	-1035914.68	1.5654
-653765.968	-1024185.397	-653565.93	-1024325.48	9.4646
-646592.33	-1073974.543	-646202.866	-1074027.276	8.7809
-648841.5	-1058041.29	-648846.44	-1057921.15	2.5632
-736631.28	-985374.91	-733803.798	-985254.066	37.1798
-649566.83	-1020996.73	-649268.93	-1019995.56	12.0821
-699977.91	-1071763.11	-697391.442	-1072062.306	33.2407
-869783.194	-1015873.868	-869335.04	-1015775.02	10.1803
-814616.84	-977853.587	-819306.997	-979429.212	59.8375
-746116.811	-973842.852	-745741.58	-974318.97	7.1115
-844388.004	-1021825.916	-843640.906	-1021731.064	8.4626
-721120.86	-1008565.41	-721040.362	-1008710.019	1.8496
-820611.661	-1069858.811	-817533.88	-1070541.42	35.1499
-778002.79	-972273.81	-778570.39	-973306.93	15.2937
-735898.12	-1075663.65	-735491.943	-1077107.534	17.6288
-661634.62	-1045289.7	-657381.271	-1045152.373	47.6641
-688948.56	-990840.02	-689296.35	-990787.73	4.1302
-788657.3	-989779.55	-789489.75	-989260.36	11.0396
-724042.005	-1034642.051	-723719.58	-1035551.59	20.8805
-776923.94	-1056108.34	-774496.01	-1055892.09	30.5874
-781352.95	-1020016.67	-781640.64	-1020253.82	5.5484
-858595.02	-1055299.8	-860758.589	-1054468.445	47.9477
-787163.7	-989120.96	-786555.91	-988698.93	8.5861
-806475.01	-1072614.425	-806612.26	-1072467.08	4.0324
-644501.1	-1038399.972	-644277.949	-1038606.572	3.7429
-681810.686	-1088876.854	-679247.175	-1087907.718	40.1481
-843047.942	-1002069.217	-842868.84	-1002004.93	2.1157
-708535.462	-1020863.121	-707915.61	-1021166.69	18.9206
-723646.226	-1036720.831	-723658.439	-1036741.984	0.5745
-699987.12	-1040664.48	-697267.039	-1038802.186	48.9615
-763413.28	-977112.81	-763397.24	-977099.53	0.4983
-692539.763	-1058560.784	-693561.4	-1056600.7	32.8243
-749047.29	-987905.98	-748055.993	-984815.748	61.4803
-781180.42	-1031701.87	-780777.03	-1031469.54	9.6694
-747595.566	-1068754.193	-749292.52	-1068631.911	46.809
-739362.188	-1033725.438	-739344.58	-1033713.78	0.4859
-741719.28	-980863.58	-739577.587	-982765.461	39.7687
-752823.9	-997573.587	-752387.289	-997589.747	5.1602
-770368.74	-975848.84	-767759.585	-973602.723	84.1137
-715081.37	-1007332.61	-718256.376	-1004401.106	65.4794
-677020.49	-1000618.96	-676418.41	-999892.37	13.2877
-739772.07	-983203.74	-740449.38	-984069.56	14.2629
-644872.92	-1030385.35	-646665.5	-1030270.69	21.3301
-641307.625	-1073543.848	-641003.486	-1073021.745	6.8334
-752240.69	-1042987.36	-752136.14	-1042822.68	3.902
-762740.32	-973602.78	-762800.39	-973592.59	1.4712
-753610.332	-1055794.016	-757249.19	-1054548.64	55.2506
-664865.23	-1026806.1	-664863.81	-1026418.11	4.3715
-738345.836	-968782.306	-738198.444	-968078.757	274.8104
-772344.634	-1081828.37	-772337.871	-1081854.175	0.3388
-732562.34	-1053986.92	-731354.323	-1054921.893	21.1718
-746446.577	-1053783.202	-746258.323	-1053932.187	1.8472
-787213.5	-1068343.1	-786726.05	-1069976.2	19.45
-813856.39	-1055683.49	-814860.03	-1055938.19	12.5465
-802526.42	-998748.09	-802447.37	-998738.56	0.9988
-734888.653	-1083229.687	-734598.58	-1083230.584	3.2298
-683625.743	-987671.092	-684524.22	-989344.01	49.9866
-808531.881	-1048741.992	-809437.625	-1049733.25	20.4675
-762389.33	-1024817.88	-761666.724	-1024862.228	8.0582
-730085.58	-1041031.44	-730328.32	-1041089.88	1.9206
-854887.4	-1011083.73	-857799.223	-1012554.283	40.5141
-808386.509	-1029996.246	-808440.439	-1030227.676	2.6454
-804793.658	-1019770.362	-805026.8	-1019625.807	3.674
-645231.86	-1043705.2	-645722.138	-1045375.351	19.3558
-655208.08	-1037168.666	-654962.858	-1035433.944	22.4821
-807569.633	-1014178.413	-804239.62	-1015362.907	43.9497
-754466.028	-1035771.512	-754537.15	-1035708.28	1.9035
-797607.34	-1069337.13	-799499.894	-1069937.277	23.5044
-765617.17	-990627.35	-765694.119	-990470.415	1.3501
-672504.88	-1008570.86	-672424.206	-1008814.981	2.8567
-764187.59	-993195.93	-765097.702	-992648.157	13.4691
-666463.19	-1011202.75	-666173.04	-1011510.76	5.9198
-682046.789	-1075733.534	-683369.132	-1076733.495	18.5436
-793170.24	-983172.03	-793186.073	-983160.595	0.2555
-705511.49	-1044535.7	-705211.72	-1044587.42	4.5874
-807727.166	-1053405.654	-805998.918	-1054670.326	79.2579
-737239.85	-1035895.127	-737247.074	-1035840.859	1.0949
-766150.46	-1076233.34	-766069.463	-1076129.668	1.5508
-697349.47	-1017397.28	-698207.843	-1015617.906	27.4018
-698328.194	-1080327.111	-696604.529	-1081439.528	23.385
-716776.47	-1028470.23	-716764.61	-1028476.85	0.1509
-843193.936	-1016635.188	-842649.229	-1017088.561	12.2733
-810575.11	-991741.91	-810659.26	-991757.7	1.1324
-852595.394	-1008648.411	-852583.012	-1008637.457	0.5252
-747391.63	-1054904.92	-747480.01	-1054992.19	2.4851
-649359.526	-1060736.691	-649046.44	-1058285.21	29.8353
-734442.59	-1013574.83	-735273.672	-1013274.098	24.1539
-701426.13	-1012166.332	-700939.169	-1010810.479	29.0057
-758598.97	-1005216.97	-757502.92	-1005108.84	12.788
-744576.17	-1048048.97	-744578.02	-1047859.85	9.0556
-681325.635	-1064380.716	-681321.048	-1064389.756	0.2027
-767019.3	-982605.74	-767432.3	-983270.12	9.5952
-854683.06	-1026353.42	-849304.122	-1028940.798	81.3631
-745989.314	-1053778.021	-746255.238	-1054054.79	7.7871
-768683.02	-1017643.4	-767952.16	-1018202.72	10.4562
-653164.16	-1023179.49	-652984.634	-1022955.491	5.7989
-768948.186	-1044541.868	-768661.98	-1046136.751	22.9734
-752141.41	-1023976.24	-749021.91	-1023132.2	41.3393
-878446.41	-1011882.071	-880146.31	-1011719.17	19.5219
-756273.1	-1041563.77	-757420.204	-1040997.825	15.2458
-645748.625	-1090647.177	-644938.05	-1088958.605	36.2715
-770825.356	-973347.704	-770582.61	-973150.378	3.5163
-670581.47	-992525.33	-670490.861	-992638.106	2.6151
-867786.715	-1015660.673	-869236.02	-1015892.63	18.5878
-719846.08	-1013478.47	-721122.653	-1013634.872	15.6376
-724923.796	-1067210.738	-725001.818	-1067251.493	2.1401
-705027.205	-1015047.464	-704915.13	-1014967.32	1.0601
-685993.25	-993477.375	-685945.277	-993525.079	1.508
-771691.03	-1056741.32	-771810.65	-1055290.41	24.5821
-737128.25	-1038566.78	-736864.95	-1038384.1	20.9015
-687053.694	-1078761.021	-684434.355	-1081436.478	52.8833
-806612.26	-1072467.08	-807290.045	-1072485.448	19.6576
-701750.961	-1012322.66	-701772.784	-1012310.807	0.5099
-820017.319	-1026392.266	-820018.496	-1026412.247	0.4938
-679923.719	-1092241.38	-679534.169	-1092199.13	131.4005
-774185.228	-1032849.771	-775431.892	-1032659.27	14.0135
-799522.46	-1026495.415	-799769.16	-1026441.49	2.8117
-797594.76	-986146.4	-797794.885	-986178.028	2.2562
-776389.105	-977198.922	-776434.28	-976007.81	29.2031
-808399.37	-1071299.43	-812658.25	-1072236.5	34.2414
-861498.81	-1046321.03	-859409.09	-1043331.37	50.884
-718357.44	-1057583.87	-718298.05	-1057596.86	1.2163
-649621.6	-1029185.54	-649085.77	-1029046.31	6.8343
-651050.31	-1030179.44	-649967.98	-1030992.87	15.0437
-645341.34	-1028549.0	-645810.0	-1027252.38	19.1412
-822102.87	-1063625.95	-821956.529	-1064924.03	14.5156
-641872.24	-1042982.81	-641797.64	-1041826.898	26.1767
-656800.363	-1089957.688	-655377.614	-1092181.303	60.0551
-788144.83	-990291.65	-788342.61	-990271.92	4.2879
-806887.597	-1006244.926	-807132.5	-1007093.48	10.0134
-771589.277	-973799.939	-771953.17	-972150.1	30.814
-689435.69	-1044244.64	-689653.334	-1044546.832	4.4537
-823470.46	-1076465.18	-820845.98	-1077385.69	22.2559
-654719.39	-1037412.38	-654291.117	-1037485.592	9.2411
-752242.07	-1042958.93	-752374.83	-1043146.66	4.599
-780671.08	-973834.67	-780145.673	-975109.629	15.7753
-890271.421	-1011767.347	-892676.167	-1011872.797	63.2342
-668957.03	-1014140.25	-666466.26	-1013751.01	28.2414
-777612.74	-1081883.74	-777582.191	-1081879.582	1.4175
-810632.11	-991820.38	-810720.961	-991913.489	1.4332
-681443.886	-1016580.791	-682436.42	-1018093.72	26.8997
-785318.801	-978173.796	-783380.611	-977760.113	22.6804
-762633.19	-1038581.89	-762618.34	-1038545.51	0.4398
-660237.998	-1086828.299	-660268.625	-1087255.908	6.2006
-680243.275	-1067444.876	-680266.044	-1067450.627	0.8444
-724891.11	-1066813.89	-724890.77	-1066904.85	1.8192
-659898.244	-1090702.716	-658728.705	-1091432.642	19.8352
-806814.73	-996266.87	-806963.57	-996427.91	2.4366
-648800.13	-1013239.62	-647902.974	-1014483.905	24.1504
-658601.6	-1029590.43	-658344.16	-1029084.93	6.4575
-750228.414	-988919.972	-750239.63	-989819.6	10.7015
-737576.263	-1021220.559	-735617.1	-1020584.03	36.5334
-774965.76	-975159.46	-774521.08	-975012.85	9.405
-887125.029	-1021561.269	-885893.23	-1020667.615	26.3123
-851170.803	-1009143.361	-851158.788	-1009138.871	0.2898
-744578.02	-1047859.85	-744598.1	-1047894.96	0.8105
-870593.16	-1017566.94	-870390.26	-1017949.34	5.2202
-740272.384	-1048755.058	-740125.388	-1048803.266	7.1684
-667425.69	-1031463.45	-667902.946	-1031529.89	5.3763
-809493.61	-993562.76	-809500.35	-993536.53	0.7675
-686608.81	-1054660.12	-686999.902	-1053728.82	45.3683
-810055.65	-1032263.64	-809998.836	-1033109.54	17.3237
-761089.62	-1070721.24	-762901.1	-1072249.81	18.8124
-790952.09	-1034494.9	-790941.96	-1034484.23	0.3428
-776494.34	-975986.92	-776446.43	-976006.71	1.1586
-783934.565	-977004.164	-784099.891	-975185.692	49.0471
-644749.721	-1037931.006	-644735.557	-1037979.395	0.5602
-823979.116	-1021458.512	-823153.795	-1025080.218	55.8834
-701732.53	-1010033.69	-701224.85	-1010374.38	12.262
-756270.569	-975799.295	-756414.14	-974699.551	29.5703
-709648.23	-1055155.331	-708863.65	-1054156.14	14.6494
-745761.813	-1003659.195	-746484.32	-1003203.2	17.2259
-780229.26	-1009888.51	-779991.583	-1010006.41	3.6488
-713174.681	-1044932.987	-712016.9	-1044548.09	14.4411
-708202.91	-1085272.06	-708041.22	-1085387.634	1.5299
-804760.361	-1075172.719	-804666.5	-1074796.581	26.9483
-643811.132	-1022184.146	-644095.23	-1021816.32	5.3903
-840063.257	-1048225.046	-839929.261	-1048122.673	1.9009
-777924.71	-976226.2	-780131.226	-975110.78	43.6473
-836045.875	-1043452.688	-839894.429	-1041506.852	56.5653
-746316.93	-1007009.61	-746148.845	-1007124.227	2.2629
-726703.865	-1086219.003	-725939.51	-1087057.78	13.0578
-698568.47	-1004508.36	-698530.61	-1004621.99	2.0313
-821804.609	-1066679.277	-822661.746	-1066512.685	17.6291
-778150.952	-981922.887	-778145.757	-981936.077	0.5052
-732422.28	-1084313.689	-731167.427	-1084387.649	14.2858
-872303.667	-1001395.343	-873249.245	-998338.337	43.4087
-754478.268	-1002091.131	-754721.465	-1001870.286	3.6776
-843921.816	-1058030.155	-844537.935	-1058693.552	10.5456
-781065.17	-989219.41	-782127.93	-989879.61	15.6724
-684519.98	-1034864.07	-687620.21	-1037379.38	46.9601
-645063.36	-1049850.29	-644993.93	-1049839.45	1.4625
-660127.47	-1052094.61	-661891.39	-1051662.77	21.6481
-827049.41	-1054625.63	-826213.02	-1052725.02	24.1645
-645714.994	-1045400.989	-645118.9	-1045890.91	9.0847
-713707.54	-1041568.84	-712005.82	-1041598.33	13.4049
-765183.32	-1037756.4	-766794.91	-1037066.09	19.5021
-721694.51	-1079694.03	-720890.49	-1078565.08	30.8117
-706057.394	-1063749.005	-704866.76	-1061699.46	35.3181
-763676.81	-1040275.56	-763794.948	-1040182.246	3.2048
-657774.214	-1064956.032	-656076.017	-1066182.731	36.9463
-809200.05	-983720.888	-810032.78	-985827.55	30.457
-716401.15	-1060900.03	-714141.655	-1058451.069	53.7039
-758222.11	-1020120.63	-755450.54	-1019550.08	35.3395
-694645.17	-1041725.22	-694245.25	-1043998.03	25.7904
-762395.665	-993304.982	-761510.266	-993283.083	21.1358
-721593.39	-1032506.03	-721756.482	-1032562.996	2.0218
-794445.41	-1003817.64	-794596.07	-1003843.11	1.8341
-727943.789	-1072192.206	-727827.35	-1072053.3	4.2444
-820018.496	-1026412.247	-820001.306	-1026390.182	1.7863
-883289.645	-1027547.259	-881432.276	-1028474.542	26.0688
-704744.62	-1069437.54	-704510.14	-1069420.73	2.9294
-724347.08	-1030566.65	-723872.477	-1031530.568	12.8927
-823153.795	-1025080.218	-823456.88	-1025260.68	4.1103
-827131.62	-1039311.71	-826335.15	-1037293.3	26.0166
-731447.732	-1056741.118	-730929.889	-1057204.495	8.8173
-707509.96	-1045530.05	-707322.4	-1045354.97	5.1441
-698428.52	-1089773.763	-698265.972	-1089942.663	2.6106
-659267.839	-1056959.012	-657424.799	-1057490.718	25.8203
-781330.99	-1062207.01	-781669.484	-1061354.464	19.24
-690526.88	-1056042.24	-690427.58	-1056053.09	1.11
-756802.63	-1032153.56	-755938.32	-1031830.57	10.3146
-813867.769	-1067703.753	-814421.534	-1067757.618	11.5406
-730919.125	-1057401.375	-730830.32	-1057375.1	1.9712
-711965.234	-1040703.688	-711973.004	-1040687.026	0.2514
-773932.95	-996987.53	-773921.32	-996305.2	13.8551
-823855.72	-1069646.52	-824369.557	-1069640.862	12.4939
-782476.56	-998778.02	-782433.38	-997528.55	13.8918
-764091.206	-1035010.138	-763339.8	-1034082.64	26.3077
-742598.169	-1046020.775	-742599.176	-1046079.724	2.2829
-746278.879	-1054177.747	-746254.654	-1054216.692	0.9602
-819859.81	-1075632.48	-819811.51	-1075616.07	1.3873
-748260.33	-1030616.4	-750067.87	-1029770.46	30.1332
-737060.725	-1070363.495	-737068.94	-1070351.39	0.3498
-770038.14	-1016369.75	-769501.759	-1016717.413	14.7671
-645969.2	-1026861.65	-647401.8	-1028096.74	25.0762
-759343.85	-1055717.92	-759329.17	-1055975.42	5.2101
-784669.925	-1007684.127	-784700.689	-1007690.017	0.501
-845167.583	-1031769.793	-845062.714	-1031835.4	2.9056
-741318.219	-1026828.168	-741289.261	-1026790.821	0.9452
-741267.695	-1055336.117	-740185.497	-1055522.067	8.6083
-757198.72	-1025175.29	-757514.647	-1024827.762	11.5934
-854389.39	-1011463.21	-852965.23	-1010593.78	19.7769
-717476.215	-1074203.095	-717503.863	-1074135.453	0.9002
-778265.78	-1058963.422	-778337.704	-1058911.818	1.2653
-655208.774	-1044304.982	-654226.65	-1044422.6	20.8197
-721590.121	-1050351.776	-722600.52	-1050767.77	24.057
-794505.491	-1003988.539	-795581.52	-1003424.16	13.6101
-674568.236	-1003643.118	-674923.8	-1005690.43	25.6558
-749702.71	-1050186.84	-749716.36	-1051238.55	8.1716
-814433.931	-1063888.09	-812289.554	-1062962.548	31.4392
-697516.782	-1035928.448	-697477.333	-1035907.731	0.678
-786859.78	-1010704.2	-787882.07	-1011363.32	18.8009
-686814.436	-1088817.32	-687845.183	-1091410.723	36.7491
-671820.9	-1073411.8	-671829.67	-1073691.16	3.1278
-645345.71	-1071388.114	-645063.453	-1071395.993	3.1378
-795476.89	-985874.3	-795545.325	-986086.86	2.5861
-762243.624	-1057488.376	-762330.98	-1057704.171	4.6631
-771339.95	-1043067.31	-771416.56	-1042704.81	4.1168
-821061.59	-1071473.86	-821079.97	-1071519.75	1.1834
-873308.551	-1034078.501	-872116.886	-1034067.855	13.9133
-763505.9	-1033868.07	-764153.58	-1033532.2	14.9405
-767742.987	-973600.962	-764891.389	-975526.452	40.062
-762936.56	-992381.36	-762915.919	-992362.478	1.0694
-705454.27	-1037701.34	-703635.91	-1037363.33	21.992
-759160.487	-993225.74	-759215.6	-993272.15	0.9845
-779155.01	-1043480.64	-780380.209	-1045978.14	67.2368
-678232.017	-1006361.03	-675803.06	-1008342.46	60.5983
-803671.697	-1011987.269	-804404.726	-1013302.48	17.6379
-735842.58	-1031440.26	-735845.84	-1031792.66	7.9343
-807972.849	-1018567.797	-807975.59	-1019026.288	5.3845
-640259.405	-1041768.162	-640134.866	-1041917.212	3.9056
-662122.61	-1026540.04	-662006.84	-1026065.79	5.6327
-663645.33	-1047815.73	-664058.97	-1047818.75	3.1931
-705725.959	-1070298.695	-705326.633	-1070015.861	5.7847
-847327.469	-1050227.846	-847221.274	-1051212.9	11.4772
-726639.21	-1036007.9	-727397.58	-1033927.5	27.4071
-755938.32	-1031830.57	-754461.07	-1031778.15	16.8223
-739209.05	-1021968.58	-741783.23	-1022223.97	34.7468
-647404.039	-1082012.827	-647752.667	-1082966.945	20.6747
-720671.855	-1036824.384	-719061.461	-1038404.118	25.7318
-843184.454	-1035767.624	-842488.834	-1036834.753	14.23
-790944.406	-1021661.805	-789466.13	-1020968.258	25.0641
-782549.33	-1000589.99	-782498.15	-999336.2	13.9428
-814418.061	-1013904.695	-814533.496	-1013896.626	1.2904
-717562.46	-1042859.42	-719830.39	-1043692.55	36.2573
-738065.85	-1057077.11	-737648.76	-1057596.41	13.6741
-713258.3	-1040346.94	-713080.6	-1040301.81	2.0473
-762941.79	-992367.91	-762936.56	-992381.36	0.3186
-810333.785	-991622.577	-810575.11	-991741.91	3.4182
-769501.759	-1016717.413	-768683.02	-1017643.4	14.1289
-807937.656	-1073945.98	-806619.044	-1074946.343	19.2393
-648867.65	-1037515.07	-647866.94	-1037895.92	12.8496
-790480.61	-1040594.07	-790450.96	-1040318.98	3.3195
-814810.843	-1006381.65	-816170.84	-1003904.37	36.9034
-781686.39	-976700.47	-783751.065	-977170.142	24.3798
-670936.937	-1070587.999	-670833.536	-1070603.537	2.0916
-741384.0	-1047519.75	-741296.341	-1047700.338	4.1413
-757583.42	-1052769.48	-759455.821	-1051347.97	33.8329
-719467.12	-1030538.8	-719546.69	-1030627.19	1.362
-648176.324	-1058521.286	-647851.998	-1059211.296	16.768
-744444.64	-1041362.66	-744427.01	-1041940.53	12.3294
-855036.52	-1011397.23	-857428.93	-1011866.86	19.0849
-745284.26	-1030042.76	-747299.88	-1028248.63	40.7462
-816893.762	-1069517.321	-818904.75	-1068921.1	26.9667
-787808.86	-1055696.75	-784673.308	-1054472.311	43.8907
-829852.643	-1031299.919	-832038.178	-1033984.11	53.3048
-649971.71	-1026167.52	-650216.23	-1026314.9	3.6792
-748333.149	-980555.381	-749676.91	-981210.14	32.7776
-754971.456	-975079.693	-754937.18	-975076.31	0.6919
-865411.578	-1006956.737	-866375.51	-1007319.368	11.5977
-665321.897	-1052204.756	-664626.215	-1052690.262	10.0782
-853654.412	-1058927.71	-854631.34	-1058176.35	13.694
-695908.221	-1034530.867	-696578.34	-1035525.04	33.7111
-725021.263	-1065471.044	-725002.733	-1065593.652	2.5149
-753812.483	-1045788.277	-753921.36	-1045635.63	29.0965
-695063.902	-1044379.414	-695093.919	-1044393.153	0.3941
-822523.291	-1068631.884	-822804.131	-1068212.539	10.2493
-841116.01	-1031187.07	-840193.184	-1031849.07	13.4265
-795739.55	-1037356.85	-794052.3	-1037127.69	20.0507
-707894.669	-1073609.691	-707917.295	-1073589.318	0.3383
-700570.04	-1072108.74	-700174.9	-1071901.69	9.0968
-650947.633	-1072394.133	-652966.576	-1073400.519	28.9702
-672750.27	-997377.3	-672608.33	-995756.58	39.0809
-740088.274	-1048662.678	-740041.62	-1048597.98	6.3136
-669529.45	-1013894.36	-671318.326	-1013380.851	38.9312
-718544.501	-1008651.76	-718209.98	-1009687.69	15.5051
-767429.581	-1048595.732	-763337.111	-1048754.536	50.1099
-869236.02	-1015892.63	-870593.16	-1017566.94	25.982
-771921.41	-1023846.07	-771612.37	-1023803.49	3.4663
-739928.36	-1082451.5	-739659.583	-1081234.351	14.9344
-684506.17	-994253.69	-684543.09	-994078.52	3.6374
-722543.63	-1041395.05	-722260.469	-1041371.975	3.1567
-757577.549	-1039736.157	-757705.96	-1039765.18	1.6705
-782291.96	-1079148.93	-782323.51	-1079136.2	0.6823
-721999.135	-1032679.218	-722004.478	-1032704.204	0.5987
-728304.675	-994065.09	-727363.065	-993004.762	16.5265
-773499.14	-985346.785	-772600.85	-983797.65	28.4651
-791304.19	-1038656.42	-791814.44	-1039505.59	23.9667
-724283.282	-1037360.78	-724272.84	-1037388.347	0.6316
-749777.772	-1043408.442	-750715.12	-1043202.08	19.3006
-651631.14	-1029572.69	-651050.31	-1030179.44	9.4278
-844038.724	-1005104.052	-844031.05	-1005115.65	0.1565
-853567.4	-1004294.55	-852926.407	-1003453.801	13.3003
-724158.64	-1023620.51	-723465.22	-1024603.52	14.01
-867850.362	-1017308.357	-869488.51	-1017847.787	22.7426
-751695.64	-1006990.75	-751923.796	-1006801.927	3.4961
-730585.623	-1042051.149	-730621.63	-1042047.58	0.7237
-812925.859	-1049067.757	-812708.61	-1047177.08	24.1345
-726502.432	-1070523.304	-727861.38	-1071800.64	20.899
-742534.2	-1030094.56	-740152.75	-1030507.52	31.5427
-684486.446	-1065823.749	-684489.68	-1065834.781	0.2386
-724561.98	-1065478.333	-724991.13	-1067014.4	32.3578
-687027.526	-1041754.471	-685770.02	-1039929.89	26.2085
-755235.77	-1036429.56	-755698.61	-1036277.05	11.762
-729919.902	-1076529.723	-729948.9	-1077657.6	15.2682
-871098.782	-1032753.124	-870492.524	-1035159.228	38.1566
-652959.885	-1081153.486	-652463.268	-1080231.127	22.6177
-825972.997	-1025706.344	-826011.05	-1025891.49	2.1255
-840909.551	-1048925.369	-840063.257	-1048225.046	12.3879
-707875.92	-1039742.88	-707018.55	-1039608.68	9.7313
-819160.85	-1074892.36	-819202.2	-1075234.67	4.5657
-740535.992	-1073513.374	-740377.782	-1074139.706	13.9615
-663828.882	-1070724.962	-664377.16	-1070698.33	6.0995
-809998.836	-1033109.54	-811490.408	-1036375.623	44.6677
-650579.291	-1050632.471	-651645.49	-1049416.39	18.0007
-840120.3	-1063468.548	-840107.51	-1065084.419	24.8873
-712611.26	-1078889.11	-712411.89	-1079010.44	2.7258
-835407.871	-1058766.318	-835682.17	-1057889.6	11.3199
-802394.538	-986811.308	-802761.633	-986688.835	4.3258
-800013.98	-1055415.21	-801209.974	-1056833.204	23.9089
-817424.87	-1024213.2	-818615.033	-1025318.297	29.1779
-716764.61	-1028476.85	-715734.85	-1028532.58	11.8501
-717563.66	-1074422.293	-717820.5	-1074317.38	3.4024
-644735.557	-1037979.395	-644757.665	-1038531.886	6.254
-798534.1	-1000291.87	-799245.125	-1001368.678	14.5131
-758455.89	-1012416.89	-758296.68	-1012253.36	2.5799
-682345.069	-994468.994	-681797.21	-993912.17	9.304
-700885.09	-1064746.32	-701195.68	-1063753.9	12.0846
-793175.91	-983188.02	-793170.24	-983172.03	0.2101
-885684.34	-1018888.909	-887234.909	-1018191.043	22.3797
-758683.014	-992295.674	-757885.401	-991724.861	11.1175
-656777.827	-1049209.982	-656226.72	-1048857.1	7.3873
-856228.099	-1066366.466	-856643.815	-1066591.971	5.2551
-775083.88	-1043492.9	-774286.71	-1047019.56	75.4566
-742088.056	-1027627.493	-742304.79	-1027347.65	7.0999
-730613.51	-976931.21	-730247.242	-979495.286	34.9655
-776861.68	-975078.71	-776724.47	-975367.25	6.3951
-707322.4	-1045354.97	-705511.49	-1044535.7	23.4268
-784013.34	-988230.4	-783982.72	-988290.11	0.7679
-720342.2	-975390.91	-719322.357	-974855.527	94.4254
-795516.13	-1059115.1	-796566.87	-1057287.99	41.8314
-822622.41	-1076194.66	-822047.0	-1072227.13	55.8669
-770259.89	-1018648.16	-770958.45	-1020244.89	48.6061
-732562.453	-1055095.45	-732571.382	-1055125.922	1.5661
-791191.58	-1065090.32	-792434.79	-1065584.39	14.9349
-646932.84	-1040943.51	-645656.76	-1038237.91	34.6371
-821832.261	-1069947.466	-821862.611	-1070180.329	4.9802
-877826.08	-1014802.63	-878282.351	-1013601.323	16.0493
-766458.499	-972340.383	-765350.228	-974439.336	19.0441
-737854.217	-1050792.84	-737651.041	-1050958.164	5.2388
-731090.94	-1063326.74	-731988.718	-1063624.377	11.4563
-780209.19	-1052580.14	-776899.44	-1052308.473	38.4194
-754962.86	-1023735.53	-755689.59	-1023919.41	9.0133
-730736.98	-1045388.49	-730832.41	-1045592.97	1.7362
-759847.685	-994666.142	-759844.263	-994650.504	0.2177
-653190.51	-1023454.51	-653408.243	-1023374.751	4.6414
-711566.197	-1014286.525	-711292.841	-1012313.368	22.8507
-809621.157	-1053842.133	-808543.513	-1054491.325	15.9175
-861128.379	-1005824.81	-861213.19	-1005760.69	1.1997
-829057.641	-1032575.254	-826654.644	-1032180.645	30.9336
-711242.04	-1034382.06	-706759.61	-1036013.73	54.2469
-755380.16	-1051435.53	-753492.002	-1050068.921	30.8319
-802794.93	-1024854.449	-801753.438	-1023673.569	19.0602
-641514.85	-1023473.3	-640620.04	-1024377.18	14.8467
-702807.89	-1029484.95	-702777.85	-1027874.37	18.8834
-788632.81	-979612.71	-788804.87	-979200.83	9.0983
-642606.26	-1037329.69	-642538.07	-1037184.04	3.2165
-778693.313	-997118.305	-779250.426	-997226.575	11.8152
-690126.81	-1039073.55	-689710.27	-1038191.64	13.2033
-742420.7	-1049165.78	-742089.043	-1049140.504	6.8015
-641543.114	-1068176.51	-640758.72	-1069107.283	15.8051
-777159.31	-993635.49	-776977.4	-994336.9	8.1849
-653951.972	-1045922.459	-654532.0	-1044940.38	14.4112
-829272.95	-1074236.02	-829974.814	-1072884.661	12.3675
-755901.06	-991045.05	-755895.05	-991026.57	0.4591
-725347.879	-978456.084	-725329.222	-978326.922	2.6101
-805045.35	-988740.989	-805166.54	-988816.775	3.236
-687513.392	-1055979.94	-687445.825	-1055917.373	4.0055
-779381.15	-979709.15	-779107.83	-979354.97	5.4915
-797183.36	-980928.33	-799942.26	-982573.71	43.634
-754963.37	-1063474.75	-756883.813	-1065377.25	23.2011
-872464.669	-1032874.098	-871283.725	-1032561.522	21.534
-866261.592	-1002064.318	-864394.36	-1003404.61	27.0882
-784559.29	-1007554.27	-784355.32	-1006965.74	7.0038
-701160.682	-1050315.687	-701179.42	-1050315.94	0.694
-719610.632	-1066956.199	-717819.526	-1067200.885	27.7194
-749097.12	-1045584.78	-749113.432	-1045638.107	1.1177
-652296.28	-1047526.95	-652635.83	-1046852.48	9.5615
-729485.542	-1080870.234	-729237.237	-1080921.973	5.1366
-813476.289	-1065972.225	-813460.061	-1065957.135	0.8601
-856054.003	-1059724.33	-856585.843	-1059688.89	8.2439
-773240.26	-1065794.28	-773836.33	-1065074.73	23.9043
-653397.894	-1094012.823	-653060.158	-1093797.093	4.9361
-685851.711	-1089622.672	-685163.706	-1088508.084	16.6684
-651393.89	-1017218.95	-650365.17	-1017742.53	13.4946
-640127.301	-1041929.691	-640134.866	-1041917.212	0.2919
-754757.688	-1002042.938	-754829.201	-1002021.875	0.868
-699566.74	-1000140.02	-700853.71	-998518.14	23.2391
-725939.51	-1087057.78	-725513.61	-1087363.32	7.6595
-654291.117	-1037485.592	-653323.78	-1036128.19	21.3777
-811154.989	-992037.432	-810815.883	-991813.005	5.0111
-748162.565	-1005349.258	-748158.512	-1005367.104	0.4282
-675579.44	-1033002.51	-678883.548	-1033468.819	41.0111
-802530.611	-1003046.286	-802646.786	-1001873.885	13.5707
-694891.714	-1038189.519	-694069.151	-1040314.036	30.5411
-758970.228	-988249.682	-760366.64	-987873.39	22.0957
-724693.77	-1051072.26	-724540.752	-1053298.081	26.9978
-810621.584	-991824.357	-810535.47	-991855.28	1.3374
-708515.93	-1020597.24	-708535.462	-1020863.121	6.1605
-640127.301	-1041929.691	-640016.423	-1042136.147	4.6878
-665257.477	-1030252.494	-665109.738	-1030269.571	3.4408
-784901.71	-1064680.23	-784339.78	-1064535.65	12.2117
-761924.936	-1026064.781	-762082.323	-1026352.017	6.6052
-759355.124	-1056085.696	-761148.58	-1059030.53	54.9722
-711251.968	-1079633.447	-709975.95	-1078585.03	78.1569
-651926.66	-1019772.51	-651393.89	-1017218.95	35.9427
-683200.4	-1012392.12	-683038.65	-1012391.7	1.8501
-759598.97	-1042857.56	-759767.89	-1042817.03	1.9563
-866462.663	-1041892.823	-866585.404	-1040998.766	10.0274
-738666.473	-1086081.519	-738150.745	-1085874.268	146.1888
-824913.522	-997340.039	-822224.908	-996407.815	32.1204
-744913.19	-983035.98	-742481.38	-983608.42	54.2298
-646478.203	-1068568.501	-646575.845	-1068613.119	1.775
-649297.606	-1061776.981	-649294.156	-1061839.107	1.2584
-789897.46	-1010678.27	-787023.28	-1009846.62	35.6679
-748497.66	-993196.31	-750636.83	-992905.25	25.4886
-732459.994	-1052408.904	-732591.292	-1053824.167	16.799
-665737.91	-1047301.884	-664402.25	-1047829.813	16.1596
-714747.487	-1020317.35	-717390.824	-1021655.853	36.575
-759089.587	-1047792.853	-759044.19	-1047918.202	2.6705
-666364.99	-1013740.04	-666386.09	-1013742.47	0.3933
-762387.286	-1038759.76	-758973.93	-1039874.05	28.5452
-806773.384	-1059233.434	-806814.361	-1057381.18	21.2715
-680931.996	-991412.351	-681215.726	-990968.822	34.6364
-717024.659	-1053704.13	-717724.11	-1053686.03	8.8702
-773698.411	-1055768.005	-773719.778	-1055932.824	3.8297
-856579.444	-1030950.584	-852030.17	-1033083.54	83.3926
-806611.073	-1055694.866	-805577.899	-1055617.327	17.0313
-746947.0	-1017091.25	-746888.09	-1017286.08	1.5665
-688957.83	-1056736.91	-688460.23	-1057346.561	16.9776
-687620.21	-1037379.38	-687756.53	-1038174.74	9.3785
-756227.79	-991806.51	-755901.06	-991045.05	24.1761
-741925.422	-1082482.181	-744416.779	-1083885.415	59.5918
-658011.731	-1080796.942	-657987.986	-1081750.887	19.55
-770289.72	-1006260.186	-769146.62	-1004870.94	27.351
-822296.228	-994827.281	-822691.204	-993747.305	14.1185
-815590.582	-1043950.418	-816075.114	-1043253.19	13.3998
-847348.937	-1070561.21	-847194.103	-1070434.811	3.1575
-662783.192	-1048928.588	-662362.855	-1049139.007	5.8453
-641666.023	-1068164.226	-641586.119	-1068128.802	0.9723
-645304.913	-1071479.305	-645235.552	-1071608.008	2.0157
-752902.44	-1021343.86	-752939.55	-1021062.22	3.1583
-711654.17	-1022257.4	-709790.885	-1022701.685	21.8144
-709558.1	-1002063.35	-707604.21	-1003401.36	27.417
-795034.18	-1026868.87	-794811.08	-1026343.35	6.6259
-785022.91	-1050875.34	-784561.37	-1050591.4	6.2834
-784673.308	-1054472.311	-782921.24	-1054037.589	20.0613
-710963.818	-1027337.27	-710900.688	-1025940.774	15.6788
-743175.9	-979324.29	-742706.84	-978617.51	17.0886
-748571.79	-989246.96	-748264.337	-988628.245	8.6298
-690663.34	-1082367.123	-690630.034	-1083921.78	20.8376
-766746.83	-1036733.97	-766537.28	-1036636.062	4.8078
-738583.816	-1049577.088	-738706.48	-1049145.221	9.1325
-855921.459	-1019949.745	-853349.944	-1018427.34	51.0397
-657987.986	-1081750.887	-657664.08	-1082227.05	7.4939
-784730.27	-1053910.04	-784673.308	-1054472.311	7.1672
-782959.33	-996490.55	-783209.77	-996298.28	3.51
-788459.55	-1072267.42	-788372.41	-1071905.55	7.8218
-876254.449	-1021586.131	-876248.094	-1021616.472	0.8651
-881684.648	-1007478.419	-881849.902	-1006983.169	5.9899
-736684.973	-985093.694	-736667.864	-983719.336	16.3204
-748398.11	-1043188.53	-749139.867	-1044020.697	51.4298
-751727.92	-1056190.59	-755911.964	-1059127.866	66.658
-773571.182	-1068163.625	-773681.35	-1068461.09	6.6513
-727179.101	-1060948.226	-727438.719	-1062037.833	24.6369
-721373.47	-1060629.82	-721245.934	-1060993.837	7.7143
-733936.866	-1056558.047	-733685.284	-1057740.41	14.2385
-767628.303	-1064543.423	-766812.753	-1064680.846	15.0447
-757405.719	-976101.992	-757436.213	-976113.333	0.8123
-802655.752	-986806.555	-802503.633	-986813.347	1.6949
-757602.58	-1040026.348	-757617.9	-1040036.349	0.4326
-776368.4	-975487.15	-774965.76	-975159.46	38.4149
-762922.81	-1072426.15	-763160.673	-1072458.821	3.0005
-735648.061	-1031206.468	-735658.926	-1031187.02	0.5587
-822526.13	-1016545.87	-822074.13	-1016009.95	8.2763
-758019.15	-1006862.84	-757499.79	-1009071.74	45.6608
-826671.121	-1062964.062	-826550.943	-1061782.575	21.5254
-765572.3	-1028412.02	-767709.808	-1028302.294	26.7507
-674341.718	-1057174.539	-674341.034	-1057156.147	0.2518
-645186.686	-1071405.017	-645235.552	-1071608.008	2.3199
-726689.4	-990317.24	-726002.57	-988861.01	20.6052
-864394.36	-1003404.61	-861480.547	-1005436.37	52.2483
-875933.168	-1013508.261	-873603.06	-1012639.49	30.0069
-759136.529	-1047758.6	-759284.026	-1047928.139	4.4944
-644980.185	-1057370.44	-644668.77	-1056301.76	22.6364
-712902.686	-983324.48	-712883.468	-982937.197	8.4551
-770635.2	-979600.35	-770761.02	-979548.54	1.5143
-865931.325	-1046316.317	-865944.702	-1046034.631	5.7214
-772489.2	-1081807.14	-772344.634	-1081828.37	1.6277
-697681.065	-1037708.139	-697686.311	-1037723.137	0.4043
-876206.304	-1021352.709	-876254.449	-1021586.131	2.7226
-646650.06	-1019270.7	-645261.5	-1019198.11	16.5277
-646416.591	-1068698.913	-645117.992	-1071120.304	39.1599
-672642.55	-1014807.25	-672386.15	-1014641.12	6.4391
-701716.99	-1010012.84	-701749.24	-1009988.77	1.1395
-645555.73	-1052928.7	-645494.06	-1052835.43	1.0171
-726392.56	-980215.84	-728993.509	-979673.837	46.1627
-848715.44	-1050724.55	-849443.05	-1051363.71	22.2936
-802127.752	-1008368.964	-803589.727	-1011292.965	40.0178
-757436.213	-976113.333	-757394.943	-976131.008	2.2086
-799458.422	-1001714.616	-799447.07	-1001740.2	0.3815
-654392.692	-1054642.076	-654394.282	-1054653.301	0.1664
-771062.56	-986449.233	-770401.64	-988243.48	22.2569
-658860.17	-1023337.73	-658912.297	-1021936.138	23.3359
-800457.397	-1013147.446	-801255.009	-1013122.702	11.9974
-790962.445	-1034475.468	-791434.04	-1034401.32	14.0577
-856631.99	-1026652.92	-855417.63	-1026729.69	25.7389
-794526.144	-986574.626	-794666.078	-986619.372	1.6651
-849442.97	-1002464.87	-849463.51	-1002474.76	0.5153
-686449.841	-1071523.354	-685568.523	-1071855.137	20.4798
-839424.901	-1075430.39	-839352.775	-1075523.388	492.0277
-869916.774	-1037512.068	-870010.123	-1037498.621	2.1256
-845783.24	-1007906.04	-845775.84	-1007964.6	0.9379
-859334.96	-1031935.4	-859296.61	-1031466.39	5.2867
-759835.39	-1029274.97	-763808.35	-1031004.17	50.1903
-713785.282	-1051216.456	-713784.454	-1051227.776	0.1782
-746980.67	-1058663.82	-748241.04	-1061951.15	80.2836
-746484.32	-1003203.2	-744730.982	-1001506.622	28.4076
-650028.63	-1050827.27	-649858.43	-1049355.31	18.3483
-657115.409	-1031419.73	-657604.594	-1030395.592	16.1968
-785017.657	-1004174.603	-784542.341	-1004527.927	11.9456
-661223.042	-998680.16	-661131.88	-999947.81	44.1153
-819971.552	-1074390.409	-819889.406	-1074361.676	2.5646
-734179.118	-976020.254	-734539.895	-974968.556	12.795
-670263.038	-1053337.584	-667732.27	-1052888.66	37.4215
-732551.961	-1055116.211	-732252.61	-1055216.55	6.6754
-767282.221	-980308.449	-767230.195	-980431.316	1.8007
-741595.796	-1042546.691	-741595.338	-1042667.249	2.4122
-687329.116	-1078734.987	-688864.228	-1079452.576	32.7933
-646817.027	-1070110.852	-647353.082	-1070283.365	12.3583
-879438.102	-1019193.057	-880246.238	-1019134.669	13.4001
-704435.36	-1073675.45	-704659.5	-1074280.317	11.0734
-740777.512	-1027762.545	-739485.75	-1029242.48	25.4366
-735658.926	-1031187.02	-735445.09	-1030178.68	11.4943
-666718.32	-1008677.68	-667586.42	-1009685.03	22.7123
-784989.074	-1052835.696	-783961.55	-1053084.29	13.4808
-683702.25	-1051214.375	-683665.563	-1050408.426	9.306
-678242.44	-1074125.29	-678393.98	-1074104.77	1.8284
-700883.381	-1010387.523	-701061.351	-1010492.143	5.0704
-649004.93	-1028340.18	-649134.45	-1027880.01	5.4794
-820208.116	-1060539.986	-820973.902	-1062163.172	21.5793
-692393.91	-1046471.76	-692536.03	-1046146.19	4.0507
-707724.571	-1058643.109	-707832.949	-1057289.458	15.4134
-689352.65	-1029592.58	-689305.54	-1029964.54	11.9445
-641125.062	-1075815.382	-641808.58	-1076501.209	21.6614
-719505.542	-992802.08	-719497.051	-992828.454	0.5542
-661397.46	-1034322.3	-660761.31	-1032147.72	25.4073
-699841.41	-1066810.69	-699360.43	-1065723.06	13.9743
-752473.827	-1048687.075	-752384.46	-1048708.75	1.84
-806734.91	-996474.84	-806811.551	-996407.544	0.7846
-718403.15	-1049828.81	-719227.699	-1050025.693	9.4395
-770863.616	-1010070.631	-770831.342	-1010431.064	8.3077
-681159.99	-1013190.94	-680306.44	-1012811.78	13.9734
-789545.41	-1002070.51	-789556.34	-1003330.81	14.5749
-674111.71	-1002397.2	-674568.236	-1003643.118	43.5892
-763662.27	-983166.21	-763706.99	-983102.71	1.0538
-669926.958	-1088201.107	-671756.449	-1089521.72	35.144
-757415.611	-994125.242	-756996.81	-993384.67	9.4647
-824685.53	-1076388.79	-825606.63	-1076554.83	7.2228
-780590.831	-987038.492	-779356.136	-988610.229	24.8036
-647598.453	-1070426.818	-647586.316	-1070406.09	0.6545
-767078.49	-980952.572	-766981.251	-980976.408	1.6332
-725158.78	-1040229.56	-725845.5	-1038792.9	20.5995
-742207.66	-971373.38	-745741.58	-974318.97	72.9609
-754466.028	-1035771.512	-752082.5	-1036255.65	28.7334
-659261.68	-1070362.596	-660121.15	-1072061.71	23.9983
-762680.47	-1060588.85	-762913.58	-1060092.25	8.0047
-734987.129	-1043424.159	-734881.98	-1043480.92	2.7722
-689305.54	-1029964.54	-687271.32	-1031795.99	41.8633
-828137.112	-1042932.596	-827544.59	-1045209.14	30.0018
-810667.0	-1045722.86	-809789.61	-1048129.71	41.8985
-729368.5	-1079393.96	-729458.7	-1079294.71	3.3937
-828839.53	-1072102.6	-828815.243	-1072228.758	1.4366
-652077.08	-1016925.91	-653033.34	-1013150.34	48.6164
-856691.375	-1008970.875	-856665.76	-1008971.6	0.2847
-670559.87	-1029061.34	-668323.698	-1030236.112	34.051
-746991.912	-1017329.52	-746888.09	-1017286.08	3.0136
-828173.691	-1024778.486	-828432.897	-1025096.197	4.9404
-801106.335	-1059646.571	-800730.13	-1062538.77	34.8619
-688233.175	-1046546.614	-688156.23	-1046374.04	4.1123
-776401.92	-975501.85	-776368.4	-975487.15	2.4195
-664184.063	-1047903.25	-664104.224	-1047930.346	0.9368
-808153.22	-1071282.18	-808219.18	-1071172.18	2.4328
-863519.187	-1044414.338	-864091.237	-1044544.766	9.8244
-755058.7	-975070.59	-755038.409	-975123.909	1.3703
-712005.82	-1041598.33	-711838.68	-1041659.91	1.3705
-797314.08	-1068968.18	-797207.638	-1068902.189	2.5049
-640100.993	-1084722.279	-639925.31	-1084924.85	11.3597
-769566.17	-1053026.82	-771695.42	-1051177.63	63.6276
-814392.773	-988063.794	-813597.246	-987269.873	13.4341
-774972.65	-1033732.19	-775023.929	-1033730.424	1.9722
-781330.99	-1062207.01	-781179.2	-1062387.13	6.3203
-819832.02	-1074318.32	-819849.45	-1074283.26	1.5283
-760277.5	-1018634.36	-761156.009	-1019960.611	19.668
-753430.208	-1045790.014	-751554.189	-1045703.322	20.9194
-731996.41	-998262.67	-731762.1	-997719.45	8.9039
-781263.042	-985714.254	-781255.659	-985725.951	0.3537
-716853.89	-1028471.05	-716840.05	-1028417.8	0.6968
-700386.34	-1017542.52	-700355.51	-1017085.84	9.2728
-725770.197	-1069696.402	-725743.309	-1069594.423	1.5353
-766488.889	-972130.108	-766564.93	-972272.11	1.9226
-656632.919	-1092332.619	-656389.608	-1092581.695	9.4518
-887150.256	-1006146.517	-887686.7	-1006062.205	13.6458
-876163.857	-997949.568	-874589.614	-996794.932	46.3856
-876129.73	-1021550.52	-876236.391	-1021602.8	1.4223
-866204.489	-1052538.586	-866169.213	-1052989.588	6.4746
-798000.79	-986310.91	-797631.422	-986169.56	4.3959
-753219.263	-1011090.832	-753152.938	-1010980.073	1.4372
-639919.818	-1082699.884	-640022.314	-1082782.538	49.8333
-875219.812	-1019175.928	-874099.09	-1020900.9	26.4433
-753059.5	-1037273.11	-752930.2	-1037432.22	4.3509
-690535.648	-1088628.29	-691592.123	-1088514.346	14.6211
-753040.459	-1019526.941	-753082.234	-1019438.929	1.9485
-822200.559	-1065744.456	-822661.746	-1066512.685	18.0306
-759913.851	-973080.106	-761882.31	-972778.63	36.7902
-644812.162	-1073412.044	-644363.219	-1074429.349	23.2195
-643748.704	-1046709.3	-644103.839	-1047463.345	7.5877
-867418.721	-1014610.622	-867507.198	-1013624.953	21.681
-782967.24	-1065482.01	-782395.67	-1066785.34	16.6646
-715691.24	-1003004.78	-715951.33	-1001441.12	18.4955
-746977.513	-1004054.933	-746484.32	-1003203.2	27.5097
-658706.819	-1064884.091	-658394.989	-1065056.914	9.2097
-679703.97	-1011880.87	-679909.523	-1012266.417	18.8868
-773059.94	-1031306.33	-773047.06	-1031228.34	1.9474
-887976.316	-1019880.503	-887903.565	-1019841.518	10.0605
-706622.38	-1065074.64	-706035.183	-1064141.522	13.5231
-730929.889	-1057204.495	-730919.125	-1057401.375	2.2582
-728499.427	-1060787.66	-728506.879	-1060761.621	0.3675
-737593.42	-1057813.32	-737772.44	-1057837.93	3.6141
-683310.861	-1065188.496	-683290.106	-1065208.565	0.7577
-773868.5	-1048439.4	-776915.671	-1046531.655	45.6441
-665845.857	-1046282.575	-665866.61	-1046285.2	0.3618
-679442.077	-1037644.774	-679435.957	-1037621.039	0.686
-867349.757	-1013015.043	-867329.599	-1013014.407	0.4784
-820086.52	-1072965.37	-819966.14	-1074245.14	27.5712
-717819.526	-1067200.885	-717942.7	-1065613.26	20.7466
-743779.81	-1021375.72	-743594.29	-1020628.84	8.6396
-806173.04	-1047531.5	-807106.486	-1046978.31	12.2556
-651393.89	-1017218.95	-651046.35	-1014975.04	35.4984
-838341.13	-1022100.99	-835207.3	-1018503.79	72.3903
-780380.209	-1045978.14	-779003.02	-1044883.657	66.1739
-727329.243	-1001120.375	-727307.445	-1006654.372	79.7757
-782640.97	-1043028.23	-783028.45	-1041392.85	34.4997
-815739.139	-1013793.564	-816506.95	-1014116.78	9.5118
-882384.904	-1003135.151	-884310.109	-999386.775	50.0599
-844537.935	-1058693.552	-844969.57	-1058467.247	5.4804
-758355.348	-1040652.328	-759820.913	-1039943.303	18.0955
-759541.615	-970262.409	-759785.967	-969832.926	77.2434
-790944.406	-1021661.805	-793468.02	-1021853.9	35.3636
-669501.06	-1013878.65	-669529.45	-1013894.36	0.7932
-714899.37	-1050012.82	-715273.42	-1049983.72	4.2357
-671986.186	-1050016.153	-670852.196	-1050857.433	18.8929
-662887.259	-1058841.278	-662912.41	-1058845.404	0.694
-686974.19	-990374.36	-686512.37	-990518.63	5.6143
-791606.75	-1071129.55	-792002.03	-1071349.26	5.0557
-819732.27	-1074394.07	-819830.35	-1074417.23	3.0926
-763384.83	-1022384.29	-763343.522	-1022249.458	1.5669
-778975.07	-1043223.18	-779116.42	-1042743.98	5.8378
-660812.51	-1002511.21	-660948.93	-1001902.42	22.5229
-846651.96	-1041338.72	-845547.732	-1039891.091	31.7581
-710303.846	-1051630.394	-710981.52	-1050935.5	12.4961
-788774.22	-1016148.65	-787841.5	-1017293.11	19.7453
-756989.6	-1032397.03	-757108.177	-1032272.941	2.3277
-653706.307	-1024163.142	-653765.968	-1024185.397	1.2877
-734045.773	-1053350.17	-733747.465	-1053566.844	7.3958
-748006.352	-968875.732	-742958.3	-969312.55	191.6
-840433.73	-1018874.53	-839760.29	-1017971.78	13.8973
-779130.4	-989055.72	-779123.07	-989122.53	0.761
-763002.36	-1036772.169	-762551.91	-1038286.19	22.2869
-719846.08	-1013478.47	-720730.33	-1012025.78	24.4023
-779438.186	-982631.217	-781065.88	-981370.39	25.9754
-654719.39	-1037412.38	-654718.673	-1037444.872	0.6547
-694355.705	-1089393.858	-694564.952	-1089620.098	3.5651
-732450.528	-1054772.006	-732430.487	-1054769.329	0.4744
-772609.3	-1076770.52	-773947.18	-1077064.38	16.3271
-855018.39	-1044644.42	-854418.07	-1042733.21	27.461
-755871.129	-995504.851	-755855.912	-995499.119	0.405
-716310.31	-1022614.45	-713721.63	-1023784.7	32.0666
-726600.6	-984492.426	-726406.08	-983408.89	24.5189
-766842.694	-1009923.787	-766712.9	-1011101.83	16.5308
-790958.663	-987876.982	-791001.246	-987901.667	1.5859
-777841.63	-980174.42	-778018.52	-980258.925	2.1803
-713318.64	-1057596.11	-712989.358	-1057493.433	7.2739
-757404.5	-1048501.98	-757506.533	-1048248.178	5.8192
-668848.3	-1010056.22	-668996.86	-1009376.63	14.2776
-888826.21	-1016921.504	-889229.403	-1015636.114	28.2655
-742529.131	-1056866.745	-742437.62	-1057025.58	3.8027
-645481.3	-1052903.41	-645381.39	-1052938.51	1.1768
-846070.357	-1044381.777	-846347.928	-1044004.569	7.66
-742515.947	-998100.753	-743391.442	-995400.328	38.6461
-767239.894	-971117.325	-767218.369	-971343.443	4.9466
-739747.415	-1081055.814	-739522.69	-1081106.92	4.8676
-881703.433	-1022270.161	-881697.608	-1022289.692	0.2638
-830707.165	-996960.852	-830303.18	-997579.08	15.8628
-828884.152	-1069456.919	-827430.283	-1067909.972	24.5954
-826985.449	-1046822.132	-827544.59	-1045209.14	19.3379
-762817.16	-1050840.94	-760139.68	-1048725.207	27.0514
-752010.11	-1038510.68	-751970.65	-1038533.5	1.0373
-786726.05	-1069976.2	-786472.791	-1072032.018	25.8235
-790965.977	-987948.854	-789598.91	-989195.65	37.1965
-683918.584	-995065.001	-683735.34	-994876.812	5.3099
-674130.7	-1047102.27	-674014.12	-1047280.44	4.3316
-656968.22	-1068227.05	-656862.505	-1068150.743	1.6458
-821591.64	-1013904.94	-823868.38	-1013022.22	33.6291
-724970.52	-1074858.62	-724352.404	-1073798.137	21.3316
-794870.63	-1058854.38	-795516.13	-1059115.1	15.0683
-686455.58	-1070686.79	-686449.841	-1071523.354	18.065
-771527.21	-1009234.35	-771042.303	-1006967.94	28.7364
-786222.78	-992025.7	-785924.5	-993271.36	30.8002
-674727.057	-1092641.383	-674920.11	-1092527.843	2.5156
-705224.412	-1082573.949	-704097.718	-1083231.961	45.2052
-795993.19	-1049532.23	-796209.77	-1049662.93	2.8928
-883593.847	-1017580.316	-882091.044	-1017735.02	18.3853
-782150.44	-1060844.24	-783526.28	-1061170.79	31.2655
-792596.012	-979641.183	-792554.569	-979614.516	0.5476
-774043.413	-1053278.193	-775336.739	-1053372.468	14.9607
-660750.09	-1001499.58	-660582.24	-1001564.12	2.1601
-749437.266	-1033909.1	-749451.37	-1033883.77	0.5798
-685892.135	-1053690.929	-685946.901	-1053736.888	2.0054
-731518.85	-1042053.79	-731552.55	-1042108.1	1.6768
-685892.135	-1053690.929	-684797.95	-1052891.12	31.7344
-783521.92	-1051834.58	-783961.55	-1053084.29	15.3427
-683702.637	-993016.242	-683695.36	-992998.26	0.4639
-743460.973	-1015310.216	-744064.938	-1015927.5	9.7409
-768742.989	-972186.687	-768716.02	-972195.887	0.4304
-762679.08	-1053440.43	-762339.98	-1051545.548	49.1193
-785969.35	-1018223.45	-785947.35	-1018199.65	0.3601
-768031.975	-1063196.66	-768780.443	-1061241.466	31.6546
-788446.462	-990047.331	-788251.41	-989855.27	7.1232
-791151.33	-978540.3	-792375.04	-979389.02	39.2601
-726793.67	-1060789.397	-727756.552	-1059544.567	20.06
-726066.38	-1020719.64	-726005.712	-1020273.05	9.5649
-719830.39	-1043692.55	-719843.172	-1044008.229	3.6399
-724270.15	-973222.03	-724460.498	-973010.865	152.3281
-664878.977	-1059238.198	-663166.08	-1058879.59	20.3791
-640286.278	-1073530.947	-639898.414	-1074029.895	14.0917
-689899.342	-995399.552	-687791.452	-994894.186	51.3804
-830942.768	-1065061.502	-831028.103	-1064975.89	2.6355
-715513.44	-1040586.49	-717595.02	-1042830.33	46.001
-656883.547	-1052673.686	-655096.03	-1054199.71	26.3971
-658954.63	-1042252.27	-661002.806	-1043241.153	27.4673
-729086.02	-1078563.0	-729135.715	-1078700.134	2.9174
-724890.77	-1066904.85	-724923.796	-1067210.738	6.2252
-696810.82	-1070133.72	-694188.084	-1070765.684	31.5362
-739238.46	-1040119.82	-739090.289	-1040263.729	4.7216
-826717.326	-1029086.403	-828832.036	-1030165.093	31.9335
-770241.279	-1050249.373	-769039.66	-1051459.32	26.1735
-783901.73	-988367.12	-783838.86	-988399.59	0.7865
-819302.55	-1075496.64	-818981.927	-1075199.379	5.3881
-797794.885	-986178.028	-798085.15	-986328.76	3.6421
-765059.6	-974782.79	-765065.607	-974746.125	0.5525
-808437.59	-1071316.06	-808185.557	-1071296.55	1.9449
-713550.47	-1017791.14	-712344.92	-1015969.21	24.6925
-833813.423	-1072429.324	-833825.94	-1072470.482	1.1799
-696916.247	-991912.948	-695512.23	-990571.86	36.9163
-743792.838	-1038469.445	-743809.013	-1038461.768	0.4928
-822489.045	-1069168.568	-822399.257	-1068941.538	4.919
-721968.829	-1032704.001	-721976.964	-1032677.576	0.6691
-740173.965	-1056481.452	-741909.34	-1056805.55	19.941
-655818.302	-1080134.738	-655740.759	-1079064.003	14.1151
-763664.0	-1062929.15	-765581.53	-1063635.1	23.4212
-729283.327	-971279.404	-728567.02	-972171.56	221.4659
-752764.758	-1074806.328	-753127.601	-1073868.503	15.8972
-673983.56	-1071086.53	-671820.9	-1073411.8	37.5496
-776116.328	-1014689.396	-776106.232	-1014749.764	0.7574
-665620.22	-1081677.52	-662921.774	-1081765.354	41.982
-816650.416	-1075683.859	-819849.45	-1074283.26	57.9908
-737250.813	-1035813.563	-737072.77	-1034203.55	32.8287
-782981.17	-1000789.0	-782549.33	-1000589.99	5.344
-721909.138	-1036103.039	-720671.855	-1036824.384	18.0442
-726412.52	-1070532.723	-726383.719	-1070435.076	2.3851
-740411.92	-987030.62	-739943.73	-986995.68	9.4655
-769917.4	-981147.39	-767662.53	-981154.36	28.6215
-754869.91	-1046408.2	-754779.968	-1047520.095	12.4586
-671544.788	-1049045.428	-675383.234	-1049879.299	57.1484
-863131.408	-1037983.994	-862990.333	-1037035.084	11.194
-650826.289	-1093442.774	-651162.811	-1092883.23	7.4178
-679399.801	-1079914.55	-677372.075	-1077135.169	46.1945
-774589.68	-1037732.32	-771941.93	-1037507.11	30.5199
-713596.42	-1070205.29	-712241.19	-1070905.53	40.9057
-727814.301	-1074191.455	-727734.171	-1074184.599	1.6085
-760260.421	-1021845.213	-760586.316	-1021465.402	5.6724
-778900.318	-1029531.5	-779038.47	-1029561.661	3.297
-778382.944	-1059000.148	-778433.87	-1059119.98	1.4591
-828815.243	-1072228.758	-828618.95	-1072041.44	3.0441
-730363.36	-1084639.28	-729858.077	-1087005.182	63.6077
-825097.083	-1064708.498	-825105.07	-1064563.95	2.9562
-810544.373	-991914.911	-810535.47	-991855.28	0.7204
-707740.78	-1020386.26	-705718.77	-1015755.28	63.1635
-737068.94	-1070351.39	-737082.62	-1070361.22	0.4366
-731562.956	-1056376.26	-731447.732	-1056741.118	5.5353
-667146.26	-1024482.707	-667520.15	-1022804.81	30.549
-792360.12	-979425.55	-792428.59	-979461.55	1.5752
-690298.86	-1066702.72	-690169.154	-1066692.639	1.4561
-734732.83	-1043650.65	-734799.24	-1043636.72	1.8687
-747850.94	-1037441.67	-748101.88	-1037194.88	7.042
-857554.503	-1066769.628	-857589.02	-1066880.62	2.2197
-741483.047	-984171.128	-741438.097	-984864.973	7.9947
-808575.344	-1000665.039	-808251.99	-998862.84	27.5168
-748497.66	-993196.31	-748187.82	-992702.66	8.4747
-810664.83	-991921.07	-810780.18	-991970.74	8.7627
-734496.32	-1045714.14	-734764.112	-1045640.265	7.3451
-730210.16	-1057359.89	-730428.745	-1057413.053	2.4998
-798692.94	-1034078.43	-798662.382	-1037329.219	45.2962
-751415.81	-988789.17	-751442.58	-989970.89	13.3968
-819271.979	-1075735.204	-819281.972	-1075718.149	0.4732
-693520.0	-1034325.96	-693563.782	-1034271.513	0.8445
-726561.98	-1072141.25	-726393.89	-1073258.642	22.8297
-719664.66	-1030725.65	-721519.313	-1032410.851	19.3964
-744365.01	-1047609.77	-744578.02	-1047859.85	6.6026
-838593.93	-1021984.24	-839314.316	-1021318.603	19.6785
-757077.25	-1043105.17	-759598.97	-1042857.56	29.5564
-783269.69	-1012154.03	-783244.85	-1011887.99	3.0517
-739793.524	-1062973.819	-741081.32	-1061607.38	39.8952
-844142.467	-1066285.323	-843404.881	-1067301.967	16.5884
-671554.241	-1012972.103	-671574.495	-1012976.737	1.8021
-686155.73	-989128.63	-686691.567	-986570.42	59.7592
-734056.437	-1031412.866	-733709.44	-1030190.23	14.5565
-725860.458	-1083649.246	-725289.41	-1085667.7	25.2078
-732450.31	-1054985.68	-732252.61	-1055216.55	6.0792
-815495.249	-1077006.108	-815134.535	-1078062.953	51.8766
-757599.465	-1034395.045	-757841.67	-1033524.501	10.0575
-662153.973	-1068753.801	-662514.505	-1069345.192	8.0267
-794127.69	-1003786.15	-793463.21	-1003661.43	8.4161
-829679.437	-1060371.719	-829202.567	-1059275.791	14.1906
-724437.183	-1041554.406	-725161.86	-1040315.19	16.7956
-717534.646	-1074139.58	-717538.757	-1074174.434	0.4224
-828344.886	-1060176.523	-829202.567	-1059275.791	13.8708
-671688.297	-1026646.767	-670075.92	-1024746.12	36.2145
-684500.3	-994629.26	-684501.01	-994670.16	1.0155
-747426.456	-1023928.438	-747371.97	-1023961.73	1.6557
-815227.57	-1011989.75	-816164.41	-1011933.429	10.793
-731827.37	-1056765.91	-731589.929	-1056706.085	4.8979
-641685.442	-1075561.728	-641454.015	-1075722.184	5.6779
-766150.46	-1076233.34	-766189.5	-1076373.07	1.7573
-854631.34	-1058176.35	-855040.471	-1058442.668	5.7257
-661002.806	-1043241.153	-661494.437	-1043198.104	6.2425
-849094.251	-1010304.331	-848997.797	-1010235.95	2.3657
-686512.37	-990518.63	-686457.96	-990915.576	4.4532
-787548.72	-1001738.92	-785017.657	-1004174.603	45.7984
-699228.75	-1084220.74	-700600.749	-1084504.712	17.3773
-715499.81	-1046015.41	-718045.351	-1046662.504	32.6467
-757592.42	-1040046.747	-757370.05	-1040129.007	4.8281
-686738.235	-993832.623	-686740.46	-994862.24	23.6202
-650411.51	-1026049.54	-652045.78	-1024674.21	25.8382
-734667.725	-1041598.981	-734745.125	-1042155.188	11.3386
-808335.0	-991040.78	-807693.375	-990365.75	19.9023
-792434.79	-1065584.39	-792559.55	-1065629.64	2.6543
-749132.32	-1035837.82	-751346.75	-1034441.65	32.7598
-837774.837	-994412.178	-832347.8	-993046.63	86.2972
-687258.963	-1071987.155	-686986.884	-1071591.448	5.5251
-712016.9	-1044548.09	-711726.01	-1044957.93	10.795
-807937.656	-1073945.98	-807951.231	-1072505.626	33.6401
-709080.19	-1051104.7	-708245.433	-1051580.466	10.7361
-653274.017	-1030254.879	-652790.576	-1028728.644	17.8749
-876486.02	-1026238.44	-877455.749	-1028168.893	28.1234
-777064.67	-1012698.41	-777297.98	-1013203.73	6.8643
-674603.26	-1085170.42	-675351.76	-1084599.4	11.5097
-643393.56	-1020051.71	-643597.021	-1018905.238	50.4554
-780447.34	-1052568.44	-780917.64	-1051279.978	17.2574
-808219.18	-1071172.18	-808399.37	-1071299.43	2.6411
-824118.398	-1073716.33	-824204.364	-1073767.68	1.8384
-753368.02	-1048765.39	-753427.9	-1049000.73	4.8864
-712611.26	-1078889.11	-712801.03	-1078872.18	2.2721
-652600.61	-1037242.8	-651099.35	-1036057.73	22.9501
-806965.18	-989759.4	-807695.027	-990255.374	19.5145
-824368.015	-1061111.425	-823355.76	-1063565.55	33.488
-764003.61	-1024125.807	-764031.53	-1023816.45	6.2213
-741398.951	-1001930.92	-740938.607	-1004291.748	28.2416
-845241.937	-1014450.711	-847022.035	-1013573.709	23.3828
-710918.126	-1025929.913	-710900.688	-1025940.774	0.4694
-755911.964	-1059127.866	-757128.242	-1059507.045	14.483
-728993.509	-979673.837	-730247.242	-979495.286	18.6042
-715650.83	-1032190.21	-713680.036	-1033381.515	30.1739
-733574.37	-1041925.75	-733200.063	-1042131.375	9.3672
-704824.513	-1057697.425	-704514.881	-1058537.38	24.174
-789149.05	-990849.48	-789184.38	-990848.56	0.8945
-869760.72	-1037812.227	-869924.911	-1037581.435	5.7266
-759071.725	-1047704.779	-758938.02	-1047552.36	4.0565
-790421.73	-1064163.29	-797214.213	-1068891.346	70.4158
-694177.33	-1002782.15	-697966.78	-1002610.83	48.6181
-812660.89	-1072249.56	-808437.59	-1071316.06	33.9727
-884366.997	-1021690.341	-884000.584	-1021660.832	4.287
-687972.84	-1011065.64	-685682.71	-1014792.46	64.8836
-758371.92	-1040714.05	-760607.55	-1040804.24	24.8831
-811109.853	-1063053.73	-810770.95	-1063249.68	5.9632
-746382.521	-1054216.087	-746310.408	-1054210.684	1.4561
-771813.517	-1038836.782	-771941.93	-1037507.11	15.0363
-773187.92	-1058004.16	-774153.25	-1059067.97	30.0491
-731587.42	-976384.81	-728374.028	-974653.538	55.4825
-741813.07	-1047094.23	-741669.495	-1047218.903	3.8122
-668332.53	-1025413.37	-670075.92	-1024746.12	23.1295
-717820.5	-1074317.38	-717615.03	-1074166.97	2.8343
-815526.063	-1070891.9	-817229.42	-1070591.25	15.7264
-751241.934	-1074165.482	-751460.039	-1074464.813	4.2404
-827757.15	-1034938.74	-828147.172	-1034491.817	6.805
-685497.87	-1023511.15	-686097.313	-1024010.399	12.2998
-666672.44	-1064648.55	-666698.84	-1064869.95	2.5881
-644718.554	-1037970.142	-644749.721	-1037931.006	0.5563
-764793.8	-994787.52	-764178.213	-995931.718	27.9853
-699845.446	-1030267.007	-698080.568	-1031875.656	26.5567
-739238.46	-1040119.82	-738750.231	-1040041.52	10.354
-681114.349	-1082188.818	-682872.293	-1084756.083	39.9773
-847137.84	-1070687.912	-847103.331	-1070324.09	4.0746
-835240.575	-1040178.658	-840756.407	-1039033.045	76.5689
-822158.563	-1069502.375	-821832.261	-1069947.466	12.109
-781482.919	-985956.992	-781255.659	-985725.951	6.8387
-750830.51	-1029174.17	-751934.718	-1029089.783	12.637
-819030.08	-1043568.33	-819610.11	-1043267.663	8.7203
-773690.064	-977974.951	-771050.13	-979400.91	43.7375
-669535.23	-1044445.601	-669508.322	-1044456.713	0.9482
-738973.364	-1084211.183	-738207.314	-1083871.579	9.9569
-653901.604	-1029503.98	-654577.54	-1028792.8	12.1574
-808575.344	-1000665.039	-818573.03	-999187.48	142.0344
-800604.538	-1003260.473	-800458.83	-1005123.939	21.063
-747360.061	-1036303.743	-748103.01	-1035830.68	9.8674
-796744.169	-1050356.163	-797410.36	-1052229.11	33.436
-714899.37	-1050012.82	-714955.33	-1050127.92	1.4491
-833504.056	-1025748.803	-834057.502	-1024380.541	18.558
-796895.697	-1025195.084	-798094.67	-1025262.18	13.9992
-856665.76	-1008971.6	-855562.12	-1009290.98	14.7711
-835429.046	-1033696.089	-833920.868	-1033591.514	18.876
-770616.68	-1049952.96	-768661.98	-1046136.751	61.4681
-788623.02	-1030555.81	-787246.81	-1029350.39	39.1957
-789545.41	-1002070.51	-787548.72	-1001738.92	24.2746
-700201.196	-1053736.21	-700206.943	-1053697.575	0.7824
-732571.382	-1055125.922	-733117.23	-1056173.189	20.0668
-727896.4	-1074256.85	-727814.301	-1074191.455	2.221
-694891.714	-1038189.519	-694823.848	-1038077.865	2.4704
-701654.7	-1012344.5	-701519.75	-1012381.313	2.8166
-772813.618	-1055319.761	-772734.437	-1055317.123	2.5207
-716573.27	-1009828.58	-716176.26	-1010552.6	9.3265
-748753.9	-989283.07	-748571.79	-989246.96	2.1235
-777963.57	-980328.72	-775704.41	-982371.16	45.9218
-752482.88	-1043314.671	-752253.935	-1043211.332	5.2101
-656255.699	-1070045.007	-656633.86	-1070308.88	9.7779
-728346.01	-993979.719	-730145.688	-993169.063	26.1906
-697368.527	-1026667.204	-697482.489	-1026804.253	3.5667
-803296.964	-1079135.312	-803299.082	-1079241.065	2.1645
-757820.929	-971443.006	-757859.17	-971476.34	0.5691
-681338.634	-1047574.395	-681292.92	-1047433.68	1.6476
-775534.44	-1012209.17	-777064.67	-1012698.41	19.1034
-757885.401	-991724.861	-756227.79	-991806.51	19.7565
-646669.286	-1068695.164	-646639.676	-1068713.803	0.9065
-805095.286	-990190.91	-805021.72	-990150.88	1.7622
-828396.58	-1041206.93	-829589.15	-1040948.8	26.5279
-684448.47	-990115.0	-684434.33	-990100.31	0.6112
-695047.376	-1044391.963	-695063.902	-1044379.414	0.2636
-731289.347	-998442.003	-730683.99	-998307.58	8.7128
-820923.25	-1012044.48	-824002.89	-1011428.37	37.3318
-843706.44	-1002673.06	-843047.942	-1002069.217	10.3075
-791244.52	-1014809.47	-789054.08	-1013997.06	27.0009
-891555.769	-1013828.242	-891372.25	-1013131.45	15.515
-695749.54	-993803.93	-694254.45	-993618.94	18.595
-770406.95	-1016484.18	-771738.96	-1017773.69	23.9305
-733583.706	-1053257.457	-733650.642	-1053310.708	1.7118
-736065.216	-1009628.72	-736077.828	-1009641.7	0.4262
-782644.121	-1018033.388	-783920.11	-1019150.09	21.0319
-649508.54	-1081915.849	-649074.482	-1081102.697	16.5294
-785885.74	-1031657.91	-783587.85	-1031452.41	26.0749
-740125.388	-1048803.266	-740042.682	-1048803.266	1.657
-717724.11	-1053686.03	-718568.57	-1054861.25	17.4097
-881270.899	-1001368.533	-881210.251	-1001344.506	0.7414
-689627.423	-1035843.007	-687620.21	-1037379.38	28.7917
-807092.05	-996176.3	-807022.055	-996238.78	1.8765
-739293.69	-1047605.51	-739242.04	-1047530.36	1.8268
-645298.82	-1050454.711	-645349.0	-1052717.95	25.3164
-671788.98	-1013525.17	-672286.57	-1013430.14	23.3337
-858595.02	-1055299.8	-859532.03	-1055809.39	14.0288
-721454.452	-1056887.26	-721480.646	-1056896.706	0.7195
-646201.83	-1070762.882	-646804.66	-1070126.4	21.2825
-753337.621	-1047834.546	-753409.091	-1047702.378	3.4863
-759136.529	-1047758.6	-759256.31	-1047754.756	3.8053
-824112.13	-1074957.2	-824116.77	-1073873.79	9.8676
-760190.23	-1045290.85	-759955.845	-1045151.847	7.2073
-777043.735	-988866.738	-775491.055	-988500.27	18.2177
-656284.52	-1048566.54	-656108.2	-1048690.63	2.5272
-802162.267	-989165.468	-799213.12	-993419.47	96.0817
-733117.23	-1056173.189	-733400.347	-1056074.989	7.1133
-641686.481	-1076916.245	-640971.591	-1080795.556	45.9428
-754010.53	-1061799.67	-754188.564	-1061390.249	5.685
-696209.569	-1034541.427	-696253.724	-1034613.635	1.6985
-753492.002	-1050068.921	-754037.11	-1054324.91	64.568
-709908.03	-1003993.08	-709619.48	-1003555.71	7.433
-682600.335	-1089721.639	-681810.686	-1088876.854	14.0941
-771030.72	-982739.75	-770839.14	-983575.63	15.2993
-716840.05	-1028417.8	-716828.42	-1028430.58	0.192
-740146.63	-1048765.45	-739994.945	-1048588.533	4.7475
-776116.121	-1014573.075	-776027.577	-1014675.413	1.0412
-752141.41	-1023976.24	-753113.08	-1024805.07	14.4292
-866860.328	-998552.66	-863279.16	-998718.49	60.2192
-751995.4	-1034166.44	-751764.57	-1033120.59	17.1852
-654997.148	-1068694.178	-654938.746	-1068629.13	0.9714
-797546.47	-1028510.29	-796933.467	-1026340.879	26.2537
-663440.572	-1005056.297	-661295.15	-1005380.04	33.1361
-762240.73	-1026225.87	-762182.323	-1026283.08	1.0174
-773578.204	-1055794.147	-770529.093	-1053950.334	28.2473
-773501.44	-983276.18	-773180.24	-982370.02	21.4252
-762633.19	-1038581.89	-762732.21	-1038615.428	1.3879
-692138.97	-1053501.65	-690566.15	-1055814.5	31.5519
-680386.462	-1069039.757	-681856.875	-1067973.625	22.6822
-821862.611	-1070180.329	-821506.23	-1071709.92	32.8965
-767603.85	-1046005.37	-767684.069	-1045925.507	2.2878
-710400.32	-1017303.91	-708116.272	-1016039.129	33.0088
-761207.79	-1034014.75	-762955.47	-1033824.97	19.7578
-794505.491	-1003988.539	-794506.51	-1004011.49	0.3185
-869866.398	-1037678.079	-869854.923	-1037688.21	0.3182
-840637.765	-1068920.25	-842300.635	-1068760.687	22.3964
-758598.97	-1005216.97	-758019.15	-1006862.84	27.6785
-726002.57	-988861.01	-723759.896	-987216.172	34.6274
-664659.973	-1053339.834	-663044.42	-1054468.82	29.223
-771899.49	-1025011.53	-771921.41	-1023846.07	22.829
-725596.87	-1048814.21	-725622.34	-1048876.6	1.4563
-814649.04	-1070090.53	-814570.55	-1070242.4	3.7921
-655865.063	-1048396.514	-655883.891	-1048425.175	1.4165
-743307.88	-1019662.27	-741471.85	-1019735.03	21.8145
-737336.38	-1046672.94	-737520.29	-1046623.77	3.8109
-761077.286	-994700.252	-761057.6	-994731.297	0.4084
-679466.541	-989570.958	-678701.39	-989733.15	20.1022
-731110.039	-1075403.317	-730455.262	-1075272.068	13.5789
-652512.268	-1066003.798	-652521.772	-1066017.858	0.232
-713537.88	-1023025.75	-713721.63	-1023784.7	12.5397
-797225.383	-1069033.488	-797224.579	-1068798.163	7.2091
-667352.5	-1033680.38	-667623.97	-1033602.94	3.3553
-774940.581	-1017890.853	-776007.615	-1018697.758	18.6959
-825967.52	-1025677.531	-825983.792	-1025686.738	0.244
-757880.474	-1066161.822	-760445.88	-1067488.56	37.7384
-735050.321	-973748.849	-734660.609	-972473.815	15.9777
-759887.37	-972841.89	-759866.87	-972977.63	2.7646
-774118.63	-1065131.66	-775736.2	-1064261.9	24.3159
-726557.64	-1030504.07	-726456.847	-1029809.252	25.4098
-700396.442	-1053492.855	-700390.17	-1053493.403	0.1259
-660410.858	-1057065.693	-659267.839	-1056959.012	13.0299
-651799.729	-1090349.683	-655377.614	-1092181.303	74.6262
-797207.371	-1069075.147	-797204.328	-1069117.112	1.1177
-810418.986	-1013689.3	-812433.03	-1013933.23	23.0647
-712210.494	-1019124.038	-712204.06	-1019056.16	1.3845
-807591.864	-1048105.356	-807985.91	-1047762.37	6.2823
-686974.19	-990374.36	-687479.09	-993081.86	32.3688
-768538.32	-1082897.61	-767814.271	-1083025.033	979.368
-650254.698	-1066684.671	-650316.67	-1066703.03	0.7243
-867798.626	-1006764.106	-867839.488	-1006747.598	1.0013
-750373.074	-1005566.807	-750036.931	-1005704.222	7.296
-704097.718	-1083231.961	-699925.36	-1080109.3	86.2214
-838923.649	-993377.246	-837774.837	-994412.178	26.2408
-696311.254	-1045338.548	-696490.038	-1045413.991	2.3896
-734050.012	-1072617.244	-733970.648	-1070529.113	25.6478
-733677.42	-1004492.76	-733066.43	-1000888.03	49.9801
-806550.624	-1067938.374	-810633.478	-1066041.128	56.5679
-865343.62	-1006940.56	-865411.578	-1006956.737	0.7762
-783879.003	-1065274.767	-783872.32	-1065262.31	0.3326
-858225.57	-999249.575	-859456.5	-996748.5	44.6791
-775046.211	-985303.495	-775538.857	-986019.904	10.6969
-673359.17	-1017298.72	-673341.23	-1017237.57	0.7081
-874197.908	-1018506.375	-874192.144	-1018571.621	1.3241
-733649.399	-1015348.684	-732619.431	-1016119.27	25.7684
-659044.87	-1026072.16	-657177.89	-1027416.55	26.4684
-691751.348	-1059652.052	-692291.01	-1058643.01	14.9836
-815771.685	-1067602.218	-818904.75	-1068921.1	41.4853
-799468.95	-1001575.88	-799458.422	-1001714.616	2.545
-696417.162	-1054119.286	-696167.44	-1054213.12	2.9641
-776638.812	-975624.141	-776578.17	-975595.74	1.3809
-817485.111	-1070669.022	-817346.88	-1070461.227	2.7733
-767046.6	-980774.5	-764320.223	-977229.243	40.4629
-768031.975	-1063196.66	-768305.47	-1063499.85	6.13
-692916.61	-1031763.95	-693762.45	-1032418.66	25.602
-744240.355	-1085497.033	-744377.89	-1084946.37	22.4762
-702096.308	-1043248.3	-702113.22	-1043229.82	0.6525
-757947.029	-1040305.397	-757895.356	-1040240.583	1.686
-853375.746	-1035763.744	-852011.72	-1033267.21	35.9335
-777841.63	-980174.42	-778176.07	-980434.35	4.7067
-652519.065	-1021392.956	-652439.7	-1021371.68	0.9483
-730540.16	-987872.41	-729778.3	-987713.52	9.5996
-748555.73	-1024956.416	-748538.162	-1024960.596	0.4752
-650914.341	-1085126.981	-652355.284	-1084513.846	19.1829
-688033.65	-1008448.13	-687696.8	-1010183.68	24.5632
-809815.994	-1032117.026	-808551.193	-1032080.837	15.5926
-804069.414	-1048124.188	-806168.665	-1048980.607	28.0915
-878446.41	-1011882.071	-880052.498	-1008271.662	49.5927
-667750.276	-1083553.552	-667401.048	-1083330.838	16.4388
-795520.982	-1003368.997	-795614.34	-1002370.711	16.1714
-777744.03	-1031926.26	-778723.324	-1030379.705	24.5281
-749256.54	-1044624.59	-749191.481	-1044352.66	5.6452
-722713.49	-1064471.921	-721028.2	-1065276.8	23.9059
-760235.44	-976189.76	-760426.849	-976146.255	4.478
-647242.168	-1071682.457	-647250.053	-1071710.344	1.0033
-766747.32	-1037626.07	-766820.366	-1037693.14	3.0239
-752438.325	-1042831.478	-753237.13	-1041854.936	10.6246
-765780.46	-1025889.75	-765605.87	-1025824.37	4.8675
-840403.074	-1070447.272	-833749.287	-1072545.879	60.7619
-761891.2	-972771.3	-761804.098	-971881.321	18.4408
-723694.18	-1014270.44	-722332.58	-1017137.68	56.6809
-653299.13	-1023139.24	-653279.646	-1022982.362	3.1636
-753649.53	-976729.2	-751476.087	-976015.903	28.2609
-741810.06	-1048888.99	-741825.869	-1048828.06	1.2649
-787917.19	-1061122.81	-786559.102	-1061340.464	28.5784
-655306.9	-1041293.601	-658954.63	-1042252.27	55.466
-666466.26	-1013751.01	-669096.11	-1014095.01	29.942
-723719.58	-1035551.59	-723735.714	-1035565.991	0.5186
-730531.813	-1057439.07	-730487.222	-1057428.568	1.2114
-817226.33	-1047661.17	-818342.922	-1049312.599	61.2244
-707917.295	-1073589.318	-710188.717	-1074373.94	71.9294
-850202.22	-1042068.29	-850050.84	-1043723.36	20.3896
-678311.67	-995246.51	-678265.186	-995168.713	1.0264
-770463.62	-1042976.09	-768948.186	-1044541.868	24.2722
-809522.65	-993549.24	-810488.627	-992101.06	20.2653
-694046.537	-1040418.3	-693636.81	-1041161.74	17.3981
-876124.29	-1021139.59	-876112.84	-1021128.58	0.2301
-695019.57	-988728.24	-693984.34	-985511.09	51.1674
-805529.791	-990380.262	-805510.798	-990388.968	0.4795
-670413.35	-1020801.35	-669911.48	-1020070.35	9.8781
-777378.72	-1032412.01	-778489.776	-1032605.109	25.9948
-653565.93	-1024325.48	-653293.436	-1024341.269	5.4645
-740013.875	-1032677.758	-740024.072	-1032667.759	0.181
-792127.679	-1002992.899	-792631.3	-1002145.56	11.1893
-717563.66	-1074422.293	-717389.507	-1074398.742	2.0636
-654259.08	-1033888.45	-654058.89	-1033547.74	5.3765
-732453.52	-1040841.31	-732359.224	-1040961.372	3.3973
-809115.507	-1021031.276	-811576.772	-1017603.739	51.324
-713070.7	-998912.01	-710920.88	-999919.92	27.8627
-847178.331	-1068827.432	-844823.27	-1068111.92	31.254
-705326.633	-1070015.861	-704744.62	-1069437.54	9.9058
-823930.49	-1009103.738	-825505.903	-1008939.286	17.7692
-753061.938	-983354.114	-753007.42	-983585.66	2.6574
-731613.902	-1021278.732	-731367.55	-1022331.55	12.4246
-724307.441	-1034485.543	-724042.005	-1034642.051	6.2536
-712423.517	-983605.22	-712420.272	-983594.696	0.2403
-739918.12	-1078945.14	-738499.524	-1076315.869	40.9856
-668845.316	-1003441.49	-664760.619	-1005645.69	62.6999
-696115.69	-1045320.03	-696029.607	-1045263.951	1.1419
-763662.27	-983166.21	-763256.913	-983643.9	7.0036
-824257.03	-1076464.14	-824311.496	-1076401.374	8.4703
-750249.562	-981741.692	-751048.998	-981028.811	14.2448
-813328.04	-1072109.909	-813432.107	-1071990.126	3.1735
-781791.85	-1046868.86	-780380.209	-1045978.14	20.3592
-741581.782	-1042671.899	-741577.379	-1042544.644	2.5466
-769294.599	-971517.262	-768483.18	-971363.18	12.6071
-799253.133	-1001546.675	-799240.82	-1001410.07	2.0549
-822590.536	-1059214.552	-825495.86	-1053317.43	84.6607
-778280.43	-1058590.03	-781101.27	-1058535.42	34.7284
-787525.92	-984347.2	-787293.151	-984422.672	2.7966
-664710.698	-1068052.491	-664802.221	-1069038.226	12.2531
-722663.507	-1006396.818	-721120.86	-1008565.41	31.5824
-857444.77	-1011887.79	-854983.08	-1011413.61	19.6564
-755657.198	-1013741.211	-754867.81	-1012840.6	13.4464
-658351.659	-1088861.398	-657814.005	-1088461.195	16.9475
-647475.185	-1033811.312	-647120.25	-1032718.03	18.3445
-889453.857	-1014761.091	-890271.421	-1011767.347	34.5717
-799468.95	-1001575.88	-799384.86	-1001553.15	1.1366
-740947.378	-1048931.179	-740880.85	-1048875.87	1.8822
-759479.25	-1029428.5	-759592.03	-1029256.06	4.7819
-803797.57	-976894.27	-806348.696	-973616.541	203.9551
-697451.56	-1052233.88	-698320.9	-1050777.39	27.8562
-725880.561	-1051661.289	-726094.73	-1051630.11	4.3449
-751198.453	-988540.539	-751217.73	-988675.46	1.5495
-673065.66	-1012180.91	-673065.06	-1012192.51	0.2805
-648257.58	-1038522.22	-646932.84	-1040943.51	31.2816
-645231.86	-1043705.2	-646910.36	-1044622.04	24.1899
-710963.47	-1025595.143	-710947.454	-1025580.954	0.5875
-648607.985	-1058257.75	-648638.888	-1058260.078	0.7074
-774198.39	-1077281.62	-776058.3	-1081472.38	55.2102
-725957.19	-1071372.88	-723704.206	-1068892.094	47.8633
-781140.14	-990701.09	-779963.1	-991110.24	14.5143
-820718.29	-1063652.81	-820796.02	-1063693.532	2.0209
-804693.493	-987935.87	-802162.267	-989165.468	44.8867
-709619.48	-1003555.71	-709558.1	-1002063.35	27.262
-698822.003	-1079576.361	-699925.36	-1080109.3	16.4415
-747339.63	-1036309.707	-746280.4	-1034524.79	73.124
-887878.164	-1019149.612	-887705.176	-1018981.939	2.6823
-771235.7	-1064736.98	-772204.52	-1063079.85	29.1367
-771416.56	-1042704.81	-770463.62	-1042976.09	11.3414
-847713.155	-1066306.545	-847800.16	-1065492.66	9.9595
-693271.926	-1078184.103	-692763.123	-1078645.94	16.7025
-684827.173	-1062061.435	-685046.02	-1064092.0	32.1496
-797753.763	-986251.175	-797631.422	-986169.56	1.6357
-688866.45	-1008086.58	-688769.71	-1008043.16	1.1782
-770078.492	-995111.435	-770497.113	-994660.992	7.5908
-754937.18	-975076.31	-753815.92	-975963.16	34.821
-689416.53	-1041345.84	-689276.02	-1041251.79	3.6629
-835900.88	-1032638.99	-835871.16	-1032618.1	0.4135
-686191.04	-1091584.179	-685851.711	-1089622.672	181.4936
-695686.799	-1034349.98	-695908.221	-1034530.867	6.0621
-688715.174	-998245.553	-687631.02	-997626.25	14.1845
-791844.85	-976260.45	-791785.451	-976203.762	1.6495
-807147.564	-993035.497	-809493.61	-993562.76	29.7185
-753858.425	-1046002.964	-753724.11	-1045846.48	4.2034
-739172.11	-1048818.336	-739271.562	-1048878.5	10.4375
-692763.123	-1078645.94	-689663.127	-1077650.329	44.6234
-726227.69	-981373.9	-726336.23	-981775.91	8.4544
-768014.7	-995202.91	-766350.084	-995474.104	34.723
-716119.768	-1048477.837	-715974.36	-1048190.05	3.6838
-648919.929	-1048245.544	-648522.29	-1048170.92	4.6067
-649071.447	-1067541.708	-649397.09	-1068087.73	12.1721
-828665.07	-1071994.602	-828839.53	-1072102.6	2.6455
-670142.063	-1047849.688	-669943.33	-1047802.91	2.5897
-651198.62	-1043181.88	-652839.646	-1042012.519	24.7923
-763612.14	-977687.04	-763420.63	-977212.93	11.6597
-707094.49	-1015993.99	-706560.61	-1015673.42	13.7954
-773947.18	-1077064.38	-773974.94	-1077094.81	0.8258
-816263.175	-1064382.149	-819253.223	-1065170.414	41.8834
-728573.213	-1056053.118	-728602.923	-1056061.229	1.1202
-781276.156	-1065205.766	-781754.44	-1063223.71	26.49
-674162.497	-1089510.348	-673073.732	-1090434.747	61.7329
-783351.96	-1064711.49	-781754.44	-1063223.71	31.4406
-760171.191	-983620.658	-760108.1	-976669.03	118.1435
-685921.25	-993492.0	-686350.07	-993429.47	8.8458
-788645.545	-989800.028	-788251.41	-989855.27	7.9996
-757147.235	-1059510.985	-758715.209	-1060308.79	22.5319
-867868.668	-1006968.329	-867902.159	-1006942.079	0.8108
-754717.26	-1002056.5	-754757.688	-1002042.938	0.4998
-668977.106	-1067594.311	-668752.667	-1067421.221	3.1711
-767013.48	-1037675.4	-766842.83	-1037701.77	3.4538
-683717.457	-992989.128	-683724.11	-993007.49	0.4561
-757548.021	-1039738.009	-757559.425	-1039723.96	0.2344
-776297.19	-977282.515	-776172.608	-977550.484	6.497
-665026.707	-1061746.48	-665548.329	-1061307.756	15.4454
-792028.132	-986651.745	-792028.321	-986617.401	0.7046
-747166.779	-980982.656	-747934.61	-980092.39	14.4421
-714655.015	-1056038.843	-714569.04	-1056043.87	0.9571
-696253.724	-1034613.635	-696578.34	-1035525.04	19.4388
-878239.65	-1027464.47	-878517.858	-1029977.437	40.6573
-753002.54	-1060673.47	-751611.11	-1061840.96	24.8587
-740517.97	-1040263.89	-740620.803	-1040195.542	6.3499
-665198.39	-1036833.92	-664820.182	-1035921.943	19.8017
-807739.25	-990341.35	-807784.6	-990413.55	1.7207
-669326.41	-1035475.04	-669456.93	-1033427.32	27.7838
-728770.004	-1058806.072	-727830.699	-1058743.388	10.9966
-817626.397	-1008079.578	-819612.782	-1008068.581	22.8472
-726010.753	-980867.59	-726168.492	-980888.314	4.6284
-816857.025	-1037346.024	-816360.47	-1040386.63	57.1093
-717389.507	-1074398.742	-712833.882	-1078862.126	52.3355
-777903.87	-1064534.52	-777561.69	-1064473.0	8.6434
-752854.23	-988519.06	-751415.81	-988789.17	19.1939
-751658.12	-1038043.98	-752759.25	-1037250.66	17.8896
-680301.305	-1006924.26	-684041.72	-1005087.56	57.7264
-726227.69	-981373.9	-726241.65	-980397.73	20.1853
-804188.94	-1040938.13	-803996.26	-1040348.68	16.7208
-789783.118	-1027080.451	-789661.866	-1027019.796	1.8077
-762561.091	-992047.749	-762564.02	-992066.04	0.461
-758737.32	-1005167.35	-758598.97	-1005216.97	2.9759
-639883.684	-1068063.349	-640533.9	-1067549.89	15.0358
-784270.171	-1026762.041	-784290.356	-1026763.126	0.4638
-734246.2	-1078918.72	-736609.04	-1078600.46	28.3379
-751575.41	-1034443.519	-751346.75	-1034441.65	2.8209
-768249.083	-1007290.14	-768246.13	-1007091.41	2.2609
-839061.481	-993065.451	-836254.049	-989704.778	54.8004
-752145.81	-1038511.65	-751920.53	-1038841.4	7.9917
-806746.5	-996395.04	-806814.73	-996266.87	1.9769
-847221.274	-1051212.9	-847130.532	-1051437.448	2.9445
-762395.665	-993304.982	-762406.196	-993291.541	0.4334
-810032.78	-985827.55	-810681.831	-985609.893	7.8893
-841388.927	-1061952.353	-842065.68	-1062036.111	7.7184
-675351.76	-1084599.4	-676923.61	-1083106.525	24.7126
-854631.34	-1058176.35	-856558.174	-1056633.315	31.7306
-720323.832	-1071070.678	-720245.62	-1070992.61	1.5039
-739376.2	-1047664.69	-739501.61	-1047742.46	2.9613
-727688.935	-1050148.581	-726880.78	-1049460.86	12.5392
-653653.858	-1031493.301	-653423.62	-1030555.827	10.7515
-704193.873	-1008993.01	-704179.784	-1009008.677	0.539
-697475.25	-1022769.4	-697320.24	-1023642.9	10.9448
-863264.03	-1049360.0	-864705.822	-1049523.913	17.7802
-756261.917	-1021338.145	-755689.59	-1023919.41	30.3281
-737206.749	-1023015.723	-735617.1	-1020584.03	33.4956
-652521.772	-1066017.858	-652507.712	-1066027.362	0.232
-694429.348	-1089271.621	-694564.952	-1089620.098	8.6025
-876427.652	-1014297.283	-876719.98	-1013377.32	11.0613
-733060.69	-1035355.42	-732027.544	-1034837.103	24.864
-746954.522	-1004054.132	-746977.513	-1004054.933	0.6912
-667520.15	-1022804.81	-665902.039	-1022897.606	23.4856
-645150.432	-1074275.491	-645162.571	-1074255.841	0.5671
-760898.023	-1060233.296	-762680.47	-1060588.85	22.1859
-688503.019	-1011193.9	-691878.43	-1009643.53	49.3239
-731373.413	-1012206.889	-729872.994	-1011869.243	18.1115
-683211.26	-994632.66	-683198.19	-994624.7	0.6122
-689380.018	-1029127.238	-689352.65	-1029592.58	9.345
-720526.708	-1056117.042	-720485.953	-1057079.4	19.4267
-780297.889	-1009729.113	-779194.03	-1007236.81	43.5739
-842542.325	-992122.825	-842537.83	-992099.058	0.3147
-749676.91	-981210.14	-750249.562	-981741.692	11.1752
-759651.598	-976154.419	-760110.712	-976177.525	9.2574
-689787.748	-1046554.727	-692271.419	-1046317.644	19.2559
-724943.03	-1065253.85	-725151.135	-1065325.721	4.9112
-647873.143	-1067710.293	-647880.34	-1067696.773	0.3542
-727431.61	-994557.49	-727729.53	-994278.84	8.6685
-683656.306	-1066705.409	-683537.01	-1066911.67	4.791
-873364.742	-1015038.539	-872762.304	-1016603.019	20.8743
-641021.02	-1067058.85	-641261.701	-1065502.962	18.0257
-697590.28	-995685.43	-698168.294	-995083.306	9.5339
-720890.49	-1078565.08	-722757.1	-1078973.23	26.4336
-776164.42	-977575.59	-775923.936	-977266.63	8.1553
-760844.771	-1070553.569	-760870.94	-1070667.92	2.4517
-645182.381	-1074268.023	-645150.432	-1074275.491	1.6193
-772671.65	-1017061.6	-772145.95	-1016289.6	10.8917
-743760.77	-1021515.3	-743779.81	-1021375.72	1.6713
-744268.68	-1027560.53	-743164.59	-1026492.03	20.7201
-729948.9	-1077657.6	-729466.74	-1078252.51	8.7355
-673109.289	-1077823.336	-674637.39	-1078055.65	18.9384
-820681.82	-1077421.557	-820826.716	-1077466.061	262.8487
-678335.849	-1048911.227	-680697.38	-1050051.66	41.4603
-683963.034	-995271.046	-683977.01	-995256.53	0.5224
-810418.986	-1013689.3	-809721.09	-1010756.479	62.0896
-777043.735	-988866.738	-777556.591	-991207.669	33.503
-826550.943	-1061782.575	-824671.62	-1061033.041	25.7367
-748398.11	-1043188.53	-749777.772	-1043408.442	28.3431
-811223.903	-1036708.357	-811581.538	-1037657.666	11.2845
-734123.51	-1053289.092	-734824.7	-1052989.06	15.2606
-824860.766	-1067179.646	-825005.885	-1067224.436	3.2878
-737072.78	-1070373.015	-737060.725	-1070363.495	0.3761
-797207.638	-1068902.189	-790420.8	-1064175.72	70.3651
-832903.841	-1031528.395	-832980.335	-1031827.115	3.462
-654532.0	-1044940.38	-652800.92	-1044778.31	19.3187
-651444.72	-1037641.76	-651463.758	-1038354.516	7.9752
-680229.76	-988998.78	-680199.317	-988901.225	1035.0938
-797220.522	-1023550.419	-798712.282	-1022813.845	25.7745
-826780.701	-1046935.199	-827280.978	-1047253.275	6.655
-755814.649	-1034625.46	-755939.14	-1034460.74	1.5889
-738672.355	-985890.635	-738659.24	-985876.91	0.2109
-864054.601	-1052240.451	-865314.314	-1050375.508	28.1951
-657405.41	-1068717.74	-657427.6	-1068641.36	0.8895
-781273.163	-1004046.684	-777829.486	-1003324.989	43.027
-759295.33	-1068468.69	-760445.88	-1067488.56	17.1879
-651464.06	-1069077.527	-651380.482	-1069460.765	5.5928
-789466.776	-1027126.16	-784908.833	-1026959.149	36.1877
-822648.96	-1061866.51	-821898.958	-1062434.179	23.7191
-643945.735	-1040608.472	-643935.977	-1040626.868	0.5354
-810388.016	-982868.027	-812850.46	-977718.32	86.8248
-721508.26	-1032421.66	-719510.87	-1030611.7	20.8673
-705497.782	-1055305.569	-706833.082	-1051923.937	54.1807
-801209.974	-1056833.204	-801191.019	-1056920.709	1.3324
-757583.917	-1052823.372	-757583.42	-1052769.48	0.6139
-824238.73	-1076359.83	-824204.8	-1076334.16	27.9353
-748046.626	-992743.35	-748187.82	-992702.66	1.6348
-836762.77	-1065574.434	-838504.902	-1065598.13	19.8273
-685993.25	-993477.375	-685904.886	-993511.359	1.8942
-740074.415	-1078259.978	-740651.915	-1078101.492	6.9696
-791957.075	-1004787.086	-793250.807	-1004363.66	15.1276
-739534.3	-982791.08	-739772.07	-983203.74	5.9908
-823245.745	-1071548.892	-822634.434	-1069568.19	41.9515
-766384.884	-1060137.681	-768780.443	-1061241.466	37.5973
-772421.69	-1081831.94	-765963.41	-1076199.13	69.3013
-727729.53	-994278.84	-727611.89	-994246.69	2.5163
-831269.153	-1066433.159	-831260.444	-1066449.913	0.4131
-821832.261	-1069947.466	-822158.563	-1069502.375	12.5346
-813598.366	-1066082.57	-813798.296	-1067557.869	20.2371
-778211.76	-1058921.72	-778265.78	-1058963.422	0.8004
-826615.211	-1068384.514	-827414.04	-1067905.869	18.6253
-816418.066	-1076253.124	-819271.979	-1075735.204	33.5462
-783901.62	-988451.57	-783570.89	-988845.43	6.4097
-699819.01	-1059099.45	-700697.591	-1059932.68	25.5747
-747627.572	-1019790.469	-747540.75	-1019621.563	2.8419
-651645.49	-1049416.39	-652523.86	-1048050.08	22.0821
-760898.023	-1060233.296	-762853.52	-1061995.16	31.2349
-708419.227	-991662.736	-708400.425	-991677.132	1.0696
-754607.573	-1035644.477	-754661.9	-1035714.99	3.0984
-694401.055	-1065921.44	-693268.136	-1066214.459	14.0953
-778723.324	-1030379.705	-778936.284	-1029982.018	10.2055
-851461.777	-1014494.652	-853349.944	-1018427.34	85.3927
-643687.778	-1034975.692	-643669.343	-1034932.529	0.5215
-788332.392	-1032922.155	-787766.2	-1033212.73	14.1917
-782736.302	-987635.37	-783870.85	-988372.22	18.3851
-740272.384	-1048755.058	-740406.404	-1048873.624	4.1591
-736699.04	-1038234.44	-736870.83	-1038210.02	6.045
-653540.239	-1071735.365	-653346.678	-1072095.968	4.5953
-717476.215	-1074203.095	-717538.757	-1074174.434	0.7644
-821508.375	-996043.109	-821533.491	-996041.098	0.3236
-818596.165	-1001266.455	-818143.903	-1000977.137	6.4802
-708187.83	-1075244.96	-706944.713	-1074501.568	16.8608
-856579.444	-1030950.584	-856064.434	-1028473.607	57.409
-739994.945	-1048588.533	-739867.417	-1048497.285	3.4018
-804790.97	-1042344.4	-803294.68	-1043446.53	30.2508
-735842.58	-1031440.26	-735668.52	-1031215.732	5.9675
-747786.218	-1026682.429	-745799.149	-1027516.933	25.6408
-754661.9	-1035714.99	-755147.31	-1035277.21	13.0736
-665198.39	-1036833.92	-665458.76	-1039205.67	48.9591
-849059.247	-1002323.581	-849027.94	-1002337.53	0.8881
-754631.91	-1063279.292	-754553.75	-1063526.759	5.2586
-833254.123	-1074912.867	-832798.094	-1075548.017	9.3259
-817696.777	-1044028.456	-819030.08	-1043568.33	26.1897
-667559.74	-1021705.03	-668898.705	-1022840.572	25.6428
-729935.223	-1083577.678	-730063.5	-1083120.83	5.4458
-735491.943	-1077107.534	-738499.524	-1076315.869	46.2703
-646151.41	-1071145.95	-646201.83	-1070762.882	8.3141
-746262.613	-1053881.415	-746303.829	-1053861.234	0.9188
-765617.17	-990627.35	-765609.7	-990470.42	1.8199
-771549.54	-982560.38	-771284.976	-982536.094	3.7182
-849304.122	-1028940.798	-851565.631	-1031001.201	39.6999
-687384.526	-1016486.276	-684319.74	-1018289.441	53.2198
-810771.91	-991753.27	-810737.74	-991815.48	0.6454
-683537.01	-1066911.67	-682819.282	-1070271.519	47.9666
-769152.14	-996777.53	-768014.7	-995202.91	58.1819
-666179.303	-1087368.634	-664519.478	-1089063.209	38.8351
-799448.64	-1054475.6	-800013.98	-1055415.21	18.5854
-675211.97	-1066793.444	-674573.09	-1067736.05	23.1975
-834024.087	-983878.067	-833866.458	-983008.338	47.6398
-774673.57	-1000296.917	-774546.59	-1000258.14	1.5094
-757573.93	-1017125.61	-757944.57	-1018902.47	20.4887
-671985.3	-1052255.57	-671676.996	-1053675.005	18.3491
-785903.44	-1018138.51	-785167.69	-1014849.55	46.8822
-641716.414	-1058532.561	-641712.611	-1058542.261	0.2427
-721659.61	-1005327.96	-720560.46	-1005519.18	15.6174
-817533.88	-1070541.42	-817446.39	-1070558.94	0.9914
-757072.35	-1036920.75	-757134.9	-1036802.08	1.523
-761119.495	-1000997.084	-761091.792	-1000899.314	1.1345
-688454.182	-1070263.786	-688230.339	-1070099.683	5.7931
-768216.533	-1064805.843	-768588.55	-1063775.18	12.192
-739381.44	-1034615.21	-739353.38	-1033785.91	16.6436
-726488.977	-1026838.942	-725335.37	-1028213.23	20.6855
-801385.012	-1015485.742	-801707.081	-1017934.201	37.3532
-778900.318	-1029531.5	-778689.66	-1029545.02	4.6515
-876337.987	-998291.201	-878042.415	-1004389.221	102.7141
-852299.85	-1041099.68	-853489.03	-1040574.85	14.9995
-805024.92	-990252.48	-805021.72	-990150.88	2.0333
-710952.04	-1025721.06	-711124.62	-1025831.21	4.0961
-791926.92	-991043.66	-791943.37	-991093.07	1.994
-774162.8	-1021173.806	-770958.45	-1020244.89	46.0313
-864037.296	-1042424.275	-864299.585	-1043361.079	33.2562
-714641.39	-1027861.81	-713269.49	-1028283.25	16.331
-652594.109	-1064384.139	-652582.161	-1064374.38	0.363
-890038.394	-1016476.536	-889507.769	-1016414.484	289.7806
-687479.09	-993081.86	-687422.664	-993904.781	10.4775
-890271.421	-1011767.347	-890238.16	-1011002.09	9.8229
-710963.47	-1025595.143	-710944.524	-1025605.087	0.5875
-690397.806	-1020396.222	-689876.75	-1020687.77	6.6935
-810719.239	-1064866.097	-810633.478	-1066041.128	15.8028
-678318.291	-1002398.486	-678306.819	-1002377.18	0.3389
-821635.354	-990593.979	-820673.12	-989381.2	36.0965
-768181.129	-1028084.705	-767805.41	-1026068.54	32.9183
-641808.58	-1076501.209	-641686.481	-1076916.245	9.0633
-792232.22	-1046092.91	-792298.458	-1045843.765	2.9302
-757394.943	-976131.008	-756270.569	-975799.295	25.6894
-688864.228	-1079452.576	-690164.81	-1079502.753	14.5517
-797410.36	-1052229.11	-793287.43	-1051912.18	62.6326
-755185.5	-1028876.24	-757922.63	-1027951.45	32.4508
-733323.88	-1057749.755	-732406.261	-1057487.646	23.6095
-698814.062	-1012645.207	-697498.543	-1012712.62	14.9943
-769146.62	-1004870.94	-764877.662	-1004163.078	52.037
-683574.671	-1062240.606	-682690.358	-1063043.568	13.3236
-641361.511	-1092462.084	-640071.145	-1093682.786	44.5475
-829335.9	-1067212.49	-831365.121	-1070584.323	53.9828
-824118.398	-1073716.33	-824128.174	-1073878.554	1.4774
-746382.521	-1054216.087	-746346.505	-1054248.18	1.0721
-840471.692	-1045622.968	-839929.261	-1048122.673	31.5544
-667163.557	-1083642.392	-663966.307	-1086317.794	46.8351
-731354.323	-1054921.893	-730212.23	-1055927.94	18.3243
-643295.63	-1079918.169	-641563.12	-1081473.4	28.7673
-845082.797	-994053.104	-843367.441	-992167.464	32.0838
-797014.828	-1029002.774	-797109.25	-1029037.248	2.0107
-648218.351	-1064155.734	-648319.994	-1064139.615	3.9668
-758239.87	-1016193.82	-757209.257	-1016685.09	24.7836
-666372.05	-1013756.79	-665985.665	-1014190.974	6.7522
-664237.125	-1047754.375	-664261.049	-1047852.715	1.5569
-725564.36	-1087039.45	-725513.61	-1087363.32	7.9548
-805494.47	-978668.481	-803803.869	-976929.666	52.8717
-827952.099	-1041307.414	-828396.58	-1041206.93	10.2922
-783209.77	-996298.28	-784018.32	-995398.78	14.5309
-691828.6	-1064899.158	-690803.052	-1065148.176	22.2935
-640017.94	-1042964.66	-640083.291	-1042985.593	1.4263
-690414.26	-1069784.24	-691963.5	-1070968.111	36.1798
-704497.25	-1019010.64	-704080.94	-1018633.22	6.4021
-740190.65	-1048779.76	-740272.384	-1048755.058	2.4231
-705461.23	-1010278.36	-705932.86	-1013325.98	70.5661
-755595.06	-1042268.62	-756211.766	-1042483.919	13.9778
-819199.368	-993790.579	-821635.354	-990593.979	124.7618
-765579.51	-1074243.31	-765511.99	-1074354.51	2.9701
-802399.077	-1055590.677	-802308.357	-1054114.598	16.6863
-751804.13	-1004450.95	-750401.242	-1005557.255	22.1197
-820566.613	-1067436.695	-821804.609	-1066679.277	16.7564
-807952.239	-1072477.849	-807965.166	-1072493.025	0.5175
-725021.263	-1065471.044	-724859.589	-1065156.77	7.2436
-829335.9	-1067212.49	-831249.446	-1066452.545	23.0474
-781654.106	-998471.269	-782476.56	-998778.02	9.8505
-776024.673	-1034689.134	-776149.73	-1034943.3	6.0595
-850050.84	-1043723.36	-849181.34	-1044137.53	11.809
-883700.873	-1019663.734	-882376.558	-1020884.772	23.3695
-748255.783	-1030596.93	-748217.911	-1030589.276	0.787
-710303.846	-1051630.394	-709951.15	-1050590.55	12.2028
-784665.876	-1007701.217	-784669.925	-1007684.127	0.2123
-848435.252	-1010297.065	-848523.626	-1010330.793	2.2041
-802871.193	-986653.772	-802714.763	-985660.004	50.8797
-808747.18	-1000847.45	-809147.1	-1002775.783	22.3789
-753657.17	-1045323.18	-753616.119	-1045385.081	1.0949
-671334.839	-1013380.04	-671788.98	-1013525.17	18.2906
-786838.58	-1010464.74	-786859.78	-1010704.2	4.6735
-840168.712	-1056740.328	-840184.431	-1056729.852	0.4978
-693555.67	-1004756.118	-693299.572	-1004550.262	6.6716
-685814.433	-987154.905	-686113.07	-989171.44	33.7313
-740074.415	-1078259.978	-739918.12	-1078945.14	8.6745
-676250.16	-1042634.43	-675978.208	-1041097.886	19.9568
-743670.905	-1024947.276	-743547.913	-1024927.2	6.9788
-694877.07	-1064101.78	-693322.025	-1064570.064	18.6925
-700407.19	-1022786.15	-700408.53	-1022894.48	1.2225
-646784.63	-1016584.72	-647615.4	-1015915.48	12.4247
-729305.28	-1069793.18	-728360.75	-1071940.41	35.2281
-881697.608	-1022289.692	-881678.038	-1022283.404	0.2779
-832266.026	-999844.423	-831240.458	-999151.728	19.9413
-727177.87	-1031218.1	-726557.64	-1030504.07	10.584
-693497.58	-1083700.93	-695974.948	-1082369.357	92.3028
-825471.49	-1016156.886	-825515.288	-1016140.978	0.5216
-747394.36	-1062818.558	-747718.385	-1062503.67	9.225
-819966.14	-1074245.14	-819971.552	-1074390.409	3.0549
-762941.79	-992367.91	-763545.25	-992093.52	30.2797
-688797.379	-1076150.545	-688002.282	-1075181.562	14.123
-674315.48	-997936.62	-672915.76	-998637.81	19.1714
-686529.58	-1059643.5	-684480.035	-1061627.586	32.7722
-762111.172	-1026167.991	-761924.936	-1026064.781	5.2985
-806575.888	-983341.554	-806862.02	-982792.324	8.4238
-690768.7	-1059262.202	-691751.348	-1059652.052	16.1452
-726045.008	-980908.376	-726227.69	-981373.9	10.8728
-719475.96	-1030489.794	-719642.0	-1030529.89	1.9318
-847178.331	-1068827.432	-848314.87	-1067025.917	26.7983
-685014.38	-1032689.79	-685019.57	-1032596.64	1.9173
-739522.69	-1081106.92	-738250.259	-1080728.609	17.6483
-672036.466	-1050055.869	-671986.186	-1050016.153	0.7119
-737630.74	-984117.39	-736690.38	-983714.019	11.5567
-669313.43	-1014057.66	-669296.23	-1014157.35	3.4493
-747371.97	-1023961.73	-747362.12	-1023959.97	0.2001
-644066.097	-1023903.328	-643049.81	-1024267.01	18.9829
-647349.661	-1081907.056	-647441.596	-1082008.575	2.7913
-688414.053	-1061323.311	-688417.72	-1061391.853	1.3735
-687404.89	-1055806.78	-686608.81	-1054660.12	15.5836
-834359.548	-1024053.119	-836164.17	-1022988.813	24.4166
-853619.73	-1041936.38	-853122.407	-1044067.769	29.0233
-703394.236	-1088879.85	-703550.361	-1088756.538	2.4499
-745486.072	-1084388.131	-746412.986	-1085269.207	63.7271
-680447.44	-1045990.77	-680325.31	-1045859.18	2.0492
-758629.38	-1022029.92	-756447.96	-1021323.23	25.9571
-773582.53	-1064914.68	-772204.52	-1063079.85	44.3663
-713775.639	-1051218.491	-713785.282	-1051216.456	0.1381
-773801.94	-1073410.82	-773306.16	-1076127.14	33.8814
-790712.739	-1005042.198	-790785.313	-1005010.651	0.9934
-659857.84	-1075610.74	-660641.29	-1076203.42	19.8043
-821882.09	-997704.088	-821930.923	-997708.197	0.5445
-722106.46	-1087702.35	-722223.096	-1087805.798	170.8708
-740515.12	-1057578.56	-740529.23	-1057581.17	0.3521
-676899.047	-1057192.153	-676583.8	-1056954.83	8.1559
-729704.351	-1034249.238	-727749.77	-1033945.99	23.1861
-851153.587	-1009157.697	-849434.18	-1008755.3	46.7652
-812059.04	-1017095.62	-812045.072	-1017091.715	0.3613
-719291.016	-1050167.408	-719048.93	-1050490.37	4.6709
-710545.48	-1069947.576	-710154.438	-1069709.127	5.2133
-645095.13	-1025657.86	-644812.45	-1025224.76	6.4373
-769874.09	-1015908.58	-768444.371	-1016274.293	20.2275
-808621.52	-991377.83	-808335.0	-991040.78	9.4654
-752150.8	-1042812.48	-752326.98	-1042897.041	4.176
-647923.93	-1094532.48	-647066.388	-1095686.854	23.7388
-749717.98	-974722.78	-749022.214	-972993.748	26.7532
-645414.186	-1049574.493	-645145.99	-1049725.66	6.1852
-718478.89	-1046912.61	-718912.187	-1047953.389	13.3462
-765350.228	-974439.336	-765332.98	-974699.53	2.9476
-688899.04	-1008101.45	-688866.45	-1008086.58	0.398
-775337.088	-1066406.687	-773571.182	-1068163.625	32.9704
-740446.603	-1063779.451	-740602.21	-1064877.74	29.8738
-730882.08	-1042065.154	-731430.45	-1042100.23	10.99
-721284.824	-1039170.312	-720440.86	-1041212.08	27.492
-677372.075	-1077135.169	-677952.795	-1077247.229	6.8615
-783244.85	-1011887.99	-782067.999	-1010291.553	24.4607
-792554.569	-979614.516	-792375.04	-979389.02	3.5644
-790012.06	-1060982.27	-789754.63	-1061227.5	3.973
-847800.16	-1065492.66	-849144.74	-1065966.23	19.4067
-652055.19	-1026467.11	-650411.51	-1026049.54	20.6563
-724973.922	-1064515.522	-728304.716	-1060992.768	40.0827
-779540.85	-972090.25	-779572.42	-972133.54	0.6164
-669086.92	-1017098.64	-669312.259	-1016992.142	2.805
-718256.376	-1004401.106	-718653.77	-1004325.26	5.2752
-680357.0	-1083620.75	-680353.748	-1082497.976	13.4738
-739365.02	-1054324.082	-738953.985	-1055720.43	16.1779
-763429.67	-977100.61	-763413.28	-977112.81	0.4685
-742070.951	-1057036.488	-742517.724	-1056857.1	10.8092
-738239.28	-1046740.78	-738085.855	-1046751.762	3.239
-748398.11	-1043188.53	-745720.029	-1042594.344	56.2081
-652384.421	-1032220.303	-649928.66	-1031448.47	36.8572
-641514.71	-1041514.6	-641431.4	-1041477.92	1.841
-747409.95	-1034670.67	-747854.476	-1033972.682	39.6354
-739161.336	-1047787.293	-739209.899	-1047653.54	2.9404
-684217.86	-1042855.28	-682609.21	-1044783.43	31.5939
-834866.785	-1038392.737	-833713.936	-1039020.694	17.6988
-835207.3	-1018503.79	-839036.637	-1018937.763	50.2747
-692452.786	-1046276.343	-696275.836	-1045441.325	30.2862
-707915.843	-1046963.972	-707043.145	-1047369.448	19.9016
-869488.51	-1017847.787	-869448.36	-1018125.62	3.1492
-883936.157	-1021566.292	-884024.5	-1021641.205	3.0946
-639956.58	-1043068.73	-640185.87	-1043001.059	5.0445
-758309.37	-1034186.71	-758836.53	-1033845.27	12.5616
-715499.81	-1046015.41	-715974.36	-1048190.05	27.7908
-701513.43	-1053251.23	-700396.442	-1053492.855	12.7222
-750114.58	-1032506.51	-750386.47	-1031592.81	10.5924
-772512.536	-996030.911	-771432.875	-995747.64	12.4029
-753803.99	-1024166.82	-754962.86	-1023735.53	16.3301
-648850.296	-1057904.804	-649055.45	-1058279.95	8.5517
-689446.59	-994859.59	-690266.139	-995239.285	7.0443
-740880.67	-1001694.33	-740813.729	-1001758.382	2.4566
-641712.611	-1058542.261	-641702.953	-1058528.436	0.7565
-778018.52	-980258.925	-778176.07	-980434.35	2.62
-691002.18	-995246.83	-691047.04	-995263.18	0.5312
-668266.098	-1045163.806	-667109.46	-1045866.59	17.6984
-689683.664	-1046665.256	-689587.82	-1046577.01	2.3017
-748187.82	-992702.66	-749120.289	-990973.438	23.1743
-691007.84	-1035833.65	-689398.461	-1033181.24	39.42
-740446.603	-1063779.451	-740467.752	-1063760.859	1.3682
-755872.151	-995485.295	-756190.559	-993844.372	20.4775
-644825.501	-1073404.509	-644812.162	-1073412.044	0.3966
-651162.811	-1092883.23	-652104.411	-1093179.3	17.114
-791567.2	-1023807.89	-793468.02	-1021853.9	37.3587
-765867.335	-1076221.509	-765814.94	-1076101.44	1.5728
-645150.432	-1074275.491	-645050.708	-1074298.705	2.0479
-740354.81	-1066732.65	-740344.53	-1066968.13	3.2968
-640378.25	-1031819.25	-642344.92	-1030653.09	33.4052
-727983.52	-1072141.29	-728001.33	-1072269.86	2.5985
-741046.815	-1048810.985	-741196.784	-1048787.996	3.0436
-661988.42	-1039509.63	-661403.04	-1040077.11	11.0822
-770981.026	-975646.851	-770368.74	-975848.84	7.2762
-867018.375	-1013995.532	-867147.162	-1013544.136	10.0194
-815971.38	-1064373.54	-815590.857	-1064630.056	9.2414
-665392.81	-1046161.73	-665473.336	-1046184.516	0.9351
-681215.726	-990968.822	-680409.556	-989585.247	24.3909
-824204.364	-1073767.68	-824215.654	-1073699.333	0.8043
-771941.93	-1037507.11	-770954.56	-1034522.777	39.8955
-840193.184	-1031849.07	-840195.47	-1031903.58	0.6171
-671373.9	-1036765.69	-670645.41	-1038343.34	32.4733
-640324.19	-1071316.33	-639891.218	-1071115.129	11.2664
-785062.0	-1058418.22	-783516.82	-1058617.82	20.5231
-730629.17	-1041975.49	-730555.63	-1041606.57	7.5318
-817243.65	-1024194.83	-817424.87	-1024213.2	2.0415
-771087.984	-1050192.956	-770241.279	-1050249.373	19.2741
-756011.86	-980087.45	-755611.131	-980195.085	5.4475
-731953.91	-1056749.85	-732349.208	-1056858.918	8.2322
-813680.81	-1027925.43	-813480.23	-1029791.613	23.0333
-866590.83	-1040958.4	-866604.105	-1040990.974	0.5707
-762856.494	-1050845.201	-763105.738	-1050918.699	5.2175
-732619.431	-1016119.27	-730970.659	-1017482.306	25.765
-796789.29	-1057104.37	-798227.54	-1058686.04	30.8403
-808569.944	-991227.261	-808515.85	-991162.91	10.9587
-779991.27	-1060768.32	-781511.97	-1060800.29	18.1696
-705269.645	-1054728.144	-704060.581	-1055618.998	18.2242
-645481.3	-1052903.41	-645494.06	-1052835.43	0.934
-653715.262	-1078892.329	-652839.2	-1078377.746	11.9466
-682176.13	-1042240.81	-680011.47	-1041710.69	24.9349
-742437.62	-1057025.58	-742447.92	-1057030.3	0.2447
-770186.892	-1039543.124	-770306.11	-1039368.94	2.8552
-718061.147	-1070291.681	-715468.534	-1070056.504	60.2251
-786856.04	-1001095.15	-786012.37	-999649.04	26.9681
-674890.948	-1013709.212	-673875.25	-1014053.5	12.4479
-759400.55	-1009589.78	-757914.398	-1010094.6	18.6058
-691533.43	-993770.01	-691422.51	-993829.52	1.4423
-694308.4	-991617.43	-694056.868	-991633.331	2.8102
-887835.846	-1019891.347	-887868.082	-1019945.383	8.807
-737866.679	-1005571.421	-738037.11	-1005368.743	3.0004
-773026.593	-1055087.224	-773612.564	-1055454.584	13.8329
-731062.81	-1041276.39	-730548.07	-1041502.46	9.7572
-854902.93	-1038237.73	-854753.94	-1038523.71	7.1384
-693911.362	-1072521.499	-694089.33	-1072562.65	2.136
-698057.21	-1068369.48	-697479.08	-1067461.79	11.9727
-789491.698	-1064086.379	-789687.46	-1064102.65	1.5111
-668550.57	-1078945.44	-667418.895	-1078112.421	19.5627
-784308.318	-1006952.804	-783086.29	-1007065.1	14.8071
-640898.56	-1041492.96	-640309.724	-1041728.531	12.8184
-646256.609	-1063843.229	-646321.017	-1065809.304	22.8796
-646932.84	-1040943.51	-646889.99	-1040994.64	1.3342
-881522.812	-1014064.165	-881536.443	-1014161.893	1.1178
-759767.89	-1042817.03	-761033.05	-1042194.675	16.0418
-678701.39	-989733.15	-677697.483	-990880.701	48.0024
-773044.12	-1058324.22	-773126.11	-1059054.9	16.133
-649508.86	-1018964.207	-649092.16	-1019581.26	19.8406
-800393.896	-1046174.13	-801280.396	-1045311.331	31.1676
-688722.566	-1058549.16	-688732.223	-1058533.682	0.428
-717937.101	-978584.615	-720342.2	-975390.91	49.1334
-765065.607	-974746.125	-765090.921	-974748.817	0.3162
-732459.994	-1052408.904	-733583.706	-1053257.457	16.8743
-707604.21	-1003401.36	-707517.7	-1004096.04	14.2062
-700439.49	-1021063.54	-698678.517	-1022574.473	28.3111
-760199.36	-1045401.17	-760190.23	-1045290.85	2.2191
-800495.161	-978110.673	-802084.92	-976761.77	25.2326
-834020.95	-990593.56	-833817.48	-990512.85	4.443
-655809.629	-1042983.528	-655208.774	-1044304.982	33.1428
-665473.336	-1046184.516	-665395.172	-1046191.379	0.876
-737128.122	-1057813.029	-734334.88	-1057371.39	23.2701
-649508.54	-1081915.849	-651549.386	-1081039.563	36.127
-851565.631	-1031001.201	-854860.172	-1026873.445	98.2685
-701519.75	-1012381.313	-701519.57	-1012451.9	2.3343
-674909.751	-1073907.919	-675167.148	-1074093.622	3.84
-699093.76	-1035168.08	-698496.31	-1035648.844	8.521
-726330.742	-988719.655	-728916.517	-986860.571	47.2484
-851078.489	-1018209.76	-849819.671	-1016364.861	34.5175
-767603.85	-1046005.37	-767615.32	-1045923.917	2.1115
-800087.013	-1021806.933	-799641.456	-1019865.034	24.3002
-695512.23	-990571.86	-693587.23	-991321.44	30.2071
-703745.04	-1004196.03	-701332.32	-1004961.69	42.7712
-744268.68	-1027560.53	-744897.887	-1026833.986	23.3562
-729305.28	-1069793.18	-727668.723	-1068945.166	28.9832
-691755.48	-989824.26	-690363.5	-989936.5	17.7998
-859614.98	-1012914.35	-864248.86	-1014682.19	39.7603
-716181.54	-1053143.76	-717024.659	-1053704.13	11.3223
-808721.81	-991258.59	-809326.78	-991755.48	15.662
-701160.682	-1050315.687	-700513.57	-1049666.632	18.5758
-806168.665	-1048980.607	-806860.08	-1048701.62	9.481
-866462.663	-1041892.823	-864815.75	-1042914.0	26.5246
-774619.24	-1081896.47	-772489.2	-1081807.14	23.7066
-761137.06	-1053405.7	-760968.3	-1053414.23	1.9315
-765950.851	-985926.107	-766173.214	-985751.872	4.6545
-840326.19	-1008863.21	-838390.651	-1009034.884	27.1177
-694827.08	-1052421.2	-694455.13	-1052575.23	8.1219
-783028.45	-1041392.85	-783166.92	-1041604.48	3.2244
-764366.745	-1004081.947	-762732.99	-1003869.0	21.0636
-866869.598	-1018950.646	-867684.29	-1017483.61	23.5786
-756731.393	-987706.568	-756124.753	-984755.3	50.9422
-771612.37	-1023803.49	-770273.005	-1024610.855	18.5452
-694245.25	-1043998.03	-694141.41	-1044339.51	7.1423
-777829.486	-1003324.989	-777659.539	-1002051.994	23.4858
-828432.897	-1025096.197	-828650.137	-1025051.101	2.4653
-698150.83	-1081315.17	-698771.08	-1081531.451	7.6261
-648566.084	-1065178.916	-648119.937	-1065264.0	9.0844
-652463.268	-1080231.127	-653588.193	-1079864.762	16.9349
-824650.02	-990103.79	-820673.12	-989381.2	46.1554
-642538.07	-1037184.04	-642027.43	-1036100.23	23.9617
-663313.095	-1007489.1	-664179.01	-1008798.93	35.97
-805954.77	-1050242.381	-803940.6	-1052533.188	51.2672
-687394.269	-1004382.516	-687480.32	-1004428.3	1.0831
-653220.938	-1089309.626	-654180.21	-1089468.97	12.6566
-700671.615	-1011555.74	-700213.91	-1012677.63	17.1294
-742088.056	-1027627.493	-741289.93	-1026954.677	26.6668
-733530.165	-1061873.5	-734422.781	-1059485.825	31.6653
-826171.662	-1052692.013	-825810.194	-1048982.067	44.4517
-672286.57	-1013430.14	-672280.13	-1014291.26	17.4916
-859143.877	-1042936.492	-857538.356	-1040343.281	37.4634
-814420.08	-988131.19	-814839.921	-988809.402	17.1275
-700407.19	-1022786.15	-700439.49	-1021063.54	21.8573
-766999.39	-1030292.96	-765746.49	-1029031.38	24.5515
-731587.42	-976384.81	-733481.924	-975306.942	25.7158
-864091.237	-1044544.766	-864972.286	-1044654.765	18.0434
-681393.7	-1012890.33	-681443.886	-1016580.791	58.619
-658280.32	-1017825.24	-658260.77	-1017886.87	0.7186
-644363.219	-1074429.349	-644353.789	-1074449.201	0.4647
-722757.1	-1078973.23	-724949.56	-1079714.09	58.5337
-663264.53	-1025565.94	-662979.82	-1024072.22	18.3982
-750239.63	-989819.6	-748764.256	-989288.169	20.6154
-647365.34	-1018527.4	-646650.06	-1019270.7	11.669
-867147.162	-1013544.136	-867547.61	-1013539.782	22.2992
-649004.93	-1028340.18	-648783.95	-1028159.26	3.1777
-765350.228	-974439.336	-765196.794	-974682.32	2.2175
-664760.619	-1005645.69	-664871.25	-1006255.21	7.6159
-641666.023	-1068164.226	-641599.391	-1068082.144	1.1748
-760694.235	-976579.692	-760798.366	-976523.528	2.5151
-682349.499	-1071601.107	-681718.699	-1074114.982	65.124
-676105.99	-1015473.53	-676351.61	-1015305.71	3.6821
-729042.743	-1056568.722	-729539.891	-1057128.264	9.4133
-680031.91	-999395.38	-681588.08	-1000094.86	28.6614
-725713.35	-1066651.34	-727132.41	-1066612.92	16.3365
-746310.913	-1054405.049	-746269.1	-1055406.65	20.3578
-772312.553	-1081854.452	-772898.05	-1082491.94	41.5516
-663846.34	-1076975.045	-662271.655	-1077069.689	35.3531
-859274.95	-1010955.36	-861061.81	-1008985.666	46.2341
-687763.22	-1003297.52	-687748.17	-1003345.14	0.5563
-754115.375	-1075575.309	-752443.436	-1076156.027	21.4851
-847821.052	-1049826.281	-848484.179	-1047673.023	29.1245
-881270.899	-1001368.533	-880386.519	-998153.313	45.1079
-658306.13	-1063995.3	-658843.14	-1062367.399	22.1068
-816506.95	-1014116.78	-816811.814	-1014494.023	6.3037
-762732.21	-1038615.428	-766632.26	-1037720.18	30.97
-844989.76	-994076.91	-845082.797	-994053.104	1.0673
-754159.21	-1045757.76	-754247.98	-1045748.46	1.7851
-697181.498	-1087404.295	-696961.711	-1087392.507	2.556
-831589.265	-996343.731	-830707.165	-996960.852	15.1542
-859296.61	-1031466.39	-858499.59	-1030226.35	18.5583
-663566.08	-1037782.32	-660445.077	-1038492.609	37.6458
-756345.75	-1076171.42	-756448.302	-1074838.025	16.6673
-730585.623	-1042051.149	-730643.52	-1042110.79	30.7505
-684519.98	-1034864.07	-684442.55	-1035071.69	2.5926
-817229.42	-1070591.25	-817287.37	-1070532.94	1.0226
-809200.05	-983720.888	-810388.016	-982868.027	18.9537
-711342.154	-1053447.008	-709648.23	-1055155.331	37.0284
-750975.981	-1073886.309	-749577.765	-1073879.55	17.5038
-746638.009	-1054351.695	-745951.264	-1053740.124	10.3888
-754578.32	-1033875.92	-753947.112	-1033697.12	8.079
-669508.322	-1044456.713	-669510.703	-1044432.663	0.631
-887705.176	-1018981.939	-887693.209	-1018971.361	0.1775
-645182.125	-1042740.125	-645183.938	-1042723.0	0.4109
-700939.169	-1010810.479	-700845.442	-1010328.436	3.7793
-840490.431	-1056312.086	-840184.431	-1056729.852	10.7112
-655262.94	-1011065.55	-655219.841	-1011057.936	0.4864
-654976.495	-1070115.663	-654990.782	-1070102.447	0.262
-741585.11	-1042462.899	-741534.32	-1042066.38	8.027
-782560.4	-996870.19	-782077.75	-996422.43	9.304
-724592.087	-974878.778	-724274.798	-973246.14	18.4802
-640439.987	-1043269.29	-640457.476	-1043228.455	0.9063
-648257.58	-1038522.22	-649442.672	-1038916.292	16.5014
-696834.484	-1074781.516	-697918.251	-1075416.571	15.512
-736287.503	-989378.611	-736230.98	-988464.838	11.1671
-772848.964	-1031590.826	-772764.25	-1031598.74	0.988
-681935.961	-1061186.303	-681692.29	-1059999.27	14.6099
-733935.276	-1053561.424	-733935.061	-1053545.826	0.3965
-741788.86	-1047093.87	-741757.33	-1047020.69	2.847
-646362.235	-1071521.322	-646380.531	-1071538.825	1.1744
-649786.847	-1070020.187	-647612.939	-1070404.522	29.6448
-734924.513	-978114.676	-734124.18	-979885.81	25.4723
-876401.821	-1018512.434	-877339.234	-1015828.577	55.8595
-694782.795	-1076077.692	-694237.635	-1076391.482	7.5313
-640566.277	-1033777.102	-640183.975	-1033551.803	4.9366
-879869.627	-1020640.931	-879585.58	-1020819.82	5.986
-768683.02	-1017643.4	-768444.371	-1016274.293	15.9479
-644872.92	-1030385.35	-644855.32	-1030334.57	0.5974
-686814.436	-1088817.32	-685851.711	-1089622.672	14.3693
-721746.25	-1079696.64	-722757.1	-1078973.23	28.0411
-774848.379	-1008981.515	-774403.2	-1006979.17	25.7199
-829918.574	-1070530.916	-828839.53	-1072102.6	26.309
-661656.125	-1025070.62	-659044.87	-1026072.16	33.8943
-688742.145	-1058541.222	-688732.547	-1058555.025	0.3854
-687699.089	-997235.854	-685867.365	-996829.746	22.9564
-711857.938	-1061987.625	-711983.39	-1063980.96	23.4591
-854856.57	-1011412.45	-854925.579	-1011335.927	3.1306
-773603.548	-1016350.258	-774390.93	-1015793.852	10.7768
-709267.717	-1068318.769	-709665.003	-1067962.98	5.9392
-740102.41	-1080931.31	-740470.232	-1080930.537	7.7734
-653444.512	-1071622.173	-653540.239	-1071735.365	1.6949
-751424.034	-1004313.261	-750081.461	-1003938.849	17.0805
-685241.56	-1009201.33	-686096.57	-1010712.31	34.738
-847167.96	-1070922.91	-847132.19	-1070954.17	0.952
-757518.776	-989583.235	-758970.228	-988249.682	22.8546
-675086.15	-1054222.99	-672648.861	-1053832.57	28.56
-779123.07	-989122.53	-777556.591	-991207.669	35.287
-654697.149	-1037545.137	-649679.88	-1041503.66	92.8124
-864282.1	-1014847.23	-864442.09	-1014849.73	3.202
-731443.062	-970504.03	-731035.755	-971957.39	69.8568
-744438.125	-1041269.582	-744366.4	-1040022.85	25.3995
-759913.851	-973080.106	-760915.44	-974214.23	19.1433
-673675.724	-1027299.289	-671635.205	-1028230.794	30.6397
-755875.499	-1034440.47	-756367.68	-1034367.46	7.8353
-856671.547	-1056578.81	-856461.245	-1058546.125	24.0062
-663449.618	-1063010.571	-665214.42	-1066320.27	46.8937
-680661.217	-1062984.287	-681561.263	-1061778.063	18.7435
-780777.03	-1031469.54	-780224.15	-1030413.4	13.4993
-656946.47	-1021838.67	-656727.03	-1020335.23	22.6319
-722774.5	-1086079.5	-722106.46	-1087702.35	23.411
-778075.03	-979356.371	-776088.61	-978656.5	59.1707
-748439.313	-1025122.257	-748452.384	-1025120.881	0.3026
-686035.449	-1086673.004	-686491.08	-1087690.05	13.8597
-732726.814	-1084027.306	-732422.28	-1084313.689	4.9423
-800877.604	-1076633.122	-801452.53	-1076304.46	15.7699
-850620.762	-1036813.505	-854511.14	-1037818.87	51.4638
-751583.2	-1027700.11	-750462.95	-1027278.04	35.6811
-770489.81	-1000173.05	-771474.379	-1001227.935	18.0326
-852251.87	-1010228.49	-852196.714	-1010420.746	5.3461
-649315.954	-1060816.827	-649316.891	-1061705.052	18.892
-683941.278	-995272.125	-683963.034	-995271.046	0.4358
-732551.005	-1019593.952	-731613.902	-1021278.732	21.5739
-648080.19	-1047698.91	-646786.441	-1046280.427	14.9206
-734556.24	-1065456.473	-734336.53	-1066592.6	19.3104
-736631.28	-985374.91	-736684.973	-985093.694	3.438
-825930.867	-1025606.763	-826558.4	-1025562.106	4.8557
-799422.03	-1018359.27	-800071.814	-1017257.071	15.5312
-775553.045	-1033605.881	-775431.892	-1032659.27	10.6771
-746280.4	-1034524.79	-747409.95	-1034670.67	23.1187
-698678.517	-1022574.473	-697475.25	-1022769.4	14.2217
-762913.58	-1060092.25	-764591.72	-1060064.19	19.5647
-777169.55	-1026711.9	-778073.878	-1024982.951	32.5102
-853489.03	-1040574.85	-854300.61	-1040188.13	10.4481
-817346.88	-1070461.227	-816882.103	-1069528.576	12.2637
-721765.39	-1072001.18	-721102.6	-1072331.29	8.8252
-679164.725	-1024308.852	-679181.045	-1024007.542	6.0775
-670075.92	-1024746.12	-672429.127	-1024177.313	42.6742
-764716.53	-1060653.17	-765106.286	-1060529.073	8.326
-822804.131	-1068212.539	-821804.609	-1066679.277	37.4517
-787651.31	-989675.49	-787163.7	-989120.96	17.0205
-807951.231	-1072505.626	-807938.866	-1072495.803	0.3691
-704175.774	-1004746.363	-704091.21	-1004679.2	1.2546
-795766.35	-1003959.98	-795656.41	-1004109.75	2.2256
-704367.28	-1004604.22	-704175.774	-1004746.363	2.6872
-686461.341	-1063475.722	-686757.612	-1063015.078	6.6155
-696167.44	-1054213.12	-694827.08	-1052421.2	25.1107
-793153.111	-983230.444	-792265.291	-984819.119	20.2644
-750699.51	-1059660.66	-751385.125	-1060360.375	22.1077
-823431.822	-1046861.01	-823054.383	-1047606.95	11.8803
-796572.45	-1009553.07	-796592.857	-1009438.693	1.2912
-669471.047	-1013784.39	-669458.876	-1013775.064	0.3818
-781397.95	-995265.53	-781300.55	-995123.38	1.9146
-759803.72	-1011182.22	-759401.46	-1010266.64	11.229
-675167.148	-1074093.622	-676234.284	-1075886.608	24.9717
-651945.4	-1078839.629	-652004.862	-1078833.61	0.6641
-792398.72	-978527.25	-794155.71	-978814.24	38.8303
-654803.713	-1030631.429	-654626.586	-1030590.14	2.315
-679112.792	-1023693.859	-679069.798	-1023497.251	4.3823
-877326.558	-1024920.661	-877281.783	-1023219.796	33.3129
-654962.858	-1035433.944	-655924.49	-1033728.83	23.4243
-681114.349	-1082188.818	-684146.999	-1080120.62	56.4994
-678978.25	-1073020.88	-678393.98	-1074104.77	16.0959
-704824.513	-1057697.425	-707724.571	-1058643.109	39.7452
-749777.772	-1043408.442	-748398.11	-1043188.53	28.5838
-714027.24	-1005063.45	-715004.37	-1003747.86	19.6881
-733626.52	-1042062.24	-734745.125	-1042155.188	22.9253
-758289.66	-1037634.71	-761571.97	-1037412.88	38.1541
-798767.887	-1067314.515	-799716.584	-1069154.146	23.953
-737762.72	-1046569.09	-738224.31	-1046716.3	9.9383
-653664.313	-1055811.375	-653646.188	-1055821.75	0.5272
-800013.98	-1055415.21	-800880.408	-1054551.349	21.3111
-658407.59	-1015441.63	-658280.32	-1017825.24	37.1785
-814616.84	-977853.587	-814202.35	-978549.136	9.4326
-756261.917	-1021338.145	-755466.457	-1021017.746	10.4352
-780671.08	-973834.67	-778935.19	-972928.14	32.1347
-686631.93	-1059677.05	-686529.58	-1059643.5	1.2448
-780690.837	-1009425.779	-781072.968	-1009265.796	3.1953
-764949.17	-1011425.65	-764688.91	-1010131.04	22.4391
-770028.61	-1016007.78	-769874.09	-1015908.58	3.8472
-644600.75	-1041860.375	-643935.977	-1040626.868	15.7409
-806962.59	-989767.32	-806921.609	-989798.425	2.0216
-786314.85	-1063861.96	-786455.105	-1064322.263	5.5243
-685712.89	-1068641.545	-685318.93	-1069051.32	6.5246
-756225.859	-1053549.114	-757583.917	-1052823.372	19.6676
-774774.294	-996211.913	-774412.19	-996205.84	7.345
-725335.37	-1028213.23	-724411.356	-1029278.365	15.8947
-763334.63	-1040409.66	-763676.81	-1040275.56	7.8194
-773631.891	-1055891.607	-773549.494	-1055894.737	1.6815
-739755.26	-1030281.81	-739485.75	-1029242.48	54.6688
-664350.516	-1031558.539	-665898.745	-1032132.011	22.0079
-691545.33	-1060270.24	-690768.7	-1059262.202	14.1392
-754787.94	-1042029.07	-755725.81	-1041750.45	21.7469
-790045.962	-1008333.498	-788049.75	-1006847.45	45.581
-755561.139	-1048762.837	-753427.9	-1049000.73	29.4006
-783901.73	-988367.12	-783886.97	-988418.09	0.6654
-823878.304	-1066514.863	-823944.91	-1066493.496	1.8373
-652582.161	-1064374.38	-652591.71	-1064360.351	0.4177
-711597.156	-1048385.964	-710578.734	-1048053.536	22.3837
-746130.65	-999990.9	-745540.524	-1000588.297	10.0702
-697196.144	-1038949.392	-697195.262	-1038979.307	0.9221
-689412.387	-1087492.913	-689965.324	-1088969.229	24.7753
-768005.2	-1028115.04	-765903.621	-1026097.409	33.3159
-711847.499	-1040364.743	-710708.604	-1038545.761	24.5593
-655546.801	-1084139.926	-652831.073	-1086445.285	47.6661
-725151.135	-1065325.721	-724881.914	-1065404.299	5.8893
-681393.7	-1012890.33	-681159.99	-1013190.94	5.1382
-683200.4	-1012392.12	-684786.33	-1015128.74	51.1609
-750162.817	-1005349.323	-749538.31	-1004515.68	20.9823
-847974.88	-1040961.91	-846651.96	-1041338.72	18.5497
-748757.994	-1014323.258	-749402.86	-1012697.61	19.478
-807573.92	-1026105.01	-811609.18	-1024678.44	59.7098
-806265.291	-1006396.704	-807132.5	-1007093.48	12.4097
-748922.553	-1064209.42	-752258.777	-1068963.017	74.2048
-642283.77	-1055533.05	-640681.278	-1054853.099	20.7356
-753117.8	-1020971.36	-752939.55	-1021062.22	4.1235
-648846.44	-1057921.15	-647716.73	-1054208.63	37.5955
-754294.301	-1046395.686	-754233.047	-1046633.889	5.0908
-697633.81	-1063728.76	-696412.493	-1063921.756	14.0024
-685901.05	-1019332.07	-685794.23	-1019181.53	2.0511
-772671.65	-1017061.6	-773603.548	-1016350.258	13.0525
-706035.183	-1064141.522	-705153.44	-1065116.36	17.6116
-722098.15	-993211.14	-719811.36	-993031.51	26.9937
-859734.14	-1012932.79	-859427.42	-1012915.85	6.1441
-703462.71	-1043125.21	-703440.6	-1044823.18	53.441
-700502.25	-1049339.19	-703193.08	-1047787.47	35.0937
-641431.4	-1041477.92	-640898.56	-1041492.96	10.8424
-683372.708	-1070340.875	-683965.035	-1071510.03	15.3643
-739377.625	-1033703.063	-740022.484	-1032690.58	15.6204
-769681.56	-980106.11	-770029.944	-979827.303	5.0702
-696319.73	-1000896.59	-692383.73	-998440.59	36.0143
-740565.003	-1075583.468	-740731.098	-1076827.058	18.1353
-717780.376	-980064.821	-717801.722	-979961.24	2.1849
-740728.766	-1032572.313	-742803.47	-1032645.08	27.6237
-754937.18	-975076.31	-755003.782	-975027.435	1.7251
-799844.276	-1011794.855	-799117.246	-1012274.415	13.3218
-668127.32	-1007452.69	-668422.09	-1005060.78	35.8198
-798710.683	-1005533.253	-795656.41	-1004109.75	38.7178
-694611.91	-1062657.07	-694468.471	-1062559.232	1.9292
-754845.73	-1063381.37	-754811.591	-1063320.883	1.4404
-876185.879	-1021345.18	-876194.256	-1021323.626	0.326
-762049.51	-1026217.24	-762162.709	-1026211.738	2.269
-740037.024	-1032679.043	-740728.766	-1032572.313	7.869
-872762.508	-995169.136	-872090.564	-991735.472	45.6623
-669366.41	-1063884.53	-666672.44	-1064648.55	31.6606
-773862.08	-982143.2	-773180.24	-982370.02	8.6532
-745272.24	-1081404.02	-745476.507	-1081316.924	2.4775
-827430.283	-1067909.972	-827414.04	-1067905.869	0.4109
-839929.261	-1048122.673	-836603.408	-1051931.422	56.8877
-662710.47	-1064560.79	-663227.05	-1065826.86	17.9115
-807299.173	-1072508.732	-807290.045	-1072485.448	0.9738
-787566.74	-1006937.87	-787709.5	-1006785.75	2.3228
-661522.78	-1043425.9	-661494.437	-1043198.104	2.7289
-650216.23	-1026314.9	-650411.51	-1026049.54	3.9559
-727371.092	-1055082.893	-727355.342	-1055096.643	0.4645
-702113.22	-1043229.82	-702127.568	-1043243.394	0.4542
-672247.067	-1089901.6	-673073.732	-1090434.747	11.4254
-660054.538	-1076258.042	-659981.157	-1076134.679	2.9446
-790784.875	-1005217.062	-790798.577	-1005026.94	2.1183
-693410.063	-1025499.188	-693463.932	-1026383.908	11.0144
-741039.44	-1041681.01	-741322.22	-1041999.96	9.2785
-825528.77	-1025668.121	-820159.666	-1026203.015	43.3157
-674826.215	-1092413.034	-674920.11	-1092527.843	1.6639
-815342.16	-1071045.65	-815242.161	-1070957.669	4.3045
-699040.425	-1004400.43	-698737.223	-1004659.148	4.4386
-658795.39	-1011722.96	-658900.48	-1012054.78	4.0176
-715594.97	-1078158.25	-715157.975	-1080069.009	22.8311
-751597.63	-1041115.54	-751636.521	-1041297.117	3.7147
-682293.429	-1035791.976	-683890.59	-1036417.26	30.2022
-711983.39	-1063980.96	-711784.0	-1064749.93	9.223
-823879.001	-1066547.6	-823878.304	-1066514.863	0.6883
-751995.4	-1034166.44	-751575.41	-1034443.519	5.7104
-784622.64	-1025930.58	-784289.56	-1025579.42	16.5316
-740467.752	-1063760.859	-740469.115	-1063777.416	0.3761
-727729.53	-994278.84	-728346.01	-993979.719	14.5254
-748267.22	-1058020.13	-748206.389	-1057935.111	1.3351
-764086.605	-977019.472	-764075.567	-977066.577	1.2045
-787676.69	-1068629.84	-788952.78	-1072079.93	43.4938
-711845.47	-1040741.69	-711847.499	-1040364.743	4.3729
-828147.172	-1034491.817	-828066.378	-1034119.544	4.3248
-675509.289	-1054207.776	-675086.15	-1054222.99	8.5179
-721740.02	-1083953.92	-721620.81	-1084025.82	1.5468
-778315.6	-1058863.87	-778137.77	-1058760.2	1.5834
-766350.084	-995474.104	-766078.87	-995475.49	3.0603
-765780.46	-1025889.75	-766544.821	-1023277.347	32.2265
-799530.056	-1001960.022	-800604.538	-1003260.473	35.5438
-823855.72	-1069646.52	-824094.906	-1069738.914	5.1365
-692500.234	-1046056.225	-692580.496	-1046095.138	1.069
-810964.063	-1057350.887	-813336.573	-1055487.559	35.6018
-776446.43	-976006.71	-776434.877	-977166.515	27.9193
-777982.972	-1024849.3	-777928.09	-1024717.17	3.87
-797063.54	-980056.2	-797337.54	-979437.12	7.628
-692059.289	-1043683.795	-689389.55	-1041615.82	39.787
-770330.57	-1029140.02	-768447.69	-1028149.04	23.9273
-817241.266	-1019931.56	-814942.43	-1022106.92	36.7638
-646300.86	-1046567.36	-644849.066	-1047152.556	24.9333
-808139.24	-1000748.08	-808575.344	-1000665.039	4.9327
-723713.141	-1035582.541	-723680.889	-1036185.247	6.7321
-728209.958	-1022949.572	-730701.736	-1024118.019	36.5061
-692414.164	-1070981.013	-691963.5	-1070968.111	5.0453
-790785.313	-1005010.651	-790815.001	-1005014.454	0.8582
-734559.509	-1029374.867	-733956.16	-1028843.1	9.9019
-878319.919	-1027277.494	-879860.945	-1024818.193	33.8283
-866570.558	-1040967.68	-866590.83	-1040958.4	0.277
-787374.96	-1062889.98	-787445.176	-1062920.408	1.5305
-883936.157	-1021566.292	-884366.997	-1021690.341	5.8789
-887831.657	-1019223.541	-887873.551	-1019022.036	3.257
-761179.81	-994753.86	-761263.61	-994584.576	1.4531
-867827.291	-1017310.473	-867825.597	-1017288.354	0.5383
-685318.93	-1069051.32	-684936.41	-1068925.74	4.4948
-770659.27	-1011468.3	-770124.43	-1011939.43	8.22
-730095.279	-1055932.911	-728602.923	-1056061.229	17.7976
-796789.29	-1057104.37	-797022.73	-1056600.4	6.7237
-716319.893	-1056857.227	-714655.015	-1056038.843	27.9354
-685133.178	-993721.288	-684840.14	-993780.57	6.0324
-716574.81	-1028251.62	-711170.12	-1025870.9	46.5058
-710920.578	-1035454.223	-710240.621	-1036353.305	22.6751
-653828.341	-1023515.8	-653812.476	-1023484.643	0.8511
-695452.509	-1075684.577	-694782.795	-1076077.692	9.3435
-824650.02	-990103.79	-821635.354	-990593.979	68.9402
-694805.3	-995371.38	-696422.04	-996113.99	22.0424
-825934.937	-1025464.152	-825938.281	-1025490.443	0.6804
-866590.83	-1040958.4	-866877.057	-1038926.835	41.1025
-651734.767	-1081204.567	-651289.106	-1082357.524	17.5892
-731367.55	-1022331.55	-730701.736	-1024118.019	21.7107
-766295.11	-1043629.66	-766220.87	-1042900.42	11.5033
-704891.302	-1081539.256	-703758.381	-1079749.097	35.5221
-783961.55	-1053084.29	-784730.27	-1053910.04	22.8171
-685921.25	-993492.0	-686041.36	-993242.57	7.0821
-681168.472	-1029384.679	-682692.846	-1028346.69	21.9574
-647883.61	-1059352.33	-647806.841	-1060485.976	22.8172
-674365.546	-1057198.808	-674341.718	-1057174.539	0.3793
-815421.1	-1032960.99	-815676.12	-1031636.57	16.737
-779191.24	-1014972.48	-779957.29	-1013277.41	23.4312
-724831.883	-1065115.588	-724973.922	-1064515.522	16.9585
-794217.912	-1010748.602	-791097.96	-1010612.87	35.5522
-678344.066	-1069057.355	-678275.815	-1069146.017	1.2782
-794481.072	-1003988.877	-794505.491	-1003988.539	0.332
-754478.53	-1063405.59	-754368.65	-1063473.26	4.6282
-770201.52	-1018458.77	-770259.89	-1018648.16	2.2057
-816146.27	-1064197.64	-816263.175	-1064382.149	4.6587
-730473.09	-1057922.22	-731080.52	-1056883.61	9.2567
-784732.25	-1013582.64	-785863.25	-1013207.41	14.0157
-673383.37	-1012036.57	-673314.3	-1012103.57	1.9249
-741466.708	-1058907.94	-741472.762	-1058921.539	0.4026
-743809.013	-1038461.768	-746536.61	-1036540.22	40.9527
-842568.76	-992116.35	-842542.325	-992122.825	0.3713
-824507.7	-1076400.89	-824368.01	-1076678.07	4.7414
-664350.516	-1031558.539	-664839.942	-1030463.206	13.7905
-806729.222	-1027010.489	-807838.519	-1027990.408	21.9265
-704166.528	-1008995.424	-703306.824	-1009040.946	17.2503
-751335.31	-1060211.99	-751262.25	-1060150.06	1.9927
-756734.07	-1035038.43	-758956.4	-1035015.73	27.0639
-662364.104	-1027433.998	-662122.61	-1026540.04	10.3928
-673341.23	-1017237.57	-673060.629	-1016547.86	8.4856
-755091.9	-973220.77	-756458.593	-974627.332	36.7575
-753963.84	-971700.12	-755562.866	-970576.235	24.1848
-848807.265	-1010205.507	-848950.995	-1010127.127	3.2748
-744525.976	-985518.231	-744414.405	-984314.431	15.2771
-717553.41	-1023644.14	-716310.31	-1022614.45	21.1811
-810697.322	-1060921.874	-806535.56	-1061593.257	89.8413
-858289.002	-999646.275	-860818.36	-1003349.69	80.4603
-765863.91	-983645.747	-764243.32	-984430.27	14.2659
-682236.742	-1091181.041	-683345.123	-1091882.606	24.8165
-725279.685	-978455.469	-725329.222	-978326.922	2.8016
-684424.781	-1065700.399	-684409.04	-1065821.75	2.4871
-808145.48	-991727.01	-808223.01	-991554.91	4.5239
-790769.08	-1005236.152	-790784.875	-1005217.062	0.3792
-730452.94	-1043164.54	-730570.9	-1042956.27	2.7185
-672392.3	-1065459.41	-671926.45	-1066273.52	12.5465
-783166.92	-1041604.48	-784808.85	-1041929.78	21.0413
-725605.77	-1048990.89	-725622.34	-1048876.6	2.4027
-781180.42	-1031701.87	-780539.67	-1031900.51	14.251
-794034.2	-999569.77	-796617.37	-1002849.98	68.366
-741456.828	-1058912.339	-741466.708	-1058907.94	0.2463
-739793.524	-1062973.819	-740467.752	-1063760.859	26.3524
-644781.85	-1019489.29	-643453.965	-1020103.131	17.7225
-674891.2	-1005857.53	-674924.1	-1006230.06	10.0953
-684613.46	-993964.07	-684564.84	-994047.521	1.9385
-782611.28	-1001090.23	-782549.33	-1000589.99	5.6012
-842488.834	-1036834.753	-841650.69	-1038035.14	16.2672
-652693.444	-1028466.555	-652893.41	-1026318.93	34.1105
-803282.683	-1012488.552	-803671.697	-1011987.269	7.5499
-684442.55	-1035071.69	-684305.309	-1035339.364	3.5189
-737685.69	-1039179.09	-737510.46	-1039031.0	4.5887
-678247.19	-995262.6	-678265.186	-995168.713	1.0828
-729298.04	-1084653.56	-729227.91	-1084557.39	1.4528
-773921.32	-996305.2	-772512.536	-996030.911	16.7621
-807591.864	-1048105.356	-808531.881	-1048741.992	13.869
-758440.286	-1032985.845	-758073.07	-1032937.02	7.4335
-863328.538	-1047075.128	-865933.64	-1046371.91	32.6989
-762524.04	-1062470.43	-762853.52	-1061995.16	7.4845
-858746.6	-1009335.38	-858733.91	-1009309.47	2.2925
-727648.121	-1080709.565	-725980.5	-1083703.27	45.718
-713218.389	-1049521.645	-714899.37	-1050012.82	19.8894
-756570.584	-990579.448	-756545.25	-990581.42	0.7007
-728001.33	-1072269.86	-727943.789	-1072192.206	2.0111
-853619.73	-1041936.38	-852632.716	-1042017.148	11.0672
-725721.914	-1069587.758	-725612.025	-1069674.855	1.56
-722238.804	-1041749.558	-722191.33	-1041984.3	4.7937
-746935.15	-1017088.725	-749132.46	-1012149.8	43.5397
-756367.68	-1034367.46	-756555.36	-1034379.13	2.0907
-803608.21	-1077857.96	-803529.555	-1076977.362	30.046
-676514.22	-1056253.98	-675688.767	-1054501.648	23.4001
-716828.42	-1028430.58	-716780.121	-1028419.632	0.5832
-758836.53	-1033845.27	-760606.221	-1034962.461	23.6805
-730433.77	-1043884.81	-730477.06	-1043448.93	3.374
-711055.301	-1025126.549	-711054.399	-1025067.317	1.5262
-679021.72	-1023490.794	-679242.718	-1019204.26	52.6557
-666295.02	-1041249.02	-664716.84	-1041425.61	20.5067
-647869.94	-1054301.764	-648070.028	-1054469.218	2.9608
-826755.049	-1070898.934	-828544.984	-1071974.834	23.7546
-669313.43	-1014057.66	-669115.19	-1014089.95	4.0336
-675164.0	-992953.53	-674878.64	-996275.35	104.9592
-756982.34	-1032183.619	-757016.2	-1032067.97	2.4101
-774412.19	-996205.84	-773921.32	-996305.2	10.099
-712270.797	-1048925.539	-712807.668	-1049340.283	13.8244
-774185.228	-1032849.771	-774178.584	-1032863.322	0.342
-760651.171	-1053384.15	-759076.96	-1053893.65	19.7519
-845746.3	-1007961.96	-845567.78	-1007928.33	2.0666
-830648.017	-1024637.152	-831841.063	-1024543.551	13.4537
-769380.29	-972521.91	-768742.989	-972186.687	8.0152
-757518.776	-989583.235	-757786.655	-988530.705	14.339
-853839.06	-1024392.81	-854376.18	-1025217.55	13.1447
-748604.8	-1003219.44	-746130.65	-999990.9	52.9932
-669597.07	-1002026.89	-669164.547	-1002715.107	16.4653
-678090.67	-994050.34	-678016.52	-992385.78	20.01
-718403.15	-1049828.81	-719048.93	-1050490.37	33.7003
-790815.001	-1005014.454	-791957.075	-1004787.086	13.5142
-730585.623	-1042051.149	-725420.66	-1041660.07	58.1849
-727177.87	-1031218.1	-727095.671	-1031375.294	1.9752
-697370.174	-1000296.322	-697437.04	-999782.5	14.3177
-773146.15	-978644.96	-773554.847	-978844.404	9.2268
-659849.537	-1068544.077	-660661.6	-1069779.97	18.5554
-756952.07	-1032323.67	-756917.591	-1032428.333	0.8478
-712258.79	-1048727.42	-714659.241	-1048748.234	29.3012
-736077.828	-1009641.7	-737033.73	-1010214.122	36.2164
-645093.092	-1076178.564	-645584.93	-1076519.18	6.7948
-722226.76	-1072826.32	-721765.39	-1072001.18	11.3483
-758959.408	-996318.164	-757415.611	-994125.242	31.6045
-819878.633	-1026225.081	-819782.143	-1026288.38	2.5655
-741438.097	-984864.973	-740670.36	-985860.8	14.7362
-648052.94	-1054485.999	-648070.028	-1054469.218	0.479
-681391.128	-1033570.804	-681459.617	-1034108.067	8.186
-734699.83	-1045946.208	-734574.82	-1045751.64	5.7392
-730464.91	-1043698.48	-730736.98	-1045388.49	13.4384
-664327.03	-1047880.92	-663643.54	-1047828.42	5.3246
-856671.547	-1056578.81	-858595.02	-1055299.8	25.8089
-864299.585	-1043361.079	-864301.648	-1043408.757	0.5508
-726880.78	-1049460.86	-725971.83	-1049155.86	10.7112
-741616.98	-1043059.21	-741581.782	-1042671.899	7.7907
-767905.56	-1059790.08	-769974.29	-1058239.67	31.2745
-773661.384	-1019334.181	-772385.81	-1018391.77	18.8228
-659358.945	-1030264.62	-657536.88	-1031376.23	24.4677
-647752.667	-1082966.945	-646849.159	-1084496.077	21.1374
-697605.124	-1088095.737	-697519.84	-1088124.39	1.0007
-687324.26	-1004263.0	-687394.269	-1004382.516	1.6462
-670302.753	-1047033.774	-670733.3	-1045837.43	14.3513
-744515.11	-1048334.02	-744067.25	-1049103.77	24.9803
-694611.91	-1062657.07	-694877.07	-1064101.78	24.5392
-676726.07	-1006264.05	-675234.35	-1007214.66	20.2992
-649353.23	-1072219.672	-649162.702	-1072381.248	3.0506
-795102.787	-1028956.598	-795034.18	-1026868.87	23.3103
-804793.658	-1019770.362	-805933.271	-1023474.187	54.517
-689375.05	-998992.22	-688715.174	-998245.553	11.1075
-729880.485	-980588.693	-731116.63	-981112.06	16.8746
-728821.246	-1077875.478	-728612.038	-1078621.824	17.8131
-684393.618	-994662.914	-684373.94	-994673.519	0.5693
-672313.263	-1012618.788	-671574.495	-1012976.737	20.3967
-652047.5	-1023327.26	-650405.97	-1022066.09	36.5396
-729942.52	-1083605.87	-729935.223	-1083577.678	0.5962
-643588.187	-1083031.45	-643243.894	-1082911.687	4.1509
-723686.422	-987174.238	-723719.755	-987123.519	1.2138
-691216.627	-1081881.763	-690676.192	-1082340.194	8.0305
-712664.34	-1078996.14	-708202.91	-1085272.06	64.224
-742545.072	-1015029.101	-741881.759	-1014936.346	7.5303
-646734.244	-1068620.938	-646669.286	-1068695.164	1.2126
-709276.209	-1059920.284	-709840.532	-1059128.884	12.8756
-760986.04	-1026533.61	-762422.17	-1027892.26	26.0009
-696930.45	-1054809.26	-696891.54	-1055061.82	3.6004
-773306.16	-1076127.14	-773947.18	-1077064.38	24.6054
-797859.59	-1000584.11	-798447.91	-999886.06	10.591
-804402.802	-1069236.047	-802663.404	-1071055.267	30.1267
-751132.379	-983338.102	-751081.699	-983234.876	1.446
-828059.577	-997223.52	-824913.522	-997340.039	37.0677
-770572.788	-1067179.634	-770611.794	-1066935.832	2.7608
-788893.92	-1033754.56	-788332.392	-1032922.155	15.4761
-763472.347	-1022342.542	-763384.83	-1022384.29	1.1646
-758826.12	-1005172.76	-758737.32	-1005167.35	1.7943
-689202.67	-993214.61	-687422.664	-993904.781	21.8284
-876134.38	-1021131.71	-876455.253	-1021280.48	3.9874
-762339.98	-1051545.548	-760675.221	-1052259.156	32.5364
-829758.922	-1053034.519	-829560.729	-1055503.286	38.0187
-847511.823	-1052531.185	-848715.44	-1050724.55	41.1753
-712270.797	-1048925.539	-712680.04	-1051246.1	30.8371
-721975.74	-1041876.18	-722148.55	-1041869.95	3.4586
-757389.967	-1047968.234	-757868.27	-1048074.85	9.8501
-756527.4	-1068275.05	-756662.9	-1065875.93	42.4833
-756555.36	-1034379.13	-756553.69	-1034846.22	5.2307
-752028.65	-1007752.13	-752021.69	-1007728.89	0.3665
-714820.38	-1007312.86	-715081.37	-1007332.61	4.1586
-645200.794	-1049985.649	-645348.96	-1052271.34	21.125
-641425.24	-1041454.88	-641469.563	-1041469.75	0.9674
-769529.73	-980208.64	-769396.62	-980211.07	1.483
-740024.072	-1032667.759	-740037.024	-1032679.043	0.2385
-804735.243	-1026440.667	-806104.28	-1026783.59	16.3856
-736957.143	-973227.07	-738259.6	-972740.61	40.0191
-653588.193	-1079864.762	-654041.209	-1081129.494	31.1732
-770611.794	-1066935.832	-770734.458	-1066240.568	8.45
-692598.754	-1080646.661	-692591.102	-1080615.148	0.6488
-689565.56	-1046565.28	-689787.748	-1046554.727	1.7111
-678925.5	-1039515.25	-679257.94	-1038219.08	15.3786
-837490.184	-1064292.459	-838402.846	-1065280.683	15.9486
-735161.18	-1040923.29	-735076.04	-1040992.76	1.221
-651145.068	-1076608.201	-652026.81	-1076336.44	12.0507
-640431.28	-1026551.76	-639780.718	-1026355.101	11.312
-753975.13	-1045790.96	-753562.08	-1045802.37	3.1882
-698401.21	-1004629.35	-698458.8	-1004746.19	1.626
-686757.612	-1063015.078	-686738.011	-1062853.464	1.9796
-668898.705	-1022840.572	-670413.35	-1020801.35	34.1306
-712807.668	-1049340.283	-712882.343	-1049711.431	8.1392
-693921.379	-1074516.569	-694916.365	-1073152.797	20.97
-741046.815	-1048810.985	-741063.502	-1048724.768	2.5759
-752443.436	-1076156.027	-750593.342	-1076454.824	22.8196
-738154.158	-1062918.564	-735851.303	-1064178.222	48.2948
-812883.77	-1012420.54	-812873.32	-1012034.53	4.2909
-732840.55	-1019601.95	-733915.5	-1019343.063	16.3798
-806738.412	-1068728.082	-808771.898	-1069374.469	25.8084
-734764.112	-1045640.265	-734766.043	-1043710.238	40.8178
-825336.372	-1064370.67	-826617.415	-1064975.428	54.6142
-761892.92	-972790.19	-761882.31	-972778.63	0.4036
-713677.27	-1008804.24	-712793.96	-1009995.02	29.0928
-824335.17	-1076643.87	-823930.32	-1076414.79	5.5785
-683163.78	-1018221.69	-685366.11	-1014977.7	47.8418
-823979.73	-1021365.602	-823938.6	-1021455.54	1.1022
-824111.37	-1071479.55	-824242.78	-1071919.35	9.6257
-771129.77	-1013837.5	-775409.33	-1012503.54	54.1512
-663693.88	-1014805.29	-662744.92	-1014180.03	25.1417
-780793.557	-989314.909	-779200.26	-990148.94	21.242
-758157.58	-1033374.13	-758097.64	-1033403.64	1.3372
-648741.2	-1030486.44	-649468.97	-1031387.77	12.9153
-645952.536	-1042994.418	-645989.413	-1043086.399	2.1505
-738706.48	-1049145.221	-738730.478	-1049064.169	1.7156
-647953.556	-1063944.924	-647971.86	-1063967.988	0.8589
-732075.87	-1005296.73	-731469.808	-1006230.185	21.157
-744817.388	-1031217.957	-745130.41	-1030301.18	24.3648
-639794.232	-1031829.053	-640310.55	-1031771.38	8.705
-781754.44	-1063223.71	-781179.2	-1062387.13	20.6205
-859405.76	-1012005.62	-859419.45	-1012013.5	0.3612
-831257.801	-1066428.576	-830984.252	-1065332.792	13.9767
-737492.29	-1046651.8	-737336.209	-1046745.719	3.8732
-713269.49	-1028283.25	-713290.45	-1029306.03	13.8129
-701202.59	-1012387.6	-701391.16	-1012222.38	3.2051
-776241.58	-1030084.29	-772848.17	-1031515.65	29.5959
-762049.51	-1026217.24	-762111.172	-1026167.991	1.7026
-755096.69	-1017217.62	-755041.005	-1016854.325	7.3512
-845192.436	-1044716.941	-843305.65	-1042644.378	36.5687
-690427.58	-1056053.09	-690263.36	-1056070.48	1.8349
-802717.786	-1056064.686	-801209.974	-1056833.204	20.9216
-748223.85	-988263.016	-749047.29	-987905.98	10.5931
-876959.91	-1015765.98	-875221.39	-1015757.36	21.2005
-757885.401	-991724.861	-757882.5	-991091.75	7.4971
-844537.935	-1058693.552	-845737.637	-1059391.351	20.3552
-799432.633	-1001702.665	-799458.422	-1001714.616	0.3886
-693922.137	-1084612.263	-693617.036	-1085212.682	12.1149
-789054.08	-1013997.06	-792004.99	-1012400.74	41.1363
-696701.07	-994294.03	-696636.6	-994249.17	0.8733
-699459.57	-1038695.07	-697829.1	-1037717.32	28.098
-764891.389	-975526.452	-765059.6	-974782.79	8.6685
-689519.15	-1046326.769	-688718.603	-1043774.139	30.7953
-835231.406	-1039871.309	-833713.936	-1039020.694	23.2692
-728805.03	-1039018.55	-728843.855	-1039330.22	6.3609
-757373.21	-1040388.77	-757596.625	-1040210.5	5.95
-752279.89	-1043061.71	-752335.49	-1043007.45	1.5549
-820396.702	-1012136.434	-819918.122	-1008593.736	53.6991
-787761.3	-1006940.55	-787739.253	-1006851.018	1.0284
-844142.467	-1066285.323	-846047.345	-1066714.436	22.2899
-762038.22	-973337.892	-762740.32	-973602.78	16.5755
-677505.54	-1057711.0	-677387.567	-1057538.417	6.0458
-706685.6	-1037092.63	-706759.61	-1036013.73	13.2986
-680779.96	-1046931.63	-680447.44	-1045990.77	14.4924
-796303.62	-1037484.85	-795739.55	-1037356.85	7.019
-664687.413	-1089591.815	-665793.867	-1091448.356	28.5665
-667943.849	-1059113.16	-666384.15	-1058993.096	17.6078
-767684.069	-1045925.507	-767759.019	-1045524.815	8.773
-767063.123	-980589.59	-767069.968	-980582.558	0.109
-741692.335	-1033085.037	-739381.44	-1034615.21	38.5354
-651407.68	-1046722.97	-651145.588	-1045325.774	15.9637
-759256.31	-1047754.756	-759284.026	-1047928.139	4.05
-774178.584	-1032863.322	-774158.39	-1032853.55	0.619
-825231.354	-998609.884	-827140.58	-1001144.76	62.6516
-740785.3	-970692.25	-742207.66	-971373.38	26.4354
-769598.02	-1020036.67	-767938.33	-1019675.92	21.1541
-766483.586	-982856.956	-767159.847	-981022.984	15.9591
-720785.16	-1016735.96	-720032.57	-1016718.64	8.3648
-757404.5	-1048501.98	-757549.968	-1049067.836	12.1579
-747983.512	-984649.72	-748228.245	-984805.298	3.2827
-642228.31	-1028441.14	-642344.92	-1030653.09	28.9581
-641536.53	-1036240.3	-641656.13	-1036998.19	16.2736
-802394.538	-986811.308	-802665.56	-986793.53	3.0194
-713721.63	-1023784.7	-713662.754	-1023813.781	0.7296
-774654.557	-988981.697	-773753.99	-990806.97	26.3229
-767289.523	-1030419.662	-765373.3	-1031314.94	38.9129
-731110.039	-1075403.317	-730634.055	-1076690.313	15.8813
-764436.4	-977167.332	-764348.989	-977294.751	3.4918
-800161.702	-1023518.787	-800168.47	-1023525.4	0.1164
-827131.62	-1039311.71	-826273.015	-1039690.663	11.4129
-759160.487	-993225.74	-758683.014	-992295.674	12.3218
-734107.555	-983034.011	-732274.605	-983184.859	23.4949
-725596.87	-1048814.21	-725693.65	-1048762.59	2.3027
-788981.45	-1005130.06	-785017.657	-1004174.603	53.8222
-751970.65	-1038533.5	-751991.82	-1038509.22	0.8686
-765921.79	-990097.51	-765555.283	-989751.387	6.1718
-690803.052	-1065148.176	-691133.201	-1066124.921	11.9602
-712770.01	-1027092.35	-713269.49	-1028283.25	15.2265
-802127.752	-1008368.964	-804764.793	-1009088.787	35.8621
-664095.85	-1018703.97	-663359.46	-1018151.53	10.5864
-657068.638	-1061265.033	-656123.371	-1061794.799	12.0403
-711838.68	-1041659.91	-705427.24	-1044468.27	55.1142
-751335.55	-1025384.98	-751477.25	-1025474.99	2.7576
-672288.651	-1079657.96	-672177.473	-1080155.063	5.66
-790474.46	-1026767.65	-791412.01	-1026696.42	10.4475
-797380.64	-1068995.27	-808153.22	-1071282.18	89.0729
-712801.03	-1078872.18	-717320.02	-1074418.83	52.0198
-782395.67	-1066785.34	-783093.52	-1067530.6	11.674
-690263.36	-1056070.48	-690428.86	-1055963.47	2.2039
-643596.482	-1045856.711	-643557.271	-1045951.086	2.3965
-695271.118	-1026511.729	-695735.76	-1026015.665	10.2185
-669312.259	-1016992.142	-669539.228	-1017678.899	8.6191
-748079.4	-1036770.72	-748103.01	-1035830.68	10.5454
-653039.41	-1067906.69	-651464.06	-1069077.527	22.7855
-723878.43	-1036574.34	-727727.2	-1040446.25	43.3753
-787766.2	-1033212.73	-785885.74	-1031657.91	30.314
-758324.992	-1040666.032	-758333.318	-1040644.002	0.5778
-863459.709	-1029550.184	-862971.997	-1029304.174	7.7312
-730886.13	-1045286.84	-730532.79	-1045370.4	4.0441
-753059.5	-1037273.11	-753162.621	-1037241.517	2.508
-750386.47	-1031592.81	-750067.87	-1029770.46	21.5717
-856641.138	-1042678.189	-857202.56	-1043599.95	13.7661
-682106.05	-1000197.06	-683860.022	-1002954.881	111.2799
-773902.9	-997205.3	-773932.95	-996987.53	4.4111
-889229.403	-1015636.114	-889453.857	-1014761.091	10.0377
-710920.88	-999919.92	-709961.951	-1000727.635	14.9619
-774165.979	-1032839.506	-774185.228	-1032849.771	0.5916
-842537.83	-992099.058	-842289.641	-991938.875	3.3937
-717029.302	-1073941.21	-714181.98	-1073425.977	38.2804
-763794.948	-1040182.246	-764193.53	-1038106.57	25.6491
-792357.45	-1006464.49	-791555.94	-1006296.02	9.3567
-740215.99	-1079494.81	-744416.2	-1077545.95	59.4907
-727858.62	-1074147.72	-727896.4	-1074256.85	2.3097
-777582.191	-1081879.582	-777599.05	-1081865.48	0.5422
-736884.91	-1028307.24	-736492.71	-1028281.71	7.8928
-844110.592	-1005120.302	-844142.491	-1005285.144	1.8656
-707251.36	-1077892.46	-706198.54	-1077282.85	15.7431
-725759.39	-1048014.72	-725754.37	-1047964.009	1.0192
-782023.23	-1007416.47	-781999.68	-1007407.95	0.7233
-696412.493	-1063921.756	-695848.88	-1063391.09	9.6076
-751477.25	-1025474.99	-751493.688	-1025809.188	3.7289
-773379.95	-1082441.407	-772523.117	-1081971.363	124.4787
-797314.08	-1068968.18	-797242.374	-1068992.553	1.7099
-775439.69	-1043294.95	-778975.07	-1043223.18	74.8022
-849144.74	-1065966.23	-849281.083	-1065563.125	8.6788
-740009.513	-1048529.159	-740041.62	-1048597.98	1.9392
-773839.37	-1032477.27	-774508.13	-1029300.61	52.3787
-840495.22	-1001101.04	-838369.06	-1001460.2	27.9518
-716968.387	-978496.964	-713162.22	-977605.93	53.7132
-640652.89	-1029012.59	-639787.886	-1029258.536	14.2167
-868650.468	-1043225.142	-869300.93	-1043031.21	9.4348
-687696.8	-1010183.68	-687244.819	-1009882.046	11.3831
-824649.107	-1077065.239	-824424.66	-1076786.93	173.4714
-701776.229	-1012321.091	-701750.961	-1012322.66	0.5211
-797839.792	-1021276.945	-797323.691	-1021577.978	7.083
-745735.447	-977153.325	-744795.512	-975428.606	25.8359
-767507.91	-1078990.72	-769519.22	-1080204.5	26.7956
-864054.601	-1052240.451	-863918.227	-1051685.566	7.5018
-748538.162	-1024960.596	-748544.882	-1024940.17	0.7169
-667304.361	-1041101.153	-666295.02	-1041249.02	20.8421
-813336.061	-1072569.408	-813339.22	-1072490.63	0.876
-691966.805	-1064852.333	-691847.25	-1063408.12	16.5018
-812211.605	-1044382.774	-814934.646	-1044042.706	32.328
-780328.82	-979904.55	-779381.15	-979709.15	15.8008
-769518.938	-1054142.75	-770118.517	-1053941.916	29.6536
-648151.964	-1054522.278	-648749.4	-1054639.83	7.673
-682113.01	-996984.028	-681402.836	-996373.122	11.385
-879869.627	-1020640.931	-880457.418	-1019613.337	13.9924
-789555.135	-1064020.58	-789557.904	-1063972.015	0.5406
-766845.368	-1037438.243	-766858.763	-1037423.041	0.5219
-664794.345	-1035907.611	-663771.536	-1036203.713	21.3204
-822685.42	-1024554.84	-823153.795	-1025080.218	9.1103
-659044.87	-1026072.16	-658804.05	-1025491.79	8.9462
-693563.782	-1034271.513	-693730.615	-1032430.836	27.2784
-712891.898	-982747.303	-717780.376	-980064.821	65.7472
-746740.18	-989425.29	-745060.155	-988699.985	21.2465
-741757.33	-1047020.69	-741842.018	-1047250.734	9.8802
-752328.935	-1043033.012	-752288.159	-1043073.247	1.1459
-640309.724	-1041728.531	-640898.56	-1041492.96	12.973
-797061.3	-1028774.628	-797114.443	-1028734.905	1.3328
-650914.341	-1085126.981	-649175.674	-1083114.173	37.9464
-778879.455	-981677.522	-778531.494	-981681.515	11.1917
-804444.718	-1038920.636	-809998.836	-1033109.54	130.0586
-679725.44	-1007082.48	-678232.017	-1006361.03	20.4088
-723759.896	-987216.172	-723695.477	-987199.538	1.3314
-643604.91	-1039469.98	-642606.26	-1037329.69	26.2437
-703583.63	-1089168.3	-703433.588	-1089277.166	2.2505
-658843.558	-1036421.033	-657729.773	-1036434.307	12.9593
-707251.36	-1077892.46	-708800.374	-1075110.976	51.5029
-820469.461	-1007315.819	-819639.065	-1007333.371	16.9981
-747362.12	-1023959.97	-747325.9	-1023919.35	1.3186
-658306.13	-1063995.3	-658424.33	-1064450.19	5.2892
-780578.77	-1062574.61	-781022.69	-1062431.11	11.6518
-824759.717	-1069691.343	-824369.557	-1069640.862	8.0374
-726241.65	-980397.73	-726392.56	-980215.84	4.8454
-716581.29	-1028241.72	-717024.88	-1028516.25	4.0179
-848599.913	-1010322.541	-848442.37	-1010351.507	3.2288
-804737.03	-1062302.394	-803947.883	-1061268.828	16.5564
-683386.861	-1034885.469	-683566.397	-1034493.712	4.7908
-700932.587	-1010576.171	-700948.227	-1010726.782	3.031
-689398.461	-1033181.24	-693730.615	-1032430.836	88.5212
-755694.86	-1025391.36	-757198.72	-1025175.29	17.0081
-859622.546	-1013029.012	-859584.221	-1013023.281	1.1221
-778531.494	-981681.515	-778150.952	-981922.887	10.6931
-760664.788	-1039529.696	-757993.91	-1037860.61	38.6041
-773868.5	-1048439.4	-773797.75	-1048215.04	4.7205
-764250.32	-1023773.75	-763636.11	-1023108.7	19.9825
-786921.49	-991263.0	-786898.14	-991274.68	0.2901
-655924.49	-1033728.83	-656218.933	-1033673.179	3.8876
-669523.053	-1091902.984	-669759.314	-1093268.536	19.5416
-771235.7	-1064736.98	-771035.44	-1064934.89	3.7742
-812896.76	-1013097.99	-812610.62	-1012827.58	5.3531
-865107.322	-1015804.24	-865301.54	-1016244.292	9.6932
-783550.27	-991778.68	-783344.28	-992083.03	6.2721
-831124.176	-1037368.061	-831484.068	-1037952.979	7.8605
-718816.05	-1080246.1	-717660.877	-1080102.827	14.3039
-699059.06	-1044114.19	-699225.47	-1045795.5	19.0164
-759622.695	-990240.968	-756970.51	-990925.64	33.3068
-758956.4	-1035015.73	-758309.37	-1034186.71	15.4987
-775538.857	-986019.904	-777842.114	-985595.75	28.1818
-752716.919	-1009641.85	-752753.485	-1009535.044	2.7981
-758973.93	-1039874.05	-757841.8	-1039899.77	9.0936
-696760.706	-1013421.934	-696827.82	-1012290.25	24.7569
-740600.709	-1070713.525	-738930.214	-1070969.271	23.6172
-760694.235	-976579.692	-760235.44	-976189.76	12.7544
-765605.87	-1025824.37	-764433.573	-1024042.286	27.036
-774306.54	-1039273.79	-771785.16	-1039028.54	30.0115
-867355.248	-1013000.322	-867483.791	-1012854.693	4.8556
-764413.7	-1043941.75	-766544.31	-1045271.07	32.0903
-840141.402	-1031858.768	-835900.88	-1032638.99	58.0754
-766564.93	-972272.11	-766626.437	-972314.671	0.8311
-764527.141	-1019209.479	-763026.768	-1018099.673	24.3537
-676991.84	-1056752.87	-678565.68	-1054345.3	32.9598
-836164.17	-1022988.813	-836642.303	-1026081.168	44.7178
-655124.918	-1068254.416	-654752.092	-1068261.201	4.4003
-787253.25	-1019605.16	-786279.05	-1018486.27	18.5368
-819950.948	-1074462.728	-819953.225	-1074481.211	0.4054
-850224.24	-1010661.535	-850337.604	-1010705.599	2.4378
-887873.551	-1019022.036	-887943.857	-1019216.675	2.3241
-740272.67	-1068698.72	-740370.9	-1068792.036	2.8081
-775924.651	-978539.38	-776022.78	-978391.97	3.593
-757866.583	-1040250.534	-757855.65	-1040223.969	0.6939
-740628.86	-1074654.03	-741446.68	-1074949.16	10.035
-790803.19	-1005131.05	-790265.88	-1005024.77	4.2398
-685181.368	-1066206.294	-685044.6	-1065769.01	9.2348
-724960.719	-1065516.106	-725021.263	-1065471.044	2.0047
-681215.231	-994266.449	-681240.77	-993505.54	10.794
-675241.22	-1000267.97	-674885.08	-1001016.38	11.7942
-655425.148	-1070143.698	-655042.068	-1068759.884	18.0
-813343.929	-1072387.496	-813320.04	-1072261.68	1.4602
-740035.91	-1048705.8	-740095.437	-1048765.803	5.4788
-689587.498	-1046417.111	-689787.748	-1046554.727	2.9136
-885481.877	-1015697.164	-884830.029	-1014703.753	22.557
-755071.627	-972993.598	-755091.9	-973220.77	2.6561
-784013.34	-988230.4	-784300.96	-988109.78	3.9017
-812613.446	-1005240.202	-812592.933	-1005045.049	2.1823
-672288.39	-1046316.36	-672068.23	-1045290.33	17.4585
-708340.625	-1014167.897	-707107.89	-1015925.36	42.6488
-717615.03	-1074166.97	-717534.646	-1074139.58	0.9551
-752253.935	-1043211.332	-752069.84	-1043174.12	3.7946
-804134.69	-996514.12	-803926.953	-996263.408	3.7699
-767372.422	-1024243.024	-767494.606	-1023226.062	11.5425
-691771.528	-1023419.177	-689532.0	-1025551.84	37.3638
-860758.589	-1054468.445	-860752.797	-1055011.592	6.7917
-661491.52	-1046295.0	-661634.62	-1045289.7	11.6086
-769022.858	-1065177.67	-770605.67	-1066032.74	23.56
-786445.15	-1042487.17	-790480.61	-1040594.07	54.2501
-805529.791	-990380.262	-806011.406	-989458.381	24.1035
-724969.71	-1067325.084	-725649.28	-1069064.77	21.3337
-731187.241	-1056627.94	-731485.306	-1056196.984	5.9397
-869154.819	-1038271.982	-870492.524	-1035159.228	42.6709
-645063.453	-1071395.993	-645035.518	-1071764.984	4.3029
-672579.95	-1062530.59	-674915.84	-1061397.35	29.8413
-802866.19	-998231.72	-804256.144	-996697.82	23.002
-754627.801	-1043168.476	-754540.55	-1042087.55	21.9183
-763174.39	-993076.53	-761165.56	-994823.376	21.4794
-822549.266	-1049264.447	-819714.003	-1048704.219	34.4836
-647483.293	-1054008.443	-645555.73	-1052928.7	20.5617
-724498.258	-1009402.075	-723472.047	-1009554.734	12.6061
-701896.658	-1058378.527	-699888.738	-1058195.5	31.9798
-674339.35	-1042416.56	-673546.85	-1042976.667	11.3033
-791609.69	-1007895.0	-791555.94	-1006296.02	18.7007
-740237.39	-1030261.3	-739755.26	-1030281.81	10.344
-721440.643	-1056896.976	-721454.452	-1056887.26	0.37
-648800.13	-1013239.62	-648731.631	-1013013.501	72.3532
-720704.68	-1050757.53	-719962.98	-1050499.82	9.732
-651380.482	-1069460.765	-649906.662	-1069949.529	17.4541
-736877.894	-1032374.731	-736772.874	-1032130.157	5.3474
-687693.614	-1057572.291	-687848.521	-1056929.249	14.3376
-784784.39	-1023650.31	-784289.56	-1025579.42	32.1
-652396.83	-1062308.24	-652491.095	-1062328.171	1.0709
-749703.59	-1051448.73	-749702.51	-1051274.86	3.4869
-818748.281	-1056974.29	-817678.144	-1054560.091	30.9537
-804085.47	-991997.42	-805024.92	-990252.48	25.3031
-709840.532	-1059128.884	-709629.64	-1058421.81	8.5553
-719549.768	-1051776.667	-720053.11	-1052878.23	14.9386
-859419.45	-1012013.5	-860534.036	-1012923.266	61.5232
-730145.688	-993169.063	-732770.34	-993991.07	40.3832
-807102.733	-1044347.395	-806165.628	-1044338.021	19.3037
-665985.665	-1014190.974	-665794.8	-1014294.06	2.4104
-697472.53	-1017427.37	-700047.39	-1016971.25	32.035
-690356.566	-1079498.692	-690542.42	-1081541.74	27.4359
-687353.344	-1004362.122	-687394.269	-1004382.516	0.5081
-770085.383	-988416.706	-767102.18	-989078.35	40.4878
-677687.25	-996269.53	-674878.64	-996275.35	51.1931
-860013.131	-1026158.307	-859299.634	-1026141.144	12.2673
-675361.237	-1049640.643	-677347.68	-1048432.16	28.4843
-753384.83	-1041809.36	-753447.75	-1041691.59	4.6852
-648879.304	-1057930.777	-649055.257	-1058143.084	8.2052
-766384.884	-1060137.681	-767245.15	-1059854.23	11.4595
-774972.65	-1033732.19	-774178.584	-1032863.322	13.2563
-665512.361	-1062368.242	-665214.845	-1063308.083	15.5955
-842349.978	-1046613.751	-842369.133	-1046673.381	0.6959
-829698.373	-1073153.348	-829239.63	-1074397.57	10.3449
-748079.4	-1036770.72	-747359.43	-1036333.52	17.1716
-685429.765	-987023.424	-685814.433	-987154.905	325.4918
-784995.338	-1007564.853	-784354.602	-1007709.4	5.064
-760052.26	-1029217.17	-762929.756	-1028472.199	39.5858
-740011.94	-1011514.41	-736379.617	-1013751.113	52.812
-704645.72	-1007854.94	-704847.721	-1008039.339	6.0254
-876337.987	-998291.201	-876163.857	-997949.568	4.2733
-689435.69	-1044244.64	-689070.72	-1043744.36	6.9805
-648804.6	-1029120.41	-648762.2	-1029133.73	0.4938
-739327.79	-1033613.66	-739356.313	-1033691.125	1.6818
-865107.322	-1015804.24	-865278.305	-1015964.147	4.986
-743387.82	-1016957.55	-741011.44	-1016680.83	28.7654
-644700.4	-1050094.82	-645478.566	-1049546.01	19.9738
-844751.554	-1064224.993	-847800.16	-1065492.66	47.2018
-759869.32	-1006681.27	-759269.75	-1006895.26	8.4093
-759329.17	-1055975.42	-759345.19	-1056031.723	1.1815
-676514.22	-1056253.98	-674462.4	-1055955.03	24.7636
-749522.02	-1004515.02	-748162.565	-1005349.258	33.1665
-745780.31	-982643.215	-745782.97	-982628.93	0.1993
-699977.91	-1071763.11	-699963.086	-1071719.372	0.9236
-759835.39	-1029274.97	-760052.26	-1029217.17	5.8644
-738855.642	-1048756.217	-738807.796	-1048949.172	5.077
-742304.79	-1027347.65	-742912.944	-1026773.713	16.765
-696561.63	-996196.47	-697590.28	-995685.43	18.2703
-779540.85	-972090.25	-779600.3	-972100.91	0.6711
-805026.8	-1019625.807	-806336.448	-1016737.023	53.6809
-701964.71	-1056572.05	-699514.43	-1057402.52	37.9244
-642347.908	-1024567.607	-642715.14	-1025985.37	19.5433
-687669.082	-1057604.876	-687693.614	-1057572.291	1.4589
-731318.491	-1081395.334	-730687.99	-1081563.35	7.4003
-702673.44	-997200.48	-704751.8	-996618.02	26.0923
-713993.34	-1063567.17	-714274.947	-1062350.567	16.2671
-738659.24	-985876.91	-739456.77	-984455.4	21.4628
-657273.806	-1003211.734	-660240.66	-1003312.06	80.6831
-644160.599	-1059706.294	-644185.343	-1059721.922	1.4271
-730862.52	-1043140.22	-730920.508	-1043034.826	2.4123
-665395.172	-1046191.379	-664103.73	-1045863.71	16.6287
-804764.793	-1009088.787	-804998.523	-1009348.06	4.7488
-703635.91	-1037363.33	-702967.37	-1037506.31	13.7851
-753922.75	-1045903.46	-753975.13	-1045790.96	14.4995
-686113.07	-989171.44	-686094.88	-989268.7	1.0995
-783644.43	-1014052.56	-783269.69	-1012154.03	22.7057
-659721.31	-1032357.81	-657536.88	-1031376.23	27.1401
-678311.67	-995246.51	-678247.19	-995262.6	0.7719
-738584.083	-1048691.147	-738647.803	-1048576.402	2.7361
-750585.66	-982197.15	-751081.699	-983234.876	13.6148
-733371.256	-1053884.618	-733891.89	-1053407.48	14.3368
-783623.3	-991692.49	-783550.27	-991778.68	1.3557
-659884.474	-1065080.258	-661510.83	-1064983.96	18.743
-757016.2	-1032067.97	-762049.51	-1026217.24	65.3799
-872090.564	-991735.472	-865689.492	-991806.891	110.9679
-674162.497	-1089510.348	-672313.35	-1089677.56	22.0161
-646345.149	-1062385.989	-646333.375	-1062376.067	0.3776
-717660.877	-1080102.827	-717887.556	-1079769.993	8.0971
-792625.32	-979606.04	-792596.012	-979641.183	0.7247
-696654.25	-1086644.32	-693922.137	-1084612.263	45.3703
-791846.26	-1069890.07	-791840.28	-1069934.22	0.8984
-712035.9	-1041732.29	-711838.68	-1041659.91	2.6055
-648218.351	-1064155.734	-648277.846	-1064324.543	3.591
-688233.261	-1086832.798	-689412.387	-1087492.913	16.3222
-785273.716	-1036927.343	-783587.85	-1031452.41	71.2696
-653666.516	-1024174.205	-653654.524	-1024225.887	1.0611
-740137.48	-1011440.94	-742265.16	-1013559.67	37.2313
-764527.141	-1019209.479	-764857.312	-1020603.85	18.7793
-782508.45	-1049591.91	-781677.917	-1049785.142	10.6262
-827545.17	-1070090.91	-829697.252	-1070349.003	24.494
-666452.53	-998977.14	-666097.53	-999186.01	11.6556
-825445.484	-995866.382	-822296.228	-994827.281	39.9693
-736143.428	-1010295.467	-736039.136	-1010015.649	5.9951
-784706.56	-1026266.96	-784622.64	-1025930.58	7.2184
-775553.045	-1033605.881	-775574.553	-1033623.234	0.6502
-644945.99	-1049785.66	-644939.06	-1049741.53	0.9072
-653299.13	-1023139.24	-653164.16	-1023179.49	2.9684
-770212.7	-1053784.19	-770210.38	-1053816.77	0.8202
-854740.22	-1011317.25	-854925.579	-1011335.927	3.9939
-703259.82	-1045208.71	-702392.08	-1045953.55	15.4944
-824671.62	-1061033.041	-824668.188	-1060950.97	1.6481
-861522.08	-1027500.9	-860013.131	-1026158.307	23.7645
-861926.052	-1054000.596	-861799.911	-1054303.145	5.2098
-800110.031	-1046514.29	-798894.516	-1045971.325	16.7126
-773823.199	-1056068.979	-773589.565	-1055806.896	7.0227
-712002.982	-1034390.585	-711242.04	-1034382.06	16.4155
-761950.31	-1041800.06	-762845.67	-1041021.22	14.4837
-738085.855	-1046751.762	-738090.59	-1046668.11	3.5052
-760254.55	-1018376.922	-760308.23	-1018604.28	2.6298
-751637.02	-1038034.94	-752225.81	-1036646.64	18.6803
-653033.816	-1077141.936	-653997.465	-1078928.095	33.1234
-662491.9	-1039150.784	-661988.42	-1039509.63	7.0122
-829963.059	-1073058.576	-829983.056	-1072969.188	1.3013
-845372.99	-1063113.76	-844761.51	-1063921.26	13.7603
-804946.338	-989020.174	-804924.075	-989096.845	2.5496
-848442.37	-1010351.507	-848523.626	-1010330.793	1.6859
-697604.62	-999528.62	-697658.14	-999543.02	1.1607
-706905.87	-1028430.1	-704198.73	-1030521.64	39.4356
-842743.14	-1009995.94	-844032.088	-1007884.776	34.7937
-705346.77	-1052287.05	-704605.586	-1052472.046	8.4881
-728572.896	-1056069.171	-728573.213	-1056053.118	0.3529
-712841.43	-982561.72	-711225.74	-979518.69	40.797
-779946.4	-1012986.89	-778688.11	-1011687.44	23.1602
-672345.041	-1046919.799	-672288.39	-1046316.36	11.7731
-794368.184	-1015294.909	-795607.24	-1018154.0	65.243
-688376.03	-1000484.46	-687667.211	-1000580.893	8.1257
-787980.79	-990434.66	-786921.49	-991263.0	16.3616
-733927.121	-1056517.774	-733400.347	-1056074.989	14.0588
-801945.574	-1007922.918	-801505.879	-1008101.374	11.333
-789495.16	-1019934.7	-788322.62	-1018466.92	24.0059
-868550.73	-1025322.24	-868712.059	-1021790.194	44.5686
-757211.063	-1037791.513	-756885.578	-1037955.246	12.7021
-838203.824	-999193.543	-836583.294	-999159.054	37.5883
-771474.379	-1001227.935	-772678.17	-999480.46	31.1255
-684413.066	-994587.854	-684461.282	-994562.374	1.1739
-658306.16	-1050447.947	-658701.88	-1049611.13	18.8949
-684470.02	-993800.9	-683724.11	-993007.49	22.349
-764258.19	-1033081.62	-763563.12	-1031604.49	23.5667
-652893.41	-1026318.93	-652273.806	-1026372.473	7.2513
-846637.22	-1002556.99	-843135.49	-1000536.953	66.7305
-675285.676	-1056729.511	-675054.525	-1056705.405	2.672
-727465.293	-1006781.635	-728996.04	-1005550.439	49.0079
-880263.144	-1007673.309	-880320.311	-1006223.434	18.5714
-810964.063	-1057350.887	-809621.157	-1053842.133	64.1447
-763638.895	-976417.956	-763628.32	-976556.84	3.7354
-739755.26	-1030281.81	-738145.34	-1030593.02	20.7093
-773974.94	-1077094.81	-774198.39	-1077281.62	5.9509
-764637.1	-1030011.46	-765373.3	-1031314.94	19.5558
-728301.83	-1039146.96	-728504.4	-1038825.74	8.4866
-830110.31	-1073052.819	-830082.597	-1073037.995	0.3601
-745018.289	-1060369.947	-746377.475	-1063377.128	46.0825
-749522.02	-1004515.02	-749525.97	-1004500.69	0.3745
-658843.14	-1062367.399	-661247.788	-1060001.457	50.579
-778211.76	-1058921.72	-778137.77	-1058760.2	2.1384
-791903.53	-991074.62	-791926.92	-991043.66	0.939
-756563.61	-990560.26	-756570.584	-990579.448	0.4924
-715796.757	-1040254.964	-715820.768	-1040249.342	0.6387
-743875.53	-1025696.44	-744322.67	-1025324.1	7.0435
-833794.117	-1072679.423	-833797.667	-1072485.553	2.1864
-741398.042	-1014878.314	-740567.913	-1014769.19	9.3033
-747540.75	-1019621.563	-747554.85	-1019566.23	0.6347
-725244.182	-978527.548	-725462.663	-978511.852	4.3838
-644165.523	-1059726.601	-644160.599	-1059706.294	0.5145
-700648.69	-1029373.56	-699845.446	-1030267.007	13.7157
-764548.0	-1023889.301	-764433.573	-1024042.286	3.8455
-775090.288	-1043059.483	-775439.69	-1043294.95	5.6448
-739048.14	-1033896.2	-739191.32	-1033635.28	5.9552
-760675.221	-1052259.156	-760651.171	-1053384.15	17.7824
-747299.88	-1028248.63	-747395.28	-1027586.476	7.8277
-832599.1	-1057956.73	-835407.871	-1058766.318	41.0879
-742706.84	-978617.51	-742420.28	-978651.65	5.8206
-864700.48	-1059564.14	-864909.972	-1059365.861	4.566
-665902.039	-1022897.606	-664512.06	-1020715.93	33.7822
-696152.46	-1045284.59	-696115.69	-1045320.03	0.5674
-739994.945	-1048588.533	-739293.69	-1047605.51	28.3422
-820036.979	-1026366.183	-819959.831	-1026300.162	3.3806
-863895.585	-1041876.362	-862885.436	-1042004.846	16.7198
-678565.68	-1054345.3	-675849.46	-1054214.26	36.8013
-808494.3	-991275.362	-808335.0	-991040.78	7.6115
-777701.42	-1060876.17	-778337.115	-1058982.337	23.016
-730642.02	-1024217.53	-729694.704	-1025204.159	30.4154
-718298.05	-1057596.86	-718092.222	-1057709.63	4.7291
-703348.626	-1076577.81	-702956.135	-1076208.755	6.006
-749390.03	-1020284.95	-747627.572	-1019790.469	35.3516
-735677.204	-1031198.34	-735668.52	-1031215.732	0.4574
-701739.26	-1008956.69	-698314.12	-1008460.98	45.1761
-806580.366	-1062053.822	-806535.56	-1061593.257	9.8727
-792631.3	-1002145.56	-793542.74	-999883.96	34.3161
-671011.67	-1048336.21	-670378.25	-1048213.313	12.3267
-727784.73	-1073939.35	-727858.62	-1074147.72	4.4218
-740537.23	-1069677.13	-740600.709	-1070713.525	17.0399
-757564.373	-1039753.091	-757548.021	-1039738.009	0.317
-819878.633	-1026225.081	-819884.348	-1026205.872	0.4926
-761435.475	-996574.575	-761466.601	-996551.08	0.4394
-733491.88	-1064878.34	-734262.605	-1065215.685	23.7473
-693704.61	-1044343.74	-693574.45	-1045192.32	32.2173
-642583.084	-1075093.771	-643005.177	-1076838.307	21.3151
-865264.7	-1006922.21	-861192.21	-1005818.49	49.5335
-664626.215	-1052690.262	-664659.973	-1053339.834	7.3938
-721751.87	-992468.98	-719811.36	-993031.51	29.4981
-720744.89	-1017999.41	-719458.421	-1019071.828	27.5188
-785318.801	-978173.796	-784870.45	-977006.62	16.1064
-771921.115	-1041128.653	-771785.16	-1039028.54	29.5295
-664878.977	-1059238.198	-665591.971	-1060245.276	16.0119
-824103.65	-1075094.96	-824112.13	-1074957.2	2.7604
-755763.53	-1034878.28	-756553.69	-1034846.22	9.5354
-802655.752	-986806.555	-802627.311	-986851.019	0.9553
-887831.657	-1019223.541	-887878.164	-1019149.612	2.3424
-875862.03	-1021140.17	-876112.84	-1021128.58	2.7904
-799499.894	-1069937.277	-802663.404	-1071055.267	38.316
-673016.767	-1047473.554	-673780.16	-1046991.36	28.1679
-758585.865	-1058784.774	-757140.049	-1059498.17	20.2774
-643467.953	-1062808.251	-643740.101	-1062714.823	5.7564
-728591.498	-1056076.54	-729042.743	-1056568.722	7.519
-767159.847	-981022.984	-767078.49	-980952.572	1.2395
-786504.24	-985626.52	-784013.34	-988230.4	49.1068
-672257.813	-1089760.551	-672247.067	-1089901.6	2.8324
-741663.03	-1042064.37	-741322.22	-1041999.96	7.0511
-808586.509	-1021248.665	-809115.507	-1021031.276	7.5194
-640478.578	-1043279.784	-640041.2	-1044758.34	31.439
-672432.67	-1063550.16	-673757.12	-1065065.67	25.0421
-639989.465	-1068443.161	-640719.926	-1069143.105	12.0687
-642784.249	-1071121.019	-642893.841	-1071604.898	10.2322
-733927.121	-1056517.774	-733956.33	-1056531.734	0.833
-734995.56	-1025187.18	-734591.1	-1022240.55	33.1019
-772541.83	-980125.34	-772480.194	-979481.156	7.8355
-842288.806	-991923.967	-842537.83	-992099.058	3.4722
-859240.91	-1037850.75	-855530.25	-1036701.857	85.993
-733678.335	-1015348.638	-733649.399	-1015348.684	0.7114
-718378.04	-1017929.97	-718316.58	-1019140.73	32.1569
-648522.29	-1048170.92	-648237.49	-1048240.12	3.4015
-674014.12	-1047280.44	-674679.59	-1048054.11	11.6018
-746987.53	-995071.76	-748497.66	-993196.31	33.5072
-772734.437	-1055317.123	-772072.604	-1055109.476	13.9672
-724042.189	-1042852.331	-724027.637	-1042840.928	0.4721
-645066.18	-1061855.84	-645901.135	-1061451.155	18.8412
-752939.66	-1019805.72	-753040.459	-1019526.941	6.1469
-770317.013	-1053596.458	-772370.063	-1054697.184	27.2269
-653679.07	-1024120.953	-653666.516	-1024174.205	1.0942
-829800.781	-1072833.673	-828956.99	-1072259.026	11.3939
-798613.63	-1020661.06	-799422.03	-1018359.27	66.3868
-715796.757	-1040254.964	-714240.58	-1040116.44	18.0855
-650589.631	-1078457.129	-651945.4	-1078839.629	16.3984
-701015.15	-997671.7	-699748.77	-997757.04	15.7822
-736125.971	-1057023.562	-737585.966	-1057622.357	18.9722
-670303.75	-1014305.27	-668632.14	-1015097.96	21.4411
-689416.53	-1041345.84	-690988.11	-1040220.55	24.3386
-648561.92	-1095210.25	-650826.289	-1093442.774	38.0717
-799769.16	-1026441.49	-801698.213	-1026307.738	21.4889
-847022.035	-1013573.709	-847951.238	-1010723.822	80.1646
-646916.449	-1057818.684	-647774.02	-1059233.54	19.6958
-812658.25	-1072236.5	-813718.777	-1072673.812	9.0272
-709951.15	-1050590.55	-709080.19	-1051104.7	11.2384
-766277.31	-1038549.28	-766796.12	-1037801.07	10.164
-693806.39	-995922.48	-694096.634	-996623.53	15.2376
-753922.75	-1045903.46	-754080.85	-1046117.36	5.3276
-781022.69	-1062431.11	-779991.27	-1060768.32	26.4659
-697633.81	-1063728.76	-697552.19	-1066062.58	27.692
-734520.128	-1012602.924	-734527.133	-1012633.693	0.7733
-869488.51	-1017847.787	-870106.383	-1018127.974	8.857
-730549.63	-1057384.57	-730701.69	-1057315.94	1.8537
-700323.46	-1005801.32	-700310.18	-1005653.43	1.7869
-866525.734	-1053699.208	-866204.489	-1052538.586	15.3646
-840195.47	-1031903.58	-838695.195	-1035629.537	55.1084
-805521.1	-990411.345	-805510.798	-990388.968	0.5977
-759224.355	-1068507.43	-759244.033	-1068497.749	0.2437
-848807.265	-1010205.507	-848739.752	-1010044.489	5.0064
-764814.858	-987645.533	-767026.934	-988599.297	30.9443
-688329.48	-1023091.54	-690976.164	-1022440.541	33.1128
-822158.563	-1069502.375	-822396.22	-1069384.95	5.3056
-740190.11	-1003507.66	-740158.762	-1003494.466	0.3899
-812896.76	-1013097.99	-812888.94	-1012511.32	6.6197
-694069.151	-1040314.036	-694182.92	-1040208.12	3.6028
-813598.366	-1066082.57	-815771.685	-1067602.218	30.6524
-725693.65	-1048762.59	-725773.61	-1048589.77	3.8338
-643543.881	-1062297.469	-643747.476	-1062699.874	9.6469
-644939.06	-1049741.53	-644951.37	-1049697.6	0.928
-692939.02	-990204.98	-691755.48	-989824.26	18.7079
-679486.459	-1043293.085	-679258.65	-1041636.42	20.2007
-795219.54	-1011981.77	-795237.549	-1012020.629	0.4841
-706833.082	-1051923.937	-705346.77	-1052287.05	17.0008
-817904.49	-1002212.89	-815260.939	-1001669.498	34.9693
-764426.058	-977139.381	-764086.605	-977019.472	8.3229
-805540.33	-989168.23	-805580.55	-989185.89	1.9041
-719857.435	-1084645.331	-717824.84	-1083021.34	35.7184
-770259.89	-1018648.16	-769598.02	-1020036.67	20.2924
-749465.23	-1050122.22	-749742.1	-1050014.13	4.3263
-680026.004	-1086237.334	-680357.0	-1083620.75	39.2168
-702967.37	-1037506.31	-701544.95	-1038146.17	17.5009
-772551.76	-997799.62	-773932.95	-996987.53	28.4136
-842446.245	-1001920.005	-840495.22	-1001101.04	24.4957
-763051.01	-1010558.8	-762972.68	-1010383.12	2.2096
-738660.45	-1001178.32	-736715.438	-999326.162	33.2463
-814570.55	-1070242.4	-813780.37	-1071218.9	14.7639
-787928.47	-977004.18	-787458.04	-976936.43	5.2878
-686053.85	-993238.91	-686232.83	-993436.49	26.4406
-810719.239	-1064866.097	-811922.17	-1065456.546	24.2333
-750699.369	-993068.138	-750636.83	-992905.25	3.4897
-665026.707	-1061746.48	-665512.361	-1062368.242	10.3848
-738778.9	-1032624.5	-740013.875	-1032677.758	14.4078
-670302.753	-1047033.774	-668266.098	-1045163.806	32.3108
-724831.883	-1065115.588	-724372.57	-1065211.67	10.5641
-673551.919	-1051826.761	-673145.17	-1051190.82	8.5912
-819969.08	-998246.88	-821252.392	-996441.12	27.3072
-721949.012	-1059070.728	-725145.027	-1060895.97	51.7594
-707454.24	-1021457.44	-707385.36	-1021461.53	1.6571
-656675.335	-1070374.031	-657595.4	-1071887.45	20.8294
-787163.7	-989120.96	-787090.31	-989195.54	2.1013
-705261.63	-1044465.61	-705583.77	-1044359.47	5.31
-722600.52	-1050767.77	-721396.0	-1052860.8	33.2834
-677687.25	-996269.53	-678247.19	-995262.6	13.1362
-826550.943	-1061782.575	-828344.886	-1060176.523	31.1795
-826558.4	-1025562.106	-826207.223	-1025611.665	2.8
-749471.42	-1026367.62	-749809.887	-1025988.112	11.8669
-740880.85	-1048875.87	-740252.159	-1048828.77	13.289
-738145.34	-1030593.02	-736914.79	-1030879.55	27.541
-839748.459	-1074640.306	-839424.901	-1075430.39	10.0125
-740649.04	-1040932.12	-740981.82	-1040767.63	7.8671
-743809.013	-1038461.768	-743808.587	-1038480.382	0.5448
-748267.22	-1058020.13	-748323.25	-1058021.77	0.7581
-733690.027	-1053341.801	-733650.642	-1053310.708	2.2814
-770502.676	-1069954.578	-765579.51	-1074243.31	86.0829
-704508.11	-1057325.301	-703931.569	-1057508.405	15.5332
-817251.698	-1072627.624	-817267.198	-1072637.414	0.4698
-770078.492	-995111.435	-769214.1	-993589.54	21.5009
-725699.807	-1069669.236	-725612.025	-1069674.855	1.9149
-656933.304	-1077510.975	-655740.759	-1079064.003	22.8703
-780328.82	-979904.55	-779922.456	-980230.417	5.9987
-710766.209	-1070158.688	-710545.48	-1069947.576	36.1642
-690263.36	-1056070.48	-688957.83	-1056736.91	17.5005
-813343.929	-1072387.496	-813718.777	-1072673.812	5.2697
-708212.788	-1085402.243	-708393.03	-1085245.969	3.2691
-766189.5	-1076373.07	-772310.27	-1081676.44	65.6324
-662554.79	-1022817.848	-662153.77	-1022912.68	4.6179
-714992.26	-1064696.34	-713993.34	-1063567.17	18.145
-776525.65	-975733.18	-776481.04	-975542.86	5.42
-823868.38	-1013022.22	-824394.555	-1013845.961	14.0452
-718188.94	-1031888.47	-717993.595	-1033135.318	14.0245
-752759.25	-1037250.66	-752930.2	-1037432.22	5.788
-760815.72	-976474.535	-760837.709	-976497.676	0.7267
-640719.926	-1069143.105	-639886.92	-1069374.095	15.1615
-864299.585	-1043361.079	-864330.796	-1043368.391	0.3562
-724303.808	-1063006.377	-722713.49	-1064471.921	26.6861
-821832.261	-1069947.466	-820611.661	-1069858.811	24.9619
-666179.303	-1087368.634	-666976.85	-1084987.33	34.9723
-855562.12	-1009290.98	-854887.4	-1011083.73	27.0687
-784700.689	-1007690.017	-784697.145	-1007708.705	0.2337
-787970.43	-1063151.69	-787590.19	-1062308.66	19.6262
-708596.11	-1049854.13	-708564.782	-1048502.058	16.0697
-798366.93	-999644.1	-798425.685	-999791.675	1.8083
-792232.22	-1046092.91	-791408.81	-1045872.74	9.5425
-767014.699	-983745.344	-765863.485	-983721.005	14.4665
-858749.02	-1009317.91	-861061.81	-1008985.666	32.9651
-696604.529	-1081439.528	-695521.784	-1081674.409	13.1832
-754070.889	-1046354.239	-754124.329	-1046418.054	2.034
-737630.74	-984117.39	-736684.973	-985093.694	16.1336
-817287.37	-1070532.94	-817346.88	-1070461.227	1.1736
-725845.5	-1038792.9	-726016.3	-1037837.02	11.4777
-671462.93	-994729.683	-671452.788	-994742.089	0.3416
-707983.12	-1065331.4	-707013.649	-1066206.357	15.5424
-783934.565	-977004.164	-784870.45	-977006.62	20.4681
-706480.287	-1083116.055	-705224.412	-1082573.949	15.6684
-649047.638	-1047670.39	-648357.04	-1047628.54	7.7777
-889507.769	-1016414.484	-888826.21	-1016921.504	19.1892
-731057.466	-1050887.188	-727294.932	-1054418.92	64.0081
-659267.448	-1021680.819	-658912.297	-1021936.138	10.3559
-819264.862	-1075594.778	-819281.972	-1075718.149	2.5889
-762800.511	-973664.528	-762740.32	-973602.78	2.967
-773249.142	-978438.85	-773237.107	-978438.398	0.2575
-852941.13	-1003389.92	-850259.53	-1002106.96	39.4455
-703355.628	-1047922.307	-704737.523	-1048621.589	21.2243
-787615.208	-989710.969	-787424.51	-989781.65	5.2365
-641294.357	-1074313.305	-641307.625	-1073543.848	9.5429
-690459.05	-1018887.38	-690397.806	-1020396.222	18.8598
-676418.41	-999892.37	-675241.22	-1000267.97	16.3088
-744530.99	-1048990.456	-744457.86	-1048976.82	1.6892
-727397.58	-1033927.5	-724852.45	-1034098.14	29.2239
-689576.86	-994911.26	-686915.85	-993725.67	22.7243
-708524.63	-1046732.8	-707509.96	-1045530.05	18.1584
-675640.02	-1070644.17	-675298.665	-1071534.53	11.0349
-740185.497	-1055522.067	-740126.039	-1055086.99	23.2403
-809128.779	-1074842.045	-807261.441	-1077681.501	68.9739
-825412.87	-1058791.226	-826137.341	-1057679.481	17.4358
-748055.993	-984815.748	-748228.245	-984805.298	1.9325
-655730.76	-1022583.71	-656153.82	-1021977.87	8.6142
-745964.069	-1053779.076	-745951.264	-1053740.124	0.8222
-753877.82	-1066653.36	-752258.777	-1068963.017	44.3422
-760789.082	-981676.851	-760499.83	-982699.16	12.7812
-651162.811	-1092883.23	-651799.729	-1090349.683	32.7209
-819693.42	-1074553.76	-819732.27	-1074394.07	3.6803
-660641.29	-1076203.42	-660136.76	-1076192.93	10.7828
-743525.683	-1024934.562	-743547.913	-1024927.2	0.5745
-757583.917	-1052823.372	-758171.547	-1053690.762	13.201
-759716.49	-970904.67	-759887.37	-972841.89	27.5591
-668447.737	-1026624.005	-668596.42	-1026512.986	2.1458
-691534.38	-1027957.92	-689380.018	-1029127.238	31.4108
-737250.813	-1035813.563	-737490.74	-1035633.23	6.0092
-829965.826	-1060342.269	-829788.412	-1060553.525	3.0702
-779356.136	-988610.229	-779121.43	-989023.46	6.0892
-760586.316	-1021465.402	-761076.54	-1020198.18	15.7607
-779918.002	-983002.261	-779881.856	-982902.461	1.5294
-780799.07	-998071.35	-780287.5	-995623.64	34.2474
-816857.025	-1037346.024	-817594.573	-1036995.655	20.8951
-645244.928	-1060424.71	-644185.343	-1059721.922	25.5417
-754124.329	-1046418.054	-754294.301	-1046395.686	3.4304
-743918.15	-1021441.07	-743779.81	-1021375.72	1.8453
-779922.456	-980230.417	-779381.15	-979709.15	9.8589
-811094.85	-992035.86	-810863.52	-992009.87	2.64
-774118.63	-1065131.66	-773836.33	-1065074.73	5.8161
-681644.438	-1064569.375	-681376.088	-1064537.425	5.4053
-687619.14	-1008415.69	-687171.65	-1008606.97	5.4293
-811490.408	-1036375.623	-811223.903	-1036708.357	5.1036
-876248.094	-1021616.472	-876236.391	-1021602.8	0.2229
-760736.63	-1031935.29	-759470.21	-1031669.35	15.5749
-753616.119	-1045385.081	-753727.9	-1045596.83	2.6799
-761019.6	-1062391.89	-762262.08	-1062353.09	16.8808
-822661.746	-1066512.685	-822200.559	-1065744.456	18.1937
-772010.09	-974008.95	-771589.277	-973799.939	5.2208
-764366.745	-1004081.947	-764623.63	-1001464.13	32.0991
-838923.649	-993377.246	-835716.726	-990384.662	77.7537
-859400.19	-1012778.21	-859427.814	-1012787.461	0.6842
-758956.4	-1035015.73	-760255.56	-1034967.11	14.8019
-683965.035	-1071510.03	-685086.342	-1072947.949	21.8824
-678978.25	-1073020.88	-681819.424	-1075513.693	44.7949
-704510.52	-1016457.09	-704080.94	-1018633.22	24.6549
-726561.98	-1072141.25	-726496.4	-1072033.33	2.6219
-742811.99	-976078.34	-741544.581	-976482.751	16.0904
-795673.01	-1028932.49	-795102.787	-1028956.598	11.9781
-806165.628	-1044338.021	-804849.234	-1045543.833	23.6172
-753040.459	-1019526.941	-752007.346	-1018911.755	14.0279
-668752.667	-1067421.221	-667043.204	-1067308.969	21.3419
-688769.71	-1008043.16	-687619.14	-1008415.69	15.5471
-858880.97	-1012255.26	-859395.01	-1012018.42	12.3165
-814788.862	-1065223.28	-813476.993	-1065953.547	21.1351
-800076.476	-1021913.816	-800161.702	-1023518.787	21.3243
-858316.24	-1008677.03	-857617.02	-1008873.03	14.5947
-737060.725	-1070363.495	-734125.148	-1068801.398	65.787
-738150.745	-1085874.268	-738253.96	-1085565.87	4.4351
-645475.79	-1042722.862	-645678.184	-1042706.549	4.0624
-735879.16	-989987.13	-736287.503	-989378.611	8.6991
-764234.519	-975925.19	-764454.035	-977118.755	15.0152
-739376.2	-1047664.69	-739456.84	-1047650.3	2.4867
-714409.72	-1045048.01	-714320.133	-1045224.548	2.222
-644328.519	-1038041.66	-644892.875	-1038839.148	7.6064
-648462.99	-1018258.48	-649246.15	-1014449.91	49.7331
-711054.399	-1025067.317	-711277.73	-1024644.39	10.4536
-741521.63	-1042009.24	-741507.759	-1041996.034	0.383
-831028.103	-1064975.89	-833176.461	-1061835.712	51.1884
-793349.32	-1072590.22	-793329.19	-1072623.79	0.4349
-738742.718	-1048731.333	-738774.46	-1048789.538	1.326
-682263.2	-1045314.88	-682386.51	-1045201.04	1.9459
-795889.11	-1075753.77	-795488.087	-1076319.696	8.4904
-701746.877	-1012354.194	-701654.7	-1012344.5	3.076
-741364.58	-1001918.11	-740559.251	-1001796.456	16.7515
-768538.32	-1082897.61	-767940.059	-1080699.253	29.6081
-655096.03	-1054199.71	-655189.404	-1051871.198	26.335
-761348.047	-1083662.227	-761333.416	-1083704.626	11202.4749
-805046.157	-988856.915	-805166.54	-988816.775	2.538
-765159.83	-1037765.08	-765174.24	-1037748.31	0.6625
-718653.77	-1004325.26	-719197.733	-1004911.061	8.9329
-719738.436	-1066678.565	-717942.7	-1065613.26	57.635
-783554.64	-1066015.71	-785537.256	-1068426.964	51.0901
-793187.14	-1052087.32	-791576.552	-1052055.955	34.6678
-803296.964	-1079135.312	-803608.21	-1077857.96	15.1537
-848703.204	-1010018.227	-848631.622	-1009970.503	1.7219
-686056.885	-993614.347	-686065.342	-993601.918	0.4108
-824983.948	-1067325.925	-824874.679	-1067330.845	2.8891
-756148.73	-993317.52	-756164.6	-993304.1	0.5086
-731834.33	-1029703.1	-730954.25	-1028290.05	19.0941
-688414.053	-1061323.311	-689233.07	-1061404.75	9.1471
-753494.85	-1045784.36	-753645.24	-1045631.4	3.1771
-733117.23	-1056173.189	-732788.99	-1056914.48	20.5126
-659467.018	-1008866.672	-659370.678	-1008787.28	2.5546
-781142.37	-1024346.29	-781818.55	-1022920.8	50.1608
-799321.21	-1056571.07	-797022.73	-1056600.4	39.7465
-689070.72	-1043744.36	-689389.55	-1041615.82	26.7845
-665628.1	-1030560.71	-665257.477	-1030252.494	10.1216
-771030.72	-982739.75	-771284.976	-982536.094	3.689
-845238.05	-1031751.382	-845230.462	-1031772.156	0.4423
-728821.533	-1061055.103	-728835.734	-1061059.869	0.1839
-762901.1	-1072249.81	-763306.519	-1072853.719	5.6953
-851262.609	-1068848.27	-850124.003	-1069427.642	17.5782
-772075.41	-980658.1	-771050.13	-979400.91	30.5609
-736667.864	-983719.336	-736662.005	-983697.37	0.5478
-660136.76	-1076192.93	-660054.538	-1076258.042	2.5195
-802503.633	-986813.347	-800155.86	-986999.15	26.174
-769681.56	-980106.11	-770761.02	-979548.54	11.1519
-775549.611	-1033649.768	-775531.069	-1033630.147	0.6286
-884923.621	-1017017.813	-883593.847	-1017580.316	17.6481
-747432.66	-989582.63	-746740.18	-989425.29	7.8924
-680625.78	-989592.65	-680409.556	-989585.247	3.2889
-702516.565	-1010261.375	-702320.32	-1009965.34	7.214
-854461.66	-1011514.51	-854389.39	-1011463.21	2.0243
-802646.786	-1001873.885	-802728.095	-1001775.969	1.7657
-774305.718	-1021278.4	-772252.958	-1022494.152	43.2505
-687136.67	-1063104.96	-686757.612	-1063015.078	5.1557
-752954.53	-1020913.44	-752939.66	-1019805.72	22.3365
-746255.238	-1054054.79	-746258.323	-1053932.187	12.3299
-755522.83	-1026223.0	-757717.93	-1027868.5	33.8836
-858578.479	-1008620.268	-858585.0	-1008652.824	1.4349
-656801.134	-1030373.695	-654803.713	-1030631.429	26.6593
-807285.49	-1049727.11	-805954.77	-1050242.381	16.6023
-734158.512	-1053815.078	-734169.2	-1053825.2	0.4593
-674341.034	-1057156.147	-674324.159	-1057175.819	0.743
-762669.225	-1039851.164	-763334.63	-1040409.66	28.521
-667480.93	-1001337.08	-667061.9	-1000843.75	8.218
-761057.6	-994731.297	-760994.984	-994698.074	0.7879
-770867.87	-1069625.34	-770855.944	-1069628.976	0.1385
-800201.947	-1016933.534	-801018.693	-1015691.9	17.6642
-704681.19	-1057271.49	-704508.11	-1057325.301	3.7292
-728506.95	-1073027.45	-726561.98	-1072141.25	25.1857
-807794.895	-1027397.361	-807838.519	-1027990.408	6.8474
-711034.162	-1025892.359	-710918.126	-1025929.913	2.816
-807540.755	-1025200.449	-807658.49	-1025137.54	1.5528
-725002.733	-1065593.652	-724960.719	-1065516.106	2.0501
-742587.308	-1046018.625	-742598.169	-1046020.775	0.2214
-704510.64	-1009921.67	-705461.23	-1010278.36	33.9073
-825818.437	-1025475.499	-825922.287	-1025476.985	1.154
-758683.014	-992295.674	-759610.273	-992559.043	20.3012
-736400.99	-999479.99	-735413.22	-997578.31	44.3255
-750680.81	-1076644.15	-750625.795	-1076596.379	0.833
-671373.9	-1036765.69	-669365.819	-1036227.712	28.4828
-734107.342	-1075541.778	-735898.12	-1075663.65	24.9332
-716176.26	-1010552.6	-712227.415	-1015535.067	90.2619
-818573.03	-999187.48	-819049.11	-999147.84	9.8784
-729182.59	-1029441.25	-727808.632	-1030578.645	19.9384
-749668.16	-1075819.72	-749577.765	-1073879.55	37.2443
-812888.94	-1012511.32	-812883.77	-1012420.54	1.0135
-819154.25	-1074883.36	-819693.42	-1074553.76	12.7095
-742076.679	-1057054.113	-742063.155	-1057057.881	0.3118
-849431.22	-1002496.71	-849442.97	-1002464.87	0.9686
-727029.82	-1054875.525	-727335.155	-1055066.018	7.2084
-869924.911	-1037581.435	-870010.123	-1037498.621	2.3765
-875917.834	-1018665.126	-874197.908	-1018506.375	32.9394
-763505.9	-1033868.07	-763339.8	-1034082.64	5.7102
-813432.107	-1071990.126	-813725.859	-1071652.505	8.9505
-740088.274	-1048662.678	-740263.048	-1048539.176	4.2912
-829024.303	-985564.954	-828983.675	-985529.775	0.6918
-703330.28	-1089018.46	-702989.2	-1089128.57	3.9891
-641685.442	-1075561.728	-641294.357	-1074313.305	15.1245
-825097.083	-1064708.498	-824075.44	-1066292.55	21.5311
-715946.22	-1057343.1	-715066.692	-1057435.978	9.9154
-818981.927	-1075199.379	-819154.25	-1074883.36	4.5299
-699475.68	-1000254.35	-699353.635	-999914.512	9.0266
-870636.715	-999067.61	-867678.05	-998459.66	46.9536
-797346.87	-1064462.71	-795679.997	-1064193.145	21.9653
-814806.03	-1011991.35	-816751.369	-1010628.466	52.7024
-721756.482	-1032562.996	-721976.964	-1032677.576	2.8887
-646819.494	-1068479.874	-646648.193	-1068574.051	2.172
-674573.09	-1067736.05	-673976.137	-1069265.756	18.5105
-753521.58	-1045244.16	-753503.25	-1044967.41	5.5932
-649575.23	-1031531.19	-649898.54	-1031791.11	4.6107
-727815.05	-1083942.25	-729935.223	-1083577.678	47.4273
-760452.39	-1052233.11	-760611.745	-1052040.79	4.3146
-869924.911	-1037581.435	-869916.774	-1037512.068	1.9551
-764947.994	-1011560.44	-764886.883	-1011569.505	0.7314
-807022.055	-996238.78	-802539.96	-998661.72	40.8071
-718092.222	-1057709.63	-716966.12	-1059997.85	62.7225
-769111.6	-1007999.37	-768260.833	-1007314.323	12.3004
-691979.36	-989142.98	-690753.69	-988616.63	22.0741
-693617.036	-1085212.682	-693471.355	-1086672.673	39.33
-771778.16	-1003400.94	-771139.03	-1003724.68	9.6533
-673780.16	-1046991.36	-674130.7	-1047102.27	7.8168
-693305.03	-1004407.28	-694177.33	-1002782.15	20.5752
-673863.231	-1030835.681	-673352.86	-1032759.32	25.4827
-673303.995	-1012046.221	-673103.375	-1012159.25	4.6058
-653812.476	-1023484.643	-653437.442	-1023375.294	7.8134
-690355.329	-995681.431	-690314.82	-995625.48	0.7676
-793857.24	-1066268.77	-794692.01	-1067810.067	19.8189
-847170.479	-1007441.499	-846072.799	-1007934.831	17.3365
-710920.578	-1035454.223	-711242.04	-1034382.06	23.9127
-813422.626	-1072143.35	-813320.04	-1072261.68	3.2034
-692480.86	-1046486.89	-692358.68	-1046574.8	1.8317
-677503.27	-996654.83	-680910.023	-998142.572	80.1953
-885481.877	-1015697.164	-885460.917	-1015775.731	0.911
-657774.214	-1064956.032	-657761.727	-1064862.846	1.0449
-646257.99	-1035696.78	-645953.826	-1035165.121	7.6418
-647875.307	-1027737.863	-648220.07	-1027573.9	9.0207
-689790.54	-1015301.08	-687384.526	-1016486.276	46.5162
-678419.702	-991168.547	-678624.99	-990974.629	5.901
-811223.903	-1036708.357	-810812.074	-1036876.588	5.1263
-696522.08	-1001091.07	-696674.938	-1001265.563	4.6398
-741735.77	-987581.701	-742927.19	-985833.76	24.9363
-704866.76	-1061699.46	-703392.676	-1059769.677	29.1618
-643499.44	-1034658.75	-641922.82	-1033394.04	25.4995
-857682.671	-1066757.76	-860889.384	-1066222.927	38.7412
-844281.09	-1007844.36	-844496.82	-1006056.77	30.8279
-744957.53	-1008093.73	-744236.42	-1009120.34	14.3164
-847289.002	-1070296.975	-847461.853	-1070382.288	2.3028
-712989.358	-1057493.433	-712627.804	-1058483.095	21.6126
-640946.109	-1062588.507	-639871.678	-1063200.061	18.8794
-874312.717	-1007284.93	-873415.431	-1004544.129	39.9843
-711292.841	-1012313.368	-711918.85	-1011810.7	8.9762
-677619.43	-1058850.1	-677505.54	-1057711.0	30.3227
-767138.17	-980622.421	-766953.473	-981111.047	12.0064
-746249.934	-999007.937	-745202.35	-996460.85	38.4753
-754771.353	-1047530.553	-754779.968	-1047520.095	0.3564
-756634.32	-999950.65	-757186.395	-999324.849	17.248
-741081.32	-1061607.38	-741460.669	-1058925.122	44.3749
-725860.458	-1083649.246	-724274.98	-1081959.74	36.2166
-765278.81	-985166.48	-765950.851	-985926.107	12.28
-728376.395	-1025974.213	-727802.84	-1023207.34	33.4838
-740189.09	-1055208.574	-739933.37	-1055698.36	14.3404
-822397.442	-1068849.655	-822523.291	-1068631.884	5.1406
-800110.031	-1046514.29	-800393.896	-1046174.13	5.1999
-668682.99	-1092390.839	-668640.97	-1092650.74	4.2215
-658011.731	-1080796.942	-657094.999	-1080603.56	11.2921
-687696.8	-1010183.68	-687771.26	-1010935.02	15.5434
-766913.952	-1052125.544	-768841.781	-1052658.302	22.8164
-733329.33	-1042060.1	-733405.4	-1042025.81	1.6688
-702320.32	-1009965.34	-702190.758	-1009785.457	4.4683
-789709.144	-1064199.061	-789574.91	-1064106.02	1.9546
-683038.65	-1012391.7	-681800.77	-1011449.95	24.1975
-749402.86	-1012697.61	-749552.75	-1012219.86	5.5636
-801758.959	-1048034.473	-804069.414	-1048124.188	38.5349
-737520.52	-1039020.19	-737699.125	-1039070.813	5.7383
-749112.72	-1053953.78	-750796.39	-1054270.21	24.3555
-711225.74	-979518.69	-710258.205	-978109.679	35.4732
-728238.84	-1027416.73	-728376.395	-1025974.213	16.1573
-794479.43	-1042272.98	-796386.26	-1042773.31	26.5389
-757206.81	-969692.0	-757309.065	-969631.656	6.1053
-787374.96	-1062889.98	-786314.85	-1063861.96	19.3583
-759094.45	-1068657.76	-756880.218	-1065422.555	32.2307
-751353.632	-1060553.196	-751262.25	-1060150.06	9.4373
-746258.323	-1053932.187	-746013.188	-1054135.162	6.3656
-659042.13	-1085714.88	-660644.73	-1082561.32	56.9765
-802871.193	-986653.772	-802860.579	-986687.947	1.2758
-690223.07	-997143.8	-690215.99	-997210.744	1.3541
-751459.03	-1041048.354	-751550.16	-1040812.85	5.3144
-773059.94	-1031306.33	-773146.172	-1031233.812	2.2535
-725001.818	-1067251.493	-724969.71	-1067325.084	1.8809
-873787.501	-1008866.41	-874032.452	-1008795.661	5.4158
-679247.175	-1087907.718	-680026.004	-1086237.334	25.2212
-672609.87	-1068687.87	-672661.78	-1068657.88	0.6663
-769396.62	-980211.07	-768945.24	-980157.05	4.1522
-723084.786	-984234.215	-726406.08	-983408.89	53.5275
-781250.658	-985708.254	-780519.769	-983807.611	42.4126
-863828.17	-1026295.33	-862138.977	-1025229.767	26.1812
-702142.2	-1009771.98	-702192.06	-1009742.2	2.1767
-644095.23	-1021816.32	-643453.965	-1020103.131	35.3858
-799287.83	-1001381.43	-802057.3	-999091.98	44.8395
-708112.032	-1070038.448	-708783.763	-1071503.143	21.8076
-806461.386	-1072628.937	-806461.312	-1072615.239	0.3316
-801122.233	-1042749.785	-800845.07	-1040057.81	35.718
-885102.897	-1016857.919	-884923.621	-1017017.813	2.8499
-779548.5	-1080217.57	-782291.96	-1079148.93	35.002
-825240.835	-1064319.423	-825097.083	-1064708.498	8.3116
-864362.282	-1016657.851	-865130.137	-1016067.314	11.7335
-731693.313	-1055903.791	-731557.09	-1056137.15	5.427
-642136.07	-1059290.71	-641830.694	-1058978.996	9.0055
-772075.41	-980658.1	-772332.79	-979864.87	12.0959
-696549.32	-1013687.83	-695212.53	-1017529.26	146.697
-815304.577	-1028287.612	-817960.152	-1028163.25	32.5281
-737154.375	-1038631.313	-736873.15	-1038074.36	12.5507
-697845.08	-1024251.81	-697320.24	-1023642.9	13.8687
-648566.084	-1065178.916	-647915.562	-1066970.75	39.8673
-821382.33	-1027097.97	-822878.48	-1028293.28	24.3876
-734081.86	-980868.34	-731701.37	-980759.98	28.3433
-708524.63	-1046732.8	-708095.34	-1046824.52	9.8102
-779507.38	-1077682.8	-782323.51	-1079136.2	57.1556
-776666.55	-975479.07	-776457.57	-975926.16	9.9015
-669109.184	-1010833.617	-668900.263	-1010304.089	6.328
-751454.25	-1041126.938	-744488.19	-1041311.68	141.971
-775167.6	-1015207.98	-774963.8	-1017368.62	45.9965
-784878.66	-1007574.2	-786539.735	-1007070.139	13.5984
-648327.05	-1036020.26	-645846.83	-1036798.13	31.4424
-787221.94	-989369.96	-787060.19	-989261.78	3.8965
-809822.205	-1004207.396	-809767.319	-1004181.139	0.7592
-791151.273	-987552.659	-790965.977	-987948.854	9.2119
-856042.08	-1020233.6	-857821.396	-1017685.681	38.3698
-697195.262	-1038979.307	-697904.966	-1041996.604	35.3072
-742129.808	-1080899.379	-745272.24	-1081404.02	37.592
-679399.801	-1079914.55	-679368.474	-1080256.883	4.0966
-751669.33	-1007020.21	-751695.64	-1006990.75	0.4527
-751860.75	-1007434.16	-751827.94	-1007443.5	0.3914
-763147.8	-1010545.38	-763051.01	-1010558.8	1.0963
-668332.53	-1025413.37	-668306.47	-1025376.41	0.9142
-671859.83	-999802.66	-670055.86	-1000818.7	24.1903
-657595.4	-1071887.45	-657418.496	-1072252.147	15.4068
-718430.87	-1007597.36	-718702.93	-1008044.22	7.6988
-658954.63	-1042252.27	-660036.46	-1041105.61	19.5396
-834017.16	-1072558.02	-840004.527	-1070667.351	54.8798
-643453.965	-1020103.131	-643393.56	-1020051.71	0.8933
-824027.093	-1021446.928	-825205.903	-1022313.492	23.3678
-745098.936	-1048384.833	-749450.96	-1050111.98	63.2045
-730477.06	-1043448.93	-730506.49	-1043283.22	1.2948
-711292.841	-1012313.368	-711131.66	-1011675.56	19.4185
-741552.15	-1064581.77	-742239.83	-1065297.46	11.406
-746585.71	-1053649.2	-749703.59	-1051448.73	36.762
-683582.63	-994793.68	-683211.26	-994632.66	8.1495
-714104.234	-1058377.424	-713461.529	-1057701.511	11.0995
-759592.03	-1029256.06	-759835.39	-1029274.97	4.9625
-779014.383	-981884.226	-778989.21	-981896.88	0.5635
-701519.75	-1012381.313	-701362.057	-1012418.346	3.2397
-788144.53	-1012423.94	-788459.966	-1013937.498	24.9595
-887784.316	-1012581.551	-889453.857	-1014761.091	36.5202
-766311.67	-980211.76	-766766.386	-980503.856	4.2067
-669365.819	-1036227.712	-668782.662	-1036107.387	6.673
-647866.94	-1037895.92	-646485.39	-1037826.33	20.6055
-644527.52	-1038188.014	-644574.533	-1038186.069	0.53
-847461.853	-1070382.288	-857573.863	-1066733.292	89.5979
-834476.86	-1034461.395	-835436.002	-1033713.723	13.7516
-757602.79	-971436.4	-757820.929	-971443.006	2.6537
-712793.96	-1009995.02	-711918.85	-1011810.7	25.3988
-740286.062	-1067041.588	-740886.277	-1067628.7	10.5578
-710944.524	-1025605.087	-710947.454	-1025580.954	0.8081
-773039.903	-1027849.428	-773101.66	-1027226.3	7.4206
-744769.542	-981619.002	-744994.012	-981390.69	6.2329
-727802.84	-1023207.34	-728209.958	-1022949.572	9.6723
-730634.055	-1076690.313	-730242.39	-1077387.21	9.063
-688277.3	-989840.08	-686974.19	-990374.36	19.1459
-649434.39	-1031417.11	-649575.23	-1031531.19	2.014
-741640.709	-1042597.162	-741506.63	-1042461.87	66.8231
-667768.771	-1055949.579	-665556.808	-1056922.381	29.239
-808621.52	-991377.83	-808471.63	-991328.41	7.7146
-778945.801	-1029679.128	-778803.67	-1029766.5	3.6469
-842414.62	-1068541.16	-842300.635	-1068760.687	3.0149
-758959.408	-996318.164	-756485.88	-996910.85	31.4215
-698814.062	-1012645.207	-698831.482	-1012630.365	0.3079
-753649.53	-976729.2	-753333.535	-979268.124	36.3732
-661522.78	-1043425.9	-661002.806	-1043241.153	6.8632
-785863.25	-1013207.41	-785849.91	-1013090.69	1.3886
-727373.78	-1001091.72	-727329.243	-1001120.375	0.5925
-761459.77	-1049754.57	-762550.42	-1050258.3	14.1234
-709859.31	-1013013.28	-709548.831	-1013318.313	5.3516
-756216.449	-1043874.105	-756259.96	-1043181.71	15.621
-881536.443	-1014161.893	-882642.087	-1015832.189	24.3769
-640361.277	-1057046.56	-640025.74	-1055326.843	19.4769
-693806.39	-995922.48	-694006.079	-995200.362	9.3153
-693818.89	-1055083.13	-691882.63	-1055588.49	22.2816
-650947.633	-1072394.133	-652212.116	-1071839.695	15.8021
-690988.11	-1040220.55	-690126.81	-1039073.55	16.8726
-795656.41	-1004109.75	-794506.51	-1004011.49	13.2645
-847235.691	-1007495.607	-848826.603	-1006137.521	25.6623
-776845.82	-1057733.48	-776968.747	-1057934.746	6.1151
-833891.103	-1071345.312	-833948.712	-1071199.905	16.0086
-686476.08	-990166.38	-686512.37	-990518.63	3.9363
-671795.61	-1060828.448	-669423.182	-1060972.228	28.0088
-887150.256	-1006146.517	-887155.508	-1006158.106	0.2948
-672120.642	-1089643.44	-671275.98	-1092124.2	30.0843
-791434.04	-1034401.32	-791767.762	-1034268.061	7.1944
-828657.82	-1075487.98	-829926.46	-1075626.49	14.4256
-700438.95	-1088340.9	-700441.78	-1088317.93	0.2787
-761729.69	-1057200.32	-759329.17	-1055975.42	65.2451
-819160.85	-1074892.36	-818876.91	-1074880.42	40.4173
-792028.132	-986651.745	-791823.188	-986770.938	5.0124
-697181.498	-1087404.295	-697605.124	-1088095.737	20.6875
-776022.78	-978391.97	-776164.42	-977575.59	17.0424
-682430.78	-1018853.25	-681529.022	-1022174.331	51.0177
-856995.99	-1007466.21	-856520.89	-1006898.548	15.9401
-752438.699	-1038144.74	-752145.81	-1038511.65	5.2173
-671795.61	-1060828.448	-673489.357	-1059464.553	38.5823
-684053.62	-1032015.32	-683820.559	-1032132.705	4.0474
-819069.756	-999150.362	-819049.11	-999147.84	0.4954
-644522.792	-1078228.107	-643295.63	-1079918.169	51.3713
-700885.09	-1064746.32	-701583.21	-1066071.1	19.5417
-854549.78	-1038901.8	-852656.05	-1038915.62	23.3705
-752483.391	-1077454.372	-753544.297	-1078888.772	22.2477
-688698.887	-1043756.642	-687528.37	-1043792.04	13.0281
-845669.45	-1007913.1	-845775.84	-1007964.6	1.3133
-753717.24	-1030695.05	-753336.78	-1029263.22	31.9275
-764623.63	-1001464.13	-762872.288	-999971.451	31.5407
-758024.031	-1040462.154	-757947.029	-1040305.397	3.555
-854281.48	-992394.52	-854712.44	-992471.85	8.7607
-730063.5	-1083120.83	-731000.5	-1084154.49	17.4441
-734378.01	-1013701.963	-734280.716	-1013780.281	2.5403
-803594.969	-1011418.323	-803671.697	-1011987.269	6.7468
-652077.08	-1016925.91	-651393.89	-1017218.95	8.2613
-721515.93	-1016968.04	-720785.16	-1016735.96	10.3595
-779039.88	-1014928.06	-779191.24	-1014972.48	1.8231
-801452.53	-1076304.46	-802769.264	-1075821.103	16.9309
-763429.67	-977100.61	-763754.5	-977158.688	6.6584
-704769.23	-1071747.73	-705005.65	-1072665.03	11.8648
-712046.546	-1006565.202	-712394.631	-1007056.945	12.3205
-751544.04	-1040573.99	-752070.68	-1038599.17	23.8269
-748374.24	-1028407.63	-748350.67	-1028308.63	1.1308
-710303.846	-1051630.394	-709849.16	-1052104.16	7.7362
-750021.242	-1005725.692	-750010.571	-1005717.902	0.2825
-791147.957	-1033581.961	-791139.94	-1033601.8	0.5375
-685366.11	-1014977.7	-684786.33	-1015128.74	7.091
-653645.72	-1010375.37	-653289.56	-1010452.73	8.3186
-874060.667	-995595.356	-876160.187	-992838.813	45.0506
-655915.64	-1010865.18	-655262.94	-1011065.55	7.7359
-817267.198	-1072637.414	-819336.57	-1071831.53	25.366
-659290.395	-1054466.073	-659564.47	-1054034.521	5.9164
-827877.321	-1041525.222	-828137.112	-1042932.596	16.6828
-778166.761	-980439.448	-777834.01	-980181.6	4.6774
-753550.831	-1045351.972	-753486.91	-1045306.78	0.9981
-749347.726	-1004401.908	-749350.147	-1004412.107	0.2929
-808223.01	-991554.91	-808214.44	-991501.83	1.7271
-719056.33	-1041002.22	-717595.02	-1042830.33	28.5359
-731697.787	-1086019.632	-731823.631	-1086799.071	9.1058
-670102.2	-996675.926	-671452.788	-994742.089	36.508
-701438.597	-1012158.402	-701568.13	-1012234.63	3.0503
-763277.081	-977146.599	-761907.571	-976770.73	28.8149
-757859.17	-971476.34	-757897.741	-971877.005	5.2685
-844061.86	-1004805.8	-843965.27	-1003002.31	32.3845
-681547.55	-1054896.15	-679172.1	-1053437.78	32.8079
-766442.505	-972340.414	-765938.858	-970332.9	120.2686
-859409.09	-1043331.37	-863519.187	-1044414.338	69.4468
-745795.512	-982630.319	-746750.122	-981687.967	16.6025
-698038.13	-1031923.59	-697822.59	-1034061.34	25.2065
-734699.83	-1045946.208	-731057.466	-1050887.188	69.501
-767180.05	-980595.401	-767241.0	-980439.39	2.1433
-678537.852	-989497.714	-678701.39	-989733.15	366.0286
-648762.2	-1029133.73	-647779.42	-1029670.83	13.8308
-755344.83	-1071368.742	-754847.44	-1070690.26	10.0923
-784379.863	-1006932.783	-784355.32	-1006965.74	0.5011
-746130.65	-999990.9	-746249.934	-999007.937	11.6973
-787208.275	-1066172.509	-788287.5	-1065353.53	23.3722
-754086.46	-996755.94	-753595.4	-994051.75	31.5211
-691963.5	-1070968.111	-688454.182	-1070263.786	46.5913
-819903.121	-1026210.436	-820237.415	-1025735.818	12.1486
-705605.06	-1036556.55	-703635.862	-1037189.932	23.9776
-767399.782	-1024261.277	-767372.422	-1024243.024	0.3654
-774310.46	-1006853.04	-773879.42	-1006095.68	9.9669
-723723.65	-1036423.04	-723878.43	-1036574.34	4.3296
-658812.188	-1094158.133	-656632.919	-1092332.619	39.7271
-794397.695	-1023702.711	-792498.23	-1026614.33	44.2041
-792004.99	-1012400.74	-793309.705	-1013657.208	22.4836
-832504.574	-1028511.063	-832911.048	-1027494.357	13.0621
-797706.25	-1070400.74	-797324.339	-1071693.987	17.4783
-679690.661	-1023594.594	-679069.798	-1023497.251	12.5693
-826213.02	-1052725.02	-827341.07	-1052243.08	15.709
-778126.39	-1049842.83	-777218.53	-1048643.03	30.8055
-854740.22	-1011317.25	-854800.89	-1011123.46	4.153
-766233.713	-972616.784	-766626.437	-972314.671	5.9787
-746339.26	-1055479.06	-746269.1	-1055406.65	2.8155
-844330.373	-1033732.859	-841667.02	-1034790.51	50.121
-825532.634	-1016158.117	-825723.42	-1016329.95	2.985
-727690.78	-1068634.18	-726648.74	-1068045.3	14.8503
-690475.514	-993524.549	-689507.87	-993288.37	11.2052
-795330.43	-1055353.6	-793331.332	-1053364.365	42.4187
-779356.136	-988610.229	-777842.114	-985595.75	40.517
-783086.29	-1007065.1	-783050.58	-1007080.54	0.7781
-772932.614	-1055580.24	-773333.358	-1056036.651	12.2612
-830057.621	-1024759.739	-830319.0	-1023231.16	19.843
-743808.587	-1038480.382	-743792.838	-1038469.445	0.5855
-821898.958	-1062434.179	-822102.87	-1063625.95	16.2713
-763397.24	-977099.53	-763419.86	-977081.8	0.8409
-776622.26	-1058346.08	-773187.92	-1058004.16	45.7631
-690377.59	-997946.71	-691574.05	-997582.71	15.1768
-844514.39	-1014430.18	-842791.18	-1011168.97	76.5986
-668686.058	-1026754.601	-668447.737	-1026624.005	3.1614
-770067.387	-1057302.856	-769365.932	-1057150.421	9.4541
-685241.56	-1009201.33	-684709.56	-1008697.17	8.2204
-770529.093	-1053950.334	-770329.688	-1053957.625	4.0745
-661439.501	-1059459.582	-658791.001	-1060312.349	31.452
-827434.463	-1067893.731	-828518.24	-1067452.957	13.0287
-684006.087	-995110.848	-683909.275	-995204.688	2.7229
-645490.003	-1023171.5	-645129.9	-1025038.52	23.5298
-882364.974	-1021867.773	-882622.57	-1021971.004	3.291
-731988.718	-1063624.377	-731328.11	-1065320.52	24.576
-778348.44	-1058916.35	-778337.115	-1058982.337	0.7598
-743164.59	-1026492.03	-743875.53	-1025696.44	12.2202
-692539.763	-1058560.784	-694090.198	-1059571.054	25.5628
-725347.879	-978456.084	-725279.685	-978455.469	2.2673
-857068.072	-1034191.237	-856287.79	-1033851.59	11.7102
-730916.04	-1057545.2	-730891.19	-1057518.92	0.4909
-770815.922	-979561.149	-770547.6	-979716.0	3.4427
-670733.3	-1045837.43	-670614.25	-1045185.875	8.2265
-763664.655	-1024288.954	-762389.33	-1024817.88	15.8687
-722062.83	-1058441.364	-721949.012	-1059070.728	13.3821
-693799.008	-985409.631	-693156.931	-984249.267	52.5106
-864577.617	-1039218.412	-863895.585	-1041876.362	44.8506
-679021.72	-1023490.794	-678869.3	-1023471.75	3.1378
-680325.31	-1045859.18	-675277.496	-1046282.022	62.624
-717846.36	-1002316.8	-717811.44	-1001502.344	15.1065
-821222.81	-1072426.52	-822047.0	-1072227.13	17.5912
-817507.47	-1070601.77	-817485.111	-1070669.022	0.9697
-680276.02	-1067212.39	-680107.004	-1067418.19	5.3264
-802773.366	-977149.587	-803916.314	-975935.411	22.4649
-707917.65	-1044556.38	-708489.08	-1041820.11	44.5072
-765183.32	-1037756.4	-765168.47	-1037772.7	0.6577
-740024.072	-1032667.759	-740152.75	-1030507.52	24.101
-880457.418	-1019613.337	-880246.238	-1019134.669	5.9062
-870321.99	-1018228.45	-870305.37	-1018279.86	0.6003
-799239.44	-973963.82	-799339.474	-973819.372	4.6794
-664351.125	-1047977.938	-664327.03	-1047880.92	1.5162
-641922.82	-1033394.04	-641391.58	-1033562.7	6.2501
-843694.07	-1002627.92	-843796.78	-1002800.22	4.0132
-736756.4	-1038537.2	-736753.35	-1038293.37	5.7508
-776968.747	-1057934.746	-777018.73	-1057926.76	1.0371
-887868.082	-1019945.383	-887892.627	-1019817.324	1.4506
-744416.2	-1077545.95	-746852.39	-1075754.27	40.2476
-811727.31	-1017339.867	-811732.45	-1017293.0	0.943
-835682.17	-1057889.6	-835477.14	-1057950.473	2.5511
-848703.204	-1010018.227	-848599.115	-1010014.034	2.2216
-653293.436	-1024341.269	-652788.52	-1024989.77	14.4374
-807377.17	-1078876.403	-807210.486	-1077866.641	106.0424
-777284.456	-996509.71	-775685.57	-995993.75	21.8474
-752209.276	-1038805.816	-751920.53	-1038841.4	7.396
-724861.717	-1064740.481	-724827.534	-1065091.835	16.5258
-778688.11	-1011687.44	-780229.26	-1009888.51	26.8701
-749612.02	-998037.06	-749725.905	-1000535.001	28.9601
-673875.25	-1014053.5	-672642.55	-1014807.25	17.7687
-720875.398	-1063968.73	-721028.2	-1065276.8	14.8275
-661510.83	-1064983.96	-662710.47	-1064560.79	14.8691
-732788.99	-1056914.48	-733915.431	-1056541.625	23.7447
-787709.5	-1006785.75	-787391.852	-1006496.439	5.3373
-672318.158	-1012604.435	-672110.66	-1011490.64	23.6173
-663394.55	-1018058.15	-663359.46	-1018151.53	1.1147
-761435.475	-996574.575	-761471.89	-996476.41	1.1634
-802761.633	-986688.835	-802843.522	-986670.819	1.7988
-663166.08	-1058879.59	-665026.707	-1061746.48	40.3362
-672725.33	-1007905.78	-672504.88	-1008570.86	7.7854
-771307.799	-1010415.405	-775534.44	-1012209.17	64.4988
-696916.247	-991912.948	-697451.938	-991365.813	26.3346
-799418.873	-1028890.233	-799989.731	-1028725.366	12.0126
-684840.14	-993780.57	-684613.46	-993964.07	5.9861
-749451.37	-1033883.77	-749519.933	-1033738.228	3.3041
-761091.792	-1000899.314	-760864.513	-1000583.034	4.7242
-887834.629	-1020295.463	-887868.082	-1019945.383	3.9089
-833871.032	-1033541.857	-833920.868	-1033591.514	0.8082
-728692.032	-1060906.438	-728821.533	-1061055.103	2.326
-817904.49	-1002212.89	-818542.134	-1001330.982	15.6198
-722238.804	-1041749.558	-722148.55	-1041869.95	10.6097
-649205.63	-1061116.033	-649180.66	-1061116.009	0.6324
-772186.4	-1069039.25	-770867.87	-1069625.34	16.5095
-712893.52	-982436.991	-713295.679	-978166.798	51.9586
-783093.52	-1067530.6	-783276.82	-1068232.67	19.3466
-660725.035	-1020574.153	-661677.75	-1019517.07	26.3324
-671371.183	-1047810.527	-671933.94	-1047172.02	13.2173
-867009.472	-1014018.47	-867018.375	-1013995.532	0.6212
-683503.31	-1066511.71	-683482.151	-1066506.534	0.4887
-837774.837	-994412.178	-837528.25	-994688.83	4.1182
-739747.415	-1081055.814	-739659.583	-1081234.351	4.1638
-817960.152	-1028163.25	-814454.41	-1025832.225	62.5836
-734833.8	-1053003.25	-734045.773	-1053350.17	17.2429
-742912.944	-1026773.713	-742907.985	-1026755.457	0.4689
-789709.144	-1064199.061	-789839.955	-1064168.588	2.1916
-768977.62	-1034588.88	-769100.28	-1034464.36	1.9619
-772487.21	-1006107.28	-772148.64	-1005443.07	8.5149
-671452.788	-994742.089	-671429.964	-994727.192	0.6853
-769163.84	-1004787.03	-769146.62	-1004870.94	1.0108
-669510.703	-1044432.663	-671719.93	-1041676.199	45.925
-740955.439	-1048852.577	-740947.378	-1048931.179	1.6724
-744457.86	-1048976.82	-744067.25	-1049103.77	9.2987
-711784.0	-1064749.93	-711393.28	-1065750.8	13.5936
-773348.35	-978281.86	-773690.064	-977974.951	9.2767
-813337.29	-1072126.97	-812660.89	-1072249.56	23.9062
-650963.85	-1089493.64	-651460.323	-1090112.656	10.6753
-753237.843	-981234.533	-752687.05	-982562.7	18.1265
-756029.13	-1036151.93	-756325.51	-1036183.84	6.3858
-644786.662	-1049401.287	-645008.33	-1049648.67	6.8462
-651397.732	-1057855.359	-651301.86	-1057897.46	2.1139
-754805.789	-981132.737	-754777.421	-980689.617	5.8008
-777297.98	-1013203.73	-779039.88	-1014928.06	30.271
-788859.04	-1062251.69	-788217.74	-1063335.14	21.5377
-721544.88	-1026313.21	-720584.34	-1026957.95	17.5227
-679435.957	-1037621.039	-678883.548	-1033468.819	55.7241
-821804.609	-1066679.277	-820566.613	-1067436.695	16.7288
-726703.865	-1086219.003	-725289.41	-1085667.7	18.5889
-649269.754	-1061986.387	-648184.802	-1063849.961	25.764
-759048.524	-1047938.092	-759026.545	-1047924.626	1.0833
-655865.063	-1048396.514	-655104.85	-1047159.706	31.3768
-815759.271	-1031571.235	-815722.086	-1031559.484	0.4597
-768249.083	-1007290.14	-766569.98	-1006757.01	19.86
-840433.73	-1018874.53	-839036.637	-1018937.763	15.8152
-788632.81	-979612.71	-789012.52	-981479.23	32.7181
-712117.51	-1071221.702	-710956.923	-1075870.449	93.0405
-760061.61	-1045933.24	-760199.36	-1045401.17	11.2806
-642862.219	-1071659.45	-642906.509	-1071913.977	5.6255
-684524.76	-993875.02	-684470.02	-993800.9	1.8435
-671637.894	-1028205.686	-668686.058	-1026754.601	39.0916
-665277.647	-1035791.801	-664834.165	-1035894.813	9.2213
-726644.58	-1011861.32	-727207.25	-1013923.12	25.5046
-778533.64	-996703.6	-777284.456	-996509.71	25.8392
-730328.32	-1041089.88	-731099.497	-1041271.31	6.0956
-692215.46	-998369.85	-692271.29	-998306.92	1.7767
-768913.823	-991587.479	-769898.37	-991447.69	11.1659
-700513.57	-1049666.632	-700205.53	-1049396.229	8.6794
-834368.509	-984071.789	-834379.642	-987116.702	37.4294
-671513.114	-994230.191	-671529.156	-994215.846	0.5369
-740469.115	-1063777.416	-740446.603	-1063779.451	0.6115
-758984.96	-1060306.05	-759651.247	-1059692.039	23.1907
-767978.65	-1046123.455	-767759.019	-1045524.815	15.8391
-696311.254	-1045338.548	-696152.46	-1045284.59	2.0475
-751869.49	-1007496.09	-751827.94	-1007443.5	0.8439
-724949.56	-1079714.09	-725756.82	-1080639.05	28.0934
-688460.23	-1057346.561	-687707.323	-1057595.839	16.548
-679845.96	-1010291.61	-679748.9	-1010316.53	1.115
-726406.08	-983408.89	-726336.23	-981775.91	18.5667
-820159.666	-1026203.015	-819959.831	-1026300.162	4.4589
-735845.84	-1031792.66	-735859.82	-1031839.76	0.9826
-698057.21	-1068369.48	-696105.69	-1068556.318	21.9359
-714141.655	-1058451.069	-714104.234	-1058377.424	0.9207
-824133.78	-1076090.16	-824204.8	-1076334.16	2.3136
-866877.057	-1038926.835	-869144.766	-1038281.722	45.1538
-811490.408	-1036375.623	-812219.241	-1036962.531	15.0065
-766165.82	-991342.19	-766624.0	-992178.92	15.1057
-680469.593	-1048668.601	-680697.38	-1050051.66	16.6619
-729538.036	-1058695.777	-728835.734	-1061059.869	56.6694
-834410.647	-1056690.533	-833691.9	-1057019.08	8.781
-685770.02	-1039929.89	-685239.92	-1038361.6	18.6241
-790958.663	-987876.982	-791120.757	-987839.057	5.2922
-775491.055	-988500.27	-774654.557	-988981.697	11.3034
-720584.34	-1026957.95	-720536.65	-1026893.42	0.8931
-672280.13	-1014291.26	-672388.42	-1014268.33	2.5648
-684561.603	-994651.643	-684501.01	-994670.16	1.2679
-701874.05	-1068123.94	-700619.652	-1070088.575	28.7545
-722762.63	-1039605.41	-722543.63	-1041395.05	20.7235
-683163.78	-1018221.69	-682468.58	-1018683.79	20.5981
-724274.98	-1081959.74	-723603.11	-1082662.2	10.8587
-808585.606	-991258.913	-809318.62	-991774.95	24.1592
-697691.297	-1074154.362	-697287.6	-1072560.2	21.7578
-648187.866	-1058462.408	-648316.398	-1058421.523	2.707
-686233.544	-986734.857	-685814.433	-987154.905	69.1959
-857821.396	-1017685.681	-858726.45	-1014810.57	42.2338
-783892.43	-1065270.8	-784199.89	-1065298.81	6.2428
-762182.323	-1026283.08	-762082.323	-1026352.017	2.7821
-712989.358	-1057493.433	-712180.97	-1055894.97	34.8685
-734814.96	-1045808.9	-734905.92	-1045834.99	1.8926
-729082.113	-1079284.231	-729458.7	-1079294.71	7.7375
-752512.984	-999850.382	-750766.055	-999807.791	21.3363
-646202.371	-1042722.936	-646065.072	-1042716.985	2.7486
-829353.772	-1063700.731	-828296.695	-1062804.135	15.5901
-707313.21	-1045782.24	-706426.48	-1046260.97	21.0824
-793254.17	-1060405.44	-793599.0	-1059065.25	16.7686
-724027.895	-1056719.96	-724124.816	-1055002.765	20.2359
-724834.911	-1066867.274	-724755.096	-1067022.753	4.0082
-733956.33	-1056531.734	-733936.866	-1056558.047	0.8627
-670217.063	-1047532.375	-670314.0	-1047546.5	1.1404
-864394.36	-1003404.61	-864774.35	-1003903.54	7.7469
-793617.229	-1013482.027	-794368.184	-1015294.909	33.413
-668010.81	-1059402.08	-667943.849	-1059113.16	5.9325
-698316.327	-1057860.241	-696713.71	-1058468.95	20.7995
-685239.92	-1038361.6	-683695.85	-1039039.86	23.0295
-721040.362	-1008710.019	-720921.3	-1011698.64	43.2461
-683855.99	-995313.98	-683530.17	-995952.62	16.2101
-836341.28	-1052408.963	-838827.113	-1054159.279	42.4891
-719510.87	-1030611.7	-719394.39	-1030514.14	1.1688
-642347.908	-1024567.607	-641514.061	-1025133.864	11.6644
-775900.9	-1024307.4	-772978.669	-1026497.713	42.2557
-792083.93	-1041155.31	-790480.61	-1040594.07	23.3894
-722238.651	-1041371.728	-722260.469	-1041371.975	0.3894
-739943.73	-986995.68	-738672.355	-985890.635	20.3427
-657349.62	-1014170.84	-656533.551	-1015712.533	21.1236
-848962.91	-1010196.535	-849099.645	-1010295.279	3.3737
-649184.804	-1019796.781	-649092.16	-1019581.26	4.8442
-813328.04	-1072109.909	-813304.15	-1072027.89	2.7117
-813304.15	-1072027.89	-813432.107	-1071990.126	2.8595
-684461.282	-994562.374	-684449.59	-994630.45	1.3817
-830987.48	-1056665.92	-829560.729	-1055503.286	29.76
-791151.273	-987552.659	-791139.186	-987833.018	5.6143
-760534.93	-1044665.63	-759754.722	-1044467.336	17.8115
-731430.45	-1042100.23	-731518.85	-1042053.79	2.1741
-741289.93	-1026954.677	-740777.512	-1027762.545	28.7259
-780539.67	-1031900.51	-780777.03	-1031469.54	11.1039
-775090.288	-1043059.483	-775083.88	-1043492.9	6.2489
-751809.984	-1007105.322	-751669.33	-1007020.21	5.4105
-712882.343	-1049711.431	-713077.96	-1050386.75	8.1095
-706035.183	-1064141.522	-706057.394	-1063749.005	4.4354
-762693.647	-984241.129	-760694.235	-976579.692	173.6462
-748350.67	-1028308.63	-748577.42	-1028355.95	2.648
-649587.99	-1028680.93	-649004.93	-1028340.18	8.0114
-753061.938	-983354.114	-752487.759	-983603.229	8.5042
-783879.003	-1065274.767	-783506.85	-1065494.96	19.5537
-745026.82	-1016248.9	-744064.938	-1015927.5	11.3638
-765908.844	-1020150.942	-764527.141	-1019209.479	22.0139
-674393.059	-1065501.458	-675859.917	-1064273.924	24.492
-641152.528	-1043280.12	-641872.24	-1042982.81	15.6388
-686629.83	-993525.39	-686232.83	-993436.49	8.3006
-770275.01	-1015936.58	-770619.171	-1014914.305	22.3826
-689284.25	-1086917.92	-690297.65	-1084598.126	38.3173
-753877.31	-1045785.8	-754159.21	-1045757.76	5.6681
-760199.36	-1045401.17	-763094.49	-1046333.55	43.732
-723198.334	-1054619.074	-722362.624	-1054556.009	21.8883
-724861.717	-1064740.481	-724973.922	-1064515.522	5.046
-699220.65	-1048191.68	-697501.77	-1048576.23	23.2507
-646458.253	-1071655.82	-646191.925	-1074020.369	35.6908
-662928.31	-1011069.52	-663479.48	-1012953.12	26.044
-697501.77	-1048576.23	-696673.394	-1049950.353	18.5257
-794620.463	-986556.358	-794639.386	-986543.904	0.2598
-737610.085	-1050865.03	-737569.788	-1050917.766	1.4762
-652577.566	-1044757.953	-651058.82	-1044615.54	16.9491
-754572.88	-1035795.06	-754661.9	-1035714.99	2.3946
-691592.123	-1088514.346	-692074.383	-1089342.636	14.7937
-765441.28	-1054104.82	-765177.23	-1054586.34	17.647
-767662.53	-981154.36	-767520.721	-980927.126	3.6513
-783166.92	-1041604.48	-783399.77	-1041476.55	3.1514
-671577.98	-1006391.83	-673712.95	-1006603.35	42.3117
-684797.95	-1052891.12	-682471.77	-1053166.07	43.3372
-672330.296	-1012608.536	-672313.263	-1012618.788	0.9688
-762615.35	-1026263.42	-765780.46	-1025889.75	37.9872
-818528.084	-1013301.356	-816506.95	-1014116.78	26.6874
-681287.93	-1064461.518	-681177.192	-1064854.617	8.2159
-793087.077	-1064377.439	-792756.27	-1064989.56	7.7314
-778935.19	-972928.14	-778570.39	-973306.93	10.7937
-803996.26	-1040348.68	-804089.498	-1040368.845	1.9083
-797059.03	-1075094.57	-800877.604	-1076633.122	45.9614
-727842.643	-1040415.929	-727871.94	-1040503.61	1.3389
-788623.02	-1030555.81	-785885.74	-1031657.91	34.6332
-766131.31	-972965.24	-763739.683	-972846.408	48.722
-763017.75	-1036763.431	-763002.36	-1036772.169	0.4359
-776091.86	-974206.31	-775193.89	-971812.77	48.4116
-864282.1	-1014847.23	-864273.56	-1014862.79	0.3676
-748452.384	-1025120.881	-748448.468	-1025141.783	0.7208
-685788.91	-993690.74	-685163.84	-994354.035	18.2493
-823938.6	-1021455.54	-822338.15	-1022359.13	25.8179
-708245.433	-1051580.466	-706833.082	-1051923.937	16.1507
-679690.661	-1023594.594	-679181.045	-1024007.542	14.9433
-865134.846	-1016050.066	-865156.072	-1016055.06	0.5523
-791084.48	-1070616.5	-791820.142	-1069886.402	13.4612
-709961.951	-1000727.635	-709955.586	-1000746.529	0.5933
-726406.08	-983408.89	-726875.0	-983234.71	10.1253
-673551.919	-1051826.761	-671985.3	-1052255.57	22.1499
-671885.08	-1064660.9	-671049.521	-1063972.753	12.0283
-763676.81	-1040275.56	-765682.58	-1040663.16	24.2137
-839305.924	-1006682.998	-840443.48	-1008932.252	66.0509
-685046.02	-1064092.0	-684496.2	-1065703.32	24.3335
-822967.682	-1019635.13	-823979.73	-1021365.602	37.1522
-807543.937	-1052574.329	-807534.432	-1051274.618	30.064
-656919.63	-1022278.57	-655730.76	-1022583.71	13.6379
-710708.604	-1038545.761	-710457.607	-1037049.321	23.7136
-733977.418	-1063555.082	-733491.88	-1064878.34	30.4085
-824131.87	-1074814.98	-824213.47	-1074941.09	3.1885
-819903.121	-1026210.436	-819898.98	-1026230.286	0.4984
-734193.531	-1013919.492	-734206.583	-1013901.0	0.7646
-814978.285	-1036787.302	-816857.025	-1037346.024	22.8182
-737685.69	-1039179.09	-737541.16	-1039218.5	4.3092
-753877.31	-1045785.8	-753832.63	-1045767.94	52.8975
-759193.81	-1068765.22	-759094.45	-1068657.76	1.1261
-732103.646	-1040876.88	-732174.09	-1040922.07	2.3892
-673068.91	-1012409.4	-672388.42	-1014268.33	39.6562
-697829.1	-1037717.32	-703661.58	-1035118.35	96.5122
-640946.109	-1062588.507	-639868.257	-1061814.335	20.8968
-787825.85	-1055724.62	-787808.86	-1055696.75	0.3627
-821554.948	-1048307.873	-822395.39	-1047256.619	15.658
-819585.6	-1075741.06	-819582.875	-1075697.375	0.8758
-654593.16	-1030291.35	-654577.54	-1028792.8	17.2115
-836190.341	-989605.311	-835547.209	-989951.865	8.2055
-734545.897	-1065441.216	-734562.596	-1065442.796	0.4819
-708293.082	-1060819.934	-705984.986	-1061501.398	32.0682
-751871.27	-970107.79	-752232.22	-969283.74	10.3056
-649269.754	-1061986.387	-649281.375	-1061840.834	2.9285
-810583.34	-992016.14	-810544.373	-991914.911	1.2715
-662979.82	-1024072.22	-666994.063	-1025462.897	52.3955
-689587.82	-1046577.01	-681256.73	-1047284.67	65.6497
-873249.245	-998338.337	-870636.715	-999067.61	76.556
-654577.54	-1028792.8	-653720.94	-1027087.75	23.902
-678506.4	-991606.16	-678787.092	-991793.835	8.0622
-840673.835	-1019472.426	-840762.94	-1019368.88	1.5202
-849463.51	-1002474.76	-850259.53	-1002106.96	13.9351
-744769.542	-981619.002	-744514.179	-981522.01	3.1187
-846637.22	-1002556.99	-849431.22	-1002496.71	33.8802
-760915.44	-974214.23	-762038.22	-973337.892	37.3367
-870321.99	-1018228.45	-870282.98	-1018113.91	1.5759
-671278.77	-994714.42	-671005.31	-994697.86	5.7741
-734496.32	-1045714.14	-734814.96	-1045808.9	6.6501
-876194.256	-1021323.626	-876206.304	-1021352.709	0.8828
-776058.3	-1081472.38	-776988.913	-1082022.756	12.7632
-749757.62	-969018.038	-749732.38	-969641.23	70.7425
-720456.84	-1007740.75	-722663.507	-1006396.818	31.0754
-717194.195	-992150.664	-712873.971	-983396.929	189.0902
-754829.201	-1002021.875	-754781.524	-1001917.383	4.1889
-844027.15	-1005078.51	-844061.86	-1004805.8	3.1879
-750159.616	-1005373.797	-750027.08	-1005696.608	7.1593
-755058.7	-975070.59	-755040.592	-975073.73	0.3676
-810720.961	-991913.489	-810817.74	-991978.05	1.3011
-736840.53	-1036757.31	-736901.18	-1036837.1	2.9191
-883757.002	-1021715.412	-884024.5	-1021641.205	2.1355
-662884.858	-1058858.485	-662781.884	-1058976.87	3.2582
-649422.742	-1074287.048	-648563.304	-1072847.197	20.1514
-729193.276	-1078529.174	-729076.19	-1078660.54	3.5205
-756970.51	-990925.64	-757868.95	-991072.94	10.9833
-699352.38	-1057446.86	-698316.327	-1057860.241	12.516
-658077.11	-1064149.39	-658424.33	-1064450.19	5.12
-721748.38	-1020079.11	-719856.982	-1019559.838	23.9042
-789194.89	-990872.61	-790800.756	-991445.291	23.8862
-760105.85	-976644.44	-760108.1	-976669.03	0.6259
-721637.41	-1032819.07	-720771.59	-1032714.03	12.2338
-814392.773	-988063.794	-814420.08	-988131.19	0.8117
-720968.998	-1063674.369	-724167.957	-1062240.114	50.5386
-724498.258	-1009402.075	-724028.92	-1008873.53	8.2412
-735710.187	-1060683.266	-734739.342	-1062149.316	35.1687
-804456.578	-996470.834	-805117.21	-995960.29	9.3143
-759059.365	-1033686.955	-758157.58	-1033374.13	20.888
-682872.293	-1084756.083	-684821.8	-1085771.56	25.3442
-822873.489	-1066841.354	-822661.746	-1066512.685	8.1077
-709705.91	-1006779.335	-711236.63	-1008487.29	30.3344
-873737.772	-1034144.285	-873308.551	-1034078.501	5.7325
-727468.18	-1079410.892	-726218.61	-1080047.54	15.9568
-671637.894	-1028205.686	-671688.297	-1026646.767	22.3728
-752443.436	-1076156.027	-752764.758	-1074806.328	23.0853
-776714.575	-1034383.209	-776024.673	-1034689.134	16.2488
-859385.752	-1012800.02	-859400.19	-1012778.21	0.6049
-735287.43	-1013267.253	-735273.672	-1013274.098	0.3407
-772331.46	-975915.98	-773051.556	-976619.588	12.9866
-682733.8	-992511.93	-681811.95	-992763.23	14.3138
-666069.34	-1063029.08	-666672.44	-1064648.55	20.9316
-842262.662	-1075218.253	-842414.01	-1074804.08	70.115
-742671.88	-1024956.35	-742974.16	-1024658.35	8.4902
-759204.415	-1047672.559	-759115.936	-1047712.004	2.4529
-822454.91	-1068924.56	-822504.08	-1069162.85	4.8898
-757914.398	-1010094.6	-757499.79	-1009071.74	13.2794
-686017.889	-1029556.394	-685851.715	-1028328.107	30.0533
-760837.709	-976497.676	-761907.571	-976770.73	24.2897
-831965.824	-1053225.374	-831776.45	-1054223.17	13.3101
-758581.22	-1047649.45	-758594.475	-1047655.138	0.2885
-767901.68	-991457.23	-768394.55	-991513.293	5.5312
-703487.682	-1089002.434	-703394.236	-1088879.85	2.3413
-794059.78	-1036805.73	-794052.3	-1037127.69	9.7776
-761127.644	-1026146.311	-761924.936	-1026064.781	17.949
-763471.794	-1006320.508	-762595.339	-1007603.092	19.0724
-727274.83	-995905.14	-728569.701	-998103.382	55.0911
-678908.429	-1075980.569	-678712.55	-1076488.263	10.9552
-728535.537	-1060780.282	-728499.427	-1060787.66	0.7235
-698173.226	-1023945.333	-697845.08	-1024251.81	6.7745
-832980.335	-1031827.115	-833871.032	-1033541.857	25.2238
-746310.913	-1054405.049	-746302.213	-1054356.205	1.3759
-686455.58	-1070686.79	-685492.765	-1070729.299	20.5873
-805549.61	-989198.8	-805540.33	-989168.23	0.7796
-849442.97	-1002464.87	-849059.247	-1002323.581	10.7688
-848408.57	-1042630.07	-850202.22	-1042068.29	22.6282
-662884.858	-1058858.485	-662887.259	-1058841.278	0.3841
-770141.46	-995998.32	-770554.816	-995687.17	6.4982
-679368.474	-1080256.883	-680185.978	-1081430.417	17.388
-807106.486	-1046978.31	-807229.254	-1046838.007	2.1734
-806168.665	-1048980.607	-805954.77	-1050242.381	18.2514
-741660.881	-1042081.992	-741534.32	-1042066.38	2.7582
-686740.46	-994862.24	-685150.668	-994403.704	20.2305
-844032.088	-1007884.776	-844281.09	-1007844.36	2.8846
-645235.552	-1071608.008	-645058.102	-1074054.935	28.1805
-770529.093	-1053950.334	-769866.22	-1053817.49	13.5274
-806104.28	-1026783.59	-807540.755	-1025200.449	32.4558
-807695.027	-990255.374	-807705.007	-990364.568	2.1932
-751004.0	-1032435.41	-752520.607	-1031148.814	24.6898
-667274.31	-1019346.6	-665865.27	-1019289.8	17.2675
-728572.896	-1056069.171	-728066.664	-1055965.989	10.5864
-682106.05	-1000197.06	-684308.453	-1001173.117	30.4879
-774616.967	-985471.357	-773501.44	-983276.18	44.0872
-657244.75	-1069515.51	-659261.68	-1070362.596	29.2487
-777860.26	-1054906.91	-773612.74	-1055153.42	51.8292
-768875.26	-1035702.9	-769898.313	-1034656.295	16.4914
-655607.26	-1048587.63	-655919.27	-1048562.33	6.2612
-833895.713	-1071419.942	-833891.103	-1071345.312	1.4954
-787548.72	-1001738.92	-787331.17	-1001536.79	3.7311
-758696.918	-1082084.258	-761348.047	-1083662.227	45.1102
-819266.67	-1065155.974	-818268.597	-1063461.526	41.0765
-802994.8	-998275.28	-806734.91	-996474.84	33.1561
-701868.37	-1027853.58	-701864.5	-1027910.07	1.1643
-694245.25	-1043998.03	-695063.902	-1044379.414	14.3255
-757855.65	-1040223.969	-757895.356	-1040240.583	2.2917
-736756.4	-1038537.2	-736792.043	-1038448.971	1.9032
-724027.895	-1056719.96	-721927.56	-1056816.23	23.7771
-738992.52	-1040311.04	-739011.19	-1040229.08	1.9852
-753368.02	-1048765.39	-752685.024	-1049177.554	16.663
-721098.21	-1003558.97	-719334.593	-1002927.581	61.2487
-782537.63	-996970.15	-782560.4	-996870.19	1.1457
-792360.12	-979425.55	-792388.063	-978534.122	20.9606
-796566.87	-1057287.99	-796789.29	-1057104.37	3.2318
-817507.47	-1070601.77	-817446.39	-1070558.94	0.892
-748101.88	-1037194.88	-748079.4	-1036770.72	8.8775
-757104.465	-1047060.626	-757066.295	-1047375.812	6.3933
-825439.162	-1058892.314	-825412.87	-1058791.226	1.186
-856520.89	-1006898.548	-855539.19	-1006492.17	14.5048
-799539.621	-1015762.067	-799184.546	-1015725.715	3.9681
-808494.3	-991275.362	-808569.944	-991227.261	1.8387
-801385.012	-1015485.742	-802459.515	-1014326.771	18.9455
-687479.09	-993081.86	-686268.84	-993149.63	16.1374
-647874.46	-1024284.84	-648133.96	-1022872.9	18.4726
-808708.01	-1000773.94	-808747.18	-1000847.45	0.9322
-761277.9	-1014712.0	-764877.03	-1012008.11	57.6617
-807693.375	-990365.75	-807685.43	-990267.62	1.9692
-739888.968	-1002305.712	-738357.946	-1002921.565	20.2477
-640758.72	-1069107.283	-640719.926	-1069143.105	0.6018
-719950.183	-1075713.04	-719914.46	-1077603.56	24.7349
-759083.146	-1033695.525	-760541.54	-1033838.85	16.3163
-755485.379	-999853.998	-755287.16	-999432.24	5.178
-736357.408	-1013749.458	-735287.43	-1013267.253	13.4324
-872964.69	-1040529.927	-872985.395	-1040333.041	2.4063
-662315.36	-1062090.09	-662711.63	-1062787.7	9.0029
-781523.51	-986006.68	-781520.077	-985990.071	0.4355
-746312.16	-1007135.22	-749257.29	-1010057.03	50.5562
-831771.87	-1022224.438	-835207.3	-1018503.79	73.5989
-728957.97	-973977.14	-728374.028	-974653.538	19.8305
-736772.874	-1032130.157	-735842.58	-1031440.26	25.8695
-671635.205	-1028230.794	-671637.894	-1028205.686	0.2806
-748849.49	-1028560.0	-749710.96	-1029340.97	14.2067
-738706.48	-1049145.221	-739066.942	-1048837.079	9.7872
-645440.32	-1052446.23	-645349.0	-1052717.95	3.5422
-870305.37	-1018279.86	-871707.33	-1019437.94	20.9259
-703712.723	-1072042.225	-702499.68	-1071902.7	13.6568
-773630.64	-1042294.64	-775090.288	-1043059.483	20.1431
-744980.439	-1059935.492	-745013.89	-1059962.63	0.9199
-736451.301	-1053655.277	-734902.885	-1053869.137	32.8521
-760827.86	-1070429.44	-759193.81	-1068765.22	17.9413
-771713.29	-1060382.695	-775933.69	-1060078.05	57.8183
-821932.121	-1008583.691	-822782.768	-1008835.327	12.7701
-778347.63	-979882.5	-779107.83	-979354.97	10.6895
-641612.66	-1058444.85	-641363.693	-1058245.202	6.584
-729254.18	-990785.76	-729412.166	-990629.707	2.4682
-709080.19	-1051104.7	-708693.97	-1050118.96	12.4765
-744834.87	-1048200.68	-744585.4	-1048128.72	8.3249
-652244.35	-1047484.7	-651500.9	-1047732.53	9.2497
-809815.994	-1032117.026	-810055.65	-1032263.64	6.6263
-783892.43	-1065270.8	-783879.003	-1065274.767	0.3278
-677815.19	-1005964.39	-676726.07	-1006264.05	13.7962
-680447.44	-1045990.77	-681517.925	-1046005.473	13.2764
-712609.04	-1040467.46	-711988.708	-1040692.742	7.3343
-767751.402	-973554.333	-766952.821	-971853.213	23.0129
-676085.508	-1076208.404	-675081.441	-1076381.104	21.4166
-769365.932	-1057150.421	-769427.816	-1056808.768	3.9549
-867749.501	-1015704.146	-867786.715	-1015660.673	1.1689
-853349.944	-1018427.34	-852947.58	-1019297.82	11.2699
-727438.719	-1062037.833	-727980.95	-1063807.84	25.2056
-826644.106	-1068543.16	-826525.574	-1068523.626	2.7421
-806550.624	-1067938.374	-805352.02	-1065256.11	40.1066
-814934.646	-1044042.706	-815590.582	-1043950.418	7.4141
-770329.688	-1053957.625	-770118.517	-1053941.916	4.6529
-657232.552	-1083432.596	-655546.801	-1084139.926	23.2874
-864779.652	-1012961.45	-860534.036	-1012923.266	55.3158
-732679.47	-1019169.05	-732551.005	-1019593.952	4.9447
-749519.933	-1033738.228	-748260.33	-1030616.4	38.4922
-836451.432	-1060362.732	-837870.45	-1059772.66	23.6958
-791576.552	-1052055.955	-790558.92	-1052852.39	26.3977
-674394.04	-1072998.88	-671829.67	-1073691.16	31.9976
-825805.007	-1025488.474	-825792.196	-1025475.053	0.2555
-697689.67	-1035007.89	-697549.715	-1035832.866	9.3605
-707477.85	-1021377.78	-707460.34	-1021447.15	1.7677
-706198.54	-1077282.85	-708187.83	-1075244.96	43.0902
-736940.38	-981618.48	-736406.053	-979182.316	40.8803
-869144.766	-1038281.722	-869154.819	-1038271.982	0.3183
-686841.974	-1066086.179	-688661.205	-1067992.973	44.0589
-819306.997	-979429.212	-819634.076	-980184.852	10.2383
-766553.95	-1001801.89	-769163.84	-1004787.03	68.0696
-648235.47	-1048205.59	-648723.39	-1048117.65	13.0324
-644666.797	-1038327.29	-644757.665	-1038531.886	2.5304
-755368.419	-983684.174	-754170.984	-982983.49	25.259
-737031.576	-1036244.314	-737108.71	-1036116.39	2.9885
-648191.705	-1058473.464	-648175.388	-1058490.263	0.5674
-819395.745	-1076687.44	-819326.668	-1076797.521	1.4529
-798540.66	-1052815.28	-799258.634	-1051882.75	18.8977
-750218.82	-984501.81	-750834.33	-987847.39	44.5966
-807518.2	-1026112.45	-807573.92	-1026105.01	0.6247
-778176.07	-980434.35	-778981.648	-981746.448	17.3229
-801945.574	-1007922.918	-801952.175	-1007904.1	0.4534
-652439.7	-1021371.68	-651926.66	-1019772.51	19.2751
-799539.621	-1015762.067	-801018.693	-1015691.9	18.8608
-667434.36	-1033768.44	-667352.5	-1033680.38	1.3397
-703340.707	-1054249.386	-701143.14	-1055185.74	82.9249
-806265.291	-1006396.704	-806118.682	-1006432.464	1.6768
-803916.975	-1076948.765	-803529.555	-1076977.362	7.946
-663151.45	-1062627.46	-663449.618	-1063010.571	5.4951
-784803.47	-976863.43	-785138.66	-976815.94	6.8146
-704031.14	-1018885.86	-703972.47	-1019132.76	2.8396
-640478.578	-1043279.784	-640439.987	-1043269.29	0.8021
-867026.756	-1014027.188	-867009.472	-1014018.47	0.4416
-772331.46	-975915.98	-770981.026	-975646.851	20.8942
-748452.384	-1025120.881	-748538.162	-1024960.596	3.7167
-673305.6	-1012192.39	-673115.251	-1012235.584	6.1403
-767069.968	-980582.558	-768947.8	-980146.02	20.8954
-714147.66	-1008924.75	-716176.26	-1010552.6	33.0876
-762967.238	-980983.02	-760789.082	-981676.851	27.4566
-768364.62	-1028106.61	-768419.55	-1028090.41	1.1906
-676554.965	-1070748.307	-676572.772	-1070747.448	0.458
-748241.04	-1061951.15	-747394.36	-1062818.558	25.3258
-639895.831	-1072983.534	-640286.278	-1073530.947	24.6247
-649218.969	-1061762.193	-649306.272	-1061680.99	2.9177
-745949.483	-1053736.759	-745920.493	-1052837.899	19.3114
-757974.56	-1037895.78	-757611.17	-1038996.82	23.7228
-669370.36	-996831.38	-667752.29	-998041.55	28.3422
-752443.436	-1076156.027	-752530.639	-1077247.698	12.5553
-645989.413	-1043086.399	-646799.388	-1046277.294	26.1857
-751792.832	-975676.789	-752416.495	-974195.927	37.64
-697255.32	-994348.55	-697377.527	-992277.531	31.5351
-874899.514	-1042898.616	-872964.69	-1040529.927	76.708
-687757.878	-1028419.984	-686711.637	-1026428.942	51.1312
-823979.73	-1021365.602	-824027.093	-1021446.928	1.1153
-772442.814	-1059091.704	-773044.12	-1058324.22	25.1539
-751554.57	-1040574.17	-751597.63	-1041115.54	10.8844
-756891.0	-1048656.43	-757158.87	-1048627.57	5.5184
-820018.496	-1026412.247	-820436.579	-1026745.197	13.643
-671824.35	-1045084.65	-672068.23	-1045290.33	3.6263
-741134.66	-969869.5	-740409.45	-969865.07	15.238
-738444.54	-998239.718	-738923.023	-995382.748	36.8559
-702967.37	-1037506.31	-703313.938	-1039568.727	27.4644
-788680.01	-1023327.75	-785977.28	-1023470.17	34.2741
-796386.26	-1042773.31	-797092.49	-1041981.24	17.4547
-712407.94	-1019209.31	-712210.494	-1019124.038	4.52
-642906.509	-1071913.977	-643351.07	-1073096.02	15.9953
-764710.12	-992464.87	-764187.59	-993195.93	10.6378
-674130.7	-1047102.27	-674628.351	-1047374.36	6.302
-748866.98	-1053876.95	-749112.72	-1053953.78	5.4317
-660750.09	-1001499.58	-659867.64	-1000480.32	16.9849
-664716.84	-1041425.61	-662439.277	-1040682.025	34.5715
-646638.17	-1025843.13	-646776.35	-1025601.62	3.0937
-805653.795	-1009801.114	-804998.523	-1009348.06	10.2611
-752441.0	-1048737.125	-752384.46	-1048708.75	1.3939
-658870.681	-1093727.726	-658812.188	-1094158.133	4.9402
-826717.326	-1029086.403	-828416.25	-1029164.0	21.3941
-770330.57	-1029140.02	-770573.97	-1029676.31	7.2682
-853804.223	-995401.259	-854281.48	-992394.52	38.6662
-851233.618	-1039149.899	-847683.183	-1038675.318	72.331
-670142.063	-1047849.688	-670250.125	-1047850.25	1.3111
-658870.681	-1093727.726	-658728.705	-1091432.642	26.9197
-648841.5	-1058041.29	-648889.325	-1058112.566	1.7281
-815771.685	-1067602.218	-814421.534	-1067757.618	15.1848
-664806.557	-1035882.905	-664834.165	-1035894.813	0.7456
-726218.61	-1080047.54	-725756.82	-1080639.05	8.4784
-667418.895	-1078112.421	-665620.22	-1081677.52	48.3757
-761129.02	-1053513.23	-759343.85	-1055717.92	43.9838
-852839.972	-1010562.394	-853021.11	-1010598.78	3.715
-763094.49	-1046333.55	-763337.111	-1048754.536	38.5741
-685192.968	-993757.56	-685269.238	-993743.812	2.0837
-792498.23	-1026614.33	-794339.238	-1026365.099	21.0401
-758638.51	-1013428.37	-758651.08	-1013410.21	0.2519
-860160.79	-1029930.809	-858523.894	-1030182.818	53.8707
-817960.152	-1028163.25	-818778.245	-1027828.678	9.9211
-721620.81	-1084025.82	-720459.31	-1084859.54	16.0917
-776638.812	-975624.141	-776655.935	-975605.359	0.5928
-782818.71	-1003395.77	-784542.341	-1004527.927	24.8589
-782673.08	-1005657.59	-783019.1	-1007024.65	18.47
-648151.964	-1054522.278	-648042.221	-1054519.579	2.7295
-848484.179	-1047673.023	-847352.14	-1046359.12	24.2928
-826525.574	-1068523.626	-826472.441	-1068470.372	1.6383
-756414.14	-974699.551	-758250.72	-973553.41	40.4808
-749380.89	-1026628.41	-749471.42	-1026367.62	5.6363
-809721.09	-1010756.479	-807572.676	-1010446.521	30.4447
-655260.99	-1026577.1	-653562.49	-1025997.17	20.6896
-691422.51	-993829.52	-691002.18	-995246.83	19.316
-673117.27	-1077805.29	-671906.859	-1077655.554	18.1092
-760179.45	-983638.92	-759314.01	-984887.872	20.5052
-789661.866	-1027019.796	-789673.57	-1026841.604	1.9855
-798400.967	-1067562.3	-798767.887	-1067314.515	5.2005
-741881.759	-1014936.346	-741398.042	-1014878.314	5.4184
-732349.208	-1056858.918	-734332.849	-1057356.188	15.7486
-833503.668	-1072522.591	-829850.651	-1072995.247	29.678
-844409.67	-1071273.74	-847116.139	-1070917.101	31.4918
-702956.135	-1076208.755	-701335.98	-1078650.64	38.3889
-726358.191	-1060831.418	-725952.316	-1059744.272	41.689
-814269.074	-992244.015	-811154.989	-992037.432	37.4347
-658327.19	-1007363.39	-656698.214	-1008262.32	27.0014
-677070.88	-1001484.59	-675700.96	-1002830.98	23.3379
-643225.852	-1071268.715	-642784.249	-1071121.019	9.3539
-690164.81	-1079502.753	-689663.127	-1077650.329	22.1977
-687775.651	-1070719.93	-686826.375	-1070694.396	15.1609
-769152.14	-996777.53	-770141.46	-995998.32	14.3593
-839393.945	-1025218.83	-838722.298	-1026984.85	42.7448
-718092.222	-1057709.63	-715277.1	-1058561.07	36.8075
-858523.894	-1030182.818	-858499.59	-1030226.35	0.5634
-757841.67	-1033524.501	-755823.163	-1033649.546	24.8682
-717780.376	-980064.821	-723084.786	-984234.215	88.2059
-752636.513	-1048619.039	-753337.248	-1047994.104	19.5344
-762115.67	-1026223.8	-762082.4	-1026225.69	0.6666
-747627.572	-1019790.469	-747599.375	-1019617.438	1.9483
-766216.779	-972599.195	-766233.713	-972616.784	0.3295
-758270.57	-972697.23	-758309.8	-973475.47	12.2362
-777218.168	-993020.447	-777159.31	-993635.49	8.557
-757175.64	-1045058.435	-756958.69	-1044056.74	24.8413
-730634.055	-1076690.313	-734107.342	-1075541.778	47.8268
-804666.5	-1074796.581	-806461.386	-1072628.937	34.1674
-740007.973	-1073765.578	-740535.992	-1073513.374	16.1629
-813205.411	-1072126.728	-813320.04	-1072261.68	3.5561
-669241.87	-1070174.56	-668187.95	-1070197.45	11.8887
-805084.961	-988081.893	-807466.389	-988021.288	32.807
-764620.16	-1023928.55	-764548.0	-1023889.301	1.7043
-764189.86	-1017649.5	-764527.141	-1019209.479	18.204
-826005.685	-998194.328	-826270.84	-997938.571	17.5703
-660203.256	-1090906.22	-660193.355	-1090932.548	0.5626
-827686.949	-1066300.061	-826590.528	-1066929.803	14.8488
-852389.51	-1010471.46	-852196.714	-1010420.746	4.2637
-724852.45	-1034098.14	-724640.929	-1034155.105	4.406
-740649.04	-1040932.12	-740918.56	-1040961.15	8.0871
-825938.281	-1025490.443	-825950.05	-1025569.12	0.8842
-765234.64	-991502.28	-764710.12	-992464.87	13.7183
-711768.96	-1048828.93	-712141.42	-1048863.26	11.3494
-757081.252	-1016222.829	-755657.198	-1013741.211	32.6546
-652800.92	-1044778.31	-652577.566	-1044757.953	2.4923
-834020.95	-990593.56	-835716.726	-990384.662	29.2853
-754461.07	-1031778.15	-753717.24	-1030695.05	22.8768
-800168.47	-1023525.4	-799522.46	-1026495.415	50.7968
-697518.488	-1035881.249	-697516.782	-1035928.448	0.7522
-777218.168	-993020.447	-775333.78	-992378.18	27.1505
-779096.91	-1060367.77	-778917.1	-1060712.15	7.6857
-655613.228	-1024420.374	-655326.012	-1024814.439	17.8026
-753326.41	-1002532.8	-755110.84	-1000537.22	32.7834
-765903.621	-1026097.409	-765863.36	-1026064.72	0.5844
-727690.78	-1068634.18	-727132.41	-1066612.92	29.8315
-797839.792	-1021276.945	-798613.63	-1020661.06	11.4347
-762330.98	-1057704.171	-762644.26	-1057670.198	6.4579
-714641.39	-1027861.81	-713163.84	-1026838.29	20.7523
-730555.63	-1041606.57	-730328.32	-1041089.88	13.8689
-645714.73	-1017890.78	-646384.95	-1016840.67	16.3565
-751198.453	-988540.539	-751893.901	-987526.245	14.1509
-712873.971	-983396.929	-712856.0	-983393.06	0.4787
-800328.892	-1048892.208	-801758.959	-1048034.473	20.6592
-783225.21	-1030316.79	-783477.939	-1030304.849	3.0321
-685728.1	-993575.39	-685921.25	-993492.0	4.2079
-747359.43	-1036333.52	-747340.192	-1036328.09	0.4603
-715802.644	-1040275.867	-715796.757	-1040254.964	0.5162
-665865.27	-1019289.8	-664095.85	-1018703.97	30.8767
-764320.223	-977229.243	-764075.567	-977066.577	7.3458
-641876.179	-1076129.347	-643005.177	-1076838.307	16.2278
-778111.46	-1076900.66	-778157.4	-1075707.854	13.5494
-762975.367	-1050789.735	-762857.67	-1050705.85	3.0049
-648142.26	-1020670.59	-649076.08	-1021139.42	29.6154
-754598.61	-1047553.02	-755561.139	-1048762.837	18.5996
-701513.43	-1053251.23	-701518.7	-1053203.9	0.6793
-662781.884	-1058976.87	-663151.45	-1062627.46	43.3074
-701175.92	-1004128.59	-700477.578	-1004743.59	19.8434
-764098.369	-1035032.971	-764000.684	-1035018.239	2.6221
-707013.649	-1066206.357	-706177.089	-1067401.754	22.9071
-787694.63	-1006969.81	-787761.3	-1006940.55	0.826
-785138.66	-976815.94	-784870.45	-977006.62	6.624
-770807.14	-981413.88	-769917.4	-981147.39	11.2027
-868466.953	-1001996.087	-870928.851	-1000954.937	48.7557
-664421.81	-1020529.25	-665865.27	-1019289.8	25.4551
-649046.44	-1058285.21	-648995.43	-1058224.13	1.5916
-733935.276	-1053561.424	-733635.307	-1053659.701	7.465
-670178.28	-996831.58	-669937.79	-996864.53	2.6991
-743391.442	-995400.328	-738923.023	-995382.748	52.236
-708564.782	-1048502.058	-708282.759	-1048488.32	3.5593
-766842.83	-1037701.77	-762528.41	-1038705.278	34.3069
-762993.042	-1036759.664	-763005.62	-1036747.49	0.427
-817234.585	-1072653.72	-813838.81	-1073966.7	44.2994
-778474.39	-1028402.49	-776634.42	-1027612.8	35.3773
-701933.768	-1018659.443	-702154.39	-1017063.32	22.104
-800457.397	-1013147.446	-800596.166	-1012756.763	4.7483
-687972.84	-1011065.64	-688503.019	-1011193.9	11.103
-699280.96	-1087095.96	-702741.319	-1085493.193	72.9552
-748421.62	-1058141.72	-748267.22	-1058020.13	2.2011
-692536.03	-1046146.19	-692519.521	-1046074.747	1.0032
-792851.98	-1070549.81	-796121.105	-1068873.145	53.2573
-719124.44	-1019653.71	-717444.989	-1021625.032	29.9749
-803730.46	-976981.38	-802844.27	-977135.1	11.8032
-823054.383	-1047606.95	-822395.39	-1047256.619	9.6312
-814762.766	-1060740.963	-813286.907	-1058573.84	49.9966
-674727.057	-1092641.383	-674826.215	-1092413.034	2.7716
-648196.224	-1067247.528	-649071.447	-1067541.708	22.0733
-730838.57	-1043194.93	-730385.752	-1043397.184	3.8163
-644103.839	-1047463.345	-644786.662	-1049401.287	21.2696
-753590.731	-980826.759	-753684.045	-981066.838	4.9938
-789824.762	-1062381.92	-788859.04	-1062251.69	12.2699
-855539.19	-1006492.17	-856665.76	-1008971.6	38.4493
-666388.889	-1082179.573	-666968.717	-1081010.119	15.3783
-644785.521	-1082590.738	-643588.187	-1083031.45	17.7525
-737256.925	-1010320.687	-737033.73	-1010214.122	2.749
-744053.61	-1057667.93	-743735.74	-1058144.17	7.7085
-670988.44	-994687.59	-670866.58	-994569.28	3.5115
-704678.708	-1014785.048	-704664.51	-1014712.25	0.8344
-720348.829	-1070874.761	-720354.874	-1070956.167	0.9395
-769269.16	-1031918.29	-767740.81	-1033208.76	22.2334
-767141.08	-1033645.5	-766906.4	-1033649.9	4.695
-721408.44	-1053712.59	-720526.708	-1056117.042	34.0867
-848711.125	-1010338.375	-848854.063	-1010324.813	3.1452
-652396.83	-1062308.24	-651687.191	-1062230.428	8.1615
-755450.54	-1019550.08	-756188.18	-1019118.53	14.0391
-641679.37	-1023333.67	-641514.85	-1023473.3	4.4006
-705269.645	-1054728.144	-705497.782	-1055305.569	7.1014
-840184.431	-1056729.852	-840182.398	-1056753.095	0.8863
-770770.45	-1066037.26	-770734.458	-1066240.568	2.3192
-712204.06	-1019056.16	-708515.93	-1020597.24	46.4462
-767628.303	-1064543.423	-767753.343	-1064569.401	1.4292
-780224.15	-1030413.4	-780010.902	-1030546.654	3.8605
-818615.033	-1025318.297	-820192.47	-1025296.08	18.3974
-739206.313	-1033719.313	-739327.79	-1033613.66	5.6241
-862018.808	-1064807.077	-862694.64	-1064199.939	93.9784
-701533.204	-1012301.314	-701630.49	-1012426.75	3.1756
-784268.435	-1026788.976	-784270.171	-1026762.041	0.7192
-752916.78	-1033147.18	-751995.4	-1034166.44	15.5525
-748448.468	-1025141.783	-748439.313	-1025122.257	0.7688
-691161.547	-1066271.947	-691791.485	-1067486.309	15.4168
-873251.51	-1009335.742	-873220.634	-1009452.022	2.4513
-641360.995	-1058522.995	-639859.476	-1058257.416	21.2003
-748331.57	-1058014.71	-748407.4	-1058112.06	1.3768
-673065.06	-1012192.51	-673115.251	-1012235.584	1.3228
-693922.137	-1084612.263	-693497.58	-1083700.93	11.1716
-798085.15	-986328.76	-800170.94	-986983.59	24.7422
-770431.432	-1065090.428	-770605.67	-1066032.74	12.3109
-854821.13	-1011089.54	-854800.89	-1011123.46	1.0385
-704206.35	-1016297.52	-703437.747	-1015528.167	12.3872
-756947.78	-1032105.09	-757016.2	-1032067.97	1.7306
-754598.61	-1047553.02	-753368.02	-1048765.39	27.7227
-677198.54	-1010537.89	-676704.44	-1010463.18	5.5553
-757117.744	-1032239.539	-757126.745	-1032268.154	0.8742
-810544.373	-991914.911	-810652.14	-991913.8	1.547
-747480.01	-1054992.19	-748331.57	-1058014.71	38.5935
-865156.072	-1016055.06	-865149.161	-1016075.06	0.5323
-811384.793	-1060414.363	-811109.853	-1063053.73	53.3056
-765090.921	-974748.817	-765232.67	-974584.482	2.4165
-838369.06	-1001460.2	-837072.881	-1001122.397	26.2836
-650959.93	-1034803.46	-650425.21	-1035064.42	8.2021
-714835.37	-1080351.05	-714650.501	-1080175.546	5.2245
-723253.94	-1047378.28	-723026.18	-1047430.95	2.6163
-822590.536	-1059214.552	-822438.85	-1059272.19	3.3038
-772678.17	-999480.46	-772697.187	-999447.262	0.4251
-730683.99	-998307.58	-729655.017	-1001739.13	95.2375
-692637.99	-1043495.14	-692059.289	-1043683.795	12.5918
-750481.898	-1003083.552	-751462.148	-1001952.201	17.0799
-757357.537	-1039958.219	-757370.05	-1040129.007	3.5091
-722424.857	-973741.687	-723059.71	-974092.99	23.184
-753486.91	-1045306.78	-753420.082	-1045346.639	2.0096
-670499.965	-1076816.189	-671906.859	-1077655.554	22.4133
-799508.992	-1038479.43	-799507.399	-1038462.251	0.1917
-814761.761	-1017377.469	-816772.625	-1014524.25	44.9626
-824369.557	-1069640.862	-824759.717	-1069691.343	7.9193
-757573.93	-1017125.61	-758869.214	-1018432.011	21.0809
-778018.52	-980258.925	-778347.63	-979882.5	5.7789
-745947.38	-1072309.386	-745063.567	-1074560.029	100.012
-752070.68	-1038599.17	-752010.11	-1038510.68	5.1254
-824204.364	-1073767.68	-824128.174	-1073878.554	1.6317
-752334.938	-1043068.75	-752328.935	-1043033.012	38.67
-655357.83	-1045018.11	-654532.0	-1044940.38	16.5903
-868428.83	-1050088.405	-869631.174	-1051272.688	18.9001
-846047.345	-1066714.436	-844823.27	-1068111.92	22.611
-812289.554	-1062962.548	-814547.798	-1061354.965	32.4857
-645494.06	-1052835.43	-645191.576	-1049993.142	26.6227
-684821.8	-1085771.56	-685270.97	-1085890.8	5.2718
-717396.5	-1002059.24	-716837.48	-1002128.513	8.1253
-724540.752	-1053298.081	-724166.816	-1053718.129	7.0221
-778337.115	-1058982.337	-778382.944	-1059000.148	0.5528
-753162.621	-1037241.517	-754572.88	-1035795.06	15.5963
-702777.85	-1027874.37	-706905.87	-1028430.1	56.7965
-762082.4	-1026225.69	-756952.07	-1032323.67	67.8003
-778126.39	-1049842.83	-778592.53	-1048743.11	25.289
-771804.02	-1057487.437	-771691.03	-1056741.32	9.6361
-681402.836	-996373.122	-679269.108	-996435.828	33.0133
-667146.26	-1024482.707	-665902.039	-1022897.606	24.1038
-802886.96	-998364.25	-802900.18	-998268.5	1.2207
-790860.627	-1002521.829	-790206.27	-1005012.06	34.5038
-797063.54	-980056.2	-797248.217	-980716.747	17.1187
-782508.45	-1049591.91	-783521.92	-1051834.58	29.2872
-692971.18	-1005051.9	-693299.572	-1004550.262	12.9899
-677292.97	-1020091.06	-677451.058	-1022228.31	26.0366
-749312.721	-1044251.85	-749223.77	-1044290.27	3.4903
-765097.63	-1039469.87	-765156.42	-1039346.91	2.7455
-727307.445	-1006654.372	-726309.65	-1005617.59	42.3519
-768403.49	-1028124.55	-768364.62	-1028106.61	0.8562
-694222.409	-1002472.161	-693857.22	-1001639.89	12.0417
-740189.09	-1055208.574	-740555.067	-1055377.392	5.2221
-835682.17	-1057889.6	-836817.298	-1056915.859	17.5696
-761165.56	-994823.376	-761216.881	-994932.114	2.1528
-752431.017	-980746.742	-753237.843	-981234.533	12.3914
-727498.09	-1055856.04	-727322.317	-1058318.754	32.7953
-707071.52	-1070293.14	-705966.084	-1071067.862	16.0338
-755694.86	-1025391.36	-755522.83	-1026223.0	10.4486
-650571.6	-1066556.63	-650316.67	-1066703.03	5.8259
-815086.286	-1064891.427	-814776.967	-1064361.641	7.3896
-645845.051	-1042802.629	-645952.536	-1042994.418	4.3971
-778138.73	-1024703.06	-777928.09	-1024717.17	4.2257
-742447.92	-1057030.3	-742445.595	-1057045.698	0.3754
-719394.39	-1030514.14	-717017.97	-1028526.27	23.8393
-689493.64	-1014122.95	-694590.564	-1011296.896	78.2581
-821906.889	-1029730.126	-821382.33	-1027097.97	49.1133
-688230.339	-1070099.683	-687775.651	-1070719.93	16.5648
-771050.13	-979400.91	-770815.922	-979561.149	3.1544
-826669.354	-1070793.339	-826432.35	-1070622.92	6.4226
-865292.98	-1015988.686	-865272.948	-1015986.292	0.4894
-757186.395	-999324.849	-756485.88	-996910.85	33.1702
-766343.461	-972581.316	-766216.779	-972599.195	6.2138
-749552.75	-1012219.86	-750101.294	-1010966.75	15.6024
-707740.78	-1020386.26	-705779.31	-1019720.11	27.6314
-739456.84	-1047650.3	-739350.28	-1047578.09	3.0301
-759401.46	-1010266.64	-759400.55	-1009589.78	14.2033
-701546.07	-1012463.02	-701519.57	-1012451.9	0.5748
-730487.222	-1057428.568	-730521.401	-1057413.653	0.5308
-811367.092	-1060331.764	-811436.45	-1058332.05	49.3434
-757043.375	-1065616.625	-756963.7	-1065845.66	5.7648
-784552.08	-1000770.58	-783025.01	-1000786.78	19.2784
-739011.19	-1040229.08	-738750.231	-1040041.52	6.4577
-798811.12	-974392.15	-799239.44	-973963.82	8.2016
-671544.788	-1049045.428	-673016.767	-1047473.554	25.4362
-719702.14	-1057265.64	-718357.44	-1057583.87	15.3542
-878158.696	-1013432.341	-876719.98	-1013377.32	23.4511
-663394.55	-1018058.15	-660377.39	-1017385.64	41.2058
-848437.289	-1010286.293	-844844.13	-1011374.13	73.9214
-690363.5	-989936.5	-689477.71	-993270.639	47.4787
-720671.855	-1036824.384	-721284.824	-1039170.312	31.7408
-834486.639	-1073878.542	-834771.633	-1073045.663	11.3232
-751764.57	-1033120.59	-752916.78	-1033147.18	16.6376
-763264.3	-977132.65	-763754.5	-977158.688	9.851
-653060.158	-1093797.093	-650826.289	-1093442.774	37.3075
-641612.66	-1058444.85	-641360.995	-1058522.995	5.4183
-723872.477	-1031530.568	-722700.99	-1033242.12	29.4438
-864262.65	-1014830.74	-864282.1	-1014847.23	0.3608
-767753.343	-1064569.401	-768305.47	-1063499.85	17.1549
-770317.58	-1016319.82	-770267.63	-1016474.41	3.3278
-678795.907	-990702.905	-679293.063	-990851.478	6.9783
-788405.81	-990185.11	-788342.61	-990271.92	2.1535
-806811.551	-996407.544	-809159.34	-994184.85	25.2737
-699656.9	-989234.21	-699394.9	-986624.89	35.9896
-789599.47	-989178.13	-790915.02	-987974.67	35.8534
-836650.58	-1036172.06	-836731.282	-1037842.268	19.8803
-776369.209	-975951.979	-776447.02	-975916.66	1.9698
-700575.05	-1020715.85	-700386.34	-1017542.52	36.2268
-756885.578	-1037955.246	-757072.35	-1036920.75	12.9157
-864705.822	-1049523.913	-860407.136	-1051858.455	61.311
-788963.31	-1005173.23	-790206.27	-1005012.06	26.1229
-780145.673	-975109.629	-780146.784	-975121.456	0.2754
-801191.019	-1056920.709	-800662.705	-1059111.155	31.7599
-681395.684	-1071134.646	-681516.604	-1071396.197	3.2024
-702258.08	-1062721.58	-702846.897	-1063395.999	10.7525
-804998.523	-1009348.06	-803589.727	-1011292.965	30.4744
-704310.07	-1008548.95	-701739.26	-1008956.69	30.0773
-659141.502	-1054020.948	-658927.592	-1053462.142	6.6501
-648070.13	-1064005.995	-648319.994	-1064139.615	6.0826
-776116.328	-1014689.396	-776027.577	-1014675.413	1.2318
-648220.07	-1027573.9	-649777.66	-1026307.98	24.1729
-672221.29	-1031168.84	-671256.5	-1032769.5	24.0187
-879860.945	-1024818.193	-883289.645	-1027547.259	87.0928
-801970.256	-1007936.59	-802127.752	-1008368.964	9.4713
-733405.4	-1042025.81	-733574.37	-1041925.75	3.9523
-748421.62	-1058141.72	-748323.25	-1058021.77	1.7312
-701455.724	-1063024.755	-701306.53	-1062771.45	6.8649
-732608.251	-1056995.402	-732406.261	-1057487.646	11.6831
-767245.15	-1059854.23	-767905.56	-1059790.08	7.4319
-648235.47	-1048205.59	-648166.53	-1047764.36	5.6781
-792717.683	-1068085.831	-791846.26	-1069890.07	23.1186
-824185.68	-1076313.69	-824123.41	-1076094.96	2.0695
-696813.865	-1065594.502	-697552.19	-1066062.58	14.2741
-731998.558	-1034800.427	-729704.351	-1034249.238	30.1275
-872303.667	-1001395.343	-871474.565	-1005104.736	76.742
-743575.018	-1025210.438	-742338.29	-1026873.82	16.0527
-643270.253	-1044720.053	-643196.027	-1044701.731	1.0132
-696066.6	-1032776.61	-696209.569	-1034541.427	20.7188
-758946.8	-1047715.38	-759089.587	-1047792.853	3.8906
-691937.271	-1072584.723	-691695.8	-1073983.308	16.9751
-697287.6	-1072560.2	-695654.968	-1073649.703	23.3634
-789598.91	-989195.65	-789495.07	-989274.28	2.605
-848549.27	-1008367.37	-848449.58	-1008274.1	2.7525
-756982.34	-1032183.619	-756947.78	-1032105.09	1.9724
-742518.5	-1045924.19	-742481.968	-1045891.873	1.0981
-813711.95	-1072683.86	-813339.22	-1072490.63	4.6814
-794034.2	-999569.77	-794508.83	-998061.18	18.4955
-670250.125	-1047850.25	-670217.063	-1047532.375	3.5647
-707874.94	-1069852.35	-707728.379	-1069934.999	1.8696
-805037.736	-987383.888	-805039.949	-987203.021	4.0964
-743374.6	-1015246.99	-743460.973	-1015310.216	1.1941
-867814.1	-1017398.97	-865281.896	-1016221.898	25.0653
-703485.16	-1089073.21	-703433.588	-1089277.166	1.6183
-688008.062	-1091393.643	-689289.117	-1090073.041	31.7996
-825805.35	-1025515.51	-825805.007	-1025488.474	0.3004
-740286.062	-1067041.588	-740272.67	-1068698.72	25.8393
-752546.196	-1048649.874	-752574.0	-1048595.25	1.3693
-689565.56	-1046565.28	-689541.189	-1046445.739	5.2674
-645544.85	-1029412.69	-645341.34	-1028549.0	10.5611
-791835.05	-1033938.63	-793621.56	-1033086.45	22.6499
-736077.828	-1009641.7	-736056.775	-1009654.387	0.7278
-666788.659	-1075535.744	-666792.402	-1075750.654	4.395
-725773.61	-1048589.77	-725759.39	-1048014.72	11.5965
-649412.96	-1069332.18	-651043.587	-1068475.414	22.2884
-762408.894	-993314.666	-762395.665	-993304.982	0.4003
-770273.005	-1024610.855	-767399.782	-1024261.277	33.1294
-766250.89	-1038585.87	-765271.33	-1038248.14	26.8248
-725001.818	-1067251.493	-725038.0	-1067234.92	0.7959
-699861.59	-1016544.73	-698207.843	-1015617.906	26.9173
-768716.02	-972195.887	-768713.957	-972170.981	0.3493
-757012.059	-1000191.644	-756656.04	-1001990.16	42.8402
-856641.138	-1042678.189	-854418.07	-1042733.21	25.6588
-728172.83	-1036863.76	-728311.439	-1037625.802	18.0796
-721564.055	-1069982.225	-720348.829	-1070874.761	12.0223
-802786.177	-1055892.54	-802717.786	-1056064.686	2.1164
-880905.313	-1014385.715	-881536.443	-1014161.893	9.2579
-696640.86	-1013523.41	-694056.52	-1014023.47	35.7509
-747080.21	-1022274.73	-747427.15	-1020180.7	24.3041
-701438.597	-1012158.402	-701533.204	-1012301.314	3.4352
-757183.1	-1024611.37	-757291.75	-1022892.522	23.4152
-814860.03	-1055938.19	-817568.08	-1054542.07	40.705
-683860.022	-1002954.881	-683948.34	-1002964.8	0.9961
-734820.63	-1045921.73	-734792.939	-1045834.388	1.9446
-835231.406	-1039871.309	-835240.575	-1040178.658	3.4352
-713528.78	-1021332.54	-713537.88	-1023025.75	19.8997
-797248.217	-980716.747	-797183.36	-980928.33	4.5553
-780482.395	-1009537.145	-780297.889	-1009729.113	3.658
-824311.496	-1076401.374	-824175.43	-1076403.11	1.5123
-759592.03	-1029256.06	-757922.63	-1027951.45	28.3056
-866860.328	-998552.66	-867178.859	-1001595.783	42.7761
-717824.84	-1083021.34	-721194.68	-1082065.94	49.9546
-849281.083	-1065563.125	-849508.0	-1064854.5	56.4096
-714659.241	-1048748.234	-713218.389	-1049521.645	18.2097
-787566.74	-1006937.87	-787825.765	-1006710.999	3.8695
-861926.052	-1054000.596	-864054.601	-1052240.451	30.8974
-684465.51	-994535.698	-684461.282	-994562.374	0.5402
-689790.54	-1015301.08	-690154.749	-1015646.511	7.2398
-643963.03	-1072646.66	-642906.509	-1071913.977	15.2387
-737072.78	-1070373.015	-734645.857	-1072632.119	42.0577
-720354.874	-1070956.167	-720323.832	-1071070.678	3.9019
-643005.177	-1076838.307	-643162.475	-1076986.149	2.4455
-685946.901	-1053736.888	-685914.715	-1053772.587	1.0764
-804188.94	-1040938.13	-803595.72	-1041012.29	13.3641
-829024.303	-985564.954	-829117.04	-985474.93	1.4733
-769601.84	-1030821.14	-767521.328	-1030468.912	38.4504
-685969.845	-1012097.505	-683200.4	-1012392.12	43.6951
-763471.794	-1006320.508	-761330.15	-1006063.11	29.8658
-773839.37	-1032477.27	-773028.08	-1031503.21	14.09
-770955.98	-1029438.48	-770573.97	-1029676.31	5.1089
-656800.363	-1089957.688	-657002.779	-1089741.132	3.3626
-730766.56	-1057386.58	-730868.048	-1057213.587	2.2285
-643574.344	-1062389.511	-643544.115	-1062402.097	1.2814
-876199.704	-1023680.075	-877281.783	-1023219.796	15.711
-739242.04	-1047530.36	-738239.28	-1046740.78	40.1156
-796934.15	-997600.62	-798534.1	-1000291.87	37.1318
-717185.34	-1049884.48	-716119.768	-1048477.837	22.8958
-793360.15	-1072600.56	-795649.836	-1074664.57	34.557
-743757.419	-1079304.479	-744416.2	-1077545.95	37.7741
-829852.643	-1031299.919	-830033.794	-1031139.986	2.7149
-770903.04	-979469.9	-769396.62	-980211.07	15.5052
-705180.085	-1015148.305	-705231.099	-1015094.761	1.4276
-736076.53	-1032279.74	-734657.59	-1033417.9	21.4426
-826207.223	-1025611.665	-825528.77	-1025668.121	5.2464
-833176.461	-1061835.712	-833610.148	-1061574.582	5.7186
-645117.992	-1071120.304	-645172.077	-1071344.936	4.621
-728836.996	-1077840.299	-728821.246	-1077875.478	0.9129
-725699.807	-1069669.236	-725770.197	-1069696.402	1.0177
-701618.13	-1053223.9	-701513.43	-1053251.23	1.2023
-734334.88	-1057371.39	-732106.87	-1056824.41	17.666
-740918.56	-1040961.15	-740685.2	-1040309.9	14.221
-666729.59	-1050581.34	-666416.596	-1051353.785	9.263
-730642.02	-1024217.53	-732520.521	-1025437.477	29.6372
-750625.795	-1076596.379	-750593.342	-1076454.824	2.1755
-736200.24	-1059961.11	-735710.187	-1060683.266	9.7201
-685239.92	-1038361.6	-684634.01	-1036494.61	21.8771
-882768.42	-1022174.046	-882388.254	-1020937.356	15.4634
-806887.597	-1006244.926	-806265.291	-1006396.704	7.1173
-734179.267	-1073288.225	-734049.378	-1073311.299	2.6415
-673049.74	-1012189.85	-672330.296	-1012608.536	16.6515
-689840.591	-1046565.689	-689587.82	-1046577.01	1.9463
-671462.93	-994729.683	-671671.17	-994217.99	17.0967
-684448.74	-990093.82	-684456.68	-990102.34	0.2564
-665904.29	-1038767.04	-665783.24	-1039185.6	4.8872
-806629.323	-1056052.109	-805642.32	-1056190.567	16.0565
-697424.697	-1035914.68	-694891.714	-1038189.519	40.199
-767078.49	-980952.572	-766954.57	-980858.748	1.835
-704091.21	-1004679.2	-704367.28	-1004604.22	3.2695
-697248.668	-1038787.04	-697267.039	-1038802.186	0.5837
-859427.308	-1012810.473	-859403.622	-1012820.503	0.5842
-730613.51	-976931.21	-731587.42	-976384.81	12.832
-692418.005	-1046417.51	-692483.88	-1046468.81	1.41
-754787.94	-1042029.07	-755595.06	-1042268.62	17.8277
-867507.198	-1013624.953	-867547.61	-1013539.782	1.9946
-733635.307	-1053659.701	-733502.956	-1053766.078	3.4045
-775531.069	-1033630.147	-775023.929	-1033730.424	10.3735
-673675.724	-1027299.289	-673146.848	-1025900.608	17.1626
-759859.901	-994647.082	-759863.323	-994662.72	0.2177
-824133.78	-1076090.16	-824493.68	-1076358.88	5.4057
-871218.027	-1009557.177	-873151.075	-1009409.353	21.8436
-770619.171	-1014914.305	-771129.77	-1013837.5	16.8022
-682385.97	-1008835.85	-682169.978	-1009800.329	11.2933
-836841.03	-1059468.24	-837870.45	-1059772.66	12.7217
-847499.198	-1027049.942	-847631.984	-1026209.072	9.8705
-746077.791	-1054052.872	-745964.069	-1053779.076	6.0782
-823029.34	-1028479.66	-825313.57	-1029088.76	28.9176
-783506.85	-1065494.96	-782967.24	-1065482.01	11.3057
-665556.808	-1056922.381	-661534.9	-1056956.81	49.3894
-734628.322	-1073000.566	-734636.107	-1072986.567	0.4387
-749359.631	-1072003.681	-750975.981	-1073886.309	32.4239
-675281.436	-1028735.788	-674361.294	-1029465.061	14.7971
-846771.531	-1050208.283	-847221.274	-1051212.9	15.8171
-779438.186	-982631.217	-778989.21	-981896.88	9.6092
-643645.325	-1045832.171	-643736.76	-1046002.53	3.8896
-738729.596	-1048735.65	-738647.803	-1048576.402	3.6052
-681718.699	-1074114.982	-681819.424	-1075513.693	15.8283
-736973.547	-1032504.996	-736802.978	-1032360.481	4.5185
-650131.51	-1066509.43	-650214.713	-1066673.462	2.1736
-692398.456	-1061029.368	-694183.55	-1060246.47	26.987
-824839.115	-1069927.949	-825371.854	-1070237.647	12.6313
-832038.178	-1033984.11	-831869.923	-1035242.397	16.1843
-641510.31	-1041433.74	-641469.563	-1041469.75	1.0883
-840762.94	-1019368.88	-843193.936	-1016635.188	41.1161
-739293.69	-1047605.51	-739283.4	-1047695.67	6.793
-842432.549	-1074785.903	-843630.218	-1072166.861	38.2709
-717802.91	-1000992.65	-718623.75	-999624.31	19.1018
-655104.85	-1047159.706	-655357.83	-1045018.11	27.8293
-767438.13	-1012797.07	-766845.45	-1013227.2	17.4244
-690428.86	-1055963.47	-690438.47	-1055956.5	0.1319
-831249.446	-1066452.545	-831257.801	-1066428.576	0.6386
-683702.25	-1051214.375	-684554.75	-1050209.14	16.103
-696876.45	-1050935.08	-696740.64	-1050853.74	3.1859
-848817.352	-1010040.504	-848832.896	-1010100.024	1.3884
-790045.962	-1008333.498	-788356.44	-1008594.32	23.7606
-784339.78	-1064535.65	-784722.5	-1063858.94	16.1389
-751684.123	-986198.741	-751684.279	-986129.648	0.7984
-843404.881	-1067301.967	-842414.62	-1068541.16	18.2645
-660761.31	-1032147.72	-659721.31	-1032357.81	14.7705
-796853.478	-1023502.277	-796919.145	-1022786.604	8.364
-676565.734	-1070767.609	-676562.503	-1071189.945	8.5217
-664329.19	-1026751.51	-663264.53	-1025565.94	21.3885
-676359.333	-1040833.919	-676199.203	-1040644.76	3.1612
-715951.33	-1001441.12	-715631.772	-1000548.948	14.9577
-681644.438	-1064569.375	-682321.453	-1062691.028	28.1768
-717931.68	-1074774.45	-718118.94	-1074538.02	4.1779
-783503.83	-1062042.29	-783270.84	-1064572.46	33.4126
-819904.908	-1026322.442	-825699.63	-1025635.04	47.0191
-663966.307	-1086317.794	-664329.433	-1088720.01	31.6306
-764160.43	-1016431.93	-764189.86	-1017649.5	13.6193
-776802.536	-1056510.053	-776923.94	-1056108.34	7.8615
-689296.152	-1058690.826	-689190.86	-1058576.02	2.8593
-843454.051	-1049428.271	-840909.551	-1048925.369	30.2786
-806738.412	-1068728.082	-804883.477	-1069352.662	24.522
-757684.89	-1039998.96	-757617.9	-1040036.349	1.5849
-677815.19	-1005964.39	-677292.61	-1004621.31	17.7655
-793463.21	-1003661.43	-792961.46	-1003326.84	11.1499
-792692.6	-1061893.44	-792658.885	-1061574.541	7.2824
-757862.35	-1039890.22	-758964.03	-1039865.74	8.8448
-807134.893	-993003.769	-807147.564	-993035.497	0.7465
-848391.013	-1010363.56	-848435.252	-1010297.065	1.785
-750218.82	-984501.81	-748266.93	-984834.88	23.5164
-756367.68	-1034367.46	-756000.029	-1034391.458	4.5045
-808139.24	-1000748.08	-806292.266	-1001722.804	57.8677
-665866.61	-1046285.2	-665856.66	-1046300.12	0.2596
-812045.072	-1017091.715	-812053.644	-1017077.163	0.479
-731000.5	-1084154.49	-731167.427	-1084387.649	8.544
-690566.15	-1055814.5	-690514.32	-1056005.92	2.2135
-739066.942	-1048837.079	-739324.81	-1048782.878	5.3127
-744688.54	-1048201.99	-744763.02	-1048332.52	3.0079
-679534.169	-1092199.13	-677459.533	-1091180.847	57.4931
-814942.43	-1022106.92	-815390.646	-1022572.468	12.9377
-646849.159	-1084496.077	-647294.454	-1084399.748	5.6516
-740685.2	-1040309.9	-740620.803	-1040195.542	2.6511
-701283.64	-1067708.34	-701874.05	-1068123.94	9.6125
-704454.2	-1014723.62	-704443.17	-1014666.94	0.7193
-773198.18	-978453.94	-773325.19	-978306.71	3.8957
-787213.5	-1068343.1	-787676.69	-1068629.84	11.3298
-769299.5	-971590.383	-768734.89	-972166.881	9.2
-751204.95	-1019753.38	-748000.61	-1017992.35	43.9793
-697616.116	-1037824.725	-697606.343	-1037839.97	0.7164
-672345.041	-1046919.799	-673016.767	-1047473.554	17.6655
-845119.71	-1014533.287	-844514.39	-1014430.18	7.3027
-736684.254	-983690.416	-736596.62	-982676.97	23.565
-744366.4	-1040022.85	-744438.125	-1041269.582	25.4279
-768005.2	-1028115.04	-767709.808	-1028302.294	10.4839
-646239.872	-1056008.99	-646911.078	-1057791.934	21.3536
-675688.767	-1054501.648	-675509.289	-1054207.776	6.9307
-773248.94	-978418.24	-773249.142	-978438.85	0.5684
-721719.49	-1032667.78	-723723.65	-1036423.04	41.1611
-752548.071	-1043362.204	-753519.32	-1044963.06	15.5907
-732619.431	-1016119.27	-732279.387	-1015521.642	16.0337
-808586.509	-1021248.665	-808198.273	-1023759.267	29.1049
-765487.184	-1056779.747	-762243.624	-1057488.376	49.6345
-791568.33	-1044904.05	-791225.796	-1045018.129	4.3614
-865295.346	-1015968.513	-865292.98	-1015988.686	0.4994
-784870.45	-977006.62	-784803.47	-976863.43	3.2844
-719044.051	-1038420.258	-718388.11	-1038712.794	19.8071
-773288.74	-978357.61	-773325.19	-978306.71	1.2521
-831265.27	-1057744.68	-831489.69	-1057699.8	4.6879
-683656.306	-1066705.409	-683503.31	-1066511.71	4.9401
-661199.843	-1057677.192	-660410.858	-1057065.693	19.9654
-661295.15	-1005380.04	-660048.533	-1007516.181	28.9087
-681671.06	-1048041.65	-681338.634	-1047574.395	6.4086
-662570.484	-1074158.653	-662317.088	-1075570.752	16.5659
-776923.94	-1056108.34	-777860.26	-1054906.91	36.4387
-788952.78	-1072079.93	-789047.504	-1072468.509	8.4913
-731101.12	-1041282.706	-731062.81	-1041276.39	0.7765
-776225.12	-1062572.7	-771664.289	-1062200.37	59.6756
-786539.735	-1007070.139	-787553.89	-1006945.17	11.6676
-771432.875	-995747.64	-771599.707	-995260.772	5.8693
-735402.99	-1027568.28	-735366.12	-1027297.32	5.4693
-674053.53	-1083790.15	-672245.998	-1083231.835	27.4696
-778856.69	-1029627.639	-776241.58	-1030084.29	20.5001
-664935.923	-1043309.049	-664716.84	-1041425.61	21.6544
-754614.23	-1035771.28	-754562.87	-1035818.81	1.3996
-656847.03	-1067663.14	-657654.09	-1066536.93	17.2826
-661617.63	-1011287.41	-661149.182	-1010762.684	7.8948
-869160.787	-1038295.034	-869430.152	-1039450.715	14.0349
-791555.94	-1006296.02	-788963.31	-1005173.23	55.7143
-798692.94	-1034078.43	-796891.93	-1033882.09	20.4695
-673848.98	-1000552.98	-674111.71	-1002397.2	35.3273
-756117.029	-1034221.27	-756367.68	-1034367.46	3.8157
-687080.844	-1085843.436	-687083.697	-1086022.321	2.5354
-689352.65	-1029592.58	-687757.878	-1028419.984	33.1245
-795649.836	-1074664.57	-797059.03	-1075094.57	16.7022
-777867.364	-1081970.849	-777612.74	-1081883.74	94.6019
-739344.58	-1033713.78	-739356.313	-1033691.125	0.6476
-772117.211	-1018247.012	-772803.63	-1017751.8	11.7239
-819884.348	-1026205.872	-819903.121	-1026210.436	0.4631
-767289.057	-1078300.438	-767507.91	-1078990.72	15.3875
-759614.391	-976477.019	-754384.573	-976431.956	79.315
-684294.67	-1001305.09	-686813.369	-999098.413	73.1538
-671323.556	-1013361.815	-671563.284	-1012981.47	15.8421
-647971.86	-1063967.988	-648070.13	-1064005.995	2.1077
-782566.51	-972839.89	-782478.45	-972725.89	3.3391
-645058.102	-1074054.935	-645062.731	-1074192.643	2.7565
-678306.819	-1002377.18	-678335.291	-1002373.392	0.4896
-798811.049	-1001939.102	-799398.713	-1001736.838	7.5985
-760235.44	-976189.76	-760110.712	-976177.525	2.5229
-800730.13	-1062538.77	-797346.87	-1064462.71	50.239
-751354.53	-1045701.18	-749056.74	-1045692.48	45.9682
-876018.18	-1021451.31	-870422.68	-1018207.71	51.8945
-697377.527	-992277.531	-696916.247	-991912.948	8.9629
-712566.42	-1009304.56	-712254.06	-1010026.6	32.4868
-741667.69	-1043280.41	-741616.98	-1043059.21	4.6028
-643621.025	-1046319.884	-643499.7	-1046185.71	4.2623
-763739.683	-972846.408	-766198.249	-972617.169	37.2671
-684501.01	-994670.16	-684393.618	-994662.914	2.2008
-653620.3	-1027061.15	-652693.444	-1028466.555	19.3908
-769366.7	-971553.53	-769299.5	-971590.383	1.6309
-850583.541	-1050505.684	-850853.76	-1050620.43	3.4843
-779253.26	-1007091.45	-773107.31	-1004082.68	109.2935
-874121.601	-1018592.013	-870593.16	-1017566.94	54.3858
-799077.81	-993548.97	-798369.909	-993481.638	8.1359
-748623.581	-1025255.676	-748503.37	-1025506.13	10.1409
-644350.08	-1074464.718	-644353.789	-1074449.201	0.53
-731089.392	-1056745.661	-731071.433	-1056596.404	1.6709
-797204.328	-1069117.112	-797607.34	-1069337.13	5.2144
-664882.56	-1076094.25	-664324.403	-1076602.339	8.5347
-815238.312	-1070947.234	-815262.352	-1070819.168	5.1145
-817712.43	-1060613.02	-816333.79	-1059270.97	34.8029
-669370.36	-996831.38	-667781.704	-997044.63	41.5571
-731077.477	-1028160.791	-730954.25	-1028290.05	1.9848
-683295.221	-1065172.013	-683310.861	-1065188.496	0.5264
-664722.059	-1069286.88	-664530.55	-1069222.12	2.2463
-848771.631	-1050724.211	-850583.541	-1050505.684	23.486
-721299.06	-1082392.31	-721740.02	-1083953.92	19.4519
-668163.57	-1049062.769	-666729.59	-1050581.34	24.2645
-747889.099	-1030600.482	-745978.33	-1031442.64	27.1442
-888772.284	-1015884.342	-889229.403	-1015636.114	10.4125
-869828.387	-1037680.321	-869846.944	-1037645.178	1.1946
-777773.68	-981956.07	-775704.41	-982371.16	28.8525
-695101.87	-1011495.99	-696714.09	-1009872.17	26.4196
-653047.62	-1067925.5	-654990.782	-1070102.447	33.1729
-821508.375	-996043.109	-820516.732	-995220.081	14.3802
-741595.796	-1042546.691	-741640.709	-1042597.162	1.5453
-879599.56	-1020720.76	-876365.0	-1021461.157	26.6753
-697671.988	-1037727.436	-697681.065	-1037708.139	0.9976
-687324.26	-1004263.0	-687297.019	-1004332.947	0.8341
-671942.405	-1039583.898	-670645.41	-1038343.34	20.9153
-812849.834	-1049467.983	-812925.859	-1049067.757	8.073
-806173.04	-1047531.5	-804849.234	-1045543.833	31.5739
-757922.63	-1027951.45	-757717.93	-1027868.5	2.4661
-726502.432	-1070523.304	-726412.52	-1070532.723	2.5008
-765150.999	-983372.343	-764859.74	-983493.05	3.882
-649095.29	-1047681.46	-649047.638	-1047670.39	0.5437
-704605.586	-1052472.046	-702984.99	-1052881.869	18.5763
-718388.11	-1038712.794	-719056.33	-1041002.22	31.0033
-779866.125	-983130.25	-779864.28	-983031.63	1.225
-869783.194	-1015873.868	-870837.45	-1016849.88	21.1074
-848944.39	-1000411.63	-853804.223	-995401.259	85.7482
-747595.566	-1068754.193	-746816.113	-1067439.618	23.6536
-803623.961	-1001321.414	-807625.76	-999569.73	57.462
-757895.356	-1040240.583	-757866.583	-1040250.534	0.7475
-697622.34	-1037173.95	-697681.065	-1037708.139	11.2125
-743379.756	-1056348.83	-742527.18	-1056846.75	14.1004
-697475.25	-1022769.4	-697472.53	-1017427.37	66.14
-887146.313	-1006165.878	-887135.399	-1006153.178	0.4521
-676102.921	-1060763.556	-675684.47	-1060626.73	5.3934
-671677.361	-1084068.87	-671566.691	-1083348.848	8.5491
-694183.55	-1060246.47	-694090.198	-1059571.054	8.5888
-823879.001	-1066547.6	-822661.746	-1066512.685	25.6732
-804289.254	-1076350.861	-804232.895	-1076280.818	1.847
-796978.76	-1006899.82	-793798.06	-1006808.01	40.6598
-794092.3	-983129.35	-794154.973	-983095.205	0.811
-767089.88	-999138.78	-768950.04	-999418.05	22.7878
-739943.73	-986995.68	-738989.588	-987015.568	12.3558
-664806.557	-1035882.905	-663890.85	-1032957.57	34.916
-740325.08	-1025842.42	-740042.44	-1023752.96	26.0711
-646910.36	-1044622.04	-648037.819	-1045341.882	15.3348
-644083.61	-1053792.21	-644022.3	-1053280.01	5.9292
-825810.194	-1048982.067	-822549.266	-1049264.447	42.2557
-708340.625	-1014167.897	-707699.04	-1013592.41	19.8798
-856054.003	-1059724.33	-855315.385	-1062627.136	36.6661
-873685.2	-1034190.17	-873737.772	-1034144.285	0.7753
-716040.63	-1064652.88	-716349.222	-1061215.837	58.8368
-857589.02	-1066880.62	-857682.671	-1066757.76	2.1334
-864781.377	-1022291.407	-864728.2	-1021041.49	17.7183
-743813.524	-1069243.996	-743769.558	-1068847.742	11.567
-867721.497	-1015612.621	-867786.715	-1015660.673	1.7127
-785295.194	-1064511.86	-784901.71	-1064680.23	9.3367
-876719.98	-1013377.32	-875290.624	-1010744.429	39.1282
-694069.151	-1040314.036	-694046.537	-1040418.3	8.4981
-741982.434	-1043721.781	-741826.92	-1043491.34	5.6047
-840443.48	-1008932.252	-840379.37	-1008893.03	1.5768
-762589.597	-1038670.466	-762732.21	-1038615.428	1.1759
-719699.97	-1085550.72	-719861.2	-1086288.44	8.9549
-693741.06	-1070969.8	-693911.362	-1072521.499	19.5518
-697706.206	-999723.703	-697594.667	-999708.68	2.3265
-763796.37	-983171.0	-764859.74	-983493.05	13.4524
-681451.6	-1009391.922	-682169.978	-1009800.329	14.8104
-829250.68	-1058476.11	-829183.22	-1057270.09	13.8134
-674100.64	-991599.67	-671606.35	-994148.73	62.3759
-783872.32	-1065262.31	-783889.677	-1065255.525	0.5284
-843874.48	-1024036.87	-845865.288	-1027535.4	92.0386
-786279.05	-1018486.27	-785735.402	-1018921.227	23.2165
-763457.945	-1022252.058	-763530.548	-1022285.521	0.9991
-820718.29	-1063652.81	-820743.22	-1063814.623	1.8349
-803594.969	-1011418.323	-805450.508	-1012456.415	23.7242
-740142.03	-1084688.17	-739754.02	-1084468.32	5.2238
-712241.19	-1070905.53	-710766.209	-1070158.688	28.363
-827897.646	-1061881.878	-828344.886	-1060176.523	22.394
-691161.547	-1066271.947	-690298.86	-1066702.72	11.642
-755689.59	-1023919.41	-757183.1	-1024611.37	20.735
-662554.79	-1022817.848	-660725.035	-1020574.153	34.8657
-824264.95	-1072040.14	-824233.11	-1071922.28	2.45
-732679.47	-1019169.05	-733678.335	-1015348.638	52.0187
-695525.99	-1038429.14	-695497.4	-1038523.04	1.4632
-647874.46	-1024284.84	-649066.35	-1023932.14	13.9756
-647963.442	-1054468.654	-648028.985	-1054558.072	2.2176
-837870.45	-1059772.66	-840611.07	-1059465.3	40.0792
-711034.162	-1025892.359	-711022.23	-1025781.77	3.1185
-740237.39	-1030261.3	-741678.677	-1028204.395	27.9116
-677372.075	-1077135.169	-676150.707	-1076182.597	17.5274
-640589.158	-1024405.023	-639773.159	-1023292.951	18.3459
-778021.16	-971960.759	-778007.904	-971981.198	0.762
-668395.94	-1085313.12	-668968.561	-1086290.602	12.9977
-763361.35	-993086.1	-763174.39	-993076.53	4.2563
-685365.419	-991199.758	-685505.55	-990812.11	4.5999
-755041.005	-1016854.325	-754021.26	-1013818.2	35.663
-757062.77	-1070140.36	-756668.73	-1074707.95	72.5678
-806746.5	-996395.04	-806811.551	-996407.544	0.8536
-867341.426	-1012987.657	-867652.35	-1012406.82	13.1889
-683485.717	-1066495.028	-683290.106	-1065208.565	33.288
-733675.105	-1015316.557	-733678.335	-1015348.638	0.8332
-671756.449	-1089521.72	-669667.176	-1090853.117	29.762
-868650.468	-1043225.142	-869054.945	-1041051.578	27.0407
-749200.17	-1044117.16	-749312.721	-1044251.85	3.7469
-773495.77	-1055868.64	-773333.358	-1056036.651	4.6793
-712180.97	-1055894.97	-711342.154	-1053447.008	28.9568
-843874.48	-1024036.87	-844388.004	-1021825.916	29.5087
-799641.456	-1019865.034	-799422.03	-1018359.27	23.2342
-806838.96	-989705.95	-806965.18	-989759.4	2.7416
-687258.748	-1064722.219	-686461.341	-1063475.722	17.7149
-759083.146	-1033695.525	-759056.26	-1033704.719	1.1415
-705511.49	-1044535.7	-705261.63	-1044465.61	2.905
-728843.855	-1039330.22	-728301.83	-1039146.96	11.4977
-776434.877	-977166.515	-776297.19	-977282.515	3.6263
-781617.16	-985767.32	-779817.024	-983152.727	53.3184
-701306.53	-1062771.45	-701597.527	-1060360.695	32.3893
-720459.31	-1084859.54	-719964.66	-1084640.61	7.2407
-653437.442	-1023375.294	-653408.243	-1023374.751	0.9598
-781617.583	-1060871.373	-781656.319	-1060949.682	0.9779
-712833.882	-1078862.126	-712776.782	-1079029.394	2.0876
-734692.347	-1043618.588	-734732.83	-1043650.65	1.0575
-854300.61	-1040188.13	-854289.81	-1040087.67	1.1615
-707704.35	-1049529.74	-708693.97	-1050118.96	16.1258
-725971.83	-1049155.86	-725605.77	-1048990.89	8.3781
-671549.72	-1006754.72	-670965.53	-1008802.41	25.7003
-741909.34	-1056805.55	-742057.5	-1057042.55	5.7714
-783587.85	-1031452.41	-783225.21	-1030316.79	17.1921
-681667.189	-1030216.736	-681384.234	-1030466.916	4.2549
-755110.84	-1000537.22	-755485.379	-999853.998	12.1902
-770190.57	-1053825.54	-770118.517	-1053941.916	2.8954
-645187.107	-1032010.729	-645267.57	-1031669.73	4.7942
-762921.827	-973598.762	-763739.683	-972846.408	22.4271
-794125.83	-1044350.99	-794604.85	-1045594.51	20.2983
-751048.998	-981028.811	-751080.485	-980975.691	0.6963
-726485.929	-1070435.268	-726613.874	-1070501.729	3.1945
-747272.377	-1064367.253	-748922.553	-1064209.42	31.9144
-782560.95	-1028351.4	-780763.21	-1026689.94	30.2017
-655878.4	-1018527.01	-655843.43	-1016058.73	31.8817
-887593.216	-1019848.564	-887848.073	-1019869.021	2.8415
-860758.589	-1054468.445	-861926.052	-1054000.596	14.0487
-783889.677	-1065255.525	-783892.43	-1065270.8	0.3856
-735705.76	-1007865.98	-734667.55	-1006388.29	22.8526
-821956.529	-1064924.03	-822200.559	-1065744.456	11.1401
-805259.48	-994166.93	-807283.22	-992058.13	33.2276
-749350.147	-1004412.107	-749333.922	-1004411.141	0.4617
-640470.79	-1051656.34	-642679.84	-1051189.81	27.8574
-795883.692	-986069.676	-795545.325	-986086.86	3.848
-676072.97	-1057055.44	-675285.676	-1056729.511	9.5523
-688899.57	-989589.51	-688948.56	-990840.02	15.4873
-742089.043	-1049140.504	-742010.451	-1049097.212	1.8012
-649239.558	-1060856.153	-649359.526	-1060736.691	3.3863
-758452.442	-1058156.074	-758586.27	-1057603.82	7.0372
-671788.98	-1013525.17	-671278.02	-1014903.47	18.9448
-734660.609	-972473.815	-734779.913	-971952.94	6.0426
-687615.17	-1025887.1	-687058.38	-1025912.7	11.8185
-751633.55	-1062340.88	-751611.11	-1061840.96	10.0544
-683198.19	-994624.7	-682369.656	-994478.593	17.3659
-770605.67	-1066032.74	-770770.45	-1066037.26	1.8671
-792335.7	-1064165.62	-792692.6	-1061893.44	29.3936
-743505.628	-1006017.643	-745761.813	-1003659.195	43.6714
-647672.21	-1055476.25	-647715.52	-1054537.59	19.4836
-661534.9	-1056956.81	-661199.843	-1057677.192	16.9116
-730635.99	-1041909.89	-730667.11	-1042312.4	8.0901
-670357.22	-1080322.771	-668719.83	-1079577.06	60.9757
-746254.654	-1054216.692	-746224.654	-1054171.412	1.1012
-703440.6	-1044823.18	-703259.82	-1045208.71	4.9392
-645204.688	-1042734.375	-645182.125	-1042740.125	0.7553
-668761.442	-1007202.62	-670016.23	-1007047.13	20.123
-697095.23	-996864.93	-696561.63	-996196.47	15.3038
-762482.866	-1038804.222	-762593.868	-1038824.962	1.6302
-648881.23	-1019906.8	-648142.26	-1020670.59	12.9867
-808428.86	-1008377.375	-809228.339	-1008664.888	9.4664
-711914.43	-1022050.9	-711896.42	-1021996.28	0.6392
-787970.43	-1063151.69	-788186.2	-1063310.5	5.4884
-652006.89	-1070514.59	-653003.451	-1071333.469	15.1732
-761419.84	-1044328.57	-761255.95	-1042461.59	22.1864
-844159.33	-1005098.186	-844176.69	-1005150.86	0.877
-736806.057	-1036906.288	-736800.71	-1037745.99	16.9956
-728436.074	-1061012.176	-728282.37	-1061023.04	1.8962
-748375.322	-995418.19	-746987.53	-995071.76	35.4344
-746077.791	-1054052.872	-746092.389	-1053933.229	2.5067
-669023.951	-1044630.631	-668300.58	-1045107.33	17.3288
-757786.655	-988530.705	-757507.661	-987496.265	16.5869
-786786.88	-1066576.34	-787208.275	-1066172.509	12.4569
-640498.45	-1043240.46	-641152.528	-1043280.12	13.9732
-645953.826	-1035165.121	-646608.894	-1035148.209	7.3696
-681321.048	-1064389.756	-681287.458	-1064635.702	5.7455
-667752.29	-998041.55	-670055.86	-1000818.7	74.3818
-736689.21	-1080041.06	-734896.444	-1079592.009	22.5267
-726648.74	-1068045.3	-725038.0	-1067234.92	28.5657
-786786.88	-1066576.34	-788124.72	-1067166.53	18.6389
-645624.534	-1084805.598	-646860.963	-1084552.205	14.4066
-791151.33	-978540.3	-791116.66	-978532.24	1.0729
-643963.03	-1072646.66	-643351.07	-1073096.02	8.7135
-711965.234	-1040703.688	-711845.47	-1040741.69	1.3964
-745929.853	-1052838.5	-746031.36	-1052928.029	3.0586
-795395.58	-979342.28	-797337.54	-979437.12	22.6748
-644167.988	-1071592.408	-643225.852	-1071268.715	11.1188
-724042.005	-1034642.051	-721909.138	-1036103.039	30.1521
-735050.04	-1025264.38	-734995.56	-1025187.18	1.9286
-766353.786	-1023253.612	-765351.032	-1023102.423	11.5523
-727830.699	-1058743.388	-727756.552	-1059544.567	9.3146
-847134.79	-1070900.84	-847167.96	-1070922.91	0.4904
-819693.42	-1074553.76	-819830.35	-1074417.23	3.876
-859427.814	-1012787.461	-859614.98	-1012914.35	5.0534
-772303.679	-1081833.637	-768538.32	-1082897.61	43.9441
-778073.878	-1024982.951	-777982.972	-1024849.3	15.9664
-645801.901	-1075686.843	-645584.93	-1076519.18	9.6866
-772848.17	-1031515.65	-772764.25	-1031598.74	0.9084
-866412.755	-1007295.052	-866304.12	-1007000.304	3.6594
-831484.068	-1037952.979	-829589.15	-1040948.8	47.5935
-775670.719	-1064925.753	-775508.24	-1065095.71	2.6384
-825237.48	-1076489.32	-825473.181	-1076978.825	15.4126
-794604.85	-1045594.51	-796118.31	-1046052.3	27.3905
-773213.54	-971852.23	-773086.617	-970913.716	853.2912
-683274.436	-1065192.111	-683295.221	-1065172.013	0.7661
-887978.012	-1019360.905	-887878.164	-1019149.612	2.6976
-741544.581	-976482.751	-738259.6	-972740.61	68.442
-713662.754	-1023813.781	-711277.73	-1024644.39	31.6607
-771749.039	-1060604.088	-771713.29	-1060382.695	2.5167
-736357.239	-1013771.455	-736357.408	-1013749.458	0.3062
-867704.25	-1017459.2	-867827.291	-1017310.473	3.8605
-795679.997	-1064193.145	-794503.91	-1062120.49	29.6237
-781254.31	-1068262.15	-781439.88	-1068713.46	5.4224
-784901.71	-1064680.23	-784199.89	-1065298.81	13.6523
-773582.53	-1064914.68	-771235.7	-1064736.98	29.3157
-743588.968	-1006059.4	-743505.628	-1006017.643	1.8651
-646819.494	-1068479.874	-646734.244	-1068620.938	2.0005
-864273.56	-1014862.79	-864247.19	-1014848.59	0.4563
-770029.944	-979827.303	-770075.309	-979937.134	1.3203
-737780.89	-1073920.26	-737011.75	-1074812.7	15.2142
-756498.84	-1080484.19	-756787.96	-1074718.42	159.1081
-731518.85	-1042053.79	-731589.68	-1042036.91	1.6765
-656820.64	-1049277.7	-655601.323	-1051831.086	32.0995
-789851.337	-1027166.723	-794131.975	-1026382.306	33.994
-674462.4	-1055955.03	-674109.19	-1055995.069	4.0283
-756555.782	-970472.63	-757206.81	-969692.0	12.0279
-799213.12	-993419.47	-804085.47	-991997.42	59.5978
-845669.45	-1007913.1	-845783.24	-1007906.04	1.3533
-643243.894	-1082911.687	-642120.637	-1083459.658	18.6772
-646180.626	-1074049.63	-645801.901	-1075686.843	19.0034
-700549.976	-1016985.471	-702154.39	-1017063.32	18.8315
-821898.958	-1062434.179	-820973.902	-1062163.172	20.7062
-684821.8	-1085771.56	-684605.571	-1086629.908	9.9374
-747917.66	-1033945.33	-747854.476	-1033972.682	1.4572
-783557.32	-996606.88	-784281.09	-996224.5	9.9252
-840004.527	-1070667.351	-840159.538	-1070577.962	1.3766
-830045.471	-1073007.368	-829983.056	-1072969.188	0.8314
-689507.87	-993288.37	-689477.71	-993270.639	0.3887
-837490.184	-1064292.459	-837178.639	-1063571.313	10.4666
-696029.607	-1045263.951	-696152.46	-1045284.59	1.4531
-801002.08	-1032379.022	-798692.94	-1034078.43	35.5792
-750386.47	-1031592.81	-751008.14	-1030205.85	17.4787
-670217.063	-1047532.375	-670302.753	-1047033.774	5.6723
-729975.212	-1063167.207	-730283.513	-1063285.34	10.6236
-695271.118	-1026511.729	-695425.18	-1027294.18	8.8612
-743452.955	-980028.534	-746750.122	-981687.967	53.6619
-689683.664	-1046665.256	-689527.613	-1046455.283	5.3687
-686113.07	-989171.44	-686155.73	-989128.63	0.6804
-859395.01	-1012018.42	-859405.76	-1012005.62	0.4101
-773612.564	-1055454.584	-773612.74	-1055153.42	6.499
-775826.218	-1014683.062	-775845.511	-1014684.31	0.2189
-778592.53	-1048743.11	-777218.53	-1048643.03	15.3622
-880106.128	-1017037.521	-880059.211	-1017014.859	0.5791
-757394.943	-976131.008	-757405.719	-976101.992	0.7519
-770582.61	-973150.378	-770343.531	-971797.563	32.3348
-855562.12	-1009290.98	-853201.371	-1010579.777	45.6301
-802221.716	-997025.126	-801455.048	-996994.848	21.5746
-728916.517	-986860.571	-729566.13	-985317.67	22.774
-753610.332	-1055794.016	-755278.67	-1057002.28	34.3922
-720771.59	-1032714.03	-718519.86	-1032019.4	27.8549
-825652.86	-990284.21	-825397.11	-990236.59	3.0295
-828092.939	-1076328.197	-827417.792	-1075394.971	25.7504
-644749.829	-1095929.772	-642292.66	-1093616.92	100.1697
-700139.11	-1067678.62	-700209.914	-1067581.49	1.3489
-673976.137	-1069265.756	-673983.56	-1071086.53	20.236
-778936.284	-1029982.018	-778937.795	-1029962.107	0.4739
-649134.45	-1027880.01	-648783.95	-1028159.26	5.0283
-834410.647	-1056690.533	-834226.849	-1055705.381	15.299
-702989.2	-1089128.57	-702961.865	-1089131.717	0.3057
-843040.578	-1020185.817	-842649.229	-1017088.561	71.5949
-757420.204	-1040997.825	-759598.97	-1042857.56	33.8445
-764178.213	-995931.718	-764512.253	-997703.884	22.9411
-725329.222	-978326.922	-725401.005	-978434.604	2.651
-852241.709	-1051299.341	-851841.895	-1052516.61	18.3689
-738953.985	-1055720.43	-740173.965	-1056481.452	20.9563
-684709.56	-1008697.17	-683525.776	-1008619.715	23.7654
-652355.284	-1084513.846	-652391.738	-1081209.243	62.9801
-687775.651	-1070719.93	-689533.77	-1072698.38	37.4049
-728409.01	-1060385.74	-728218.96	-1060617.02	3.7421
-780131.226	-975110.78	-780145.673	-975109.629	0.3768
-654058.89	-1033547.74	-652384.421	-1032220.303	25.234
-696666.688	-1001067.998	-696639.975	-1001044.38	0.9324
-661877.34	-1025173.71	-661656.125	-1025070.62	2.7307
-820192.47	-1025296.08	-822685.42	-1024554.84	37.6967
-777731.902	-1012696.134	-778014.027	-1012372.889	4.7718
-648563.304	-1072847.197	-648172.926	-1073424.829	9.9575
-741510.877	-1056076.422	-741909.34	-1056805.55	16.7484
-755153.65	-1035285.29	-754614.23	-1035771.28	14.5215
-819281.972	-1075718.149	-819300.52	-1075731.24	0.5967
-865130.137	-1016067.314	-865134.846	-1016050.066	0.4109
-652907.021	-1011415.196	-653289.56	-1010452.73	32.0682
-648119.937	-1065264.0	-646321.017	-1065809.304	21.2115
-738117.97	-1025342.62	-738223.133	-1026283.648	11.081
-720286.94	-1041210.65	-719056.33	-1041002.22	14.0866
-689532.0	-1025551.84	-689199.57	-1027006.85	19.8763
-847130.532	-1051437.448	-845844.331	-1051867.902	18.0659
-877326.558	-1024920.661	-876292.761	-1024704.267	12.3903
-784908.833	-1026959.149	-784696.252	-1027101.178	5.2643
-858726.45	-1014810.57	-864247.19	-1014848.59	91.774
-788332.392	-1032922.155	-788623.02	-1030555.81	33.169
-649268.93	-1019995.56	-649184.804	-1019796.781	4.4406
-849530.54	-1064841.58	-849508.0	-1064854.5	0.6268
-820845.98	-1077385.69	-819756.53	-1076870.55	9.808
-661439.501	-1059459.582	-661247.788	-1060001.457	11.9074
-790611.107	-1005098.447	-790781.372	-1005118.501	1.3203
-790807.11	-991409.08	-790841.527	-991416.733	0.8124
-649508.86	-1018964.207	-648462.99	-1018258.48	19.5327
-858314.518	-999543.567	-858225.57	-999249.575	6.6081
-721423.83	-1050459.84	-721590.121	-1050351.776	4.7492
-736406.053	-979182.316	-734924.513	-978114.676	24.5429
-857239.13	-1033987.9	-858426.41	-1035078.25	20.3516
-729694.704	-1025204.159	-728376.395	-1025974.213	18.3149
-757990.39	-1037666.66	-757993.91	-1037860.61	4.4715
-778337.115	-1058982.337	-778337.704	-1058911.818	0.7925
-790841.527	-991416.733	-791903.53	-991074.62	24.1419
-751561.493	-1027770.122	-751583.2	-1027700.11	1.4703
-701209.452	-1012443.428	-701202.59	-1012387.6	0.625
-663359.46	-1018151.53	-661815.94	-1019747.04	24.9326
-756259.96	-1043181.71	-756262.518	-1042486.952	8.2807
-824002.89	-1011428.37	-824204.341	-1011429.901	2.2388
-684400.46	-994761.98	-684006.087	-995110.848	10.7392
-701544.95	-1038146.17	-701644.05	-1039147.18	12.2716
-887155.508	-1006158.106	-887686.7	-1006062.205	12.3711
-811581.538	-1037657.666	-812042.47	-1038338.51	9.5852
-742706.84	-978617.51	-744173.3	-977698.49	20.0513
-730606.32	-1042945.66	-730320.71	-1043500.64	12.0021
-652756.916	-1044690.62	-652577.566	-1044757.953	2.1681
-815246.656	-1034011.793	-815421.1	-1032960.99	13.2895
-836254.049	-989704.778	-836190.341	-989605.311	1.3125
-718657.29	-1012418.59	-717527.23	-1013320.72	18.2205
-771884.49	-1066599.35	-773400.23	-1067433.99	20.5486
-767289.057	-1078300.438	-765916.1	-1077914.45	17.0739
-845230.462	-1031772.156	-845263.628	-1031836.868	1.7547
-794250.59	-993522.31	-793545.34	-994549.28	14.8719
-711918.85	-1011810.7	-713116.293	-1012546.008	24.2635
-873151.075	-1009409.353	-873251.51	-1009335.742	2.5004
-836451.432	-1060362.732	-836841.03	-1059468.24	12.2427
-684719.07	-993999.7	-684613.46	-993964.07	4.5799
-698639.7	-1060855.31	-697119.277	-1060869.356	20.4892
-703858.334	-1077728.229	-703733.09	-1077097.09	7.8757
-757043.375	-1065616.625	-757880.474	-1066161.822	33.4404
-750114.58	-1032506.51	-751004.0	-1032435.41	10.1415
-824204.15	-1071970.83	-824159.63	-1072003.69	1.2138
-762907.221	-1050623.978	-762857.67	-1050705.85	1.9196
-766078.87	-995475.49	-766387.618	-994639.022	15.8773
-781791.85	-1046868.86	-783000.21	-1044291.56	48.9617
-785328.31	-998693.36	-786598.47	-996189.5	41.3393
-850752.894	-1062275.087	-851756.305	-1060741.82	20.9016
-779581.63	-996086.33	-778670.37	-996668.12	12.1005
-725056.337	-1061722.984	-726358.191	-1060831.418	21.4495
-645335.65	-1017763.32	-644574.91	-1017783.154	62.4415
-853804.223	-995401.259	-851345.22	-995275.32	29.1038
-776056.529	-1014620.924	-780690.837	-1009425.779	55.0857
-696713.71	-1058468.95	-695647.36	-1055686.91	46.8558
-769951.24	-995580.14	-769880.895	-995328.962	3.1059
-680357.0	-1083620.75	-681012.997	-1084397.104	12.9403
-751385.125	-1060360.375	-754722.88	-1063440.97	43.5335
-729485.542	-1080870.234	-729502.351	-1080841.587	0.8798
-828544.984	-1071974.834	-828665.07	-1071994.602	1.3836
-734745.64	-1045801.2	-734574.82	-1045751.64	3.5573
-810740.903	-1045606.441	-813176.459	-1046589.393	34.9808
-731655.538	-981365.218	-732274.605	-983184.859	22.941
-748577.42	-1028355.95	-748666.48	-1028418.07	1.231
-873639.53	-996190.27	-872762.508	-995169.136	17.627
-778280.43	-1058590.03	-778327.952	-1058733.938	1.8206
-754021.26	-1013818.2	-753251.75	-1011154.9	30.9829
-726600.6	-984492.426	-726612.203	-984522.03	1.1132
-798369.909	-993481.638	-794104.53	-993257.69	66.0549
-656632.919	-1092332.619	-658009.514	-1090999.15	24.9054
-847167.96	-1070922.91	-850124.003	-1069427.642	40.1369
-706759.61	-1036013.73	-707402.253	-1032529.49	56.787
-751869.49	-1007496.09	-751860.75	-1007434.16	0.6961
-719175.82	-1016530.84	-717856.3	-1014038.06	38.5313
-689380.5	-1058492.11	-689190.86	-1058576.02	4.1567
-643930.173	-1040600.159	-643945.735	-1040608.472	0.4138
-754998.283	-1004807.696	-752718.19	-1006076.97	34.1924
-849872.823	-1008152.813	-849514.114	-1008336.564	8.3671
-778474.39	-1028402.49	-777169.55	-1026711.9	36.3752
-657115.409	-1031419.73	-656246.977	-1031448.069	9.9378
-700207.76	-1047783.05	-699220.65	-1048191.68	41.9612
-771409.02	-1011313.29	-771307.799	-1010415.405	18.1607
-867829.675	-1006778.003	-867798.626	-1006764.106	0.4953
-687593.77	-1028876.38	-685851.715	-1028328.107	25.2481
-755006.918	-980759.374	-756347.37	-981644.63	22.6951
-736400.99	-999479.99	-733380.49	-1000976.91	39.3886
-653645.72	-1010375.37	-653126.72	-1010249.25	12.1614
-747683.923	-1064691.835	-747595.566	-1068754.193	57.5265
-819732.27	-1074394.07	-819832.02	-1074318.32	2.9938
-686986.884	-1071591.448	-686449.841	-1071523.354	7.2763
-764886.883	-1011569.505	-764858.67	-1011509.36	0.8389
-656108.2	-1048690.63	-656033.2	-1048570.81	2.9772
-647250.053	-1071710.344	-647278.364	-1071808.632	2.0797
-713295.679	-978166.798	-713162.22	-977605.93	6.4569
-645678.184	-1042706.549	-645849.286	-1042703.925	3.4241
-684305.309	-1035339.364	-684255.005	-1035594.066	4.1894
-759455.821	-1051347.97	-760611.745	-1052040.79	18.4082
-684254.372	-1061788.584	-682654.13	-1059857.1	31.2007
-672187.325	-1079729.021	-670729.731	-1080489.678	18.9057
-674506.896	-1042179.33	-674183.763	-1041261.532	11.4427
-778958.856	-1029962.33	-778955.724	-1029983.97	0.5374
-667401.048	-1083330.838	-668279.711	-1080673.348	33.1613
-723891.868	-1036670.09	-723901.304	-1036730.429	1.2923
-751360.12	-1060296.04	-751335.31	-1060211.99	1.7547
-789573.256	-1027143.939	-789466.776	-1027126.16	0.8304
-669164.547	-1002715.107	-669134.93	-1002948.15	6.152
-705984.986	-1061501.398	-706947.95	-1063003.73	21.4247
-775531.069	-1033630.147	-775553.045	-1033605.881	0.8353
-690737.62	-1056009.16	-690526.88	-1056042.24	2.3722
-671823.776	-1036449.887	-671373.9	-1036765.69	6.6199
-734591.1	-1022240.55	-734509.96	-1021489.88	8.4296
-726492.92	-1053565.89	-726367.226	-1053620.562	2.8467
-729237.237	-1080921.973	-729082.113	-1079284.231	45.7135
-669095.228	-1010861.663	-669109.184	-1010833.617	0.7657
-711730.929	-983702.925	-706039.03	-984003.299	67.2165
-701751.9	-1074551.6	-704435.36	-1073675.45	39.078
-684564.84	-994047.521	-684506.17	-994253.69	4.3231
-807229.254	-1046838.007	-808952.21	-1046616.25	21.5554
-727363.065	-993004.762	-727201.508	-993032.23	1.9103
-864909.972	-1059365.861	-866784.561	-1055673.503	47.7527
-842891.95	-1010664.03	-842743.14	-1009995.94	21.8699
-657604.594	-1030395.592	-656801.134	-1030373.695	9.7071
-779817.024	-983152.727	-779438.186	-982631.217	7.2149
-794092.27	-1044078.55	-793534.567	-1044243.719	8.2145
-699233.42	-1027118.96	-701868.37	-1027853.58	33.1085
-827571.154	-989063.969	-828138.18	-988352.21	11.6157
-667319.162	-1033690.175	-667352.5	-1033680.38	0.3871
-738606.8	-1049522.898	-738599.863	-1049584.498	1.2398
-695801.17	-1066068.47	-694942.03	-1066235.48	9.8012
-688387.54	-1023531.44	-688841.052	-1024527.626	12.7394
-736662.005	-983697.37	-736684.254	-983690.416	0.5681
-804955.382	-988969.297	-805046.157	-988856.915	3.2876
-760301.72	-1080143.79	-757206.48	-1080755.63	39.1743
-794811.08	-1026343.35	-796287.08	-1026341.75	16.4002
-831254.004	-1022479.198	-830028.817	-1021447.07	26.705
-853227.3	-1005277.26	-853238.64	-1005290.72	0.2903
-732274.605	-983184.859	-729289.497	-983206.612	35.7867
-738730.478	-1049064.169	-738729.596	-1048735.65	7.1898
-676923.61	-1083106.525	-676292.366	-1082313.565	13.7574
-762389.33	-1024817.88	-761986.299	-1025253.683	6.7072
-671541.458	-994226.952	-671513.114	-994230.191	1.5024
-734188.66	-994647.45	-733726.22	-994819.81	5.9219
-715277.1	-1058561.07	-714141.655	-1058451.069	13.3162
-754549.701	-1063563.589	-754526.906	-1063536.551	1.0873
-749006.06	-998903.22	-748399.66	-995948.99	44.9565
-728304.716	-1060992.768	-728352.935	-1060877.851	1.4773
-752617.83	-1022577.89	-752902.44	-1021343.86	14.2364
-649269.117	-1061763.106	-649218.969	-1061762.193	1.0136
-681667.189	-1030216.736	-682027.42	-1029897.82	5.4825
-739172.11	-1048818.336	-738606.8	-1049522.898	20.6736
-870597.7	-1010531.22	-871218.027	-1009557.177	12.8879
-648070.13	-1064005.995	-648184.802	-1063849.961	4.9351
-807299.173	-1072508.732	-806713.478	-1072855.768	17.6024
-684543.09	-994078.52	-684737.03	-993826.28	6.5358
-749525.97	-1004500.69	-749538.31	-1004515.68	0.7365
-776861.68	-975078.71	-777343.21	-973974.16	13.462
-732252.61	-1055216.55	-731693.313	-1055903.791	17.7385
-751513.932	-1045689.238	-753429.609	-1045777.357	21.3587
-655104.85	-1047159.706	-654890.74	-1047168.19	4.9103
-792391.06	-978518.12	-792398.72	-978527.25	0.294
-887686.7	-1006062.205	-887961.944	-1005909.762	6.6307
-753228.46	-994109.99	-752956.469	-994789.025	16.159
-768792.382	-1052767.449	-768628.177	-1052967.403	5.2257
-772422.27	-1081689.42	-772489.2	-1081807.14	2.0216
-645162.571	-1074255.841	-645182.381	-1074268.023	0.5734
-746316.93	-1007009.61	-746312.16	-1007135.22	1.4345
-670016.23	-1007047.13	-671577.98	-1006391.83	28.8116
-767740.81	-1033208.76	-767141.08	-1033645.5	15.5839
-771778.16	-1003400.94	-771474.379	-1001227.935	28.328
-733481.924	-975306.942	-734179.118	-976020.254	11.5886
-825231.354	-998609.884	-826005.685	-998194.328	12.6497
-672288.651	-1079657.96	-672187.325	-1079729.021	1.3902
-728273.927	-1055690.496	-728573.213	-1056053.118	9.4404
-804883.477	-1069352.662	-804450.558	-1069192.035	9.3232
-732372.051	-1073917.202	-731110.039	-1075403.317	23.3273
-745961.802	-1053732.583	-745989.314	-1053778.021	1.0626
-663966.307	-1086317.794	-661889.22	-1088148.474	31.7698
-773879.42	-1006095.68	-774403.2	-1006979.17	59.9333
-806475.528	-1072629.159	-806461.386	-1072628.937	0.3479
-752939.66	-1019805.72	-752755.865	-1019792.05	3.6932
-672245.998	-1083231.835	-672905.118	-1083829.117	10.272
-699758.44	-1004067.71	-698440.11	-1003270.46	19.0879
-720813.672	-1048330.845	-720089.47	-1048745.48	11.1931
-700889.801	-1078074.226	-701335.98	-1078650.64	8.1658
-642027.43	-1036100.23	-641446.88	-1034905.08	26.6037
-714019.39	-1030869.42	-714750.98	-1029446.53	18.0994
-773612.564	-1055454.584	-773668.627	-1055483.882	1.2687
-641797.64	-1041826.898	-641872.24	-1042982.81	27.4643
-730940.9	-1057524.13	-730916.04	-1057545.2	0.4223
-737554.58	-1032825.0	-737019.67	-1032551.039	6.7577
-851507.58	-1010767.77	-850345.49	-1010731.944	24.0186
-833504.056	-1025748.803	-832638.577	-1024569.831	27.5194
-760301.72	-1080143.79	-759690.42	-1080853.77	11.0304
-788207.126	-1059604.875	-785384.123	-1060572.777	36.1811
-704510.14	-1069420.73	-703134.46	-1068229.24	23.6238
-795458.379	-985806.939	-795476.89	-985874.3	0.7763
-871098.782	-1032753.124	-867995.32	-1031386.54	51.6734
-762950.25	-987344.438	-764814.858	-987645.533	34.7848
-824346.25	-1071995.96	-824275.24	-1072041.62	2.3364
-648052.94	-1054485.999	-648028.985	-1054558.072	1.6631
-754919.423	-988119.4	-755491.16	-987131.1	15.7816
-671256.5	-1032769.5	-672598.24	-1032674.43	16.5132
-696258.275	-1045456.41	-696226.59	-1045571.556	2.0026
-743368.463	-1074569.017	-743901.651	-1074535.387	7.6071
-825205.903	-1022313.492	-825934.937	-1025464.152	44.4454
-730877.41	-1045434.47	-730886.13	-1045286.84	2.0293
-700845.442	-1010328.436	-698520.044	-1004628.598	58.8475
-682615.938	-1087826.567	-684561.902	-1087073.746	29.3902
-688201.86	-1053356.66	-688813.918	-1053272.906	10.3365
-783204.779	-1043769.819	-783758.47	-1044267.37	16.8095
-664820.182	-1035921.943	-664794.345	-1035907.611	0.7285
-819889.406	-1074361.676	-819160.85	-1074892.36	18.392
-647120.25	-1032718.03	-647990.36	-1032865.77	12.1792
-685568.523	-1071855.137	-685485.66	-1072865.66	12.3497
-800170.94	-986983.59	-802394.538	-986811.308	24.7843
-790877.898	-1005206.126	-790803.19	-1005131.05	1.6503
-740095.437	-1048765.803	-740146.63	-1048765.45	1.2083
-774963.8	-1017368.62	-774940.581	-1017890.853	6.1053
-667750.276	-1083553.552	-668395.94	-1085313.12	23.255
-669456.93	-1033427.32	-670654.23	-1032880.939	14.8551
-772454.415	-1029186.133	-773039.903	-1027849.428	16.7206
-766707.613	-1052278.382	-766498.187	-1052166.499	1.8282
-698847.622	-1012640.27	-698830.725	-1012654.719	0.295
-847951.238	-1010723.822	-848391.013	-1010363.56	11.8764
-694782.795	-1076077.692	-693921.379	-1074516.569	21.7547
-882388.254	-1020937.356	-882361.76	-1020912.45	0.407
-644950.75	-1026909.95	-645095.13	-1025657.86	19.33
-761263.61	-994584.576	-763475.06	-992883.25	22.1344
-714104.234	-1058377.424	-713219.871	-1058449.529	9.9265
-870051.433	-1037459.188	-869866.577	-1037657.729	5.583
-687271.32	-1031795.99	-685510.402	-1030303.126	34.9547
-755003.782	-975027.435	-755040.592	-975073.73	1.5776
-827032.435	-1043279.083	-827877.321	-1041525.222	30.0429
-685206.43	-1070551.72	-683372.708	-1070340.875	25.6824
-779194.03	-1007236.81	-774848.379	-1008981.515	62.9734
-795363.29	-973602.78	-796012.241	-972776.616	1045.6207
-737214.3	-1036110.1	-737180.56	-1036101.54	0.9603
-698678.517	-1022574.473	-698173.226	-1023945.333	16.2349
-762679.08	-1053440.43	-761137.06	-1053405.7	18.3271
-674699.77	-1016080.99	-674729.5	-1016966.41	14.7857
-643742.916	-1069951.408	-640988.613	-1069351.753	33.2493
-693471.355	-1086672.673	-693651.636	-1087114.943	5.7197
-723333.95	-1036968.41	-723099.912	-1038173.839	21.0388
-764688.91	-1010131.04	-763426.98	-1010290.16	14.1538
-686457.96	-990915.576	-686415.83	-991132.39	2.4873
-673857.05	-1011738.34	-673860.1	-1011319.61	4.7302
-754384.573	-976431.956	-753649.53	-976729.2	16.8687
-867847.716	-1017285.814	-867850.362	-1017308.357	0.5595
-643529.68	-1045810.428	-643557.271	-1045951.086	2.8668
-696226.59	-1045571.556	-696379.8	-1045598.58	2.0889
-734049.378	-1073311.299	-732372.051	-1073917.202	20.2948
-717185.34	-1049884.48	-718403.15	-1049828.81	14.2919
-733690.027	-1053341.801	-733935.061	-1053545.826	6.4146
-788645.545	-989800.028	-788466.315	-990034.547	6.4524
-800877.604	-1076633.122	-803296.964	-1079135.312	42.5824
-754590.79	-1035902.17	-754466.028	-1035771.512	3.6224
-741466.708	-1058907.94	-741847.992	-1057274.004	19.4453
-781439.88	-1068713.46	-780901.86	-1070007.39	16.776
-753326.41	-1002532.8	-751462.148	-1001952.201	23.6965
-875219.812	-1019175.928	-874192.144	-1018571.621	26.7584
-703550.361	-1088756.538	-708469.74	-1085004.36	65.6122
-673898.48	-1020353.88	-673873.6	-1019844.27	5.7066
-819610.11	-1043267.663	-819391.504	-1042895.331	5.0914
-692637.564	-1046241.056	-692479.53	-1046283.14	1.258
-782989.44	-1000828.26	-782611.28	-1001090.23	5.3733
-833658.629	-1072656.762	-833503.668	-1072522.591	2.5369
-679665.464	-1065415.499	-681174.132	-1065747.15	18.456
-681218.36	-1064419.74	-681325.635	-1064380.716	2.596
-726309.65	-1005617.59	-726485.95	-1007041.3	18.4135
-746391.984	-1054066.041	-746502.643	-1054238.287	4.2181
-671933.94	-1047172.02	-671174.85	-1047493.04	9.9745
-740689.13	-1040290.43	-740793.95	-1040702.31	8.5549
-702046.11	-1071741.6	-700570.04	-1072108.74	17.289
-702989.2	-1089128.57	-703746.7	-1087628.1	21.0569
-873685.2	-1034190.17	-874300.557	-1035930.774	21.7926
-739283.4	-1047695.67	-739209.899	-1047653.54	2.2949
-762561.091	-992047.749	-762198.03	-990467.47	20.6542
-710708.604	-1038545.761	-713242.06	-1039074.99	38.1993
-723891.868	-1036670.09	-723981.666	-1036634.48	1.9322
-815238.312	-1070947.234	-815526.063	-1070891.9	5.8605
-753069.25	-1037372.232	-753016.49	-1037436.87	1.6687
-688156.23	-1046374.04	-686338.501	-1046474.932	23.5742
-759651.598	-976154.419	-757436.213	-976113.333	47.433
-691950.61	-1065160.608	-691133.201	-1066124.921	15.8957
-819624.11	-1076682.22	-819395.745	-1076687.44	3.9714
-732359.224	-1040961.372	-732292.185	-1041013.616	1.7502
-768529.35	-1040347.1	-770186.892	-1039543.124	25.1306
-701749.24	-1009988.77	-702142.2	-1009771.98	9.3536
-785574.3	-991845.89	-786222.78	-992025.7	8.1129
-775870.915	-1014731.959	-775829.393	-1014756.219	0.7413
-656208.767	-1092763.429	-653761.317	-1094060.611	35.4789
-765045.05	-1039464.7	-765107.79	-1039405.41	3.0793
-830028.817	-1021447.07	-829467.527	-1020059.849	21.8831
-719060.561	-1038420.999	-719044.051	-1038420.258	0.4023
-729872.994	-1011869.243	-727975.51	-1014825.39	47.7126
-849819.671	-1016364.861	-850960.186	-1014908.947	53.539
-678205.782	-991822.832	-678065.93	-991301.26	13.3439
-802844.27	-977135.1	-802784.597	-977214.719	1.2385
-646202.866	-1074027.276	-646180.626	-1074049.63	0.6947
-653801.06	-1046947.06	-653883.8	-1046418.99	5.9545
-839393.945	-1025218.83	-841436.05	-1026926.25	42.3975
-729081.3	-1029275.1	-728526.364	-1028355.445	21.9489
-702046.11	-1071741.6	-701469.49	-1070934.9	13.4731
-732027.544	-1034837.103	-730995.632	-1036426.044	22.4076
-710621.97	-1010386.03	-711182.08	-1008838.71	19.1345
-755466.457	-1021017.746	-753928.13	-1020771.05	17.4964
-764117.881	-991884.65	-764710.12	-992464.87	10.6799
-674393.059	-1065501.458	-675211.97	-1066793.444	18.4511
-757945.36	-1018942.46	-758222.11	-1020120.63	16.1347
-755013.192	-1017324.232	-755096.69	-1017217.62	3.4457
-713077.96	-1050386.75	-715827.967	-1053556.402	52.8814
-693680.59	-1025234.301	-693410.063	-1025499.188	4.7211
-640439.987	-1043269.29	-640123.901	-1043109.222	7.175
-774371.24	-980479.83	-772541.83	-980125.34	27.5497
-688883.495	-1058050.177	-688460.23	-1057346.561	16.7849
-764786.263	-1013600.929	-764877.03	-1012008.11	34.6757
-867876.413	-1006927.398	-867868.668	-1006968.329	0.7546
-747394.36	-1062818.558	-747272.377	-1064367.253	18.4652
-726701.24	-1036094.995	-726639.21	-1036007.9	2.1495
-684737.03	-993826.28	-685596.24	-993630.49	17.9645
-695912.142	-1063048.495	-696535.05	-1060849.84	30.2002
-819714.003	-1048704.219	-818811.82	-1049475.91	17.3333
-641872.24	-1042982.81	-643241.65	-1044616.06	24.3808
-806698.84	-1072860.548	-806693.978	-1072845.383	0.3968
-644626.078	-1038208.679	-644666.797	-1038327.29	1.5591
-763706.99	-983102.71	-763662.27	-983166.21	0.9756
-736357.408	-1013749.458	-736379.617	-1013751.113	0.3124
-814216.137	-1042267.043	-814270.804	-1042305.748	0.7918
-647826.98	-1019477.46	-647871.59	-1018667.93	14.0419
-818797.56	-1019942.66	-819804.312	-1019797.74	13.5964
-700201.196	-1053736.21	-700237.043	-1054401.725	7.4066
-734772.38	-1029674.17	-733709.44	-1030190.23	13.9248
-649463.246	-1060572.535	-649315.954	-1060816.827	5.8726
-791412.01	-1026696.42	-792498.23	-1026614.33	12.104
-759059.365	-1033686.955	-759071.21	-1033683.539	0.2629
-850283.37	-1074377.188	-850128.496	-1074362.749	160.7326
-822634.434	-1069568.19	-822828.862	-1069529.776	4.101
-763417.35	-1022304.798	-760260.421	-1021845.213	36.6926
-845099.434	-1014584.88	-845241.937	-1014450.711	2.1747
-795363.29	-973602.78	-798811.12	-974392.15	52.3569
-822634.434	-1069568.19	-822593.74	-1069482.0	1.9461
-830754.935	-1059526.568	-829965.826	-1060342.269	12.8028
-835871.16	-1032618.1	-835764.44	-1030806.54	24.7778
-669115.19	-1014089.95	-669486.06	-1013907.47	8.3301
-673831.38	-1015394.53	-673060.629	-1016547.86	16.487
-757549.968	-1049067.836	-758678.932	-1048979.29	12.7828
-649777.66	-1026307.98	-649066.35	-1023932.14	42.6761
-855079.592	-1025327.497	-854800.58	-1025541.49	4.3903
-786012.37	-999649.04	-785338.24	-998942.01	11.7464
-730635.99	-1041909.89	-730856.62	-1042063.53	5.8807
-728834.58	-1061079.68	-728821.533	-1061055.103	1.026
-788186.2	-1063310.5	-788217.74	-1063335.14	0.8008
-841852.61	-1052408.997	-843454.051	-1049428.271	44.34
-794405.95	-1003945.91	-794381.63	-1004055.99	1.9256
-742604.08	-1029716.56	-745032.0	-1029600.57	33.6668
-694564.952	-1089620.098	-694550.39	-1089676.0	0.6578
-641599.391	-1068082.144	-641586.119	-1068128.802	0.539
-861425.449	-1032045.825	-860277.03	-1033622.47	24.0758
-664421.81	-1020529.25	-664095.85	-1018703.97	28.8733
-830193.24	-997923.3	-828142.339	-997312.657	32.0699
-859309.08	-1012897.17	-859403.622	-1012820.503	3.1228
-756880.203	-1065655.615	-756934.11	-1065837.4	3.8045
-640681.278	-1054853.099	-640730.16	-1053153.74	22.875
-831269.153	-1066433.159	-836114.539	-1065585.291	60.0094
-859257.63	-1010952.37	-858746.6	-1009335.38	19.7419
-743792.838	-1038469.445	-743740.25	-1036700.32	28.2512
-655260.99	-1026577.1	-653720.94	-1027087.75	20.0596
-725622.34	-1048876.6	-725693.65	-1048762.59	2.8212
-740603.949	-1073225.593	-742474.966	-1070295.532	47.4225
-880186.05	-1020865.91	-882299.844	-1021957.655	18.6154
-695466.04	-999732.44	-693003.18	-998300.05	34.0674
-817267.198	-1072637.414	-817250.794	-1072663.047	0.713
-783982.72	-988290.11	-783901.62	-988451.57	2.2771
-665257.477	-1030252.494	-665733.375	-1028673.938	22.225
-813838.81	-1073966.7	-811657.056	-1075500.977	31.8299
-675383.234	-1049879.299	-675361.237	-1049640.643	2.6632
-776387.54	-975479.38	-776401.92	-975501.85	0.6514
-734820.63	-1045921.73	-734699.83	-1045946.208	2.4675
-821554.948	-1048307.873	-819714.003	-1048704.219	21.4722
-779398.2	-977284.25	-779575.13	-976375.19	19.5058
-778989.21	-981896.88	-778879.455	-981677.522	4.9079
-648232.39	-1047796.96	-648723.39	-1048117.65	4.5137
-753724.11	-1045846.48	-753645.24	-1045631.4	4.6733
-745130.41	-1030301.18	-745284.26	-1030042.76	6.5718
-766544.821	-1023277.347	-766353.786	-1023253.612	5.8473
-716937.42	-1007933.48	-716573.27	-1009828.58	23.5092
-688661.205	-1067992.973	-689784.86	-1068968.16	19.334
-768899.02	-1037496.17	-768199.24	-1036525.0	25.3773
-647475.185	-1033811.312	-646842.755	-1034783.755	12.8908
-749113.432	-1045638.107	-749095.62	-1045762.39	2.6364
-783532.06	-1061868.28	-783503.83	-1062042.29	3.5263
-656033.2	-1048570.81	-648919.929	-1048245.544	58.3008
-678451.24	-1008444.26	-679741.72	-1010278.02	35.2879
-734155.582	-1053828.039	-733563.58	-1053923.28	13.0576
-739264.11	-1033483.83	-742338.099	-1026848.874	59.7128
-739191.32	-1033635.28	-739264.11	-1033483.83	3.361
-673021.41	-1020128.33	-671537.295	-1019001.541	23.1841
-644454.839	-1038353.711	-644447.233	-1038261.923	1.0831
-672432.67	-1063550.16	-671885.08	-1064660.9	19.3053
-654890.74	-1047168.19	-653801.06	-1046947.06	12.9897
-760837.709	-976497.676	-760798.366	-976523.528	1.4569
-877339.234	-1015828.577	-876959.91	-1015765.98	4.5666
-646926.16	-1019368.86	-646650.06	-1019270.7	3.4946
-659487.472	-1008874.069	-659466.97	-1008885.9	0.7852
-707996.479	-1083867.228	-706775.892	-1083266.411	20.8231
-876129.73	-1021550.52	-876018.18	-1021451.31	1.9506
-831965.824	-1053225.374	-836341.28	-1052408.963	75.8181
-743307.88	-1019662.27	-743000.34	-1018311.31	18.5208
-756035.714	-978645.227	-756011.86	-980087.45	17.3543
-848819.369	-1047955.088	-848484.179	-1047673.023	17.619
-685086.342	-1072947.949	-683899.563	-1076949.046	56.0503
-829057.641	-1032575.254	-829852.643	-1031299.919	24.1016
-730970.659	-1017482.306	-727447.57	-1019795.24	47.2603
-670991.43	-994702.16	-667476.599	-994755.203	135.8503
-715127.57	-999209.96	-714937.33	-998641.21	6.6985
-815262.352	-1070819.168	-815143.711	-1070873.278	2.7575
-789419.83	-999241.0	-789545.41	-1002070.51	33.1497
-767291.194	-1078266.456	-767289.057	-1078300.438	0.681
-697689.67	-1035007.89	-698194.99	-1034920.52	10.2965
-700201.196	-1053736.21	-698131.165	-1054356.979	25.5727
-650277.2	-1065888.95	-650131.51	-1066509.43	9.0952
-833813.423	-1072429.324	-833895.713	-1071419.942	21.0251
-882299.844	-1021957.655	-882364.974	-1021867.773	3.0755
-712530.7	-1007131.23	-712745.62	-1008418.9	28.0478
-739445.764	-1039882.528	-739350.9	-1040088.34	11.5481
-649324.526	-1057870.256	-649964.51	-1055934.75	31.802
-652006.89	-1070514.59	-653395.411	-1069833.769	17.3744
-677292.61	-1004621.31	-677223.02	-1004343.34	3.3967
-640730.16	-1053153.74	-640470.79	-1051656.34	23.0499
-845737.637	-1059391.351	-847981.715	-1062723.73	64.7009
-709946.18	-1000726.775	-709250.04	-995537.72	65.3282
-726936.28	-1019982.02	-725954.836	-1019955.705	22.9304
-825408.704	-1029030.138	-826513.595	-1029200.402	25.4546
-704031.14	-1018885.86	-702747.23	-1018674.96	18.9094
-805352.02	-1065256.11	-804450.558	-1069192.035	46.337
-849508.0	-1064854.5	-849492.813	-1064832.5	0.6035
-793551.607	-1019618.858	-794390.371	-1020723.153	17.0635
-813339.22	-1072490.63	-813343.929	-1072387.496	1.1471
-755669.45	-1051943.02	-755380.16	-1051435.53	10.4588
-656769.01	-1048586.36	-656284.52	-1048566.54	3.7313
-742974.16	-1024658.35	-743022.731	-1024000.975	18.3377
-682523.68	-1045236.7	-683981.04	-1045580.36	17.9137
-728218.96	-1060617.02	-728506.879	-1060761.621	3.7832
-808952.21	-1046616.25	-810667.0	-1045722.86	29.425
-708515.93	-1020597.24	-710400.32	-1017303.91	53.4504
-764772.972	-1010050.475	-764688.91	-1010131.04	1.3912
-803299.082	-1079241.065	-803676.698	-1079264.44	29.2605
-796287.08	-1026341.75	-796933.467	-1026340.879	7.1821
-730916.56	-1057495.52	-730940.9	-1057524.13	0.5253
-842664.93	-1065638.633	-844142.467	-1066285.323	18.0848
-720730.33	-1012025.78	-720921.3	-1011698.64	4.433
-646256.609	-1063843.229	-646259.626	-1063825.184	0.6156
-669134.93	-1002948.15	-671527.25	-1005694.29	47.7738
-747362.12	-1023959.97	-747308.843	-1023989.877	1.3535
-887588.336	-1017002.628	-888772.284	-1015884.342	18.148
-712332.49	-1078923.97	-712460.667	-1076644.61	29.3841
-690266.139	-995239.285	-690535.907	-995551.564	3.1996
-691534.38	-1027957.92	-692090.239	-1029413.062	21.8452
-687691.147	-1057613.069	-687669.082	-1057604.876	0.5236
-818898.634	-1017174.524	-819105.02	-1017258.59	2.5845
-746356.47	-1011843.08	-744900.21	-1011766.54	16.6359
-717819.526	-1067200.885	-715849.855	-1067543.626	28.6089
-647404.039	-1082012.827	-647441.596	-1082008.575	0.7982
-761891.2	-972771.3	-761892.92	-972790.19	0.8519
-822047.0	-1072227.13	-823245.745	-1071548.892	32.3313
-691880.813	-1019898.25	-695212.53	-1017529.26	65.3269
-672595.3	-1023240.283	-670651.509	-1021130.62	38.173
-770903.04	-979469.9	-770815.922	-979561.149	1.4133
-654688.28	-1041606.53	-654794.2	-1037390.1	48.8281
-640730.83	-1072215.52	-640620.79	-1072163.79	2.8142
-685163.84	-994354.035	-685097.516	-994424.041	2.0062
-673324.09	-1043429.71	-673270.08	-1043444.385	1.1194
-668161.61	-1016709.32	-668632.14	-1015097.96	19.4666
-751262.25	-1060150.06	-751209.618	-1060054.65	3.4022
-729076.19	-1078660.54	-728616.024	-1078644.729	16.6146
-772487.21	-1006107.28	-771042.303	-1006967.94	19.4687
-646358.425	-1071536.046	-646362.235	-1071521.322	0.3693
-773348.35	-978281.86	-773188.07	-978559.92	6.4345
-830010.454	-1073044.303	-829698.373	-1073153.348	3.8275
-698496.31	-1035648.844	-697622.34	-1037173.95	23.9272
-729289.497	-983206.612	-727547.636	-983761.853	22.8072
-814806.03	-1011991.35	-815227.57	-1011989.75	4.6934
-787709.5	-1006785.75	-787838.72	-1006690.14	1.7899
-758586.27	-1057603.82	-758354.706	-1057573.373	2.5989
-800880.408	-1054551.349	-802308.357	-1054114.598	21.1998
-681856.875	-1067973.625	-680658.134	-1067462.859	17.5881
-697580.815	-1001079.1	-697370.174	-1000296.322	16.4725
-736792.043	-1038448.971	-736854.955	-1037974.562	11.1554
-703134.46	-1068229.24	-702545.69	-1068237.88	7.4065
-752335.49	-1043007.45	-752438.325	-1042831.478	1.5874
-846905.631	-1029704.542	-851674.691	-1031602.659	72.8076
-696961.711	-1087392.507	-694960.38	-1087145.06	24.6224
-743547.913	-1024927.2	-743733.598	-1024751.968	5.7734
-663666.31	-1091817.99	-665793.867	-1091448.356	27.7704
-688732.773	-1043758.172	-688718.603	-1043774.139	0.2771
-729635.775	-1008318.394	-727465.293	-1006781.635	31.6012
-733747.465	-1053566.844	-733635.307	-1053659.701	2.9125
-721423.83	-1050459.84	-720704.68	-1050757.53	17.792
-761179.81	-994753.86	-761131.05	-994656.63	1.8495
-655812.1	-1048450.58	-655919.27	-1048562.33	5.9284
-740409.45	-969865.07	-738345.836	-968782.306	31.4429
-773639.74	-1042187.29	-773630.64	-1042294.64	1.2258
-722600.52	-1050767.77	-723899.63	-1050903.75	16.1981
-645381.39	-1052938.51	-646239.872	-1056008.99	38.009
-729688.37	-1011027.81	-729635.775	-1008318.394	45.3021
-817568.08	-1054542.07	-817473.473	-1049653.171	71.1007
-743740.25	-1036700.32	-743382.07	-1034744.24	23.1566
-748877.24	-1017607.466	-747940.297	-1017099.553	14.7152
-679257.94	-1038219.08	-682058.232	-1041108.813	48.1763
-887155.508	-1006158.106	-887146.313	-1006165.878	0.2739
-809159.34	-994184.85	-809384.25	-994087.73	4.9167
-771953.17	-972150.1	-771922.183	-971933.635	4.4289
-689398.461	-1033181.24	-689352.666	-1030052.024	38.6771
-786505.52	-1066825.13	-786786.88	-1066576.34	9.9369
-663890.85	-1032957.57	-664350.516	-1031558.539	17.5602
-759070.16	-1068771.63	-759094.45	-1068657.76	2.1017
-661479.04	-1077396.65	-661219.349	-1077757.684	5.1407
-804952.408	-989107.347	-804979.672	-989061.68	1.574
-707983.12	-1065331.4	-707194.39	-1067155.22	56.2798
-794131.975	-1026382.306	-794339.238	-1026365.099	1.603
-649777.66	-1026307.98	-649971.71	-1026167.52	3.953
-746977.513	-1004054.933	-746969.765	-1004072.67	0.4965
-759071.21	-1033683.539	-758440.286	-1032985.845	26.1349
-700206.943	-1053697.575	-700201.993	-1053336.492	7.4634
-678787.092	-991793.835	-680988.235	-993110.658	138.6133
-658791.001	-1060312.349	-658622.933	-1059729.837	6.9614
-809512.423	-993567.602	-809384.25	-994087.73	12.0754
-728484.79	-1032303.11	-727394.82	-1032823.14	13.7944
-688883.495	-1058050.177	-688883.932	-1058199.578	2.9889
-686813.369	-999098.413	-687631.02	-997626.25	33.4949
-639815.538	-1040459.733	-640259.405	-1041768.162	47.8526
-820436.579	-1026745.197	-821382.33	-1027097.97	23.8871
-831776.45	-1054223.17	-830987.48	-1056665.92	30.8549
-758296.68	-1012253.36	-757934.49	-1010342.66	21.6624
-795345.471	-1023146.204	-794397.695	-1023702.711	13.2437
-673068.91	-1012409.4	-673115.251	-1012235.584	3.8572
-757944.57	-1018902.47	-757945.36	-1018942.46	0.446
-838402.846	-1065280.683	-838504.902	-1065598.13	3.8092
-734628.322	-1073000.566	-734179.267	-1073288.225	11.611
-701719.961	-1012286.117	-701750.961	-1012322.66	1.0482
-821551.075	-1030096.024	-817540.37	-1031827.03	72.99
-768483.18	-971363.18	-767239.894	-971117.325	18.0624
-752690.62	-972236.13	-753963.84	-971700.12	18.7337
-725803.749	-1022124.234	-726066.38	-1020719.64	17.222
-652959.885	-1081153.486	-652391.738	-1081209.243	6.6859
-674365.546	-1057198.808	-674283.394	-1057230.388	1.0523
-762262.08	-1062353.09	-762524.04	-1062470.43	3.28
-847348.937	-1070561.21	-847137.84	-1070687.912	3.414
-681174.132	-1065747.15	-680358.135	-1067527.878	22.131
-662547.35	-1043114.02	-664935.923	-1043309.049	29.0017
-746331.456	-1054349.706	-746310.913	-1054405.049	3.1004
-771284.976	-982536.094	-770913.21	-981534.03	14.1098
-823431.822	-1046861.01	-822379.454	-1047224.059	13.8337
-752483.391	-1077454.372	-751758.933	-1077986.983	13.2036
-720354.874	-1070956.167	-720302.516	-1070959.109	0.6669
-776724.47	-975367.25	-776666.55	-975479.07	2.5186
-744173.3	-977698.49	-745735.447	-977153.325	19.6244
-736877.894	-1032374.731	-736994.459	-1032378.053	3.1793
-736901.18	-1036837.1	-736806.057	-1036906.288	2.8482
-778372.16	-1049979.06	-778126.39	-1049842.83	6.0283
-727808.632	-1030578.645	-727177.87	-1031218.1	10.0284
-887943.857	-1019216.675	-887969.106	-1019586.53	4.3757
-843739.265	-1072584.84	-843931.125	-1074255.898	19.5465
-814433.931	-1063888.09	-814547.798	-1061354.965	31.4515
-704286.97	-1047107.97	-703355.628	-1047922.307	15.0313
-652508.028	-1051659.118	-652463.463	-1051558.487	1.2952
-699220.004	-1086836.49	-695974.948	-1082369.357	84.6578
-798652.692	-1067077.747	-798767.887	-1067314.515	4.7897
-669926.958	-1088201.107	-668050.261	-1089055.576	25.2256
-698164.88	-1063584.93	-698225.61	-1063063.57	10.6966
-684605.571	-1086629.908	-684561.902	-1087073.746	5.2035
-739283.4	-1047695.67	-739350.28	-1047578.09	2.9175
-697634.39	-994570.19	-698477.336	-990974.16	61.1425
-726833.18	-1050763.96	-726152.344	-1051205.196	17.4407
-855063.7	-1001965.68	-857587.613	-999831.837	44.1283
-652984.634	-1022955.491	-652519.065	-1021392.956	26.9804
-781512.0	-1007581.01	-780897.85	-1009090.58	19.6544
-709859.31	-1013013.28	-709860.07	-1013225.01	2.8144
-759690.42	-1080853.77	-758696.918	-1082084.258	20.8396
-734725.92	-994457.21	-734188.66	-994647.45	6.5703
-730521.401	-1057413.653	-730549.63	-1057384.57	0.4538
-725714.2	-1076604.05	-719949.29	-1077840.81	80.2491
-644618.793	-1041865.152	-644614.438	-1041881.625	0.4124
-647612.939	-1070404.522	-647598.453	-1070426.818	0.8257
-770262.821	-1080426.88	-771986.75	-1079105.54	26.6341
-728352.935	-1060877.851	-728440.506	-1060914.19	1.7092
-721907.69	-1084657.76	-722190.11	-1085142.7	6.5524
-734598.58	-1083230.584	-733554.49	-1083480.28	13.866
-769893.111	-1056003.317	-769518.938	-1054142.75	28.5717
-824371.81	-1072136.82	-824159.63	-1072003.69	5.0235
-647278.364	-1071808.632	-646592.33	-1073974.543	26.0773
-646157.913	-1071175.528	-646137.32	-1071163.56	0.6421
-753931.96	-1059191.81	-755542.317	-1059501.0	18.4609
-660600.295	-1028136.323	-662122.61	-1026540.04	26.7192
-662930.859	-1022904.339	-662554.79	-1022817.848	5.0805
-684304.861	-1040364.167	-683695.85	-1039039.86	22.9965
-732492.83	-1054910.4	-733371.256	-1053884.618	27.0115
-734246.2	-1078918.72	-731640.68	-1078966.1	30.317
-677663.12	-1037797.67	-676885.72	-1040443.22	44.232
-776622.26	-1058346.08	-776968.747	-1057934.746	17.6321
-729163.1	-1032025.58	-728484.79	-1032303.11	8.5895
-822782.768	-1008835.327	-822786.712	-1008871.24	0.4026
-670991.43	-994702.16	-670988.44	-994687.59	0.3894
-652212.116	-1071839.695	-652966.576	-1073400.519	20.8918
-740620.803	-1040195.542	-739238.46	-1040119.82	30.3508
-768028.498	-1020847.565	-770201.52	-1018458.77	36.9435
-762845.67	-1041021.22	-762849.939	-1040391.14	12.6209
-664871.25	-1006255.21	-666331.36	-1007237.53	27.2565
-816772.625	-1014524.25	-816811.814	-1014494.023	0.5619
-648596.872	-1058283.361	-648607.985	-1058257.75	0.6179
-807572.676	-1010446.521	-805653.795	-1009801.114	23.2317
-778372.16	-1049979.06	-780584.38	-1049899.73	29.7456
-810681.831	-985609.893	-810388.016	-982868.027	33.5216
-683918.584	-995065.001	-683952.742	-995065.316	1.2018
-873249.245	-998338.337	-873639.53	-996190.27	47.5438
-757892.83	-1031276.15	-753717.24	-1030695.05	58.6127
-849278.494	-1001949.545	-848944.39	-1000411.63	21.6149
-653629.213	-1024181.643	-653565.93	-1024325.48	4.0601
-814810.843	-1006381.65	-814235.79	-1004758.79	28.3336
-778327.952	-1058733.938	-778348.44	-1058916.35	2.0805
-759850.619	-972865.737	-758270.57	-972697.23	20.1749
-751920.53	-1038841.4	-751554.57	-1040574.17	20.4065
-725453.136	-998817.093	-725531.932	-998701.486	1.5581
-758585.865	-1058784.774	-758452.442	-1058156.074	10.4357
-762324.87	-1040520.03	-760664.788	-1039529.696	23.1774
-674891.2	-1005857.53	-673712.95	-1006603.35	16.1879
-824233.11	-1071922.28	-824111.37	-1071479.55	9.8704
-759115.936	-1047712.004	-759130.368	-1047663.758	1.116
-810583.34	-992016.14	-810652.14	-991913.8	1.1238
-828956.99	-1072259.026	-828815.243	-1072228.758	1.6123
-807695.027	-990255.374	-807739.25	-990341.35	1.9356
-740813.729	-1001758.382	-741343.85	-1001880.77	15.9121
-729545.024	-1037363.321	-728172.83	-1036863.76	32.6111
-853220.061	-1065083.953	-856228.099	-1066366.466	38.971
-691966.805	-1064852.333	-691828.6	-1064899.158	2.922
-753963.84	-971700.12	-755086.89	-972337.9	51.9711
-688757.63	-1058642.28	-688883.849	-1058534.562	3.9624
-807134.893	-993003.769	-807380.946	-992320.317	14.5927
-686065.342	-993601.918	-686073.991	-993614.154	0.41
-767159.847	-981022.984	-767046.6	-980774.5	2.1315
-674923.8	-1005690.43	-674891.2	-1005857.53	3.4722
-700186.357	-1052771.488	-700715.959	-1052395.539	14.9873
-874066.119	-996690.38	-873658.38	-996493.489	9.7457
-722790.83	-979017.63	-725244.182	-978527.548	30.0511
-708977.03	-1059101.7	-708408.027	-1058931.415	6.7699
-733198.76	-1042119.31	-733329.33	-1042060.1	2.8674
-699774.69	-995359.47	-699709.298	-995267.078	1.3775
-781996.75	-994762.76	-781397.95	-995265.53	9.1043
-859403.622	-1012820.503	-859385.752	-1012800.02	0.6221
-755730.734	-1053467.832	-755669.45	-1051943.02	21.2399
-673146.848	-1025900.608	-672429.127	-1024177.313	21.5154
-647185.92	-1043354.23	-646910.36	-1044622.04	15.1852
-675017.86	-1015823.96	-675210.08	-1014770.66	15.6991
-854520.06	-1011602.93	-854518.045	-1011572.677	0.7059
-824303.713	-1075020.57	-825237.48	-1076489.32	26.1989
-744509.614	-989894.407	-742053.316	-992498.447	45.6582
-741322.22	-1041999.96	-741039.44	-1041681.01	15.3866
-807938.866	-1072495.803	-807952.239	-1072477.849	0.5915
-819199.368	-993790.579	-816015.01	-992517.408	39.0184
-657002.779	-1089741.132	-658326.581	-1088923.328	33.6347
-869054.945	-1041051.578	-866604.105	-1040990.974	30.294
-647820.968	-1061964.638	-647877.341	-1062897.559	18.6938
-854520.06	-1011602.93	-851461.777	-1014494.652	71.8688
-804232.895	-1076280.818	-804760.361	-1075172.719	14.4159
-849099.645	-1010295.279	-850224.24	-1010661.535	28.2348
-833749.287	-1072545.879	-833503.668	-1072522.591	1.8979
-712873.074	-983376.143	-712902.686	-983324.48	1.2023
-753812.483	-1045788.277	-753503.25	-1044967.41	6.9903
-664324.403	-1076602.339	-663846.34	-1076975.045	6.9254
-794052.3	-1037127.69	-792277.4	-1036604.21	22.704
-745998.38	-1054124.323	-746585.71	-1053649.2	5.8122
-728678.946	-1076993.122	-729466.74	-1078252.51	22.177
-767157.87	-980471.898	-767083.888	-980586.629	1.2439
-644139.468	-1047621.263	-643736.04	-1046707.62	9.1211
-824264.95	-1072040.14	-824204.15	-1071970.83	2.2661
-678999.557	-991254.104	-679293.063	-990851.478	6.1605
-765682.58	-1040663.16	-767346.246	-1040086.767	19.9243
-671293.0	-1070489.27	-670936.937	-1070587.999	7.5103
-665458.76	-1039205.67	-664580.31	-1040555.48	19.916
-762422.17	-1027892.26	-762838.747	-1028415.402	15.8045
-749359.631	-1072003.681	-748818.637	-1072539.24	18.4102
-787553.89	-1006945.17	-787566.74	-1006937.87	0.1642
-754845.73	-1063381.37	-754963.37	-1063474.75	3.3816
-729289.497	-983206.612	-729880.485	-980588.693	44.4835
-659294.372	-1008371.005	-659288.519	-1008355.189	0.6263
-819991.97	-1052880.66	-819442.15	-1054038.5	29.8982
-743452.955	-980028.534	-741719.28	-980863.58	23.1903
-665898.745	-1032132.011	-667050.43	-1033212.56	19.1937
-792559.55	-1065629.64	-793857.24	-1066268.77	16.5908
-769111.6	-1007999.37	-766886.432	-1009875.954	33.048
-693497.58	-1083700.93	-692961.71	-1082107.65	19.4907
-761383.292	-1015001.54	-761277.9	-1014712.0	3.4605
-791408.81	-1045872.74	-790021.28	-1045768.63	16.4136
-794104.53	-993257.69	-794250.59	-993522.31	3.3584
-727879.654	-1038806.52	-726016.3	-1037837.02	23.8729
-820420.533	-1067697.474	-819274.598	-1065190.258	39.1091
-763612.14	-977687.04	-762685.372	-977846.601	54.7226
-640083.291	-1042985.593	-640061.58	-1043028.02	1.1114
-685492.765	-1070729.299	-685568.523	-1071855.137	25.2069
-701765.41	-1010006.88	-701732.53	-1010033.69	1.1809
-646648.193	-1068574.051	-646575.845	-1068613.119	0.9138
-757559.425	-1039723.96	-757577.549	-1039736.157	0.308
-697918.251	-1075416.571	-699321.98	-1074296.04	20.8439
-755562.866	-970576.235	-755086.89	-972337.9	24.4972
-789783.118	-1027080.451	-789851.337	-1027166.723	1.403
-812826.87	-1005193.35	-812592.933	-1005045.049	3.0785
-860415.091	-1062241.287	-859132.77	-1063310.13	19.8341
-744325.313	-1039822.447	-744366.4	-1040022.85	4.2356
-851821.906	-1010497.279	-851711.984	-1010621.337	3.3758
-731675.898	-1042251.919	-731542.33	-1042118.76	8.0133
-647875.307	-1027737.863	-646638.17	-1025843.13	39.5175
-812873.32	-1012034.53	-813911.591	-1008172.417	47.9907
-692215.46	-998369.85	-692138.17	-998232.95	1.801
-718623.75	-999624.31	-718234.8	-998122.27	21.3515
-787773.57	-978746.44	-787860.82	-978850.27	1.5069
-759114.077	-993280.853	-756996.81	-993384.67	23.7273
-729193.276	-1078529.174	-729135.715	-1078700.134	3.6084
-766794.91	-1037066.09	-766800.29	-1037056.05	0.2631
-698830.725	-1012654.719	-698814.062	-1012645.207	0.2625
-751731.718	-984231.884	-751132.379	-983338.102	12.4859
-807751.057	-1006035.309	-807656.613	-1005552.246	5.4874
-741398.042	-1014878.314	-741011.44	-1016680.83	23.0704
-833713.936	-1039020.694	-833476.732	-1038908.045	3.0394
-752069.84	-1043174.12	-750715.12	-1043202.08	31.9399
-677451.058	-1022228.31	-677181.886	-1022708.512	6.8866
-723842.07	-1036401.27	-723703.199	-1036211.149	5.0045
-679461.209	-1037627.833	-682293.429	-1035791.976	38.1619
-739888.968	-1002305.712	-739949.769	-1001962.629	7.1588
-702127.568	-1043243.394	-702114.812	-1043261.196	0.5326
-767520.721	-980927.126	-767418.563	-980775.831	2.1544
-646804.66	-1070126.4	-646797.905	-1070101.819	0.9772
-776744.647	-975479.767	-776655.935	-975605.359	3.6427
-772454.415	-1029186.133	-771848.74	-1029133.44	6.7825
-887892.627	-1019817.324	-887848.073	-1019869.021	10.4945
-769601.84	-1030821.14	-769269.16	-1031918.29	13.3176
-806442.499	-1004396.774	-806716.511	-1003168.942	15.8943
-809066.94	-1005897.9	-808859.77	-1004533.06	15.3564
-707600.53	-1021382.59	-707369.16	-1021588.3	6.2158
-657987.986	-1081750.887	-657232.552	-1083432.596	71.126
-708489.08	-1041820.11	-707778.92	-1042034.12	8.2851
-852583.012	-1008637.457	-851170.803	-1009143.361	18.5649
-727207.25	-1013923.12	-727975.51	-1014825.39	15.8699
-755798.93	-1080711.14	-756498.84	-1080484.19	8.5277
-734005.02	-1053336.7	-734123.51	-1053289.092	2.5701
-762111.172	-1026167.991	-762162.709	-1026211.738	1.4547
-797753.763	-986251.175	-795883.692	-986069.676	22.4138
-695452.509	-1075684.577	-698276.948	-1080273.486	80.837
-792636.539	-1061564.639	-792093.47	-1061423.94	11.2447
-815525.153	-1070903.131	-815242.161	-1070957.669	5.764
-692465.41	-996307.79	-693806.39	-995922.48	15.6917
-776209.61	-979397.5	-776142.829	-979416.983	0.9443
-699256.34	-1061459.02	-700435.97	-1061059.08	13.8928
-662317.088	-1075570.752	-662271.655	-1077069.689	35.7631
-869808.32	-1041019.49	-869613.66	-1040332.96	14.4758
-749451.37	-1033883.77	-750079.66	-1033913.28	14.4026
-766869.724	-1009908.032	-766842.694	-1009923.787	0.3539
-803916.975	-1076948.765	-804289.254	-1076350.861	14.25
-839305.924	-1006682.998	-838376.918	-1004698.806	27.5786
-707509.96	-1045530.05	-707313.21	-1045782.24	9.8944
-668323.698	-1030236.112	-666696.66	-1030678.48	19.2238
-740603.949	-1073225.593	-740535.992	-1073513.374	6.1172
-749139.867	-1044020.697	-749200.17	-1044117.16	2.2966
-801278.029	-1013124.806	-802515.946	-1014086.344	18.8677
-840637.765	-1068920.25	-840580.327	-1068644.631	3.1632
-745476.507	-1081316.924	-746446.417	-1081604.407	19.8786
-725714.2	-1076604.05	-724640.93	-1075470.51	28.4641
-799989.731	-1028725.366	-803597.372	-1026385.44	54.4874
-732840.55	-1019601.95	-732679.47	-1019169.05	5.1759
-671429.964	-994727.192	-671278.77	-994714.42	3.0349
-765653.67	-1014483.26	-765648.86	-1014631.0	1.6951
-871048.19	-1046030.49	-870162.02	-1044906.49	25.4792
-687275.98	-1004384.21	-686604.15	-1005197.94	12.0416
-778002.79	-972273.81	-778007.904	-971981.198	5.8853
-787194.84	-1068117.31	-788124.72	-1067166.53	23.673
-732538.079	-1053884.384	-732562.34	-1053986.92	2.1106
-730261.132	-1037303.528	-730753.01	-1037058.017	12.3198
-655377.614	-1092181.303	-656389.608	-1092581.695	22.9495
-684936.41	-1068925.74	-683656.306	-1066705.409	28.9987
-887848.073	-1019869.021	-887976.316	-1019880.503	1.4307
-683992.398	-1063882.896	-683994.92	-1063855.331	0.9495
-704514.89	-1014722.42	-704454.2	-1014723.62	0.7716
-850635.225	-1022379.352	-851033.045	-1018723.146	55.9665
-778337.704	-1058911.818	-778327.952	-1058733.938	2.0108
-766906.4	-1033649.9	-765006.22	-1033381.77	41.4851
-670490.861	-992638.106	-670046.986	-992546.049	30.9385
-703864.699	-1073200.65	-704597.41	-1073576.2	9.1509
-773333.358	-1056036.651	-772590.59	-1057139.05	46.8389
-701237.46	-1003858.29	-703745.04	-1004196.03	41.8864
-778800.86	-1022489.66	-780868.79	-1023109.06	30.22
-681292.92	-1047433.68	-681261.812	-1047100.125	3.7466
-781999.68	-1007407.95	-782026.167	-1007397.616	1.1154
-846882.735	-1029706.228	-846907.119	-1029513.505	2.2243
-786090.39	-1037006.11	-785273.716	-1036927.343	9.1286
-798613.63	-1020661.06	-799641.456	-1019865.034	16.723
-712776.782	-1079029.394	-712664.34	-1078996.14	1.9084
-816333.79	-1059270.97	-818748.281	-1056974.29	43.0991
-700435.97	-1061059.08	-701597.527	-1060360.695	16.4873
-734509.96	-1021489.88	-733267.49	-1020351.43	19.1911
-684254.372	-1061788.584	-683869.808	-1062039.393	5.1022
-793542.74	-999883.96	-794034.2	-999569.77	6.9693
-752574.0	-1048595.25	-752636.513	-1048619.039	1.5632
-699954.06	-1000452.35	-702465.55	-1002891.55	81.765
-870010.123	-1037498.621	-870051.433	-1037459.188	1.1422
-792653.91	-1061556.1	-793254.17	-1060405.44	15.0021
-711375.94	-1044822.95	-712045.77	-1042447.66	31.9762
-740476.177	-1085891.75	-740142.03	-1084688.17	20.4519
-828932.054	-1072228.151	-829774.868	-1072801.654	11.3285
-686794.358	-1080842.599	-687053.694	-1078761.021	28.4232
-730879.83	-1042076.474	-730585.623	-1042051.149	5.9312
-644812.45	-1025224.76	-645129.9	-1025038.52	4.2211
-660121.15	-1072061.71	-662294.7	-1072165.97	26.3002
-840670.518	-1019476.288	-840673.835	-1019472.426	0.0566
-771035.44	-1064934.89	-770431.432	-1065090.428	6.9472
-734766.043	-1043710.238	-734692.347	-1043618.588	2.5395
-757158.87	-1048627.57	-757404.5	-1048501.98	5.7541
-725744.18	-1069572.757	-725743.309	-1069594.423	0.3166
-683735.34	-994876.812	-683723.053	-994868.062	0.516
-729830.25	-1033130.7	-729704.351	-1034249.238	12.8495
-691919.46	-1026567.0	-691534.38	-1027957.92	21.8776
-761330.631	-994884.53	-761283.792	-994857.136	0.6029
-819567.0	-1075685.25	-819595.188	-1075679.25	1.3134
-673073.732	-1090434.747	-674826.215	-1092413.034	32.7984
-767628.36	-1046038.68	-767978.65	-1046123.455	7.6508
-754195.55	-1037453.92	-755235.77	-1036429.56	16.4623
-840141.402	-1031858.768	-840195.47	-1031903.58	0.7819
-685596.24	-993630.49	-685728.1	-993575.39	2.8592
-822399.257	-1068941.538	-822397.442	-1068849.655	3.0906
-794870.63	-1058854.38	-796566.87	-1057287.99	64.6609
-646232.24	-1046458.52	-647719.127	-1045908.413	18.6488
-772332.79	-979864.87	-772686.635	-979904.72	4.3997
-757484.4	-1046437.29	-757175.64	-1045058.435	20.205
-801091.063	-1008102.063	-801122.25	-1008105.063	2.2002
-690526.88	-1056042.24	-690514.32	-1056005.92	11.1715
-687513.392	-1055979.94	-687421.8	-1056195.02	4.9149
-754251.64	-1045761.339	-754073.5	-1045920.14	5.515
-868652.32	-1010419.15	-868497.133	-1010424.36	5.4878
-881849.902	-1006983.169	-881891.08	-1006954.27	0.5609
-864247.19	-1014848.59	-864262.65	-1014830.74	0.3
-701237.46	-1003858.29	-701175.92	-1004128.59	5.5881
-645685.415	-1042500.373	-645775.844	-1042677.613	2.2117
-705123.87	-1050335.6	-705346.77	-1052287.05	22.0864
-675030.3	-1056712.274	-675054.525	-1056705.405	0.5533
-709224.21	-1087573.41	-711960.862	-1088881.913	59.4415
-698460.38	-1007973.56	-698314.12	-1008460.98	6.0109
-757947.029	-1040305.397	-758024.031	-1040462.154	3.5025
-799420.636	-1001728.866	-799432.633	-1001702.665	0.396
-673305.6	-1012192.39	-673235.616	-1012182.841	1.7051
-745978.025	-1022943.676	-747080.21	-1022274.73	26.7226
-705245.089	-1015162.207	-705231.099	-1015094.761	0.7663
-655357.83	-1045018.11	-655208.774	-1044304.982	14.7881
-689276.02	-1041251.79	-690126.81	-1039073.55	26.8844
-649189.671	-1061088.354	-649189.405	-1060953.176	2.7582
-653126.72	-1010249.25	-653265.28	-1008248.86	32.1266
-721040.362	-1008710.019	-718657.29	-1012418.59	72.5509
-857799.223	-1012554.283	-858391.79	-1013161.04	16.9881
-714937.33	-998641.21	-714821.655	-998230.155	4.8449
-850163.81	-1066617.882	-851262.609	-1068848.27	40.5139
-820208.116	-1060539.986	-822438.85	-1059272.19	36.4184
-680218.73	-1016899.15	-680626.31	-1018394.21	19.4459
-726358.191	-1060831.418	-726793.67	-1060789.397	12.8093
-754673.83	-1017453.87	-755013.192	-1017324.232	7.2873
-696522.08	-1001091.07	-696660.57	-1001127.39	3.9768
-781254.31	-1068262.15	-781276.156	-1065205.766	42.7987
-727896.4	-1074256.85	-728836.996	-1077840.299	41.2961
-760688.95	-998727.14	-761412.54	-996633.82	24.695
-734066.75	-972086.58	-734779.913	-971952.94	14.7234
-802905.445	-1007319.834	-804764.793	-1009088.787	31.2022
-651701.208	-1065038.009	-652274.886	-1066104.592	13.6677
-716937.42	-1007933.48	-718430.87	-1007597.36	20.4327
-730095.279	-1055932.911	-730273.732	-1054731.599	17.5649
-746021.746	-1054033.324	-746092.389	-1053933.229	2.5851
-762482.866	-1038804.222	-762387.286	-1038759.76	1.4217
-757507.661	-987496.265	-757493.817	-987386.907	1.2341
-676150.707	-1076182.597	-676085.508	-1076208.404	1.4026
-835900.88	-1032638.99	-835866.39	-1032659.405	0.4465
-856461.245	-1058546.125	-856054.003	-1059724.33	15.8437
-876199.704	-1023680.075	-876292.761	-1024704.267	13.6912
-774148.97	-1021052.88	-774556.692	-1021132.591	4.715
-851674.691	-1031602.659	-851565.631	-1031001.201	7.8742
-686915.85	-993725.67	-686629.83	-993525.39	2.6959
-679673.73	-1071374.91	-680341.8	-1069060.17	38.6526
-770573.97	-1029676.31	-769601.84	-1030821.14	16.9572
-718702.93	-1008044.22	-718463.59	-1008380.55	4.9103
-760577.26	-1067424.49	-760660.272	-1068689.028	14.4443
-659267.839	-1056959.012	-659303.77	-1056898.26	0.7845
-842349.978	-1046613.751	-845192.436	-1044716.941	69.1672
-848997.797	-1010235.95	-848739.752	-1010044.489	6.4266
-768364.62	-1028106.61	-768181.129	-1028084.705	3.9087
-700390.17	-1053493.403	-700201.993	-1053336.492	5.4157
-779860.566	-982997.266	-779916.95	-983094.0	1.2521
-735366.12	-1027297.32	-735050.04	-1025264.38	22.9489
-707724.571	-1058643.109	-708246.42	-1058914.524	6.5623
-767751.402	-973554.333	-767753.068	-973588.546	0.6858
-730452.94	-1043164.54	-730675.04	-1043358.39	8.0396
-738573.336	-1060565.649	-739793.524	-1062973.819	48.1945
-684463.163	-1008439.427	-683915.461	-1008181.114	13.4043
-666656.393	-1086639.051	-666179.303	-1087368.634	9.6919
-700346.562	-1017072.948	-700358.813	-1017067.057	0.3449
-728849.261	-1077896.152	-729086.02	-1078563.0	14.1544
-838376.918	-1004698.806	-836492.406	-1004466.01	32.143
-762829.78	-987338.79	-762950.25	-987344.438	1.3401
-810720.961	-991913.489	-810801.26	-991902.66	1.2159
-828396.58	-1041206.93	-827131.62	-1039311.71	29.555
-887593.216	-1019848.564	-887947.324	-1019600.704	5.3623
-683530.17	-995952.62	-682729.164	-996505.443	11.3693
-764224.07	-1060908.12	-764716.53	-1060653.17	11.9279
-645105.96	-1049663.07	-645145.99	-1049725.66	1.5515
-751335.55	-1025384.98	-752141.41	-1023976.24	18.3123
-771084.12	-1044639.87	-771339.95	-1043067.31	21.1597
-685510.402	-1030303.126	-686017.889	-1029556.394	10.5098
-810520.166	-1044574.254	-810552.842	-1045120.031	11.2254
-723479.16	-1003385.98	-723862.67	-1002130.34	16.1922
-711597.156	-1048385.964	-711274.29	-1046257.05	24.5859
-662570.484	-1074158.653	-663364.529	-1074122.727	10.1697
-762872.288	-999971.451	-761091.792	-1000899.314	23.5788
-668968.561	-1086290.602	-669926.958	-1088201.107	26.7668
-812708.61	-1047177.08	-813176.459	-1046589.393	9.027
-706775.892	-1083266.411	-707064.724	-1082684.737	14.032
-771078.29	-990730.67	-770746.85	-990883.12	4.4145
-641514.85	-1023473.3	-640925.311	-1021970.907	66.9803
-750636.83	-992905.25	-750415.883	-992224.643	14.4722
-846906.763	-1052310.741	-847164.007	-1052900.35	7.2206
-832703.871	-1023951.265	-833174.947	-1023365.051	8.5491
-801108.0	-1008116.063	-801091.063	-1008102.063	0.5283
-644298.13	-1030761.77	-641922.82	-1033394.04	51.5558
-780447.34	-1052568.44	-780209.19	-1052580.14	2.6494
-645667.751	-1071370.708	-645345.71	-1071388.114	6.4786
-649463.246	-1060572.535	-649428.98	-1060875.631	6.1358
-719190.421	-1019607.808	-719124.44	-1019653.71	0.8932
-739143.03	-1040124.46	-739171.152	-1040027.507	10.9903
-673065.06	-1012192.51	-673049.74	-1012189.85	0.4047
-648561.92	-1095210.25	-648640.825	-1095521.756	168.023
-807751.057	-1006035.309	-807383.57	-1006123.78	4.1999
-762979.692	-1050902.147	-762873.549	-1050943.551	2.8828
-754788.077	-1001786.249	-754851.754	-1001837.015	1.2804
-642841.85	-1047796.88	-641152.528	-1043280.12	63.8678
-767781.46	-1012709.8	-767704.931	-1012697.57	1.6146
-776333.91	-979441.43	-776444.064	-979394.896	1.4838
-861213.19	-1005760.69	-861192.21	-1005818.49	0.6976
-714181.98	-1073425.977	-714132.725	-1073338.675	1.1147
-695463.99	-991622.97	-694308.4	-991617.43	18.0167
-780351.726	-1028866.151	-780763.21	-1026689.94	29.061
-645970.479	-1043078.314	-645887.77	-1042954.814	3.0222
-683369.132	-1076733.495	-683899.563	-1076949.046	6.8464
-660596.22	-1003097.49	-660812.51	-1002511.21	6.9897
-750047.208	-1015408.797	-750289.565	-1015785.416	4.987
-672326.153	-1014439.536	-671939.704	-1014790.747	12.5452
-742145.86	-1064673.33	-743483.882	-1061707.065	62.6801
-682729.164	-996505.443	-682113.01	-996984.028	8.7338
-784281.09	-996224.5	-786598.47	-996189.5	30.3914
-857625.67	-1022950.01	-856042.08	-1020233.6	41.3323
-667520.15	-1022804.81	-667559.74	-1021705.03	12.8627
-746346.505	-1054248.18	-746310.408	-1054210.684	1.1335
-714290.31	-1043555.4	-714372.074	-1044361.9	9.0918
-683723.053	-994868.062	-683582.63	-994793.68	3.2216
-663442.177	-1084581.588	-663966.307	-1086317.794	21.1952
-690190.7	-995235.01	-690031.769	-995179.741	1.8746
-845775.84	-1007964.6	-848763.027	-1010048.128	44.5594
-767595.67	-1025910.37	-767399.782	-1024261.277	19.3064
-845507.48	-1038886.21	-845456.526	-1038852.984	0.6829
-871768.572	-1048363.089	-871076.13	-1046023.98	37.761
-873406.78	-991086.604	-873673.42	-990325.73	11.4912
-789753.24	-1064120.66	-789574.91	-1064106.02	1.3764
-654890.74	-1047168.19	-653883.8	-1046418.99	19.1553
-785751.46	-1023155.57	-784784.39	-1023650.31	16.1002
-730244.83	-1030971.86	-730169.158	-1030836.067	1.7273
-750462.95	-1027278.04	-749380.89	-1026628.41	17.3628
-648319.994	-1064139.615	-648277.846	-1064324.543	3.9511
-842572.97	-1071217.11	-840238.82	-1073506.87	49.2677
-673145.17	-1051190.82	-672036.466	-1050055.869	18.4032
-851755.047	-1055051.776	-850853.76	-1050620.43	84.7302
-805000.518	-989097.218	-805009.831	-989120.872	1.2345
-820001.306	-1026390.182	-819898.98	-1026230.286	3.8041
-766712.9	-1011101.83	-767704.931	-1012697.57	32.2799
-640183.975	-1033551.803	-640378.25	-1031819.25	23.4211
-679590.78	-1061605.57	-679031.6	-1060860.37	10.3902
-675523.865	-1025031.442	-674579.81	-1020864.91	59.2207
-796744.169	-1050356.163	-797150.73	-1050102.36	6.5663
-806496.7	-994995.52	-806814.73	-996266.87	16.9749
-761148.58	-1059030.53	-758585.865	-1058784.774	35.4898
-767901.68	-991457.23	-767920.89	-991141.11	3.6209
-659867.64	-1000480.32	-659812.791	-1000298.361	17.4435
-681529.022	-1022174.331	-679690.661	-1023594.594	28.5456
-777599.05	-1081865.48	-776487.38	-1076782.21	77.1295
-708118.84	-1072450.287	-707894.669	-1073609.691	30.9854
-763837.45	-993504.81	-762406.196	-993291.541	42.6098
-765351.032	-1023102.423	-763530.548	-1022285.521	24.3423
-693430.41	-1064777.02	-694401.055	-1065921.44	20.6087
-705427.24	-1044468.27	-705511.49	-1044535.7	11.0615
-696684.966	-1001039.062	-696666.688	-1001067.998	0.8707
-703712.723	-1072042.225	-703864.699	-1073200.65	16.4714
-734638.13	-974924.285	-735016.544	-973811.114	61.659
-668640.97	-1092650.74	-667105.881	-1093585.48	94.3017
-646545.473	-1068527.193	-646644.983	-1068689.468	2.1748
-854753.94	-1038523.71	-856480.36	-1038822.1	21.6036
-649092.16	-1019581.26	-649055.07	-1019600.4	0.8349
-748802.16	-1025180.0	-748623.581	-1025255.676	3.94
-799304.901	-1029049.172	-799418.873	-1028890.233	6.3677
-819172.32	-1071709.66	-819275.356	-1071762.21	2.3225
-747671.952	-990070.094	-748046.626	-992743.35	45.9183
-866969.154	-1012833.063	-864779.652	-1012961.45	26.3894
-790959.514	-1073441.072	-789266.33	-1072521.29	21.8914
-761131.05	-994656.63	-761263.61	-994584.576	1.8236
-714462.42	-1055250.06	-714569.04	-1056043.87	8.9004
-730996.27	-1056179.51	-732349.208	-1056858.918	12.605
-813415.85	-1046633.6	-817226.33	-1047661.17	49.9098
-654133.383	-1067171.189	-653047.62	-1067925.5	16.6031
-674205.56	-1052947.414	-673551.919	-1051826.761	15.0484
-762414.74	-1043282.56	-762794.21	-1043674.35	7.0398
-688787.54	-1007956.6	-688651.72	-1008095.12	2.1744
-763026.768	-1018099.673	-763066.181	-1017946.531	3.5213
-652055.19	-1026467.11	-650153.63	-1026925.2	41.3143
-753228.46	-994109.99	-753595.4	-994051.75	4.2291
-744432.002	-1025148.312	-745963.09	-1022964.21	29.663
-831956.795	-1074208.004	-833254.123	-1074912.867	16.4053
-711182.08	-1008838.71	-711236.63	-1008487.29	4.1631
-667061.9	-1000843.75	-666452.53	-998977.14	41.9653
-650094.63	-1087395.397	-647976.31	-1088461.283	27.6442
-728352.935	-1060877.851	-728499.427	-1060787.66	2.0168
-697851.121	-1070299.491	-696810.82	-1070133.72	12.0097
-780519.769	-983807.611	-779946.39	-983146.06	9.7736
-692578.833	-1024496.341	-693410.063	-1025499.188	14.8169
-760153.032	-1022707.912	-759758.79	-1022562.13	4.8452
-686881.544	-1058803.954	-687128.448	-1059812.154	12.5981
-775409.33	-1012503.54	-775534.44	-1012209.17	3.7234
-762707.88	-1014316.97	-764160.43	-1016431.93	32.9712
-686593.53	-1007380.87	-686868.82	-1007249.54	4.272
-769789.58	-971663.42	-769366.7	-971553.53	8.7947
-686813.369	-999098.413	-686024.88	-998267.403	35.2785
-697177.04	-1038976.56	-697196.144	-1038949.392	1.4344
-647367.445	-1070278.033	-647370.202	-1070293.104	0.3966
-695019.57	-988728.24	-696412.988	-986870.134	55.0022
-700387.25	-1066319.45	-700778.29	-1064917.129	20.3987
-649353.23	-1072219.672	-650947.633	-1072394.133	22.1138
-808968.166	-1042596.195	-807102.733	-1044347.395	35.9315
-692414.164	-1070981.013	-691937.271	-1072584.723	20.5091
-745929.853	-1052838.5	-745961.802	-1053732.583	19.1726
-887508.86	-1019850.702	-888076.967	-1019899.839	17.8193
-808875.104	-990891.741	-811825.3	-986832.05	64.5977
-731354.232	-1057376.602	-732608.251	-1056995.402	28.4787
-852839.972	-1010562.394	-852989.94	-1010517.63	3.4716
-854546.74	-1011568.45	-854520.06	-1011602.93	2.2587
-755287.16	-999432.24	-752473.763	-999912.154	33.4536
-727975.51	-1014825.39	-729452.35	-1015776.13	20.8457
-771848.74	-1029133.44	-771186.36	-1027775.74	18.0361
-682240.68	-1042260.61	-682176.13	-1042240.81	0.7502
-847264.676	-1070411.162	-847289.002	-1070296.975	2.446
-684220.492	-1066037.532	-683310.861	-1065188.496	26.8561
-845202.589	-1031843.781	-845167.583	-1031769.793	1.8176
-781669.484	-1061354.464	-782595.73	-1062161.21	15.7228
-849434.18	-1008755.3	-848549.27	-1008367.37	58.839
-697255.32	-994348.55	-696701.07	-994294.03	13.5161
-774495.89	-975005.19	-773121.153	-974553.726	29.6233
-730766.56	-1057386.58	-730701.69	-1057315.94	1.8495
-675054.525	-1056705.405	-675043.064	-1056723.951	0.3459
-710154.438	-1069709.127	-708112.032	-1070038.448	22.9902
-746190.75	-1025567.22	-747308.843	-1023989.877	45.9465
-672429.127	-1024177.313	-672595.3	-1023240.283	13.4956
-826525.574	-1068523.626	-826561.251	-1068451.761	2.2991
-703462.71	-1043125.21	-702127.568	-1043243.394	15.0586
-726168.492	-980888.314	-726261.37	-980626.66	6.6188
-792674.46	-979701.73	-792596.012	-979641.183	1.1034
-700476.8	-1041432.14	-699987.12	-1040664.48	10.1839
-652212.116	-1071839.695	-653003.451	-1071333.469	10.4546
-741322.22	-1041999.96	-741446.64	-1042000.11	2.8389
-682872.293	-1084756.083	-685173.71	-1084269.78	30.6624
-672363.2	-1014434.51	-672386.15	-1014641.12	4.4629
-647806.841	-1060485.976	-647759.378	-1060941.888	9.2325
-701176.638	-1010409.645	-701062.533	-1010506.052	2.9981
-738660.45	-1001178.32	-738570.48	-999570.7	19.6869
-656777.827	-1049209.982	-657931.81	-1048289.23	19.47
-730812.91	-1045592.62	-730719.8	-1045394.6	1.684
-734646.646	-1072998.231	-734628.322	-1073000.566	0.6351
-840238.82	-1073506.87	-839748.459	-1074640.306	13.8534
-661891.39	-1051662.77	-662362.855	-1049139.007	31.1267
-763472.347	-1022342.542	-763417.35	-1022304.798	1.1258
-767505.147	-1030465.416	-767521.328	-1030468.912	1.0466
-645063.453	-1071395.993	-645067.818	-1071285.796	1.2787
-732372.051	-1073917.202	-734050.012	-1072617.244	88.876
-643162.475	-1076986.149	-644784.776	-1077825.179	21.791
-848763.027	-1010048.128	-848832.896	-1010100.024	1.7407
-868041.697	-1002230.454	-870512.35	-1002892.839	31.6648
-668606.725	-1072789.606	-669625.087	-1074589.714	26.3315
-822504.08	-1069162.85	-822634.434	-1069568.19	8.5974
-731589.929	-1056706.085	-731373.968	-1056614.342	2.6177
-744897.887	-1026833.986	-746190.75	-1025567.22	22.2262
-738730.478	-1049064.169	-738690.067	-1048798.459	6.2246
-688156.23	-1046374.04	-688388.569	-1045386.217	32.8366
-864728.2	-1021041.49	-864362.282	-1016657.851	69.2584
-845746.3	-1007961.96	-845415.85	-1007787.98	4.1582
-683290.106	-1065208.565	-683274.436	-1065192.111	0.5252
-715691.24	-1003004.78	-716837.48	-1002128.513	16.1743
-759844.263	-994650.504	-759859.901	-994647.082	0.2177
-803589.727	-1011292.965	-803594.969	-1011418.323	1.3948
-761510.266	-993283.083	-759859.901	-994647.082	27.5406
-783553.147	-1058450.151	-783516.82	-1058617.82	2.3256
-702190.758	-1009785.457	-702142.2	-1009771.98	1.4067
-757684.89	-1039998.96	-757599.75	-1039889.39	4.3551
-710892.404	-1025908.72	-710918.126	-1025929.913	1.1749
-727861.38	-1071800.64	-727909.11	-1071900.0	1.2259
-731883.95	-1042140.41	-731542.33	-1042118.76	6.8462
-768588.55	-1063775.18	-768572.23	-1063516.11	3.0806
-661295.15	-1005380.04	-660596.22	-1003097.49	30.1941
-658853.576	-1013422.483	-660174.35	-1015075.14	27.9294
-755380.16	-1051435.53	-756795.41	-1050212.7	25.377
-744432.002	-1025148.312	-744437.968	-1025170.462	0.3126
-809318.62	-991774.95	-809326.78	-991755.48	0.4741
-719811.36	-993031.51	-719497.051	-992828.454	7.6576
-648638.888	-1058260.078	-648596.872	-1058283.361	3.9147
-797433.88	-1052597.14	-798540.66	-1052815.28	12.8403
-650683.511	-1024504.108	-650508.75	-1024626.59	2.505
-736379.594	-1013769.886	-736357.239	-1013771.455	0.315
-658009.514	-1090999.15	-656800.363	-1089957.688	19.9748
-795341.173	-986115.417	-795667.788	-985977.504	4.1308
-707680.002	-1079370.444	-707251.36	-1077892.46	19.118
-743757.419	-1079304.479	-742129.808	-1080899.379	32.8836
-824557.59	-1076392.94	-824507.7	-1076400.89	0.5635
-645062.731	-1074192.643	-645801.901	-1075686.843	19.0395
-644717.33	-1027771.45	-644950.75	-1026909.95	10.5271
-657002.779	-1089741.132	-656635.901	-1088944.945	13.528
-785849.91	-1013090.69	-788144.53	-1012423.94	31.432
-785863.25	-1013207.41	-788459.966	-1013937.498	38.2503
-655762.18	-1018584.24	-655468.82	-1019383.04	11.7406
-854140.01	-1046983.951	-852564.625	-1046612.94	38.5892
-851755.047	-1055051.776	-849253.783	-1056172.622	31.2868
-844556.43	-1061431.761	-845372.99	-1063113.76	28.226
-753077.49	-1037346.2	-753059.5	-1037273.11	2.0565
-727866.83	-1040514.95	-727793.899	-1040572.963	1.4056
-722222.22	-997971.0	-726528.96	-994833.11	74.5224
-818268.597	-1063461.526	-817411.992	-1063506.723	17.3822
-695654.968	-1073649.703	-695916.769	-1074824.692	14.7573
-673352.86	-1032759.32	-675579.44	-1033002.51	25.2924
-690789.28	-1055998.43	-690524.34	-1056303.93	4.8676
-685270.97	-1085890.8	-686035.449	-1086673.004	15.2082
-673875.25	-1014053.5	-674233.93	-1014672.0	8.0095
-751028.92	-981540.47	-751048.998	-981028.811	6.4116
-721694.51	-1079694.03	-721746.25	-1079696.64	0.6084
-755872.151	-995485.295	-755871.129	-995504.851	0.5803
-659981.157	-1076134.679	-659857.84	-1075610.74	20.6074
-795210.213	-986265.294	-794952.821	-986527.764	4.0857
-739522.69	-1081106.92	-736333.4	-1081373.52	38.7024
-690438.51	-1007547.74	-691025.4	-1007118.65	8.3388
-748217.911	-1030589.276	-747889.099	-1030600.482	7.695
-702651.98	-1032100.78	-699093.76	-1035168.08	58.0933
-718121.73	-1038100.5	-716020.614	-1038184.376	32.0581
-745476.507	-1081316.924	-748042.315	-1080152.783	39.0322
-850163.81	-1066617.882	-853099.15	-1066293.05	40.1941
-752755.865	-1019792.05	-751115.129	-1019859.845	20.4463
-841357.154	-1010942.499	-840443.48	-1008932.252	38.8346
-829788.412	-1060553.525	-827897.646	-1061881.878	25.6873
-672177.473	-1080155.063	-672153.087	-1080418.844	2.9752
-828948.94	-1056426.107	-828845.054	-1056403.335	1.1943
-870341.59	-1018137.35	-870454.8	-1018131.13	1.5901
-678016.52	-992385.78	-678205.782	-991822.832	11.8854
-728282.37	-1061023.04	-724988.93	-1064518.87	39.7026
-702025.2	-1088151.71	-701067.767	-1088268.67	10.9344
-836617.377	-1071326.255	-835795.04	-1069848.01	51.2114
-678065.93	-991301.26	-677697.483	-990880.701	11.8632
-643499.7	-1046185.71	-643570.536	-1046079.826	3.4189
-794155.71	-978814.24	-794635.124	-976884.213	28.1044
-697549.715	-1035832.866	-697518.488	-1035881.249	0.6407
-711896.42	-1021996.28	-712210.494	-1019124.038	33.3243
-693651.636	-1087114.943	-694429.348	-1089271.621	62.5692
-646575.845	-1068613.119	-646416.591	-1068698.913	2.0099
-856520.89	-1006898.548	-857217.29	-1002438.67	62.5653
-719101.15	-1005453.17	-719197.733	-1004911.061	6.1293
-729054.11	-1086088.29	-729435.194	-1087049.526	24.1199
-818528.084	-1013301.356	-816264.968	-1012124.115	31.1571
-737072.77	-1034203.55	-736076.53	-1032279.74	25.0637
-660269.1	-1066357.25	-660352.971	-1066700.932	11.9496
-783259.68	-996320.45	-782433.38	-997528.55	20.443
-645970.479	-1043078.314	-645559.416	-1042295.828	6.805
-746888.09	-1017286.08	-743748.95	-1024743.24	67.3402
-680669.255	-1026409.046	-682674.341	-1028324.974	36.3634
-778265.78	-1058963.422	-778337.115	-1058982.337	0.8203
-679435.957	-1037621.039	-679461.209	-1037627.833	0.7955
-762324.87	-1040520.03	-762683.732	-1040426.102	7.4191
-687637.99	-1074883.63	-687349.345	-1073792.005	13.5714
-668686.058	-1026754.601	-668596.42	-1026512.986	3.0952
-696197.4	-1059702.55	-696713.71	-1058468.95	20.1845
-692193.646	-1029463.697	-694947.241	-1029166.982	32.546
-713092.63	-1079204.57	-712682.818	-1079173.214	4.7153
-689507.87	-993288.37	-689540.7	-994871.36	28.3686
-742474.966	-1070295.532	-743079.059	-1073762.088	52.2856
-709619.48	-1003555.71	-707326.961	-1002635.298	36.3882
-753152.938	-1010980.073	-756448.614	-1011708.294	40.4355
-819933.52	-1074461.742	-819950.948	-1074462.728	0.4504
-810799.14	-991824.71	-810737.74	-991815.48	0.9638
-828845.054	-1056403.335	-827049.41	-1054625.63	28.9325
-845196.17	-1057797.05	-846571.19	-1058231.87	16.7736
-694141.41	-1044339.51	-694157.94	-1044358.01	0.5815
-784103.78	-1064968.52	-783270.84	-1064572.46	19.3077
-680341.8	-1069060.17	-680386.462	-1069039.757	0.5475
-701062.533	-1010506.052	-700934.131	-1010553.257	2.7888
-668161.61	-1016709.32	-669086.92	-1017098.64	12.5442
-815262.352	-1070819.168	-815526.063	-1070891.9	5.875
-757128.242	-1059507.045	-757140.049	-1059498.17	0.3779
-728360.75	-1071940.41	-728506.95	-1073027.45	22.5954
-639983.58	-1043150.83	-639956.58	-1043068.73	1.8017
-720342.2	-975390.91	-720854.364	-974305.516	81.5989
-737554.58	-1032825.0	-738778.9	-1032624.5	17.6296
-682471.77	-1053166.07	-681072.46	-1051644.97	25.1848
-766952.821	-971853.213	-767239.894	-971117.325	18.7172
-768205.212	-1023323.605	-767494.606	-1023226.062	14.3502
-685684.47	-1041534.47	-684304.861	-1040364.167	23.4855
-720032.57	-1016718.64	-718906.5	-1016922.99	23.0282
-667586.42	-1009685.03	-668653.807	-1010130.087	13.3116
-768447.69	-1028149.04	-768403.49	-1028124.55	1.0156
-817922.03	-1036911.7	-826470.563	-1036756.862	128.695
-794154.973	-983095.205	-796562.33	-980874.64	40.5154
-823979.116	-1021458.512	-823938.6	-1021455.54	0.4525
-832980.335	-1031827.115	-832266.025	-1033752.917	26.5306
-679280.26	-1038094.26	-677663.12	-1037797.67	18.6899
-871218.027	-1009557.177	-870650.119	-1008674.446	57.9916
-742420.28	-978651.65	-741544.581	-976482.751	28.6662
-769027.74	-999452.77	-770392.356	-1000118.005	17.6331
-749333.922	-1004411.141	-749347.726	-1004401.908	0.4679
-777903.87	-1064534.52	-780578.77	-1062574.61	62.2156
-756448.302	-1074838.025	-754115.375	-1075575.309	28.9234
-682287.738	-1041472.981	-682240.68	-1042260.61	8.7992
-731062.81	-1041276.39	-729921.66	-1041002.68	9.0274
-721968.829	-1032704.001	-721637.41	-1032819.07	4.0372
-764026.83	-977054.7	-764086.605	-977019.472	3.0947
-769817.77	-1033493.72	-769100.28	-1034464.36	14.3227
-727814.301	-1074191.455	-727858.62	-1074147.72	1.7752
-824238.73	-1076359.83	-824493.68	-1076358.88	2.8337
-754962.86	-1023735.53	-753928.13	-1020771.05	38.1533
-842572.97	-1071217.11	-843765.648	-1071279.334	13.7898
-809385.58	-994210.66	-809398.86	-994191.22	0.5976
-762550.42	-1050258.3	-762907.221	-1050623.978	11.0379
-793468.02	-1021853.9	-794276.65	-1021389.39	19.5102
-890351.589	-1015929.912	-889507.769	-1016414.484	183.7386
-753444.92	-1047853.34	-753326.703	-1048034.081	4.3196
-762996.38	-1072366.43	-762869.6	-1072234.6	1.4072
-806773.384	-1059233.434	-804696.757	-1060212.003	38.6294
-748877.24	-1017607.466	-750289.565	-1015785.416	32.4282
-740731.098	-1076827.058	-740074.415	-1078259.978	18.3429
-652594.109	-1064384.139	-652512.268	-1066003.798	18.4447
-861494.852	-1000798.071	-861166.839	-999768.473	13.7016
-651974.543	-1078911.704	-651976.863	-1078879.35	0.3654
-731127.29	-980749.41	-731116.63	-981112.06	4.2385
-770955.98	-1029438.48	-770330.57	-1029140.02	7.6998
-810621.584	-991824.357	-810553.97	-991733.99	1.2547
-674943.95	-1076363.873	-674863.694	-1076462.292	2.7577
-762406.196	-993291.541	-762418.26	-993299.638	0.34
-754173.61	-1046352.76	-754059.77	-1046108.69	5.4217
-759215.6	-993272.15	-759169.19	-993327.263	0.9845
-864815.75	-1042914.0	-864330.796	-1043368.391	8.0923
-681287.458	-1064635.702	-681177.192	-1064854.617	5.7558
-686627.96	-1059580.54	-686529.58	-1059643.5	1.2979
-847116.139	-1070917.101	-847134.79	-1070900.84	0.2988
-641660.574	-1083773.046	-642337.72	-1083758.318	15.2426
-700715.959	-1052395.539	-701099.716	-1050856.633	21.4926
-708891.15	-1022648.12	-707915.61	-1021166.69	20.2656
-672609.87	-1068687.87	-670591.351	-1068779.942	28.3516
-810520.166	-1044574.254	-808968.166	-1042596.195	30.6698
-824120.46	-1075002.36	-824133.78	-1076090.16	9.9715
-846882.735	-1029706.228	-845238.05	-1031751.382	32.0542
-649175.674	-1083114.173	-648413.314	-1082896.161	8.8906
-731819.56	-1031524.2	-731748.04	-1031479.96	1.6819
-748604.8	-1003219.44	-749006.06	-998903.22	49.0305
-770085.383	-988416.706	-770159.84	-988711.64	4.2264
-758598.97	-1005216.97	-758723.942	-1005058.214	6.8615
-851756.305	-1060741.82	-853654.412	-1058927.71	30.1379
-701969.68	-997871.5	-702673.44	-997200.48	11.5754
-726066.38	-1020719.64	-726885.05	-1020661.03	16.882
-881872.21	-1006938.51	-882384.904	-1003135.151	55.7511
-671162.07	-1047532.52	-670190.15	-1047706.29	7.6951
-689914.682	-995409.262	-689899.342	-995399.552	0.618
-677073.236	-1057023.454	-676899.047	-1057192.153	5.3172
-801280.396	-1045311.331	-801122.233	-1042749.785	43.5
-787060.19	-989261.78	-786951.09	-989143.0	3.2256
-743505.628	-1006017.643	-741601.38	-1006046.2	22.58
-763141.496	-1021116.148	-763026.768	-1018099.673	55.6484
-701889.2	-1023728.32	-701868.37	-1027853.58	48.2825
-727668.723	-1068945.166	-727690.78	-1068634.18	10.5435
-691574.13	-1060305.91	-691545.33	-1060270.24	0.5094
-783867.67	-994628.48	-782602.134	-994536.807	15.4227
-805166.54	-988816.775	-805127.315	-988923.266	2.5397
-773808.417	-1047373.8	-773797.75	-1048215.04	20.2127
-807309.492	-1072493.849	-807938.866	-1072495.803	12.6208
-807625.76	-999569.73	-808139.24	-1000748.08	20.8387
-646321.017	-1065809.304	-646526.173	-1066046.309	6.8616
-756229.13	-1064141.66	-754895.68	-1063355.495	18.1938
-701493.122	-1012267.925	-701391.16	-1012222.38	2.7802
-640361.277	-1057046.56	-639856.212	-1056935.25	10.2858
-640431.28	-1026551.76	-640510.66	-1028327.36	24.9224
-797207.371	-1069075.147	-797225.383	-1069033.488	0.9077
-653033.34	-1013150.34	-654479.02	-1011717.715	36.7088
-642606.26	-1037329.69	-643782.714	-1036881.502	14.0906
-709824.135	-1089105.974	-709087.68	-1088888.29	197.0871
-749690.597	-982185.135	-750260.813	-981836.621	7.9125
-770208.09	-1027884.02	-771186.36	-1027775.74	11.5176
-887705.176	-1018981.939	-887943.857	-1019216.675	3.7601
-755258.858	-1046303.702	-755281.611	-1046316.443	0.8127
-694877.07	-1064101.78	-694991.159	-1064536.914	5.867
-744437.968	-1025170.462	-746190.75	-1025567.22	21.9306
-845415.76	-1073378.13	-846262.964	-1072549.949	13.3403
-682690.358	-1063043.568	-681325.635	-1064380.716	21.5788
-839748.459	-1074640.306	-840368.396	-1075078.936	18.1505
-704605.586	-1052472.046	-703994.683	-1051276.113	14.9972
-695093.919	-1044393.153	-695093.911	-1044413.908	0.2559
-772404.43	-1081947.67	-772421.69	-1081831.94	2.0803
-796390.94	-1055155.03	-795330.43	-1055353.6	15.5341
-728692.032	-1060906.438	-728655.924	-1060908.631	0.847
-683832.71	-1008037.48	-680301.305	-1006924.26	59.3319
-840004.527	-1070667.351	-840067.835	-1070535.742	1.7695
-725158.78	-1040229.56	-722762.63	-1039605.41	29.3228
-781131.98	-972624.87	-780671.08	-973834.67	23.2436
-740158.762	-1003494.466	-739888.968	-1002305.712	20.0933
-661179.667	-1084527.399	-661591.788	-1083559.081	13.0098
-763757.86	-1061027.09	-764224.07	-1060908.12	5.9468
-690634.73	-1072849.38	-690558.02	-1072701.96	2.5543
-688858.81	-1024493.81	-689265.91	-1025362.49	12.6021
-779123.07	-989122.53	-779200.26	-990148.94	15.6651
-646459.174	-1071635.768	-646380.531	-1071538.825	2.5049
-811436.45	-1058332.05	-813286.907	-1058573.84	22.963
-672391.99	-1070720.65	-671293.0	-1070489.27	12.5499
-748350.67	-1028308.63	-748262.44	-1027946.56	4.1408
-788124.72	-1067166.53	-788287.5	-1065353.53	22.5712
-765332.98	-974699.53	-765333.66	-974756.53	0.6334
-729975.212	-1063167.207	-727980.95	-1063807.84	26.1635
-841670.444	-1018144.384	-841143.11	-1018832.66	9.6348
-746274.66	-993820.43	-748046.626	-992743.35	24.696
-804239.62	-1015362.907	-804204.364	-1015322.504	0.6076
-883700.873	-1019663.734	-882091.044	-1017735.02	31.579
-751396.792	-1060134.969	-751388.652	-1060260.748	2.5212
-662825.369	-1081498.459	-661591.788	-1083559.081	32.4798
-667561.482	-1025467.317	-667146.26	-1024482.707	23.7954
-827404.39	-1021838.42	-830028.817	-1021447.07	40.6777
-759847.685	-994666.142	-758959.408	-996318.164	21.1926
-672222.536	-1078964.284	-672376.184	-1079422.655	5.4062
-757104.465	-1047060.626	-757098.591	-1047047.502	0.372
-701630.49	-1012426.75	-701719.186	-1012526.163	2.6649
-642714.099	-1086174.846	-642693.355	-1084116.936	26.3717
-662315.995	-1049032.62	-658504.748	-1051652.558	55.9089
-802459.515	-1014326.771	-802515.946	-1014086.344	5.0121
-802769.264	-1075821.103	-804666.5	-1074796.581	25.4284
-758355.348	-1040652.328	-758347.022	-1040674.358	0.5778
-741428.63	-982599.37	-739577.587	-982765.461	24.6666
-718912.187	-1047953.389	-716119.768	-1048477.837	31.5709
-755562.866	-970576.235	-756555.782	-970472.63	13.8457
-825005.885	-1067224.436	-824983.948	-1067325.925	3.8429
-753577.73	-1045262.14	-753616.119	-1045385.081	1.432
-832903.841	-1031528.395	-833527.813	-1031576.207	7.3151
-848840.874	-1010200.239	-848704.334	-1010274.69	3.1121
-731762.1	-997719.45	-730850.22	-996143.5	32.8164
-663328.766	-1029262.266	-661631.68	-1028707.03	22.0313
-833825.94	-1072470.482	-833797.667	-1072485.553	0.7123
-670102.2	-996675.926	-669370.36	-996831.38	8.8648
-772803.63	-1017751.8	-772671.65	-1017061.6	8.6594
-819326.668	-1076797.521	-819489.537	-1076342.97	5.5124
-699291.53	-1077338.05	-698822.003	-1079576.361	34.6552
-855649.83	-1035660.68	-855098.758	-1034817.972	13.2652
-660203.256	-1090906.22	-659898.244	-1090702.716	7.8585
-770431.432	-1065090.428	-770134.93	-1065005.61	3.6299
-840067.835	-1070535.742	-840079.293	-1070472.054	0.7195
-653953.22	-1019479.01	-655762.18	-1018584.24	24.4546
-678090.67	-994050.34	-676737.09	-993800.02	29.9932
-673314.3	-1012103.57	-673305.6	-1012192.39	2.1088
-688233.175	-1046546.614	-688248.712	-1046588.278	1.0162
-815342.16	-1071045.65	-815293.012	-1071088.658	1.3256
-769817.77	-1033493.72	-769389.42	-1033348.2	6.0044
-763808.35	-1031004.17	-763753.88	-1030032.14	23.0579
-730645.6	-989247.51	-730540.16	-987872.41	40.9457
-701455.724	-1063024.755	-701528.588	-1063540.191	12.6102
-795219.54	-1011981.77	-791870.0	-1012130.96	40.1385
-848307.95	-1035856.97	-848343.12	-1036112.63	2.8987
-705461.23	-1010278.36	-708156.75	-1007415.76	52.8428
-688417.72	-1061391.853	-688466.684	-1062197.847	17.1875
-644390.63	-1074453.586	-645093.092	-1076178.564	24.6076
-739117.25	-1033551.44	-739058.32	-1033585.74	1.3648
-726485.95	-1007041.3	-727626.089	-1009490.16	52.3826
-768734.89	-972166.881	-768742.989	-972186.687	0.2721
-743664.14	-1076112.04	-744416.2	-1077545.95	21.858
-728304.716	-1060992.768	-728440.506	-1060914.19	1.2068
-673405.59	-1017255.57	-674128.53	-1016623.03	10.9284
-757586.218	-1024782.417	-758706.62	-1023700.47	23.7959
-779292.75	-1007094.87	-779253.26	-1007091.45	0.7985
-744488.19	-1041311.68	-744444.64	-1041362.66	1.6507
-728454.25	-1060923.44	-728436.074	-1061012.176	1.3725
-690238.75	-995190.78	-690266.139	-995239.285	0.6211
-648137.96	-1066641.29	-648859.67	-1066159.18	24.7647
-703745.04	-1004196.03	-704091.21	-1004679.2	8.0385
-699743.556	-1060255.837	-698639.7	-1060855.31	15.6516
-648351.3	-1017818.92	-648175.16	-1017291.77	6.7622
-711094.626	-1011664.817	-710621.97	-1010386.03	22.4426
-725468.37	-1011185.65	-723694.18	-1014270.44	72.1199
-685097.516	-994424.041	-684561.603	-994651.643	11.6465
-750968.809	-1028819.444	-751561.493	-1027770.122	36.3952
-767457.178	-980747.749	-767180.05	-980595.401	3.5619
-740602.21	-1064877.74	-740605.199	-1064951.861	1.5995
-691025.4	-1007118.65	-690024.26	-1005862.91	19.9524
-810588.846	-992040.726	-809663.17	-994174.16	33.568
-648166.53	-1047764.36	-648080.19	-1047698.91	0.8334
-789558.28	-989147.0	-787651.31	-989675.49	25.367
-692483.88	-1046468.81	-692479.53	-1046283.14	3.0357
-690276.83	-1015960.33	-689403.04	-1016757.95	14.0203
-643241.65	-1044616.06	-643320.49	-1044829.44	2.5299
-853343.062	-1022535.79	-853839.06	-1024392.81	25.3012
-772332.79	-979864.87	-772480.194	-979481.156	5.3753
-753912.95	-1033138.8	-752916.78	-1033147.18	13.2366
-773631.891	-1055891.607	-773589.565	-1055806.896	1.9783
-763105.738	-1050918.699	-766382.69	-1052099.3	28.275
-731748.04	-1031479.96	-730244.83	-1030971.86	24.2699
-692500.234	-1046056.225	-692629.241	-1046029.703	1.5336
-657427.6	-1068641.36	-656968.22	-1068227.05	7.3227
-705966.084	-1071067.862	-705725.959	-1070298.695	9.4028
-668300.58	-1045107.33	-667304.361	-1041101.153	47.6329
-640620.04	-1024377.18	-640589.158	-1024405.023	0.4622
-731529.762	-1067858.408	-731542.29	-1067800.52	0.6591
-640025.74	-1055326.843	-640681.278	-1054853.099	8.9942
-678035.842	-1088468.6	-677554.527	-1088695.803	6.8344
-796617.37	-1002849.98	-798438.216	-1001761.199	24.4674
-848719.605	-1073969.032	-848501.314	-1074564.058	81.1014
-668422.09	-1005060.78	-666331.36	-1007237.53	44.0141
-736748.94	-1037377.2	-736679.68	-1037127.23	5.4114
-683665.563	-1050408.426	-684554.75	-1050209.14	10.9963
-678335.291	-1002373.392	-678318.291	-1002398.486	0.5672
-723564.93	-1036303.18	-723405.57	-1036180.08	4.0292
-683695.85	-1039039.86	-683949.63	-1036590.98	32.733
-753384.83	-1041809.36	-753637.4	-1041749.46	5.1917
-844496.82	-1006056.77	-844039.87	-1006166.09	6.0938
-712988.5	-1040330.62	-712609.04	-1040467.46	4.4823
-833504.385	-1072510.084	-833778.651	-1072472.294	3.0997
-764814.858	-987645.533	-765046.376	-987261.184	5.3806
-843492.62	-1069956.18	-843765.648	-1071279.334	39.0076
-651145.588	-1045325.774	-651058.82	-1044615.54	14.4139
-674679.59	-1048054.11	-677347.68	-1048432.16	35.9363
-751442.58	-989970.89	-750239.63	-989819.6	13.6065
-773797.75	-1048215.04	-771682.606	-1049823.739	30.679
-774638.4	-1000367.22	-777659.539	-1002051.994	47.1489
-726010.753	-980867.59	-725347.879	-978456.084	30.5428
-766499.505	-982853.063	-765863.91	-983645.747	8.2931
-660269.1	-1066357.25	-660600.09	-1066370.54	3.8169
-765609.7	-990470.42	-765694.119	-990470.415	1.228
-651301.86	-1057897.46	-649324.526	-1057870.256	22.3898
-662711.63	-1062787.7	-662710.47	-1064560.79	23.1404
-866204.489	-1052538.586	-865862.262	-1050082.874	30.2486
-740469.115	-1063777.416	-741766.996	-1064489.266	20.0178
-848950.995	-1010127.127	-848990.971	-1010089.243	1.2124
-714955.33	-1050127.92	-716181.54	-1053143.76	51.7768
-727909.11	-1071900.0	-727983.52	-1072141.29	5.0696
-757370.05	-1040129.007	-757373.21	-1040388.77	5.2476
-771592.16	-1018016.29	-771738.96	-1017773.69	3.1513
-734422.781	-1059485.825	-733685.284	-1057740.41	36.2044
-766796.12	-1037801.07	-766858.89	-1037449.749	7.2314
-688977.74	-1008137.47	-688899.04	-1008101.45	0.9617
-771695.42	-1051177.63	-772890.277	-1051029.661	14.1659
-682600.335	-1089721.639	-682911.605	-1089391.638	6.0727
-712116.305	-1015732.558	-712227.415	-1015535.067	4.5738
-682369.656	-994478.593	-682351.386	-994485.127	0.4876
-657729.773	-1036434.307	-655208.08	-1037168.666	35.521
-697552.19	-1066062.58	-699212.275	-1065647.246	20.6852
-675030.3	-1056712.274	-674341.034	-1057156.147	9.5375
-752431.017	-980746.742	-752105.489	-980945.987	4.9768
-781895.681	-996105.509	-781620.12	-995649.33	5.9509
-648142.26	-1020670.59	-646505.31	-1021123.44	20.5527
-844933.3	-1005585.62	-844159.33	-1005098.186	12.0394
-657427.6	-1068641.36	-657654.09	-1066536.93	36.2417
-854140.01	-1046983.951	-854997.48	-1048012.69	15.8914
-671277.981	-1082418.007	-670729.731	-1080489.678	26.1333
-863940.836	-1042221.619	-864037.296	-1042424.275	2.6123
-771713.29	-1060382.695	-771751.37	-1060150.6	2.7977
-775021.41	-1039047.45	-775090.288	-1043059.483	49.6365
-792093.47	-1061423.94	-789824.762	-1062381.92	42.8231
-671157.532	-1014752.688	-671319.449	-1014732.912	3.3796
-752655.72	-1049106.351	-752685.024	-1049177.554	1.54
-711094.626	-1011664.817	-712254.06	-1010026.6	26.8461
-656326.915	-1069967.999	-655099.038	-1068726.923	21.2577
-732051.83	-1040986.84	-732174.09	-1040922.07	2.7672
-669484.44	-1009602.86	-670965.53	-1008802.41	19.2744
-767026.934	-988599.297	-768081.24	-985497.61	39.571
-647963.442	-1054468.654	-648052.94	-1054485.999	2.1896
-684782.25	-1006729.16	-686353.165	-1005316.704	25.2566
-652463.463	-1051558.487	-654046.05	-1050054.39	24.9382
-740517.56	-1057594.04	-741456.828	-1058912.339	21.6042
-786505.52	-1066825.13	-787194.84	-1068117.31	17.7502
-691791.485	-1067486.309	-691342.203	-1067706.148	5.5752
-701581.79	-1008552.238	-701892.25	-1007304.34	87.2475
-865281.896	-1016221.898	-865149.161	-1016075.06	4.1544
-691695.8	-1073983.308	-690634.73	-1072849.38	17.7615
-757097.594	-1032250.122	-757117.744	-1032239.539	0.5408
-674833.789	-990827.522	-674926.25	-991125.09	31.6911
-739550.275	-1035498.308	-739381.44	-1034615.21	18.1901
-869616.016	-1020897.713	-869348.34	-1019589.98	18.4171
-797220.522	-1023550.419	-797502.084	-1022274.611	16.1339
-734739.342	-1062149.316	-738154.158	-1062918.564	47.336
-760139.68	-1048725.207	-759071.725	-1047704.779	11.4346
-770554.816	-995687.17	-773517.96	-992433.34	61.7896
-767432.3	-983270.12	-767014.699	-983745.344	8.7522
-779039.88	-1014928.06	-781352.95	-1020016.67	67.9457
-852594.958	-1008631.623	-852595.394	-1008648.411	0.5405
-825371.854	-1070237.647	-825401.77	-1070215.119	1.0677
-884358.116	-1021483.795	-884000.584	-1021660.832	3.107
-799507.399	-1038462.251	-799419.105	-1038376.237	1.3702
-760192.584	-991129.884	-760349.589	-988703.119	41.095
-686413.35	-990741.71	-686395.48	-991056.63	3.5048
-840183.754	-1056792.045	-843131.733	-1057411.835	49.1326
-754070.889	-1046354.239	-754039.326	-1046373.784	0.7509
-651869.399	-1086573.583	-650094.63	-1087395.397	27.5911
-827544.59	-1045209.14	-826788.684	-1043921.802	17.4249
-658843.14	-1062367.399	-658734.781	-1060337.432	23.603
-737762.72	-1046569.09	-738004.483	-1046565.439	4.9017
-651444.72	-1037641.76	-649833.48	-1037909.58	19.0157
-691937.46	-991755.66	-692939.02	-990204.98	22.2163
-858585.0	-1008652.824	-858563.572	-1008640.2	0.6384
-741039.44	-1041681.01	-740918.56	-1040961.15	14.6503
-702853.68	-1021948.35	-702667.689	-1022336.44	8.7848
-770374.86	-983338.06	-771030.72	-982739.75	12.8037
-778315.6	-1058863.87	-778211.76	-1058921.72	2.182
-793599.0	-1059065.25	-789768.38	-1058969.06	88.9242
-785849.91	-1013090.69	-786859.78	-1010704.2	41.0443
-789158.18	-1016222.98	-791244.52	-1014809.47	42.7895
-741134.66	-969869.5	-742958.3	-969312.55	26.1749
-777860.26	-1054906.91	-780593.21	-1054091.28	36.1529
-728017.161	-1055341.844	-728273.927	-1055690.496	8.6714
-730934.02	-1043040.45	-730838.57	-1043194.93	3.7636
-679031.6	-1060860.37	-680545.68	-1060098.99	23.1529
-651701.208	-1065038.009	-650645.871	-1066052.082	18.2198
-763759.72	-977173.79	-763277.081	-977146.599	9.6841
-704435.36	-1073675.45	-704597.41	-1073576.2	2.1413
-688230.339	-1070099.683	-685712.89	-1068641.545	37.9081
-789557.904	-1063972.015	-789574.11	-1063961.26	0.261
-773213.54	-971852.23	-772290.594	-972053.928	22.5124
-833871.032	-1033541.857	-832266.025	-1033752.917	18.3524
-792277.4	-1036604.21	-791304.19	-1038656.42	41.305
-643462.07	-1067914.49	-646552.178	-1069047.573	44.9051
-787331.17	-1001536.79	-786856.04	-1001095.15	8.4614
-730339.49	-1084646.34	-729054.11	-1086088.29	22.6753
-744900.21	-1011766.54	-742614.85	-1013335.24	34.2436
-760647.712	-1033862.222	-760693.291	-1033875.884	0.9517
-693060.92	-1042497.66	-690988.11	-1040220.55	47.9294
-808428.86	-1008377.375	-805653.795	-1009801.114	39.6403
-672725.33	-1007905.78	-671549.72	-1006754.72	23.4207
-734657.224	-1006198.632	-733677.42	-1004492.76	24.4092
-674962.455	-1021144.372	-674579.81	-1020864.91	5.265
-881766.324	-1009134.231	-880146.31	-1011719.17	44.1493
-797880.15	-1001128.93	-797859.59	-1000584.11	7.1973
-689525.338	-1046426.507	-689519.15	-1046326.769	1.9986
-648462.99	-1018258.48	-648351.3	-1017818.92	6.4213
-840120.3	-1063468.548	-838862.754	-1063001.69	36.814
-678624.99	-990974.629	-678795.907	-990702.905	6.8165
-773585.129	-1055782.565	-773698.411	-1055768.005	3.1385
-816748.835	-987169.243	-814392.773	-988063.794	28.2352
-773719.778	-1055932.824	-778371.176	-1058882.796	43.6683
-737510.46	-1039031.0	-737154.375	-1038631.313	10.756
-721709.137	-1048028.488	-723349.17	-1049053.61	22.5442
-805998.918	-1054670.326	-802786.177	-1055892.54	65.332
-766343.461	-972581.316	-766442.505	-972340.414	2.012
-685232.746	-993710.463	-685192.968	-993757.56	1.6228
-751554.189	-1045703.322	-751354.53	-1045701.18	3.9938
-667943.849	-1059113.16	-667929.81	-1056163.46	54.5256
-852274.462	-1010201.283	-852251.87	-1010228.49	0.7102
-815722.086	-1031559.484	-815742.213	-1031522.353	0.4693
-640498.45	-1043240.46	-640478.578	-1043279.784	0.9
-686094.88	-989268.7	-686426.19	-990506.72	14.9448
-811367.092	-1060331.764	-810739.83	-1060887.76	25.5178
-799844.276	-1011794.855	-796781.35	-1010291.26	55.7831
-857573.863	-1066733.292	-857732.115	-1066589.07	1.6471
-773668.627	-1055483.882	-773638.34	-1055673.199	3.9662
-644822.508	-1038732.068	-644704.413	-1038555.288	2.3649
-753124.51	-1010953.81	-752716.919	-1009641.85	15.9417
-778716.232	-1081881.836	-779548.5	-1080217.57	34.3305
-700323.46	-1005801.32	-698460.38	-1007973.56	43.3472
-714274.947	-1062350.567	-713251.65	-1059800.23	32.2378
-755344.83	-1071368.742	-757062.77	-1070140.36	26.7029
-761419.84	-1044328.57	-761869.05	-1044037.25	16.8182
-757134.9	-1036802.08	-757990.39	-1037666.66	15.9724
-838610.5	-1070832.2	-840079.293	-1070472.054	17.0963
-724411.356	-1029278.365	-724347.08	-1030566.65	14.6992
-650798.66	-1020546.9	-651926.66	-1019772.51	16.2057
-656076.017	-1066182.731	-654133.383	-1067171.189	27.795
-653856.95	-1049706.51	-652788.91	-1048069.96	23.2998
-744325.313	-1039822.447	-743808.587	-1038480.382	34.5295
-655317.27	-1022689.81	-654207.76	-1023022.35	13.0062
-805580.55	-989185.89	-806838.96	-989705.95	15.1472
-778354.93	-982840.37	-779589.3	-982910.22	17.0782
-647349.661	-1081907.056	-647404.039	-1082012.827	2.3825
-823952.872	-1066561.885	-823879.001	-1066547.6	2.1
-646158.268	-1035857.518	-645222.09	-1037326.97	36.6072
-693322.025	-1064570.064	-692751.321	-1064739.587	6.615
-751880.584	-1038518.759	-751592.776	-1038205.716	9.1042
-773146.15	-978644.96	-773086.402	-978766.973	2.7171
-736790.235	-1014569.195	-736379.594	-1013769.886	10.989
-662603.44	-1002134.49	-663739.6	-1000708.83	23.652
-780485.3	-1040977.06	-782640.97	-1043028.23	47.0896
-758073.07	-1032937.02	-758097.64	-1033403.64	16.768
-750067.87	-1029770.46	-749710.96	-1029340.97	13.5151
-797059.03	-1075094.57	-795889.11	-1075753.77	15.9089
-737151.093	-1027403.432	-736884.91	-1028307.24	19.7548
-857552.918	-1040169.703	-863131.408	-1037983.994	112.9274
-718716.86	-1055269.42	-717259.4	-1057317.02	30.6397
-699212.275	-1065647.246	-698164.88	-1063584.93	28.24
-719358.41	-1030469.28	-719546.69	-1030627.19	1.8903
-645685.415	-1042500.373	-645916.971	-1042711.207	4.5619
-870051.433	-1037459.188	-873685.2	-1034190.17	54.324
-827952.099	-1041307.414	-826356.346	-1040437.307	34.5746
-876365.0	-1021461.157	-876205.29	-1021469.48	1.2329
-666656.393	-1086639.051	-666783.31	-1086673.811	1.4643
-763578.23	-983007.87	-762590.88	-982473.0	21.7363
-688718.603	-1043774.139	-688698.887	-1043756.642	0.3835
-885768.713	-1021406.583	-887058.808	-1021676.846	18.2234
-768419.55	-1028090.41	-768403.49	-1028124.55	0.761
-711654.17	-1022257.4	-711914.43	-1022050.9	4.2139
-780763.21	-1026689.94	-778073.878	-1024982.951	38.4169
-683915.461	-1008181.114	-683887.851	-1008125.569	1.301
-763343.522	-1022249.458	-763355.85	-1021358.05	10.0615
-757505.78	-1039271.09	-757559.425	-1039723.96	5.0691
-704751.8	-996618.02	-709158.077	-1001193.512	108.6533
-672579.95	-1062530.59	-672432.67	-1063550.16	13.7805
-658077.11	-1064149.39	-658306.13	-1063995.3	3.1509
-867652.35	-1012406.82	-867167.828	-1010925.707	17.5779
-714572.525	-1006513.706	-714682.48	-1006423.8	1.5964
-641999.909	-1083270.542	-641660.574	-1083773.046	13.7737
-872013.713	-1012171.656	-870331.398	-1011239.458	25.9553
-881929.226	-1022103.728	-881863.103	-1021865.019	5.2363
-679251.22	-1033454.96	-681391.128	-1033570.804	24.0058
-885768.713	-1021406.583	-886513.43	-1022598.52	17.2172
-696768.359	-1065799.89	-695801.17	-1066068.47	14.0029
-699826.15	-1069367.85	-700135.02	-1068003.88	17.751
-736358.388	-982340.157	-734657.725	-982816.189	24.4485
-796781.35	-1010291.26	-796037.22	-1012218.17	24.7215
-649076.08	-1021139.42	-649296.0	-1022367.68	14.9656
-699280.96	-1087095.96	-699263.048	-1087577.665	12.8346
-799218.218	-1001629.481	-799331.67	-1001568.91	0.9893
-694006.079	-995200.362	-694805.3	-995371.38	9.2916
-749595.87	-1025442.64	-748802.16	-1025180.0	19.1326
-674915.84	-1061397.35	-675684.47	-1060626.73	13.2525
-713080.6	-1040301.81	-712988.5	-1040330.62	1.0734
-762330.98	-1057704.171	-763676.79	-1058967.62	40.4824
-784018.32	-995398.78	-784281.09	-996224.5	13.9835
-753519.32	-1044963.06	-753577.73	-1045262.14	3.3996
-846347.928	-1044004.569	-846651.96	-1041338.72	36.6738
-648881.23	-1019906.8	-648868.92	-1019486.9	9.0133
-711558.013	-1059050.548	-711890.35	-1060438.64	16.0917
-779061.296	-981747.373	-779024.37	-981604.83	3.1453
-668507.652	-1091797.497	-668682.99	-1092390.839	7.5727
-808569.944	-991227.261	-808611.58	-991219.64	0.8488
-786585.72	-1009820.43	-783625.48	-1009898.28	33.4907
-798303.21	-1066951.14	-798373.29	-1067537.04	6.7055
-662108.94	-1040513.93	-662491.9	-1039150.784	15.9738
-714320.133	-1045224.548	-712258.79	-1048727.42	55.1822
-692398.188	-998321.563	-692439.87	-998478.84	1.8699
-731167.427	-1084387.649	-730629.2	-1084569.55	11.4227
-712365.36	-1041495.43	-713740.82	-1041561.3	10.7125
-768302.28	-971936.54	-768483.18	-971363.18	6.9866
-669402.384	-1076829.111	-670436.689	-1076819.673	12.8825
-708393.03	-1085245.969	-708233.01	-1084992.954	3.3463
-658706.819	-1064884.091	-659164.367	-1065042.203	10.8202
-756880.218	-1065422.555	-756770.213	-1065375.482	3.6483
-820420.818	-1067717.986	-820420.533	-1067697.474	0.2789
-852656.05	-1038915.62	-851233.618	-1039149.899	16.2449
-864781.377	-1022291.407	-868712.059	-1021790.194	83.1142
-645722.138	-1045375.351	-645735.79	-1045402.815	0.6765
-698320.9	-1050777.39	-696876.45	-1050935.08	17.0344
-714087.729	-1057511.199	-713461.529	-1057701.511	13.1955
-822804.131	-1068212.539	-822538.061	-1068643.955	10.2782
-700115.94	-1071955.9	-699321.98	-1074296.04	31.801
-685163.84	-994354.035	-685150.668	-994403.704	1.099
-646384.95	-1016840.67	-646784.63	-1016584.72	5.4564
-697829.1	-1037717.32	-697686.311	-1037723.137	2.8814
-669597.07	-1002026.89	-674111.71	-1002397.2	82.0179
-708461.4	-1069518.07	-708947.022	-1068917.61	9.0067
-719412.41	-1030662.08	-719394.39	-1030514.14	1.7205
-757115.472	-1047055.704	-758581.22	-1047649.45	17.6718
-654712.715	-1081639.75	-654071.518	-1081504.252	8.5109
-725612.025	-1069674.855	-724703.685	-1069349.643	36.4828
-754867.81	-1012840.6	-753251.75	-1011154.9	26.9873
-673983.56	-1071086.53	-672391.99	-1070720.65	18.1455
-877306.387	-998763.671	-876337.987	-998291.201	15.1421
-814761.761	-1017377.469	-818898.634	-1017174.524	48.0544
-842432.549	-1074785.903	-843931.125	-1074255.898	17.8347
-788893.92	-1033754.56	-787766.2	-1033212.73	14.2549
-801907.575	-1059706.162	-804080.996	-1060113.942	27.8489
-829579.044	-992664.87	-828343.065	-992114.223	21.9785
-729710.071	-1039722.02	-728843.855	-1039330.22	10.7737
-714807.73	-1027916.89	-714250.17	-1026275.32	40.4349
-731561.16	-1067617.97	-731542.29	-1067800.52	2.0394
-663044.42	-1054468.82	-661891.39	-1051662.77	37.0556
-722260.469	-1041371.975	-722247.869	-1041388.495	0.3405
-821804.609	-1066679.277	-820763.034	-1063867.82	34.4153
-715513.44	-1040586.49	-715074.63	-1040766.98	11.2518
-759256.31	-1047754.756	-759204.415	-1047672.559	2.2151
-843040.578	-1020185.817	-842287.929	-1020663.445	10.4388
-780584.38	-1049899.73	-778592.53	-1048743.11	25.8967
-789184.38	-990848.56	-789194.89	-990872.61	0.6427
-759820.913	-1039943.303	-760664.788	-1039529.696	10.5791
-679158.914	-1030025.357	-679251.22	-1033454.96	41.8294
-766069.463	-1076129.668	-765632.14	-1074898.32	14.91
-648175.388	-1058490.263	-648187.866	-1058462.408	3.1633
-646257.99	-1035696.78	-646158.268	-1035857.518	3.7839
-869300.93	-1043031.21	-869808.32	-1041019.49	24.6179
-730339.49	-1084646.34	-729298.04	-1084653.56	12.14
-844011.49	-1005076.04	-844027.15	-1005078.51	0.1793
-698164.88	-1063584.93	-697633.81	-1063728.76	11.4071
-645050.708	-1074298.705	-644390.63	-1074453.586	13.5603
-758435.475	-1047850.706	-758678.932	-1048979.29	17.9831
-640071.145	-1093682.786	-639947.222	-1093800.524	26.4596
-716930.02	-1074651.97	-715594.97	-1078158.25	72.2889
-820444.415	-1067699.879	-820420.818	-1067717.986	0.6933
-730085.58	-1041031.44	-730548.07	-1041502.46	12.4587
-782265.162	-979225.253	-782254.663	-979211.743	0.4794
-863400.559	-1062967.888	-857554.503	-1066769.628	89.3622
-777421.09	-1064471.68	-775670.719	-1064925.753	21.4398
-768588.55	-1063775.18	-770134.93	-1065005.61	23.8468
-683372.708	-1070340.875	-682819.282	-1070271.519	8.037
-819634.076	-980184.852	-819701.788	-980089.789	1.299
-832266.025	-1033752.917	-832038.178	-1033984.11	4.0892
-839367.739	-1069407.203	-839209.8	-1068874.289	7.2151
-755185.5	-1028876.24	-753758.163	-1025794.588	82.7934
-794356.679	-1003853.725	-794445.41	-1003817.64	1.3497
-699059.06	-1044114.19	-696821.837	-1044201.127	24.9276
-692393.91	-1046471.76	-692483.88	-1046468.81	1.1212
-712322.69	-1041875.89	-712035.9	-1041732.29	5.1695
-646239.872	-1056008.99	-647672.21	-1055476.25	17.2024
-701749.24	-1009988.77	-701765.41	-1010006.88	0.526
-694991.159	-1064536.914	-694401.055	-1065921.44	18.522
-716349.222	-1061215.837	-716401.15	-1060900.03	3.9227
-676525.57	-1061343.46	-675859.917	-1064273.924	43.0498
-756124.753	-984755.3	-755368.419	-983684.174	16.3278
-685770.02	-1039929.89	-686575.12	-1039593.79	10.346
-648158.06	-1044058.02	-648105.59	-1042943.23	12.4303
-765581.53	-1063635.1	-767628.303	-1064543.423	26.539
-643747.476	-1062699.874	-643758.357	-1062705.563	0.2807
-756270.569	-975799.295	-755058.7	-975070.59	20.4382
-701892.25	-1007304.34	-701380.27	-1007243.98	6.1076
-725401.005	-978434.604	-725347.879	-978456.084	2.1198
-747917.66	-1033945.33	-747674.5	-1033325.3	14.6054
-739350.28	-1047578.09	-739283.4	-1047695.67	2.9743
-690144.75	-995126.75	-690242.41	-995107.0	1.1727
-753232.18	-1024998.24	-753334.92	-1025594.51	22.6844
-802057.3	-999091.98	-803234.05	-1000504.67	24.0632
-776142.829	-979416.983	-776120.45	-979334.08	1.0124
-762800.39	-973592.59	-762800.511	-973664.528	1.7708
-871474.565	-1005104.736	-873787.501	-1008866.41	95.0193
-731562.956	-1056376.26	-731953.91	-1056749.85	6.2692
-729081.3	-1029275.1	-729182.59	-1029441.25	3.8921
-731529.762	-1067858.408	-731564.343	-1067858.126	0.393
-742076.679	-1057054.113	-742428.69	-1057042.01	7.9631
-746047.369	-1053841.548	-746257.484	-1053880.571	5.0555
-754302.163	-1045692.465	-754326.98	-1045709.048	0.8314
-864577.617	-1039218.412	-863131.408	-1037983.994	21.3072
-739299.15	-1029228.09	-736884.91	-1028307.24	35.5966
-797299.58	-1068850.802	-797224.579	-1068798.163	2.4732
-669043.352	-1044621.083	-669036.133	-1044634.777	0.3788
-826393.58	-993760.31	-825445.484	-995866.382	51.1258
-842745.5	-1001935.625	-842937.02	-1002015.9	2.308
-649076.08	-1021139.42	-649566.83	-1020996.73	5.6918
-649928.66	-1031448.47	-649898.54	-1031791.11	3.8223
-754985.457	-1001811.321	-754757.688	-1002042.938	4.3391
-643407.33	-1065727.687	-643250.92	-1066919.41	13.5832
-888772.284	-1015884.342	-885460.917	-1015775.731	45.4973
-675528.852	-1031255.575	-679158.914	-1030025.357	56.8324
-678268.824	-1069099.803	-678275.815	-1069146.017	0.542
-751384.235	-1045613.361	-751230.097	-1045587.543	3.3849
-727394.82	-1032823.14	-725685.08	-1033315.51	20.0104
-754553.75	-1063526.759	-754549.701	-1063563.589	1.2505
-654226.65	-1044422.6	-652756.916	-1044690.62	17.5378
-739117.25	-1033551.44	-739264.11	-1033483.83	3.5205
-758407.752	-1021128.973	-758378.72	-1020350.72	8.9768
-853220.61	-1005292.68	-853227.3	-1005277.26	0.2667
-810664.83	-991921.07	-810588.846	-992040.726	1.2997
-641558.455	-1081663.353	-641563.12	-1081473.4	2.1136
-728099.7	-1079534.74	-727648.121	-1080709.565	15.1191
-847821.052	-1049826.281	-848771.631	-1050724.211	37.5451
-852913.01	-1010654.81	-852819.54	-1010571.63	2.6857
-806862.02	-982792.324	-805494.47	-978668.481	96.7369
-813838.81	-1073966.7	-813336.061	-1072569.408	24.8043
-755689.59	-1023919.41	-755694.86	-1025391.36	17.957
-686053.85	-993238.91	-686350.07	-993429.47	7.9715
-695212.53	-1017529.26	-697349.47	-1017397.28	24.1821
-696636.6	-994249.17	-696132.37	-994057.13	6.032
-730628.22	-1042752.2	-730606.32	-1042945.66	3.9409
-783385.36	-1061966.31	-782595.73	-1062161.21	9.4645
-757402.828	-1052419.611	-757583.42	-1052769.48	4.4083
-826695.7	-1046988.145	-826780.701	-1046935.199	1.1175
-766382.69	-1052099.3	-766806.601	-1052210.031	5.3106
-667706.318	-1019347.736	-667274.31	-1019346.6	4.8348
-703259.82	-1045208.71	-705213.552	-1046907.088	31.8224
-754805.789	-981132.737	-754958.704	-982106.82	12.551
-765867.335	-1076221.509	-765949.302	-1076303.012	1.4004
-776487.38	-1076782.21	-774198.39	-1077281.62	26.1699
-697841.33	-1001068.24	-699475.68	-1000254.35	21.3626
-860277.03	-1033622.47	-859334.96	-1031935.4	22.0403
-748084.48	-1035618.15	-749437.266	-1033909.1	31.9501
-673049.74	-1012189.85	-673053.29	-1012178.46	0.2752
-762707.88	-1014316.97	-761383.292	-1015001.54	16.6432
-855530.25	-1036701.857	-855649.83	-1035660.68	12.339
-700396.442	-1053492.855	-700206.943	-1053697.575	6.2736
-734598.58	-1083230.584	-734318.338	-1082704.06	9.3925
-641660.574	-1083773.046	-640100.993	-1084722.279	25.3368
-723627.515	-1036753.24	-723646.226	-1036720.831	1.5007
-726488.524	-1059462.93	-725243.045	-1058432.144	19.792
-758289.66	-1037634.71	-757990.39	-1037666.66	6.1979
-752283.773	-1042999.425	-752334.938	-1043068.75	1.7234
-758073.07	-1032937.02	-757126.745	-1032268.154	12.8826
-648110.28	-1092559.28	-647876.97	-1093900.63	15.3687
-812244.87	-1012043.72	-809721.09	-1010756.479	42.9035
-658853.576	-1013422.483	-657349.62	-1014170.84	21.2661
-847130.532	-1051437.448	-846906.763	-1052310.741	10.9584
-659884.474	-1065080.258	-660269.1	-1066357.25	24.0048
-808049.215	-1027496.454	-811663.996	-1027269.798	46.8633
-761216.881	-994932.114	-761264.677	-994889.293	0.7637
-821252.392	-996441.12	-821332.799	-996435.808	0.9388
-671453.484	-1048988.167	-671011.67	-1048336.21	9.433
-851158.788	-1009138.871	-851153.587	-1009157.697	0.572
-867402.458	-1014608.839	-867026.756	-1014027.188	16.1447
-669943.33	-1047802.91	-664502.78	-1047932.44	43.0892
-681256.73	-1047284.67	-681171.13	-1047426.99	2.5158
-644363.469	-1074457.652	-644350.08	-1074464.718	0.4562
-742534.2	-1030094.56	-742604.08	-1029716.56	4.5098
-720485.953	-1057079.4	-720470.927	-1057084.328	0.3163
-790130.99	-1026365.77	-791567.2	-1023807.89	37.2057
-711726.01	-1044957.93	-711375.94	-1044822.95	7.8872
-685019.57	-1032596.64	-684053.62	-1032015.32	12.589
-730320.71	-1043500.64	-730143.03	-1043481.59	2.0641
-672706.22	-1015107.8	-673831.38	-1015394.53	13.17
-763504.4	-992745.44	-763702.81	-992726.37	4.3796
-733267.49	-1020351.43	-732840.55	-1019601.95	9.9364
-753251.75	-1011154.9	-753219.263	-1011090.832	0.7982
-781300.55	-995123.38	-781108.19	-994530.19	7.4642
-646271.32	-1063832.91	-646256.609	-1063843.229	0.5565
-808515.85	-991162.91	-808585.606	-991258.913	2.3866
-671563.284	-1012981.47	-671554.241	-1012972.103	0.2946
-714682.48	-1006423.8	-714956.595	-1006806.851	5.756
-867797.09	-1017264.35	-867757.78	-1017361.44	6.3525
-653346.678	-1072095.968	-653460.785	-1073595.575	18.5681
-722226.76	-1072826.32	-723802.254	-1075167.8	37.8689
-703193.08	-1047787.47	-703355.628	-1047922.307	4.3063
-703758.381	-1079749.097	-702871.884	-1080004.975	13.1068
-813286.907	-1058573.84	-813726.76	-1056547.92	42.6742
-760179.45	-983638.92	-760171.191	-983620.658	0.2535
-881983.98	-1022063.583	-881929.226	-1022103.728	0.7544
-730675.04	-1043358.39	-730464.91	-1043698.48	4.5521
-677697.483	-990880.701	-676569.433	-990204.403	59.1857
-793309.705	-1013657.208	-791244.52	-1014809.47	30.791
-660036.46	-1041105.61	-655306.9	-1041293.601	72.332
-824035.26	-1075024.83	-824112.13	-1074957.2	2.5493
-748264.337	-988628.245	-748223.85	-988263.016	4.0893
-852292.36	-1010381.54	-852839.972	-1010562.394	12.1392
-824867.795	-1067191.528	-824860.766	-1067179.646	0.2761
-707184.18	-1032446.4	-705120.16	-1032523.41	23.1506
-686013.62	-992607.43	-686053.85	-993238.91	12.7428
-752741.46	-1017317.94	-751815.75	-1014127.69	38.6549
-727861.38	-1071800.64	-727941.64	-1071846.7	1.1155
-654041.209	-1081129.494	-654487.78	-1081192.71	24.9945
-699566.74	-1000140.02	-699954.06	-1000452.35	10.4901
-841795.204	-1010891.984	-841357.154	-1010942.499	5.22
-784355.32	-1006965.74	-784308.318	-1006952.804	0.6213
-771307.799	-1010415.405	-770831.342	-1010431.064	9.743
-807487.18	-1017041.32	-807972.849	-1018567.797	18.92
-883289.645	-1027547.259	-882967.854	-1028816.839	144.5326
-728602.055	-1078644.568	-728612.038	-1078621.824	0.9656
-781865.15	-1048439.48	-781509.07	-1047399.61	13.1477
-735095.369	-1043451.94	-734987.129	-1043424.159	3.7176
-885723.47	-1010197.174	-885754.491	-1008784.033	16.8389
-686232.83	-993436.49	-685993.25	-993477.375	4.8882
-748544.882	-1024940.17	-749021.91	-1023132.2	33.0981
-822379.454	-1047224.059	-822224.612	-1046931.847	4.3693
-665856.66	-1046300.12	-665845.857	-1046282.575	0.3482
-773121.153	-974553.726	-772010.09	-974008.95	13.7498
-755038.409	-975123.909	-754971.456	-975079.693	1.6279
-770159.84	-988711.64	-771203.743	-989206.762	14.2655
-730854.657	-1045636.934	-734496.32	-1045714.14	46.4856
-642044.356	-1068029.289	-641666.023	-1068164.226	4.7112
-753444.92	-1047853.34	-753489.98	-1047986.67	3.3318
-755784.33	-1013183.04	-756448.614	-1011708.294	17.977
-869613.66	-1040332.96	-869430.152	-1039450.715	10.013
-718478.89	-1046912.61	-720417.87	-1047567.4	24.185
-679071.021	-1068448.678	-678316.546	-1069106.518	11.1434
-805450.508	-1012456.415	-807569.633	-1014178.413	30.7026
-722700.99	-1033242.12	-722004.478	-1032704.204	17.6697
-737885.353	-1020982.033	-737576.263	-1021220.559	4.4971
-703972.47	-1019132.76	-702747.23	-1018674.96	24.1904
-728017.161	-1055341.844	-727882.96	-1055864.88	11.0382
-784365.893	-1059895.552	-785062.0	-1058418.22	27.627
-737011.75	-1074812.7	-735030.582	-1072887.45	51.0147
-787548.72	-1001738.92	-789556.34	-1003330.81	34.3535
-754562.87	-1035818.81	-753069.25	-1037372.232	16.6427
-730143.03	-1043481.59	-725670.665	-1042432.966	36.0814
-740042.44	-1023752.96	-740017.87	-1023680.65	0.85
-641656.13	-1036998.19	-641686.67	-1037076.0	1.7447
-671719.93	-1041676.199	-671942.405	-1039583.898	34.9747
-774158.39	-1032853.55	-774165.979	-1032839.506	0.3601
-740252.159	-1048828.77	-740146.63	-1048765.45	2.4683
-758984.96	-1060306.05	-760708.45	-1061819.03	32.0794
-653346.678	-1072095.968	-654182.996	-1073729.238	21.5165
-698404.31	-1004453.47	-698568.47	-1004508.36	2.1097
-740955.439	-1048852.577	-740880.85	-1048875.87	1.5628
-684304.861	-1040364.167	-682287.738	-1041472.981	41.0208
-852041.021	-1068690.317	-853968.084	-1068008.173	25.5942
-800201.947	-1016933.534	-799539.621	-1015762.067	16.4215
-676047.76	-1037292.652	-672055.54	-1039487.72	59.2158
-734539.895	-974968.556	-734638.13	-974924.285	2.4741
-689913.724	-995393.446	-689914.682	-995409.262	0.4354
-756448.614	-1011708.294	-758296.68	-1012253.36	21.901
-768819.527	-992032.256	-768394.55	-991513.293	7.6201
-655317.27	-1022689.81	-655613.228	-1024420.374	20.4125
-647715.52	-1054537.59	-647869.94	-1054301.764	3.1333
-751597.63	-1041115.54	-751631.12	-1041022.424	13.8693
-684255.005	-1035594.066	-684084.16	-1033852.85	19.7744
-639924.163	-1084460.056	-640100.993	-1084722.279	12.2948
-833025.666	-988995.456	-833474.288	-990036.628	13.3739
-686661.272	-1088452.577	-686814.436	-1088817.32	4.5477
-683695.36	-992998.26	-683717.457	-992989.128	0.6468
-693555.67	-1004756.118	-696411.51	-1007449.07	46.0549
-887834.629	-1020295.463	-887777.614	-1019985.955	3.7173
-785807.44	-1051302.42	-785022.91	-1050875.34	19.6092
-857921.154	-1023464.163	-855079.592	-1025327.497	94.3391
-748407.4	-1058112.06	-750699.51	-1059660.66	31.3453
-863236.64	-1047067.888	-863264.03	-1049360.0	34.8103
-778689.66	-1029545.02	-778474.39	-1028402.49	12.9876
-737018.66	-1038511.31	-736747.68	-1038593.73	11.2626
-655182.379	-1051829.918	-652508.028	-1051659.118	32.5604
-697841.33	-1001068.24	-697608.833	-1001082.178	8.2783
-723775.082	-1036716.998	-723891.868	-1036670.09	2.5171
-798227.54	-1058686.04	-795516.13	-1059115.1	38.1198
-781214.734	-998287.394	-781654.106	-998471.269	5.2933
-710952.04	-1025721.06	-711052.4	-1025670.01	3.7533
-765196.794	-974682.32	-764319.04	-977108.64	20.8721
-763370.11	-992818.11	-763369.78	-992839.07	0.5093
-732551.961	-1055116.211	-732562.453	-1055095.45	0.5829
-831028.103	-1064975.89	-833610.148	-1061574.582	122.7902
-806962.59	-989767.32	-806831.71	-989712.44	2.8384
-711242.04	-1034382.06	-710966.346	-1033701.742	15.7216
-783657.44	-1061218.98	-787374.96	-1062889.98	45.3539
-731999.944	-1057687.789	-731942.46	-1058578.55	20.4794
-807285.49	-1049727.11	-806860.08	-1048701.62	13.0769
-854768.45	-1002319.94	-857217.29	-1002438.67	46.9939
-659267.448	-1021680.819	-660386.03	-1022995.96	24.4915
-709629.64	-1058421.81	-708317.55	-1057431.48	20.4918
-752242.07	-1042958.93	-752283.773	-1042999.425	1.2308
-752007.346	-1018911.755	-750581.08	-1018442.97	20.3692
-765950.851	-985926.107	-766786.24	-987720.39	28.9129
-651289.106	-1082357.524	-649175.674	-1083114.173	28.282
-708413.261	-1084871.572	-708617.79	-1084825.71	2.5714
-704510.64	-1009921.67	-708156.75	-1007415.76	66.2101
-698440.11	-1003270.46	-697966.78	-1002610.83	18.9822
-738090.59	-1046668.11	-737492.29	-1046651.8	12.9826
-645766.812	-1077440.453	-647349.661	-1081907.056	60.4618
-713251.65	-1059800.23	-713219.871	-1058449.529	15.2204
-791097.96	-1010612.87	-790550.11	-1009049.625	19.7277
-780191.92	-994719.11	-779581.63	-996086.33	17.4288
-805510.798	-990388.968	-805095.286	-990190.91	9.2094
-763676.79	-1058967.62	-764550.697	-1059651.999	12.8832
-734314.75	-1081506.11	-731944.906	-1081331.224	40.6464
-738774.46	-1048789.538	-738855.642	-1048756.217	7.7115
-798712.282	-1022813.845	-800076.476	-1021913.816	19.1332
-687080.844	-1085843.436	-686794.358	-1080842.599	88.438
-796037.22	-1012218.17	-795237.549	-1012020.629	9.2305
-658334.737	-1052094.419	-656883.547	-1052673.686	17.5292
-827416.761	-1067890.621	-827434.463	-1067893.731	0.4587
-874589.614	-996794.932	-874066.119	-996690.38	6.513
-858225.57	-999249.575	-857587.613	-999831.837	17.8994
-687083.697	-1086022.321	-686509.01	-1087172.16	15.1964
-797061.3	-1028774.628	-795673.01	-1028932.49	16.448
-817626.397	-1008079.578	-817580.155	-1005027.851	35.6456
-793798.06	-1006808.01	-792357.45	-1006464.49	17.425
-672153.087	-1080418.844	-672190.329	-1083203.313	31.9596
-757602.31	-1049500.47	-758116.03	-1049951.77	8.0557
-764623.63	-1001464.13	-765648.759	-998992.338	34.8981
-681391.128	-1033570.804	-683000.678	-1033361.372	28.3157
-670189.41	-1018692.36	-669911.48	-1020070.35	17.6861
-819391.504	-1042895.331	-818157.27	-1038318.05	76.7855
-716328.6	-1083401.67	-717824.84	-1083021.34	20.0266
-671537.295	-1019001.541	-671542.164	-1018829.612	2.0101
-739851.743	-1080964.865	-739860.717	-1080848.642	2.3403
-667109.46	-1045866.59	-668163.57	-1049062.769	57.6655
-641446.88	-1034905.08	-641536.53	-1036240.3	49.2778
-840936.563	-1011852.615	-839662.593	-1013159.081	32.8658
-793287.43	-1051912.18	-793187.14	-1052087.32	12.21
-679528.41	-1071500.27	-677552.53	-1071411.69	23.9715
-652582.161	-1064374.38	-651701.208	-1065038.009	67.0142
-720560.46	-1005519.18	-718947.25	-1005997.56	23.247
-693161.08	-1007415.74	-694938.47	-1007660.42	22.7452
-742481.968	-1045891.873	-742522.57	-1045850.3	1.2458
-644855.32	-1030334.57	-644298.13	-1030761.77	9.6025
-699767.59	-1058228.5	-699888.738	-1058195.5	1.4015
-641802.028	-1037420.401	-642959.958	-1040436.707	41.4272
-651875.036	-1077623.313	-651145.068	-1076608.201	17.8058
-742486.9	-998318.24	-744676.58	-997624.94	34.2621
-736889.42	-1038378.58	-737270.58	-1038760.9	15.2283
-770659.27	-1011468.3	-771409.02	-1011313.29	8.5248
-827571.154	-989063.969	-825767.75	-989720.75	23.4156
-652519.065	-1021392.956	-653288.69	-1021283.75	10.8457
-700201.993	-1053336.492	-700186.357	-1052771.488	11.9656
-782765.879	-1049651.404	-782508.45	-1049591.91	2.9694
-849524.125	-1064819.0	-849530.54	-1064841.58	0.5012
-774412.19	-996205.84	-774451.642	-995780.894	5.5697
-677007.72	-1000843.96	-679925.531	-999357.282	53.4582
-797165.7	-1009648.94	-796592.857	-1009438.693	7.0379
-688958.37	-1008075.48	-688977.74	-1008137.47	0.8855
-654794.2	-1037390.1	-655208.08	-1037168.666	12.8967
-656027.63	-1011983.47	-655774.43	-1015985.09	51.2807
-765904.06	-990386.07	-766031.67	-990340.716	1.5265
-644951.37	-1049697.6	-644804.59	-1049444.13	5.8637
-738387.24	-1034776.1	-737329.67	-1035835.62	16.6548
-651875.036	-1077623.313	-653033.816	-1077141.936	15.7089
-792428.59	-979461.55	-792606.16	-979568.23	4.6081
-813726.76	-1056547.92	-814860.03	-1055938.19	14.5492
-720245.62	-1070992.61	-721059.16	-1070117.0	24.8026
-682345.069	-994468.994	-682369.656	-994478.593	1.339
-734896.444	-1079592.009	-734246.2	-1078918.72	15.6452
-832347.8	-993046.63	-833817.48	-990512.85	47.6574
-655262.94	-1011065.55	-656027.63	-1011983.47	19.5054
-744365.01	-1047609.77	-744548.532	-1047866.015	6.3044
-855063.7	-1001965.68	-853365.73	-1002828.81	23.1005
-823997.083	-1031074.688	-823892.15	-1031044.76	1.228
-771922.183	-971933.635	-770343.531	-971797.563	34.7258
-646639.676	-1068713.803	-646644.983	-1068689.468	0.3349
-648723.39	-1048117.65	-655607.26	-1048587.63	56.946
-731944.906	-1081331.224	-733554.49	-1083480.28	42.3046
-846047.345	-1066714.436	-847713.155	-1066306.545	21.3139
-645349.0	-1052717.95	-645381.39	-1052938.51	2.5626
-744377.89	-1084946.37	-744416.779	-1083885.415	15.9068
-742907.985	-1026755.457	-742335.39	-1026856.18	11.7292
-682169.978	-1009800.329	-681926.98	-1010567.27	8.983
-644872.51	-1029746.97	-645544.85	-1029412.69	9.1032
-795883.692	-986069.676	-795911.538	-985983.896	1.0674
-693459.63	-985440.32	-692067.016	-984640.561	38.4172
-735050.04	-1025264.38	-736617.09	-1024933.33	30.8362
-700694.83	-1067745.19	-700209.914	-1067581.49	5.7754
-759120.04	-1068577.14	-759142.75	-1068600.375	0.4046
-781165.18	-977555.19	-779398.2	-977284.25	31.0536
-737011.75	-1074812.7	-735898.12	-1075663.65	17.817
-753073.16	-1037427.14	-753016.49	-1037436.87	1.289
-832380.79	-998170.642	-831111.946	-997765.178	19.0782
-827414.04	-1067905.869	-827416.761	-1067890.621	0.3664
-680625.78	-989592.65	-680582.204	-989461.566	1.5349
-742239.83	-1065297.46	-743257.888	-1067719.376	52.2244
-822122.758	-1029525.542	-821906.889	-1029730.126	3.9989
-646639.676	-1068713.803	-646552.178	-1069047.573	4.8703
-704453.1	-1014660.56	-704664.51	-1014712.25	2.54
-788376.49	-989836.61	-788466.315	-990034.547	25.8467
-734779.913	-971952.94	-735808.974	-970272.071	26.8799
-762531.944	-1003861.896	-761119.495	-1000997.084	38.0184
-673359.17	-1017298.72	-672753.02	-1016760.62	11.1762
-698404.31	-1004453.47	-698530.61	-1004621.99	1.6208
-694468.471	-1062559.232	-694183.55	-1060246.47	27.631
-766608.22	-1042683.18	-766123.13	-1042170.21	8.4423
-753766.275	-1041830.108	-753600.19	-1041770.82	4.1447
-714820.38	-1007312.86	-713677.27	-1008804.24	35.0588
-765278.0	-1028005.63	-765903.621	-1026097.409	38.1976
-700209.914	-1067581.49	-700387.25	-1066319.45	16.6013
-652004.862	-1078833.61	-652839.2	-1078377.746	28.0688
-648277.846	-1064324.543	-648566.084	-1065178.916	18.3017
-663264.53	-1025565.94	-662627.63	-1025776.23	7.6253
-658912.297	-1021936.138	-657091.01	-1022208.29	21.4683
-862395.853	-1023811.733	-857921.154	-1023464.163	53.5988
-859427.42	-1012915.85	-857444.77	-1011887.79	19.3274
-857921.154	-1023464.163	-857625.67	-1022950.01	14.6563
-734332.849	-1057356.188	-737593.42	-1057813.32	26.9008
-742420.28	-978651.65	-739591.68	-979100.8	37.5268
-739949.769	-1001962.629	-740534.457	-1001860.181	18.115
-732422.28	-1084313.689	-732635.471	-1085666.116	17.0305
-701067.767	-1088268.67	-700473.75	-1088323.41	6.6831
-677014.66	-1004511.1	-674923.8	-1005690.43	27.9786
-761033.05	-1042194.675	-761255.95	-1042461.59	8.3045
-728506.95	-1073027.45	-727946.954	-1073950.328	13.2001
-775925.31	-978800.85	-776333.91	-979441.43	9.9399
-723650.025	-1036501.706	-723646.226	-1036720.831	4.4639
-726875.0	-983234.71	-726168.492	-980888.314	29.8446
-820196.29	-1068830.88	-820420.818	-1067717.986	14.3121
-677256.85	-1037622.57	-676431.36	-1035607.69	26.6677
-775333.78	-992378.18	-774202.32	-992661.03	17.701
-713677.27	-1008804.24	-714147.66	-1008924.75	6.9776
-725140.036	-993094.291	-722098.15	-993211.14	40.0966
-748264.337	-988628.245	-747769.641	-989471.419	12.678
-796706.692	-980718.829	-797063.54	-980056.2	17.8368
-670260.27	-1047666.95	-670314.0	-1047546.5	1.9596
-773691.55	-1068502.23	-773801.94	-1073410.82	90.3727
-707107.89	-1015925.36	-709860.07	-1013225.01	47.4634
-737492.29	-1046651.8	-736423.45	-1046524.588	24.1755
-765963.41	-1076199.13	-765867.335	-1076221.509	1.5774
-821533.491	-996041.098	-821541.517	-996065.46	0.3315
-742025.384	-1041551.688	-742589.37	-1041655.95	11.6034
-707395.27	-1021372.06	-707477.85	-1021377.78	1.8806
-684084.16	-1033852.85	-684077.699	-1033039.805	9.0342
-675183.93	-1021306.91	-674962.455	-1021144.372	3.0525
-783000.21	-1044291.56	-783095.18	-1043944.62	20.0762
-670388.99	-1063714.97	-669366.41	-1063884.53	21.9252
-671606.35	-994148.73	-671529.156	-994215.846	2.0588
-702114.812	-1043261.196	-702096.308	-1043248.3	0.5538
-776116.121	-1014573.075	-776116.328	-1014689.396	1.357
-775865.26	-1056885.35	-776845.82	-1057733.48	16.01
-777253.82	-1070743.77	-778814.3	-1071062.64	22.4364
-807985.91	-1047762.37	-807106.486	-1046978.31	13.6642
-724923.796	-1067210.738	-724969.71	-1067325.084	2.4666
-670988.44	-994687.59	-671005.31	-994697.86	0.8486
-709849.16	-1052104.16	-708863.65	-1054156.14	30.8243
-682593.55	-1057225.8	-681547.55	-1054896.15	36.9711
-788251.41	-989855.27	-787615.208	-989710.969	13.3946
-744427.01	-1041940.53	-745476.058	-1042442.099	26.2359
-816868.164	-1069518.245	-816893.762	-1069517.321	1.5853
-771878.58	-986682.57	-770401.64	-988243.48	28.986
-719546.69	-1030627.19	-719664.66	-1030725.65	1.182
-801753.438	-1023673.569	-800168.47	-1023525.4	20.2355
-796967.21	-1053971.04	-797433.88	-1052597.14	18.0127
-751462.148	-1001952.201	-750659.099	-1001857.843	9.1579
-651046.35	-1014975.04	-651076.779	-1014495.997	6.0534
-779864.28	-983031.63	-779092.241	-981900.865	16.3393
-719843.172	-1044008.229	-719043.9	-1045005.64	14.9194
-834368.509	-984071.789	-834339.5	-984063.875	0.6036
-692580.496	-1046095.138	-692418.005	-1046417.51	4.0641
-688899.04	-1008101.45	-688958.37	-1008075.48	0.8528
-690154.749	-1015646.511	-690276.83	-1015960.33	3.7948
-717320.02	-1074418.83	-717406.529	-1074272.847	2.0103
-705180.085	-1015148.305	-705245.089	-1015162.207	0.7825
-667752.29	-998041.55	-666452.53	-998977.14	24.0861
-782260.598	-979205.504	-782265.162	-979225.253	1.1411
-801018.693	-1015691.9	-801385.012	-1015485.742	4.7532
-813304.15	-1072027.89	-813205.411	-1072126.728	2.9263
-753082.234	-1019438.929	-755209.1	-1019163.62	26.0169
-640426.525	-1091589.246	-639940.852	-1091220.246	14.3012
-751335.31	-1060211.99	-751284.64	-1060098.92	2.4874
-700174.9	-1071901.69	-699977.91	-1071763.11	4.868
-804080.996	-1060113.942	-803947.883	-1061268.828	13.6145
-787194.84	-1068117.31	-787213.5	-1068343.1	4.8919
-650028.63	-1050827.27	-649211.54	-1050423.25	18.9522
-720813.672	-1048330.845	-721423.83	-1050459.84	26.8657
-718118.94	-1074538.02	-717820.5	-1074317.38	4.1279
-766123.13	-1042170.21	-766136.3	-1040888.08	14.7874
-646259.626	-1063825.184	-646271.32	-1063832.91	0.3442
-796743.252	-1021713.892	-795345.471	-1023146.204	24.4275
-718568.57	-1054861.25	-718716.86	-1055269.42	5.1042
-665998.12	-1039213.13	-665783.24	-1039185.6	2.4401
-653414.983	-1023358.623	-653299.13	-1023139.24	5.0742
-702154.39	-1017063.32	-704206.35	-1016297.52	30.3268
-697267.039	-1038802.186	-697239.861	-1038815.407	0.9483
-675048.91	-1008405.81	-675803.06	-1008342.46	10.3768
-755895.05	-991026.57	-755651.695	-991024.143	4.8703
-834771.583	-1060697.914	-836451.432	-1060362.732	25.3083
-764748.101	-1005277.63	-763471.794	-1006320.508	24.9655
-754722.88	-1063440.97	-754963.37	-1063474.75	4.8573
-681176.14	-1047284.84	-681294.73	-1047266.2	0.9238
-717801.722	-979961.24	-717956.261	-978710.688	29.8073
-771186.36	-1027775.74	-773039.903	-1027849.428	30.6131
-770746.85	-990883.12	-769898.37	-991447.69	11.7839
-829863.983	-1072868.589	-830045.471	-1073007.368	2.5758
-737082.62	-1070361.22	-738930.214	-1070969.271	29.0233
-827959.95	-1025194.124	-828173.691	-1024778.486	5.502
-794059.78	-1036805.73	-794299.36	-1036703.83	8.5358
-749194.939	-972258.483	-749732.38	-969641.23	30.7146
-683665.563	-1050408.426	-682538.522	-1049193.512	19.5587
-663328.766	-1029262.266	-662364.104	-1027433.998	26.2502
-705696.57	-1072586.84	-705427.33	-1071399.53	14.6948
-762541.454	-992050.625	-762561.091	-992047.749	0.4787
-776863.78	-1052388.04	-776403.965	-1052478.333	9.5334
-723842.07	-1036401.27	-723878.43	-1036574.34	3.6825
-767759.019	-1045524.815	-766295.11	-1043629.66	29.7037
-744795.512	-975428.606	-742811.99	-976078.34	24.6159
-741011.44	-1016680.83	-736790.235	-1014569.195	161.212
-709087.68	-1088888.29	-708196.223	-1089276.679	100.2563
-741446.68	-1074949.16	-742607.189	-1076199.05	31.8235
-887969.106	-1019586.53	-887903.565	-1019841.518	2.9283
-750213.42	-1019915.68	-749390.03	-1020284.95	10.6921
-758207.97	-971824.14	-758416.97	-970988.03	19.6799
-740042.682	-1048803.266	-739856.55	-1048772.52	3.8997
-824116.77	-1073873.79	-824026.79	-1073771.599	1.6467
-653089.969	-1075934.876	-653033.816	-1077141.936	15.5209
-701209.452	-1012443.428	-701281.438	-1012426.375	0.822
-773612.74	-1055153.42	-773026.593	-1055087.224	12.1535
-754757.688	-1002042.938	-754755.285	-1001979.444	0.7073
-753858.425	-1046002.964	-753562.08	-1045802.37	4.1404
-721288.14	-1056579.85	-721454.452	-1056887.26	7.4874
-688757.63	-1058642.28	-686757.86	-1059493.77	25.5991
-681654.74	-994560.4	-681402.836	-996373.122	26.9289
-766691.98	-1046504.28	-766544.31	-1045271.07	16.1209
-765006.22	-1033381.77	-764258.19	-1033081.62	18.2626
-754214.37	-988832.09	-754919.423	-988119.4	23.0303
-831003.56	-1040615.966	-833692.707	-1042370.341	40.5852
-791804.912	-985582.064	-791823.188	-986770.938	14.0251
-763796.37	-983171.0	-764427.96	-984213.11	13.7593
-700825.306	-1010100.418	-701009.116	-1011040.206	7.3778
-806611.073	-1055694.866	-806478.523	-1054687.767	11.3802
-824335.17	-1076643.87	-824229.88	-1076428.91	2.1784
-785820.327	-976749.551	-787458.04	-976936.43	21.0617
-643357.52	-1044647.09	-643196.027	-1044701.731	5.8791
-693395.58	-1037423.123	-692470.7	-1037425.66	10.881
-868466.953	-1001996.087	-870289.426	-1000815.521	52.752
-851686.14	-1010595.84	-851816.443	-1010487.409	3.4353
-757158.87	-1048627.57	-757549.968	-1049067.836	13.7362
-697451.56	-1052233.88	-697797.7	-1053567.25	15.8553
-737558.471	-1050925.687	-737308.984	-1051237.17	8.4091
-724926.28	-1048904.58	-725214.99	-1049590.8	23.4775
-663755.607	-1051422.114	-664640.67	-1051052.65	11.5616
-739350.9	-1040088.34	-740580.83	-1040143.97	26.5193
-701099.716	-1050856.633	-702949.797	-1052173.005	31.8649
-762660.384	-984434.985	-762693.647	-984241.129	2.1987
-684859.623	-1032914.193	-684737.81	-1033347.95	9.1921
-821516.11	-1014579.04	-821591.64	-1013904.94	10.1754
-745782.97	-982628.93	-745795.512	-982630.319	0.1633
-655818.302	-1080134.738	-655515.83	-1080038.461	3.5892
-823029.34	-1028479.66	-822122.758	-1029525.542	18.9275
-722713.49	-1064471.921	-722614.982	-1066511.47	58.1226
-667348.92	-1060124.02	-668010.81	-1059402.08	18.9377
-785862.88	-1018158.85	-785903.44	-1018138.51	0.5052
-784340.233	-1026853.333	-784722.76	-1026987.074	9.1682
-754722.88	-1063440.97	-754845.73	-1063381.37	3.4572
-686599.315	-1026245.839	-686632.23	-1026029.46	5.639
-747674.5	-1033325.3	-745978.33	-1031442.64	30.7503
-709087.68	-1088888.29	-709286.226	-1089162.38	106.0538
-744322.67	-1025324.1	-743703.125	-1025022.688	8.0788
-857554.503	-1066769.628	-857397.986	-1066928.189	1.7139
-813735.208	-1071658.557	-813441.667	-1071995.925	8.9439
-824257.03	-1076464.14	-824368.01	-1076678.07	2.1939
-755561.139	-1048762.837	-756649.728	-1049700.133	19.8085
-718519.86	-1032019.4	-718188.94	-1031888.47	3.9565
-669095.228	-1010861.663	-669466.252	-1013763.62	42.0713
-743525.683	-1024934.562	-742974.16	-1024658.35	12.3447
-712833.882	-1078862.126	-712664.34	-1078996.14	1.6624
-718702.93	-1008044.22	-719804.22	-1007774.48	14.4354
-783740.92	-1062114.7	-789491.698	-1064086.379	48.1935
-669667.176	-1090853.117	-668507.652	-1091797.497	17.2902
-797625.12	-1013152.09	-796037.22	-1012218.17	22.3022
-669667.176	-1090853.117	-669523.053	-1091902.984	13.1215
-770605.67	-1066032.74	-770611.794	-1066935.832	18.6694
-699743.556	-1060255.837	-699819.01	-1059099.45	18.423
-860818.36	-1003349.69	-861480.547	-1005436.37	56.6773
-641363.693	-1058245.202	-640361.277	-1057046.56	17.815
-819918.122	-1008593.736	-821932.121	-1008583.691	41.7112
-772404.43	-1081947.67	-772337.871	-1081854.175	1.5294
-711225.74	-979518.69	-713295.679	-978166.798	35.0706
-657595.4	-1071887.45	-657637.67	-1071921.73	0.6137
-757389.967	-1047968.234	-757066.295	-1047375.812	15.8011
-761804.098	-971881.321	-759716.49	-970904.67	32.6776
-664058.97	-1047818.75	-664237.125	-1047754.375	2.2323
-758738.418	-1022082.312	-758505.91	-1022715.61	7.5557
-722004.478	-1032704.204	-721968.829	-1032704.001	1.0816
-753069.25	-1037372.232	-753073.16	-1037427.14	1.2071
-743775.84	-1049079.58	-744517.364	-1048937.733	17.0995
-817396.62	-988845.84	-816015.01	-992517.408	166.6173
-682430.32	-1018740.76	-682430.78	-1018853.25	2.3821
-740567.913	-1014769.19	-740300.24	-1014096.08	9.2779
-744593.67	-987634.7	-745958.08	-987636.28	15.4502
-746356.47	-1011843.08	-745777.72	-1012660.43	11.3759
-788487.635	-1013962.555	-788774.22	-1016148.65	28.8775
-661534.9	-1056956.81	-660410.858	-1057065.693	23.2028
-740829.08	-1001958.87	-740880.67	-1001694.33	5.392
-715273.42	-1049983.72	-717185.34	-1049884.48	22.2206
-689710.27	-1038191.64	-687756.53	-1038174.74	22.3303
-865095.447	-1015806.938	-864526.91	-1015039.05	19.1786
-663449.618	-1063010.571	-665026.707	-1061746.48	22.8337
-858009.186	-1049152.542	-863264.03	-1049360.0	95.1232
-744416.779	-1083885.415	-745272.24	-1081404.02	53.2204
-704891.302	-1081539.256	-703858.334	-1077728.229	73.739
-737610.085	-1050865.03	-737562.977	-1050871.662	0.952
-746965.041	-1017374.599	-746965.676	-1017400.74	0.3425
-663479.48	-1012953.12	-661617.63	-1011287.41	29.1105
-783557.32	-996606.88	-783259.68	-996320.45	4.7637
-641307.625	-1073543.848	-641061.755	-1073648.639	3.0636
-767905.56	-1059790.08	-770293.832	-1060662.695	32.3235
-640127.301	-1041929.691	-640234.35	-1041972.144	7.7819
-686491.08	-1087690.05	-686661.272	-1088452.577	8.8034
-692439.87	-998478.84	-696522.08	-1001091.07	37.7122
-670654.23	-1032880.939	-671256.5	-1032769.5	7.1529
-721976.964	-1032677.576	-721999.135	-1032679.218	0.4963
-698737.223	-1004659.148	-698500.86	-1004795.83	3.0797
-652831.073	-1086445.285	-651869.399	-1086573.583	11.5638
-715827.967	-1053556.402	-717024.659	-1053704.13	21.1485
-752568.73	-1022723.96	-752617.83	-1022577.89	1.7122
-644149.596	-1038767.848	-644454.839	-1038353.711	5.8267
-644668.77	-1056301.76	-644083.61	-1053792.21	30.9967
-655282.27	-1025459.61	-654802.8	-1024660.04	23.7744
-702591.63	-1070675.77	-701469.49	-1070934.9	12.9998
-736076.53	-1032279.74	-736802.978	-1032360.481	22.4302
-842369.133	-1046673.381	-840063.257	-1048225.046	34.2034
-855417.63	-1026729.69	-854683.06	-1026353.42	22.7077
-763147.8	-1010545.38	-763426.98	-1010290.16	4.8379
-825413.344	-1070246.633	-826432.35	-1070622.92	21.9042
-852989.94	-1010517.63	-853021.11	-1010598.78	2.7512
-753519.32	-1044963.06	-753922.75	-1045903.46	8.2257
-853220.061	-1065083.953	-853829.245	-1063917.411	20.2605
-741507.759	-1041996.034	-741446.64	-1042000.11	15.2231
-651058.82	-1044615.54	-650858.36	-1043750.1	9.9165
-655721.4	-1026706.88	-655315.375	-1026583.681	4.774
-658632.613	-1007570.898	-658327.19	-1007363.39	4.3154
-826335.15	-1037293.3	-824701.175	-1040007.949	54.4594
-751632.588	-1007525.016	-749142.75	-1012157.38	40.8216
-756563.61	-990560.26	-756713.033	-990019.522	11.3091
-794893.45	-994671.92	-795519.83	-995402.33	12.1661
-641193.869	-1025947.045	-640431.28	-1026551.76	12.798
-879988.85	-1020805.55	-880074.07	-1020738.92	1.8158
-762487.54	-978758.49	-763081.543	-980987.626	33.327
-763702.81	-992726.37	-765617.17	-990627.35	21.9919
-672077.19	-1011036.43	-672110.66	-1011490.64	5.1178
-730106.85	-1043466.23	-730458.67	-1043345.36	2.8814
-649715.312	-1070556.795	-649786.847	-1070020.187	6.0796
-819740.529	-1058341.735	-818748.281	-1056974.29	19.7419
-868667.144	-1010400.462	-869618.203	-1007584.616	35.6443
-708648.73	-1045259.4	-707509.96	-1045530.05	13.1324
-707184.18	-1032446.4	-707185.87	-1028507.77	49.7881
-789768.38	-1058969.06	-788030.54	-1056044.58	38.566
-810667.0	-1045722.86	-810740.903	-1045606.441	2.8644
-659164.367	-1065042.203	-659255.092	-1065048.695	1.8488
-749142.75	-1012157.38	-746947.0	-1017091.25	43.4996
-656246.977	-1031448.069	-654724.454	-1031065.877	19.2025
-758347.022	-1040674.358	-758324.992	-1040666.032	0.5778
-795450.938	-985788.52	-795458.379	-985806.939	0.2207
-646901.705	-1057807.415	-644980.185	-1057370.44	34.2041
-745741.58	-974318.97	-744795.512	-975428.606	17.0104
-683915.461	-1008181.114	-682385.97	-1008835.85	20.6164
-733956.33	-1056531.734	-734205.563	-1056541.375	5.0058
-725699.807	-1069669.236	-725737.899	-1069763.208	1.1271
-722976.671	-1047379.047	-723026.18	-1047430.95	1.4743
-867850.362	-1017308.357	-867827.291	-1017310.473	0.5772
-645953.01	-1021514.61	-644095.23	-1021816.32	22.7911
-672608.33	-995756.58	-672969.55	-994817.47	11.6677
-763005.62	-1036747.49	-763017.75	-1036763.431	0.5335
-874888.952	-1032193.255	-872464.669	-1032874.098	31.6841
-677014.127	-1057821.14	-677505.54	-1057711.0	11.9215
-763349.65	-992839.56	-762418.26	-993299.638	21.8904
-645559.416	-1042295.828	-644822.508	-1038732.068	28.4529
-831257.801	-1066428.576	-831269.153	-1066433.159	0.3164
-705261.63	-1044465.61	-704204.79	-1043184.73	37.7351
-664179.01	-1008798.93	-663169.23	-1009728.83	15.7987
-813336.573	-1055487.559	-812849.834	-1049467.983	170.0187
-765581.53	-1063635.1	-765231.41	-1062235.92	18.3827
-666364.99	-1013740.04	-666052.66	-1013687.66	3.534
-684634.01	-1036494.61	-683949.63	-1036590.98	8.5533
-859299.634	-1026141.144	-856631.99	-1026652.92	50.38
-647719.127	-1045908.413	-648037.819	-1045341.882	13.29
-766241.06	-990103.64	-766982.928	-989208.52	12.944
-714320.133	-1045224.548	-713174.681	-1044932.987	14.2993
-763648.17	-1073885.23	-756787.96	-1074718.42	96.5378
-757506.533	-1048248.178	-757389.967	-1047968.234	8.5311
-677347.68	-1048432.16	-678335.849	-1048911.227	12.2843
-753063.822	-985251.483	-752546.051	-985270.091	6.6465
-671005.31	-994697.86	-670991.43	-994702.16	0.3639
-709849.16	-1052104.16	-709080.19	-1051104.7	14.0793
-819275.356	-1071762.21	-819172.32	-1071709.66	4.1918
-865281.896	-1016221.898	-865095.447	-1015806.938	9.168
-848944.39	-1000411.63	-844989.76	-994076.91	193.8117
-740938.607	-1004291.748	-739995.13	-1005497.33	17.4011
-686041.36	-993242.57	-686002.642	-992607.262	12.8246
-876401.821	-1018512.434	-879438.102	-1019193.057	48.3742
-758869.214	-1018432.011	-760254.55	-1018376.922	15.5732
-691323.86	-1061107.66	-691574.13	-1060305.91	10.0931
-771810.65	-1055290.41	-772072.604	-1055109.476	65.7741
-707385.36	-1021461.53	-707369.16	-1021588.3	3.6264
-707115.32	-1002637.76	-706910.78	-1002589.29	2.3357
-772761.907	-1033078.897	-769817.77	-1033493.72	45.3971
-841852.61	-1052408.997	-843555.756	-1052184.368	21.3015
-731318.491	-1081395.334	-729383.407	-1079754.76	54.181
-681561.263	-1061778.063	-681935.961	-1061186.303	8.0046
-664722.059	-1069286.88	-663828.882	-1070724.962	19.8553
-711124.62	-1025831.21	-716581.29	-1028241.72	46.9673
-852389.51	-1010471.46	-852230.78	-1010352.22	3.9771
-730210.16	-1057359.89	-730212.23	-1055927.94	19.5162
-694090.198	-1059571.054	-696197.4	-1059702.55	28.3031
-640309.724	-1041728.531	-640259.405	-1041768.162	1.2823
-692751.321	-1064739.587	-691966.805	-1064852.333	16.2909
-768007.545	-1020866.625	-768028.498	-1020847.565	0.3147
-766952.821	-971853.213	-767326.434	-971436.256	11.9033
-767284.046	-1030405.057	-767305.477	-1030413.63	1.1171
-749809.887	-1025988.112	-750627.619	-1025630.881	24.5115
-701581.79	-1008552.238	-701380.27	-1007243.98	16.3868
-652789.055	-1086686.953	-652831.073	-1086445.285	2.9148
-767294.114	-980368.135	-767271.965	-980337.478	0.4216
-648995.43	-1058224.13	-648889.325	-1058112.566	3.0843
-697482.489	-1026804.253	-699233.42	-1027118.96	20.8665
-669122.277	-1060861.011	-668010.81	-1059402.08	27.2564
-822878.48	-1028293.28	-823029.34	-1028479.66	2.8456
-656635.901	-1088944.945	-656997.542	-1087336.797	28.3804
-724926.28	-1048904.58	-725596.87	-1048814.21	14.2022
-721620.81	-1084025.82	-721907.69	-1084657.76	13.3467
-684500.3	-994629.26	-684449.59	-994630.45	1.5053
-848314.87	-1067025.917	-849103.749	-1066025.19	32.609
-880049.23	-1020712.27	-880074.07	-1020738.92	0.4164
-754251.64	-1045761.339	-753975.13	-1045790.96	5.562
-732279.387	-1015521.642	-729452.35	-1015776.13	34.5758
-799239.44	-973963.82	-802084.92	-976761.77	47.2094
-770038.14	-1016369.75	-770028.61	-1016007.78	8.5604
-642296.01	-1094976.12	-642573.891	-1096157.944	49.6108
-686002.642	-992607.262	-686358.42	-991295.94	12.4819
-731469.808	-1006230.185	-731404.222	-1008727.388	72.4242
-749200.17	-1044117.16	-749223.77	-1044290.27	3.5074
-678543.68	-1015249.99	-679703.97	-1011880.87	59.2152
-848704.334	-1010274.69	-848711.125	-1010338.375	2.1886
-698520.044	-1004628.598	-698401.21	-1004629.35	1.9375
-744548.532	-1047866.015	-744585.4	-1048128.72	5.5531
-653638.25	-1055805.75	-653654.938	-1055796.5	0.4863
-751637.21	-1006976.32	-750394.144	-1005574.589	21.376
-740997.31	-1047888.83	-741146.58	-1047688.682	5.0245
-677664.48	-1003816.44	-677223.02	-1004343.34	7.6766
-786539.735	-1007070.139	-784995.338	-1007564.853	12.7042
-640022.314	-1082782.538	-639920.122	-1082823.256	13.9091
-763081.543	-980987.626	-763108.52	-981028.27	0.548
-829852.064	-1072797.4	-830129.382	-1072797.519	3.3095
-736914.79	-1030879.55	-735677.204	-1031198.34	14.3077
-695477.027	-996993.808	-697095.23	-996864.93	29.5686
-754080.85	-1046117.36	-754233.047	-1046633.889	11.0186
-698276.948	-1080273.486	-698328.194	-1080327.111	0.8307
-729430.54	-1029841.99	-729182.59	-1029441.25	9.4283
-760675.221	-1052259.156	-760452.39	-1052233.11	2.5552
-698822.003	-1079576.361	-697926.321	-1079394.314	12.7007
-753489.98	-1047986.67	-753648.195	-1047890.983	4.488
-746047.369	-1053841.548	-746350.157	-1053821.114	6.5055
-832599.1	-1057956.73	-830754.935	-1059526.568	27.0632
-867147.162	-1013544.136	-867329.599	-1013014.407	11.4283
-644280.07	-1047970.75	-644298.17	-1048031.02	0.6993
-670260.27	-1047666.95	-670477.6	-1047600.09	1.7502
-848599.115	-1010014.034	-848525.237	-1009950.007	2.0587
-829784.428	-1060549.815	-829679.437	-1060371.719	2.4399
-734791.26	-1043682.03	-734764.112	-1045640.265	41.2604
-746816.113	-1067439.618	-745542.703	-1066143.626	92.2409
-699057.01	-1070584.67	-698663.43	-1070023.37	8.197
-807997.3	-1023995.28	-807658.49	-1025137.54	13.3071
-821862.611	-1070180.329	-821832.261	-1069947.466	5.1118
-809066.94	-1005897.9	-807751.057	-1006035.309	14.9918
-806629.323	-1056052.109	-806611.073	-1055694.866	4.0303
-749194.939	-972258.483	-751871.27	-970107.79	76.1971
-644773.5	-1037891.361	-644044.43	-1036806.581	14.6059
-874099.09	-1020900.9	-874344.73	-1021068.78	3.306
-853968.084	-1068008.173	-856228.099	-1066366.466	36.228
-771664.289	-1062200.37	-771377.93	-1061984.36	4.2864
-694188.084	-1070765.684	-694627.074	-1072383.932	19.3453
-694960.38	-1087145.06	-693651.636	-1087114.943	15.4968
-772686.635	-979904.72	-773554.847	-978844.404	17.6653
-796933.467	-1026340.879	-799522.46	-1026495.415	29.0221
-808437.59	-1071316.06	-808233.0	-1071418.5	2.7333
-850124.003	-1069427.642	-851452.567	-1074254.584	66.8809
-829974.814	-1072884.661	-829876.287	-1072800.346	4.1602
-649324.526	-1057870.256	-648988.473	-1058055.204	7.6777
-725214.99	-1049590.8	-725089.861	-1049969.272	7.9785
-840658.822	-1007395.494	-844032.088	-1007884.776	43.5735
-728130.425	-1054971.429	-728017.161	-1055341.844	8.3456
-647429.71	-1088888.66	-644938.05	-1088958.605	36.285
-773187.92	-1058004.16	-773044.12	-1058324.22	7.2449
-740185.497	-1055522.067	-739933.37	-1055698.36	2.3788
-775691.78	-1034209.7	-775016.4	-1033843.46	21.7796
-734657.963	-1045867.082	-734699.83	-1045946.208	1.974
-681294.73	-1047266.2	-681398.099	-1047146.748	2.163
-751115.129	-1019859.845	-750213.42	-1019915.68	10.1351
-698771.08	-1081531.451	-699555.519	-1082197.877	13.1853
-812053.644	-1017077.163	-812059.04	-1017095.62	0.6977
-689412.387	-1087492.913	-689284.25	-1086917.92	6.8546
-766746.83	-1036733.97	-766800.29	-1037056.05	6.5937
-745998.38	-1054124.323	-746021.746	-1054033.324	1.9117
-731819.56	-1031524.2	-732473.929	-1029694.138	23.6009
-774521.08	-975012.85	-774501.36	-975014.99	0.5029
-765904.06	-990386.07	-765677.7	-990558.27	3.2689
-858499.59	-1030226.35	-856579.444	-1030950.584	106.9313
-652839.646	-1042012.519	-652956.99	-1040747.22	17.8105
-808185.557	-1071296.55	-797314.08	-1068968.18	89.9577
-781964.57	-995922.06	-781895.681	-996105.509	2.8435
-730718.34	-1083526.82	-732726.814	-1084027.306	26.2221
-824874.679	-1067330.845	-824865.69	-1067372.507	0.8576
-689649.844	-1058594.024	-689296.152	-1058690.826	4.1523
-776494.34	-975986.92	-776572.98	-975967.95	2.1253
-645191.576	-1049993.142	-645063.36	-1049850.29	3.842
-698207.843	-1015617.906	-698830.725	-1012654.719	53.1605
-753577.73	-1045262.14	-753657.17	-1045323.18	1.2699
-656533.551	-1015712.533	-658407.59	-1015441.63	21.2665
-775508.24	-1065095.71	-775337.088	-1066406.687	15.4139
-758116.03	-1049951.77	-758621.139	-1050300.073	13.8914
-776588.52	-1032456.82	-777744.03	-1031926.26	25.5827
-770913.21	-981534.03	-770823.51	-981441.98	1.4553
-649242.897	-1072063.856	-649353.23	-1072219.672	2.1224
-642538.07	-1037184.04	-641802.028	-1037420.401	15.4927
-769274.75	-984827.67	-770124.39	-983578.44	21.8159
-756883.813	-1065377.25	-756963.7	-1065845.66	9.5123
-721765.39	-1072001.18	-721765.468	-1071493.976	6.6272
-692629.241	-1046029.703	-692732.56	-1045939.57	1.556
-742907.985	-1026755.457	-742929.375	-1026753.869	0.5939
-844176.69	-1005150.86	-844142.491	-1005285.144	1.6357
-719950.183	-1075713.04	-718959.571	-1075965.777	13.5394
-679031.6	-1060860.37	-677619.43	-1058850.1	28.1644
-691882.63	-1055588.49	-690789.28	-1055998.43	13.0243
-791568.33	-1044904.05	-791714.09	-1044347.06	6.4996
-669296.23	-1014157.35	-668957.03	-1014140.25	7.0245
-785031.72	-1007980.71	-784697.145	-1007708.705	4.7912
-701654.7	-1012344.5	-701667.279	-1012297.562	1.0515
-806535.56	-1061593.257	-806773.384	-1059233.434	28.3259
-655487.301	-1082266.333	-654712.715	-1081639.75	12.2045
-765675.785	-1056725.866	-767762.7	-1055178.08	72.2806
-784289.56	-1025579.42	-783769.365	-1025764.997	12.4425
-763426.98	-1010290.16	-762972.68	-1010383.12	5.3947
-691545.33	-1060270.24	-691751.348	-1059652.052	7.2533
-865301.54	-1016244.292	-867525.36	-1017267.4	22.2569
-761163.65	-1062835.03	-762262.08	-1062353.09	14.0682
-651043.587	-1068475.414	-651464.06	-1069077.527	8.4184
-652507.712	-1066027.362	-652620.809	-1066831.943	9.5216
-688947.767	-1065936.886	-687258.748	-1064722.219	23.6547
-756844.741	-1065253.931	-754478.53	-1063405.59	26.2882
-763008.46	-1017707.62	-760308.23	-1018604.28	36.3796
-736693.0	-1036903.92	-736820.855	-1036772.279	4.2441
-763648.17	-1073885.23	-764530.34	-1074144.75	19.275
-838827.113	-1054159.279	-841852.61	-1052408.997	51.4691
-662711.63	-1062787.7	-663151.45	-1062627.46	5.2357
-708617.79	-1084825.71	-712625.01	-1079010.79	59.1587
-702961.865	-1089131.717	-702025.2	-1088151.71	23.3147
-666454.352	-1070173.633	-666540.647	-1070261.263	1.3719
-801091.063	-1008102.063	-797165.7	-1009648.94	52.0623
-641702.953	-1058528.436	-641612.66	-1058444.85	2.4647
-754073.5	-1045920.14	-754080.85	-1046117.36	4.1387
-720089.47	-1048745.48	-719314.324	-1049519.795	12.209
-792434.79	-1065584.39	-792574.93	-1067375.07	22.4844
-649260.73	-1048288.6	-649095.29	-1047681.46	7.2724
-768950.04	-999418.05	-769152.14	-996777.53	40.5379
-797631.422	-986169.56	-796115.625	-986060.813	17.0493
-673108.98	-1036819.32	-673066.87	-1036803.53	0.4997
-845192.436	-1044716.941	-845398.449	-1044515.837	33.0706
-701009.116	-1011040.206	-701438.597	-1012158.402	24.1104
-674312.265	-1019535.362	-675391.292	-1019425.013	13.3647
-701699.76	-1066467.06	-701283.64	-1067708.34	20.6321
-778513.37	-1067377.03	-778119.65	-1064849.13	49.0955
-724041.077	-1042827.831	-724042.189	-1042852.331	1.0238
-700408.53	-1022894.48	-700006.43	-1023097.54	6.402
-754765.41	-1002093.81	-754757.688	-1002042.938	0.5717
-698831.482	-1012630.365	-698847.622	-1012640.27	0.2598
-804696.757	-1060212.003	-806580.366	-1062053.822	34.487
-814565.083	-1061261.8	-811384.793	-1060414.363	40.4955
-773698.411	-1055768.005	-773638.34	-1055673.199	2.6928
-728770.004	-1058806.072	-728409.01	-1060385.74	29.9736
-770073.586	-995598.948	-770078.492	-995111.435	5.7571
-770267.63	-1016474.41	-770038.14	-1016369.75	5.276
-640083.291	-1042985.593	-640185.87	-1043001.059	2.4827
-708041.22	-1085387.634	-703485.16	-1089073.21	64.3801
-821079.97	-1071519.75	-821011.9	-1071493.72	3.5322
-651976.863	-1078879.35	-651945.4	-1078839.629	0.5725
-825354.441	-1028443.432	-825408.704	-1029030.138	13.3192
-805000.518	-989097.218	-804979.672	-989061.68	0.8242
-801106.335	-1059646.571	-801907.575	-1059706.162	9.066
-760421.48	-1012971.66	-760144.97	-1011847.89	13.1006
-765916.1	-1077914.45	-765949.302	-1076303.012	20.1424
-726393.89	-1073258.642	-724970.52	-1074858.62	38.0539
-745761.813	-1003659.195	-741627.06	-1001710.81	67.4278
-752902.44	-1021343.86	-752755.865	-1019792.05	35.2774
-734779.913	-971952.94	-734677.054	-970731.792	14.6736
-819991.97	-1052880.66	-824863.93	-1052668.59	103.1664
-765293.39	-1061827.9	-765364.78	-1061948.48	1.5573
-653372.04	-1089068.18	-653220.938	-1089309.626	3.219
-862138.977	-1025229.767	-862395.853	-1023811.733	19.1542
-699925.36	-1080109.3	-698276.948	-1080273.486	22.0321
-779918.002	-983002.261	-779916.95	-983094.0	1.155
-702017.25	-1023575.44	-702630.225	-1023550.529	7.6769
-744500.5	-1048316.55	-744576.17	-1048048.97	5.6185
-812388.176	-977737.761	-812850.46	-977718.32	6.4197
-765045.05	-1039464.7	-765097.63	-1039469.87	1.0693
-643544.115	-1062402.097	-643547.547	-1062379.736	0.5441
-870422.68	-1018207.71	-870321.99	-1018228.45	1.575
-779922.456	-980230.417	-779024.37	-981604.83	19.7254
-850128.496	-1074362.749	-850104.504	-1074395.944	0.5803
-674110.887	-1028481.137	-673675.724	-1027299.289	14.3213
-742803.47	-1032645.08	-743582.44	-1031752.64	13.3293
-796853.478	-1023502.277	-795345.471	-1023146.204	19.7599
-819971.552	-1074390.409	-819950.948	-1074462.728	1.5689
-649296.0	-1022367.68	-650405.97	-1022066.09	14.6632
-696132.37	-994057.13	-695749.54	-993803.93	9.6579
-747554.85	-1019566.23	-747562.96	-1019502.35	0.7171
-806838.96	-989705.95	-806948.62	-989708.11	2.202
-661403.04	-1040077.11	-660036.46	-1041105.61	20.1927
-641900.29	-1083151.42	-640511.029	-1082738.275	20.0465
-724960.719	-1065516.106	-724881.914	-1065404.299	2.7771
-687053.694	-1078761.021	-687095.817	-1078683.199	1.7819
-649715.312	-1070556.795	-652006.89	-1070514.59	43.5954
-701335.98	-1078650.64	-701523.533	-1079594.385	10.988
-704786.109	-1015222.899	-704915.13	-1014967.32	3.5505
-732591.292	-1053824.167	-732538.079	-1053884.384	1.8989
-855315.385	-1062627.136	-850752.894	-1062275.087	66.7326
-835023.352	-1038205.577	-836731.282	-1037842.268	21.1093
-734107.555	-983034.011	-734081.86	-980868.34	32.3043
-719483.589	-1016406.002	-719573.58	-1015047.5	17.4202
-698265.972	-1089942.663	-698272.012	-1090317.348	19.0642
-752607.498	-1042685.451	-754540.55	-1042087.55	23.4929
-805026.8	-1019625.807	-807975.59	-1019026.288	44.5218
-756259.96	-1043181.71	-757077.25	-1043105.17	16.4195
-737358.08	-1057974.775	-738559.393	-1060558.556	42.2731
-825938.281	-1025490.443	-825922.287	-1025476.985	0.2992
-733668.12	-1014744.36	-732279.387	-1015521.642	19.4219
-814420.08	-988131.19	-816858.775	-987381.333	31.0715
-640620.79	-1072163.79	-640324.19	-1071316.33	10.9639
-653072.91	-1022891.08	-652984.634	-1022955.491	2.1901
-794437.34	-1003918.24	-794596.07	-1003843.11	1.3509
-825005.885	-1067224.436	-825065.09	-1067290.473	1.8842
-691343.38	-1006843.27	-692971.18	-1005051.9	27.1522
-742929.375	-1026753.869	-743164.59	-1026492.03	7.0452
-703306.824	-1009040.946	-702192.06	-1009742.2	26.6186
-694468.471	-1062559.232	-693340.93	-1061831.51	15.0602
-851819.82	-1047523.5	-849869.602	-1048792.886	29.3097
-724640.93	-1075470.51	-723802.254	-1075167.8	10.3185
-761330.15	-1006063.11	-759869.32	-1006681.27	19.0374
-650151.641	-1042705.927	-651198.62	-1043181.88	25.8047
-714126.459	-1073423.687	-714296.153	-1074739.477	15.0993
-740040.5	-1048642.14	-740190.65	-1048779.76	4.1376
-652605.739	-1064369.9	-652594.109	-1064384.139	0.476
-816784.88	-1003586.38	-817580.155	-1005027.851	22.9715
-798295.367	-999660.841	-798366.93	-999644.1	0.8677
-811908.457	-1076375.594	-811163.664	-1075847.797	10.16
-658306.16	-1050447.947	-656820.64	-1049277.7	22.2758
-874344.73	-1021068.78	-875862.03	-1021140.17	21.8858
-842302.555	-1046516.057	-840162.191	-1045025.468	50.9622
-849103.749	-1066025.19	-849144.74	-1065966.23	1.4364
-648158.06	-1044058.02	-647185.92	-1043354.23	13.3354
-810296.354	-1022428.423	-812095.043	-1023393.512	23.1901
-641021.02	-1067058.85	-639877.317	-1065484.184	38.164
-709840.532	-1059128.884	-708977.03	-1059101.7	9.7453
-818811.82	-1049475.91	-819991.97	-1052880.66	67.3391
-782640.97	-1043028.23	-783204.779	-1043769.819	38.8313
-840159.538	-1070577.962	-845917.841	-1070278.104	54.0343
-681516.604	-1071396.197	-681718.699	-1074114.982	31.7354
-707326.961	-1002635.298	-707115.32	-1002637.76	2.7148
-750101.294	-1010966.75	-750676.86	-1010875.87	11.7851
-826985.449	-1046822.132	-826788.684	-1043921.802	48.5857
-775900.9	-1024307.4	-771921.41	-1023846.07	45.0399
-764482.173	-1023805.473	-764679.67	-1023604.65	5.6689
-765177.23	-1054586.34	-762679.08	-1053440.43	34.8291
-739504.506	-1073640.959	-737780.89	-1073920.26	23.3422
-838610.5	-1070832.2	-839367.739	-1069407.203	52.3515
-751970.65	-1038533.5	-751975.78	-1038549.02	0.3492
-794129.88	-1043579.34	-794092.27	-1044078.55	5.8276
-709705.91	-1006779.335	-712046.546	-1006565.202	33.7402
-766241.06	-990103.64	-765921.79	-990097.51	4.174
-652244.35	-1047484.7	-651407.68	-1046722.97	13.7377
-675357.972	-991934.632	-675164.0	-992953.53	15.6492
-804790.97	-1042344.4	-804188.94	-1040938.13	19.0239
-864248.86	-1014682.19	-864454.75	-1014835.04	2.9825
-848739.752	-1010044.489	-848703.204	-1010018.227	0.9001
-806612.26	-1072467.08	-806683.103	-1070750.001	19.6391
-794692.01	-1067810.067	-792717.683	-1068085.831	31.5222
-653629.213	-1024181.643	-653666.516	-1024174.205	0.781
-823855.72	-1069646.52	-823222.53	-1069474.727	13.323
-800928.821	-1006647.121	-801952.175	-1007904.1	38.4648
-677552.53	-1071411.69	-676765.16	-1071455.83	17.298
-824431.54	-1076778.18	-824661.314	-1077063.959	170.4583
-712045.77	-1042447.66	-712322.69	-1041875.89	10.1225
-765156.42	-1039346.91	-766250.89	-1038585.87	36.7881
-687756.53	-1038174.74	-687783.35	-1038479.31	3.3972
-689876.75	-1020687.77	-689214.05	-1020423.947	8.2091
-804435.713	-996388.927	-805227.15	-994348.1	30.9506
-649189.405	-1060953.176	-649239.558	-1060856.153	2.2233
-741544.581	-976482.751	-736957.143	-973227.07	99.4228
-888027.903	-1019766.527	-887777.614	-1019985.955	8.5959
-671574.495	-1012976.737	-671563.284	-1012981.47	0.273
-766544.31	-1045271.07	-767491.287	-1045988.307	14.2985
-749022.214	-972993.748	-746116.811	-973842.852	47.5242
-733685.284	-1057740.41	-733323.88	-1057749.755	4.2384
-735016.544	-973811.114	-735050.321	-973748.849	1.4173
-751592.776	-1038205.716	-751636.58	-1038056.78	3.3576
-840162.191	-1045025.468	-840471.692	-1045622.968	7.4767
-806475.01	-1072614.425	-806475.528	-1072629.159	0.374
-683038.65	-1012391.7	-681393.7	-1012890.33	20.2072
-770613.32	-1057820.99	-771804.02	-1057487.437	15.9144
-737585.966	-1057622.357	-737648.76	-1057596.41	2.1017
-646665.5	-1030270.69	-646572.22	-1029234.58	13.2011
-653033.34	-1013150.34	-652907.021	-1011415.196	21.06
-689629.06	-1035820.39	-686288.658	-1034859.718	43.1532
-742537.331	-1056854.259	-745923.02	-1055713.05	48.6373
-690506.35	-1056090.2	-690526.88	-1056042.24	18.3848
-751636.521	-1041297.117	-752150.8	-1042812.48	12.4588
-643544.115	-1062402.097	-641200.314	-1062662.991	28.4348
-788872.45	-997502.602	-789393.19	-998693.59	15.6683
-792083.93	-1041155.31	-790500.326	-1043405.324	35.6373
-844823.27	-1068111.92	-842414.62	-1068541.16	28.133
-746262.613	-1053881.415	-746376.671	-1053972.257	3.0413
-647869.94	-1054301.764	-649828.14	-1051460.55	61.9748
-776083.207	-1014759.946	-775870.915	-1014731.959	2.3815
-753851.93	-993658.93	-754682.0	-993568.33	10.8143
-812850.46	-977718.32	-814616.84	-977853.587	22.6802
-645849.286	-1042703.925	-645775.844	-1042677.613	30.129
-751880.584	-1038518.759	-751991.82	-1038509.22	2.3201
-755147.31	-1035277.21	-755814.649	-1034625.46	7.1938
-699077.33	-1070595.49	-699826.15	-1069367.85	20.6703
-719044.051	-1038420.258	-719061.461	-1038404.118	1.1725
-689513.392	-1046443.612	-689525.338	-1046426.507	0.5199
-714383.3	-1043075.86	-714290.31	-1043555.4	7.0133
-807487.18	-1017041.32	-806336.448	-1016737.023	14.1723
-707915.61	-1021166.69	-707600.53	-1021382.59	8.1185
-685270.97	-1085890.8	-685173.71	-1084269.78	20.8736
-799501.05	-1001491.58	-799468.95	-1001575.88	1.2025
-870454.8	-1018131.13	-870487.08	-1018234.17	1.5609
-777996.791	-971965.323	-777798.65	-971854.93	4.5547
-724221.372	-1037346.047	-723416.48	-1036992.96	21.423
-795520.8	-979030.66	-795702.75	-978794.42	6.0801
-829983.056	-1072969.188	-829800.781	-1072833.673	2.5882
-843630.218	-1072166.861	-843739.265	-1072584.84	5.4237
-704597.41	-1073576.2	-705696.57	-1072586.84	18.0233
-679164.725	-1024308.852	-678590.879	-1024845.262	18.3951
-764786.263	-1013600.929	-762707.88	-1014316.97	26.1927
-690768.7	-1059262.202	-689649.844	-1058594.024	15.0652
-783391.24	-1061960.53	-783385.36	-1061966.31	0.1649
-675625.415	-1077648.716	-676085.508	-1076208.404	29.6667
-736540.74	-982423.3	-736940.38	-981618.48	18.1527
-761858.43	-1020987.09	-763141.496	-1021116.148	15.9422
-790941.96	-1034484.23	-790962.445	-1034475.468	0.7655
-852274.462	-1010201.283	-852292.36	-1010381.54	4.4941
-670726.865	-994716.065	-670490.861	-992638.106	46.0825
-829560.729	-1055503.286	-828948.94	-1056426.107	12.963
-730832.41	-1045592.97	-730854.657	-1045636.934	0.3791
-814806.09	-1013848.04	-815739.139	-1013793.564	10.9569
-786921.49	-991263.0	-787054.4	-991129.28	2.2765
-681451.6	-1009391.922	-679845.96	-1010291.61	20.8648
-874233.106	-1033511.212	-876735.812	-1034362.82	32.7519
-869520.35	-1043346.23	-869300.93	-1043031.21	6.6742
-659300.865	-1008357.932	-659294.372	-1008371.005	0.4106
-756749.59	-1049906.669	-757602.31	-1049500.47	23.2822
-725743.309	-1069594.423	-725721.914	-1069587.758	0.3341
-791139.94	-1033601.8	-791136.71	-1033573.92	1.9375
-819588.885	-1075793.762	-819585.6	-1075741.06	1.0561
-684840.14	-993780.57	-684719.07	-993999.7	5.6907
-721062.76	-1053407.858	-721408.44	-1053712.59	5.4268
-792604.39	-1071830.54	-793349.32	-1072590.22	11.823
-644872.51	-1029746.97	-644825.53	-1028849.56	10.4546
-760266.0	-976457.688	-760105.85	-976644.44	5.1292
-666372.05	-1013756.79	-666364.99	-1013740.04	0.2621
-805009.831	-989120.872	-804992.853	-989111.787	0.4968
-702545.69	-1068237.88	-701874.05	-1068123.94	8.3303
-728273.927	-1055690.496	-727990.498	-1055920.737	7.5508
-753758.163	-1025794.588	-755522.83	-1026223.0	22.2325
-776634.42	-1027612.8	-777169.55	-1026711.9	14.5989
-762869.6	-1072234.6	-760925.0	-1070532.72	20.5287
-820237.415	-1025735.818	-821373.631	-1025621.218	13.1857
-822522.04	-1017189.31	-822680.54	-1016949.64	4.7138
-812432.85	-1013986.31	-812489.38	-1013963.8	0.774
-647155.148	-1047910.482	-646300.86	-1046567.36	17.7117
-705120.16	-1032523.41	-702651.98	-1032100.78	33.6717
-734168.062	-1013936.158	-734193.531	-1013919.492	0.6087
-734199.75	-1031885.47	-734657.59	-1033417.9	17.7825
-854601.226	-1025671.39	-854683.06	-1026353.42	16.6782
-759694.68	-976470.55	-759662.94	-976494.55	0.8237
-682058.232	-1041108.813	-682287.738	-1041472.981	10.1514
-887861.358	-1020176.436	-887849.757	-1020296.392	27.2064
-669036.133	-1044634.777	-669023.951	-1044630.631	0.2917
-671769.276	-1069928.371	-672609.87	-1068687.87	16.9075
-867706.58	-1017480.5	-867684.29	-1017483.61	0.5721
-770913.21	-981534.03	-770547.6	-979716.0	24.9275
-808225.379	-1014843.19	-812056.7	-1016862.42	51.1426
-684554.75	-1050209.14	-688190.74	-1048705.98	51.4853
-795284.906	-986212.111	-795210.213	-986265.294	1.0199
-742527.18	-1056846.75	-742537.331	-1056854.259	0.2905
-683274.436	-1065192.111	-681644.438	-1064569.375	20.1902
-666463.19	-1011202.75	-667586.42	-1009685.03	26.02
-773613.968	-1016378.266	-773723.726	-1016297.862	1.5123
-652966.576	-1073400.519	-653460.785	-1073595.575	6.7454
-813680.81	-1027925.43	-815304.577	-1028287.612	18.4854
-826171.662	-1052692.013	-826213.02	-1052725.02	0.5919
-649180.66	-1061116.009	-645901.135	-1061451.155	74.6102
-764160.43	-1016431.93	-762990.67	-1017658.57	19.8788
-752326.98	-1042897.041	-752438.325	-1042831.478	1.524
-645237.19	-1071670.51	-645035.518	-1071764.984	2.567
-644785.521	-1082590.738	-645277.476	-1083572.424	15.6451
-667401.048	-1083330.838	-667163.557	-1083642.392	8.7102
-859309.08	-1012897.17	-859614.98	-1012914.35	6.1278
-729616.5	-1031588.92	-729163.1	-1032025.58	7.1228
-733773.249	-1035475.322	-733060.69	-1035355.42	8.461
-653323.78	-1036128.19	-651099.35	-1036057.73	32.6601
-759065.672	-969774.396	-759505.373	-970185.822	21.761
-680988.235	-993110.658	-680931.996	-991412.351	43.3473
-696961.711	-1087392.507	-696654.25	-1086644.32	12.6155
-793329.19	-1072623.79	-790959.514	-1073441.072	41.2037
-794604.85	-1045594.51	-796202.74	-1044445.18	28.1781
-668323.698	-1030236.112	-667902.946	-1031529.89	15.714
-784577.155	-1007581.555	-784551.99	-1007572.05	0.4126
-786298.87	-1042608.88	-786445.15	-1042487.17	2.1271
-664502.78	-1047932.44	-664351.125	-1047977.938	1.8432
-699617.042	-1004972.588	-696640.96	-1007359.589	56.2894
-664794.345	-1035907.611	-664806.557	-1035882.905	0.6642
-759740.36	-976517.51	-759662.94	-976494.55	1.6157
-755657.198	-1013741.211	-755784.33	-1013183.04	6.3638
-862018.808	-1064807.077	-861624.971	-1062894.808	51.8232
-734739.342	-1062149.316	-733530.165	-1061873.5	15.2912
-814547.798	-1061354.965	-814565.083	-1061261.8	1.0587
-696398.86	-986594.61	-694777.4	-985249.65	41.2654
-689116.027	-1058553.622	-688883.932	-1058199.578	8.5076
-766564.93	-972272.11	-766458.499	-972340.383	1.9341
-753117.8	-1020971.36	-752954.53	-1020913.44	4.8302
-769529.73	-980208.64	-769810.89	-980271.37	5.7303
-710785.11	-1024084.1	-709790.885	-1022701.685	21.1617
-798447.91	-999886.06	-798534.1	-1000291.87	5.5385
-752441.0	-1048737.125	-752530.75	-1048781.25	3.0093
-835407.871	-1058766.318	-836841.03	-1059468.24	18.6681
-800928.821	-1006647.121	-802140.854	-1005863.006	28.1363
-776403.965	-1052478.333	-774043.413	-1053278.193	34.2726
-759601.922	-991807.613	-760884.359	-991975.244	15.5924
-736901.18	-1036837.1	-736966.77	-1036950.11	3.6248
-667043.204	-1067308.969	-666528.091	-1068783.223	17.8937
-672257.813	-1089760.551	-672211.697	-1089679.49	1.9655
-734213.375	-1013919.354	-734193.531	-1013919.492	0.5472
-814533.496	-1013896.626	-814413.36	-1013283.79	9.0241
-804182.309	-1060068.083	-805145.749	-1058032.169	28.7861
-751462.148	-1001952.201	-752473.763	-999912.154	26.6064
-740409.45	-969865.07	-741557.928	-968351.743	117.7327
-674506.896	-1042179.33	-674339.35	-1042416.56	3.7419
-781140.14	-990701.09	-781065.17	-989219.41	16.789
-694973.382	-1073099.973	-695654.968	-1073649.703	10.5048
-810817.74	-991978.05	-811094.85	-992035.86	3.1925
-643196.027	-1044701.731	-643232.72	-1044623.98	1.1124
-806118.682	-1006432.464	-806442.499	-1004396.774	44.4032
-667109.46	-1045866.59	-665866.61	-1046285.2	14.7917
-688503.019	-1011193.9	-689493.64	-1014122.95	41.095
-673873.6	-1019844.27	-674312.265	-1019535.362	6.2469
-645953.01	-1021514.61	-645490.003	-1023171.5	20.5088
-646201.83	-1070762.882	-643808.34	-1070090.39	37.801
-757098.83	-1070014.01	-760870.94	-1070667.92	51.8064
-724640.929	-1034155.105	-724399.64	-1034469.65	8.6567
-646734.244	-1068620.938	-646648.193	-1068574.051	1.6773
-678344.066	-1069057.355	-678268.824	-1069099.803	0.9642
-690706.42	-988081.35	-691581.846	-987350.132	13.7307
-770353.66	-1060804.791	-770293.832	-1060662.695	1.7154
-658927.592	-1053462.142	-660127.47	-1052094.61	32.2002
-816829.91	-1014519.23	-818898.634	-1017174.524	43.608
-775829.393	-1014756.219	-775807.257	-1014701.919	0.8041
-783095.18	-1043944.62	-784053.28	-1047904.36	68.6425
-658728.705	-1091432.642	-658009.514	-1090999.15	10.0634
-808386.509	-1029996.246	-806996.289	-1029753.66	21.4069
-730648.73	-1057654.01	-728454.25	-1060923.44	30.9657
-873220.634	-1009452.022	-872013.713	-1012171.656	38.4303
-648316.398	-1058421.523	-648330.054	-1058407.276	0.4822
-854376.18	-1025217.55	-854601.226	-1025671.39	5.9009
-848378.564	-1054774.256	-847915.481	-1055110.139	12.4084
-838499.018	-1037581.379	-840756.407	-1039033.045	42.8529
-686837.88	-1011094.67	-685969.845	-1012097.505	17.6509
-727322.78	-1001073.29	-727329.243	-1001120.375	0.5281
-716780.121	-1028419.632	-716574.81	-1028251.62	2.9493
-778945.801	-1029679.128	-778856.69	-1029627.639	3.1289
-728612.038	-1078621.824	-728616.024	-1078644.729	0.749
-733688.643	-1053306.73	-733690.027	-1053341.801	0.8593
-645544.85	-1029412.69	-646572.22	-1029234.58	14.5063
-680229.76	-988998.78	-680064.507	-988949.624	147.0416
-732287.17	-1040885.55	-731101.12	-1041282.706	26.0721
-791943.37	-991093.07	-791903.53	-991074.62	1.1647
-853343.062	-1022535.79	-853459.071	-1022528.693	1.3806
-737606.276	-1080142.949	-737734.52	-1079640.82	6.2353
-772480.194	-979481.156	-773086.402	-978766.973	11.2177
-828137.112	-1042932.596	-828994.479	-1043794.392	14.5889
-738065.85	-1057077.11	-738451.761	-1057492.143	13.1258
-858733.91	-1009309.47	-858749.02	-1009317.91	0.3897
-693883.566	-1032463.944	-695686.799	-1034349.98	31.492
-646151.41	-1071145.95	-646157.913	-1071175.528	1.3114
-834379.642	-987116.702	-833025.666	-988995.456	36.8193
-785273.716	-1036927.343	-781893.581	-1037032.955	39.3004
-669164.547	-1002715.107	-667480.93	-1001337.08	27.6588
-661631.68	-1028707.03	-662364.104	-1027433.998	16.6592
-861926.052	-1054000.596	-861282.074	-1052870.082	17.9657
-681294.73	-1047266.2	-681594.23	-1047241.68	2.313
-645727.305	-1042665.46	-645678.184	-1042706.549	27.0785
-710430.018	-1025668.049	-706905.87	-1028430.1	51.9338
-753862.964	-979708.209	-755611.131	-980195.085	29.7816
-777362.985	-973953.915	-777343.21	-973974.16	0.6785
-712227.415	-1015535.067	-711566.197	-1014286.525	15.8093
-684786.33	-1015128.74	-682436.42	-1018093.72	46.299
-876543.88	-1025650.58	-876486.02	-1026238.44	6.8283
-789693.45	-1072501.06	-789351.931	-1071541.125	23.0375
-734930.34	-1043352.34	-734881.98	-1043480.92	2.7513
-780897.85	-1009090.58	-780482.395	-1009537.145	7.9031
-813780.37	-1071218.9	-812729.78	-1071436.13	21.5119
-695093.911	-1044413.908	-695047.376	-1044391.963	0.9129
-746719.1	-1011750.25	-747592.42	-1012728.32	14.9699
-834135.627	-1070052.582	-831260.444	-1066449.913	74.2538
-821865.352	-1022146.499	-818797.56	-1019942.66	45.6661
-757868.27	-1048074.85	-758435.475	-1047850.706	7.2649
-826096.839	-1043447.24	-825827.413	-1043044.916	7.2507
-646592.33	-1073974.543	-648172.926	-1073424.829	20.8467
-738807.796	-1048949.172	-738606.8	-1049522.898	12.5124
-720053.11	-1052878.23	-720364.8	-1053251.55	5.4073
-741516.928	-1042621.167	-741577.379	-1042544.644	2.3353
-854511.14	-1037818.87	-853375.746	-1035763.744	29.256
-704510.52	-1016457.09	-704206.35	-1016297.52	4.1461
-764433.573	-1024042.286	-764017.237	-1024135.383	8.7316
-812433.03	-1013933.23	-812432.85	-1013986.31	0.5904
-767241.0	-980439.39	-767230.195	-980431.316	0.1499
-776714.575	-1034383.209	-776696.195	-1034352.356	0.8709
-787445.176	-1062920.408	-787590.19	-1062308.66	12.7626
-748339.95	-979141.65	-751476.087	-976015.903	52.292
-649621.6	-1029185.54	-649587.99	-1028680.93	6.0302
-688782.75	-991454.34	-689202.67	-993214.61	24.7366
-860160.79	-1029930.809	-862971.997	-1029304.174	45.9073
-728311.439	-1037625.802	-728504.4	-1038825.74	32.3934
-716581.29	-1028241.72	-716892.06	-1028325.35	3.8555
-700502.25	-1049339.19	-700207.76	-1047783.05	22.0895
-640183.975	-1033551.803	-639797.951	-1033335.784	7.6042
-673713.074	-1018966.257	-673359.17	-1017298.72	19.0216
-735030.582	-1072887.45	-734646.646	-1072998.231	8.9371
-730606.32	-1042945.66	-730862.52	-1043140.22	11.2034
-734049.378	-1073311.299	-734050.012	-1072617.244	17.3405
-739851.743	-1080964.865	-739747.415	-1081055.814	2.9832
-735035.64	-1031357.32	-735845.84	-1031792.66	10.7783
-876959.91	-1015765.98	-876427.652	-1014297.283	19.2572
-648879.304	-1057930.777	-648988.473	-1058055.204	3.3226
-730919.125	-1057401.375	-730916.56	-1057495.52	1.0465
-780468.825	-1059820.652	-781101.27	-1058535.42	19.9601
-807290.045	-1072485.448	-807309.492	-1072493.849	0.5866
-775923.936	-977266.63	-775984.15	-977292.28	1.309
-754847.44	-1070690.26	-754618.42	-1069557.12	22.2175
-766214.59	-972635.192	-766198.249	-972617.169	0.3242
-681588.08	-1000094.86	-682106.05	-1000197.06	51.1017
-754059.77	-1046108.69	-753812.483	-1045788.277	8.1049
-691937.271	-1072584.723	-690558.02	-1072701.96	21.1184
-753604.798	-1079033.113	-755449.02	-1081193.42	49.3734
-822395.39	-1047256.619	-822379.454	-1047224.059	0.403
-648070.028	-1054469.218	-648151.964	-1054522.278	2.009
-848593.3	-1036248.77	-849341.108	-1036491.181	9.3255
-641391.58	-1033562.7	-641023.7	-1032807.93	9.784
-666388.889	-1082179.573	-665620.22	-1081677.52	10.726
-752010.11	-1038510.68	-752035.06	-1038607.09	2.5823
-776444.064	-979394.896	-776512.28	-979470.94	1.4334
-673303.703	-1043503.367	-673270.08	-1043444.385	1.3584
-692591.102	-1080615.148	-692559.898	-1080566.223	1.2248
-658900.48	-1012054.78	-657349.62	-1014170.84	36.0459
-744576.17	-1048048.97	-744453.21	-1047760.88	6.6092
-817580.155	-1005027.851	-819639.065	-1007333.371	50.3294
-777348.35	-973934.58	-778002.79	-972273.81	39.4108
-685044.6	-1065769.01	-684489.68	-1065834.781	13.764
-757615.04	-1039877.36	-757705.96	-1039765.18	2.3714
-679181.045	-1024007.542	-679112.792	-1023693.859	6.5221
-690753.69	-988616.63	-688277.3	-989840.08	56.7061
-778166.761	-980439.448	-777963.57	-980328.72	2.575
-787090.31	-989195.54	-787231.58	-989358.37	4.3154
-867525.36	-1017267.4	-867757.78	-1017361.44	5.0215
-824863.93	-1052668.59	-825495.86	-1053317.43	11.1648
-752045.381	-1007747.603	-752028.65	-1007752.13	0.2187
-708293.082	-1060819.934	-708579.181	-1062557.106	22.7552
-694222.409	-1002472.161	-696367.74	-1001126.95	29.8573
-698150.83	-1081315.17	-696604.529	-1081439.528	40.3341
-789266.33	-1072521.29	-789047.504	-1072468.509	4.545
-844038.724	-1005104.052	-844159.33	-1005098.186	1.3768
-763306.519	-1072853.719	-766045.79	-1076247.01	38.6156
-727349.778	-1048202.287	-726880.78	-1049460.86	16.418
-809385.58	-994210.66	-809177.84	-994195.19	4.2388
-807794.895	-1027397.361	-808049.215	-1027496.454	3.0359
-659784.206	-1089373.746	-658326.581	-1088923.328	17.948
-826510.959	-1068335.296	-826501.441	-1068388.419	1.8052
-687297.019	-1004332.947	-687353.344	-1004362.122	0.7049
-766909.38	-1037768.3	-766796.12	-1037801.07	3.1846
-657244.75	-1069515.51	-657007.24	-1069561.841	4.8697
-752262.75	-1022755.45	-752141.916	-1022740.635	1.3551
-697370.174	-1000296.322	-695466.04	-999732.44	22.6487
-707369.16	-1021588.3	-702853.68	-1021948.35	53.342
-751827.94	-1007443.5	-751632.588	-1007525.016	2.6484
-743748.95	-1024743.24	-743575.018	-1025210.438	9.9987
-685924.29	-989226.49	-684524.22	-989344.01	17.6981
-757442.034	-969642.461	-757820.929	-971443.006	28.5503
-746628.318	-1006476.563	-747385.37	-1004570.34	26.9127
-666331.36	-1007237.53	-666718.32	-1008677.68	27.418
-741788.86	-1047093.87	-741898.86	-1047009.98	2.769
-645715.132	-1042716.114	-645764.404	-1042735.256	29.895
-690628.39	-1021314.1	-691229.36	-1022081.02	11.5455
-844157.23	-1005396.74	-844061.86	-1004805.8	6.6859
-781617.583	-1060871.373	-781716.31	-1060897.64	1.138
-772145.95	-1016289.6	-771925.35	-1015431.21	10.2823
-811154.989	-992037.432	-811094.85	-992035.86	1.2032
-826755.049	-1070898.934	-826669.354	-1070793.339	8.8127
-693563.782	-1034271.513	-695686.799	-1034349.98	28.7382
-689070.19	-1007867.98	-690438.51	-1007547.74	15.6254
-833825.94	-1072470.482	-834017.16	-1072558.02	4.5088
-776172.608	-977550.484	-775925.31	-978800.85	14.4768
-768086.74	-985456.66	-767014.699	-983745.344	47.3571
-669471.047	-1013784.39	-669501.06	-1013878.65	1.9785
-684010.75	-1063877.72	-683992.398	-1063882.896	0.454
-700205.53	-1049396.229	-698320.9	-1050777.39	37.3729
-656389.608	-1092581.695	-656208.767	-1092763.429	5.5109
-720348.829	-1070874.761	-720302.516	-1070959.109	0.7402
-719475.96	-1030489.794	-719467.12	-1030538.8	0.5534
-732770.34	-993991.07	-730850.22	-996143.5	38.3521
-810535.47	-991855.28	-810553.97	-991733.99	1.4396
-765814.94	-1076101.44	-762996.38	-1072366.43	40.9609
-661889.22	-1088148.474	-661588.134	-1088912.91	9.1706
-752854.23	-988519.06	-754214.37	-988832.09	21.816
-692598.754	-1080646.661	-691216.627	-1081881.763	22.9982
-676199.203	-1040644.76	-676144.028	-1040715.174	0.9962
-717017.97	-1028526.27	-716853.89	-1028471.05	1.9259
-717869.17	-1022169.19	-716438.38	-1022530.7	16.9793
-760445.88	-1067488.56	-760577.26	-1067424.49	1.6987
-757514.647	-1024827.762	-757586.218	-1024782.417	1.7027
-821332.799	-996435.808	-822013.873	-996448.627	7.5939
-845513.182	-1050136.627	-846771.531	-1050208.283	21.5728
-737854.217	-1050792.84	-737608.164	-1050851.346	5.1286
-737827.37	-984515.47	-737630.74	-984117.39	5.1307
-856042.08	-1020233.6	-855921.459	-1019949.745	20.5279
-743079.059	-1073762.088	-743368.463	-1074569.017	20.6579
-792606.16	-979568.23	-792625.32	-979606.04	0.471
-644614.438	-1041881.625	-644600.75	-1041860.375	1.2629
-764000.684	-1035018.239	-764091.206	-1035010.138	2.0194
-882388.254	-1020937.356	-882376.558	-1020884.772	0.6006
-738259.6	-972740.61	-740785.3	-970692.25	66.5187
-647832.09	-1089321.13	-648126.207	-1091893.832	30.677
-869448.36	-1018125.62	-869348.34	-1019589.98	22.9996
-788208.64	-990498.09	-787980.79	-990434.66	5.1201
-641563.12	-1081473.4	-643243.894	-1082911.687	34.0654
-682321.453	-1062691.028	-681561.263	-1061778.063	26.1293
-642805.577	-1092189.703	-642077.521	-1092336.307	17.6844
-848817.352	-1010040.504	-848824.784	-1010028.947	0.2748
-660268.625	-1087255.908	-661889.22	-1088148.474	22.9026
-852926.407	-1003453.801	-852941.13	-1003389.92	0.9115
-691047.04	-995263.18	-691658.28	-995803.58	9.4899
-647672.21	-1055476.25	-649964.51	-1055934.75	31.5106
-721298.45	-978901.33	-723059.71	-974092.99	69.2318
-688033.65	-1008448.13	-687619.14	-1008415.69	5.1781
-794481.78	-1004012.95	-794381.63	-1004055.99	1.4442
-773188.07	-978559.92	-773146.15	-978644.96	1.8963
-702984.99	-1052881.869	-701618.13	-1053223.9	15.6562
-721299.06	-1082392.31	-719918.3	-1084615.0	31.629
-703348.626	-1076577.81	-704967.802	-1075639.307	22.3484
-865343.62	-1006940.56	-865264.7	-1006922.21	0.9003
-797114.443	-1028734.905	-797546.47	-1028510.29	9.7945
-647826.98	-1019477.46	-646926.16	-1019368.86	10.1658
-775574.553	-1033623.234	-775549.611	-1033649.768	1.0148
-784308.318	-1006952.804	-784323.73	-1006892.02	0.9168
-784579.81	-1007557.27	-784878.66	-1007574.2	3.3586
-701209.452	-1012443.428	-700213.91	-1012677.63	11.3662
-770218.87	-1076595.4	-772609.3	-1076770.52	27.7082
-724890.77	-1066904.85	-724834.911	-1066867.274	1.8405
-770293.832	-1060662.695	-769974.29	-1058239.67	34.2724
-747562.96	-1019502.35	-747563.18	-1019494.16	0.091
-718190.04	-995343.27	-714821.655	-998230.155	52.5534
-817568.08	-1054542.07	-817678.144	-1054560.091	1.2463
-734494.586	-1012639.929	-734378.01	-1013701.963	31.1398
-780468.825	-1059820.652	-781036.09	-1059946.3	6.4645
-708095.34	-1046824.52	-707915.843	-1046963.972	5.0739
-757841.8	-1039899.77	-757599.75	-1039889.39	4.8511
-673873.6	-1019844.27	-673713.074	-1018966.257	9.9964
-742239.83	-1065297.46	-741390.356	-1066268.983	17.1224
-711890.35	-1060438.64	-711870.206	-1061974.768	18.5747
-866304.12	-1007000.304	-867441.345	-1002735.791	112.2565
-782254.663	-979211.743	-782260.598	-979205.504	0.1811
-866784.561	-1055673.503	-866525.734	-1053699.208	22.2135
-757892.83	-1031276.15	-758900.159	-1029946.098	26.6935
-758250.72	-973553.41	-758065.008	-974809.009	19.7003
-836677.955	-1034938.437	-838129.497	-1034810.452	17.4368
-641454.015	-1075722.184	-641876.179	-1076129.347	11.8109
-669458.876	-1013775.064	-669466.252	-1013763.62	0.3227
-762979.692	-1050902.147	-762817.16	-1050840.94	3.4801
-778327.952	-1058733.938	-778280.43	-1058590.03	1.7461
-652074.08	-1024611.04	-653190.51	-1023454.51	21.9762
-841436.05	-1026926.25	-843874.48	-1024036.87	55.3652
-825313.57	-1029088.76	-825408.704	-1029030.138	2.2724
-864476.03	-1014847.41	-865033.199	-1014739.988	12.8161
-689784.86	-1068968.16	-690414.26	-1069784.24	14.2355
-767429.581	-1048595.732	-766883.809	-1046462.034	30.4667
-787694.63	-1006969.81	-787553.89	-1006945.17	1.6416
-752753.485	-1009535.044	-752045.381	-1007747.603	22.0417
-811161.406	-1042049.504	-810520.166	-1044574.254	32.5797
-765568.13	-1020517.37	-765908.844	-1020150.942	6.0472
-742599.176	-1046079.724	-742598.169	-1046020.775	14.8128
-765788.7	-990262.19	-765904.06	-990386.07	2.4465
-685851.715	-1028328.107	-686711.637	-1026428.942	29.4071
-771042.303	-1006967.94	-770289.72	-1006260.186	15.4343
-740512.28	-1057582.49	-740515.12	-1057578.56	0.1002
-773187.92	-1058004.16	-771804.02	-1057487.437	18.2218
-859584.221	-1013023.281	-859427.42	-1012915.85	3.9619
-747432.46	-1054956.55	-747398.69	-1055015.18	1.5351
-727786.246	-1001564.236	-727373.78	-1001091.72	14.7557
-735382.36	-1040739.75	-735161.18	-1040923.29	3.1944
-655613.228	-1024420.374	-655206.639	-1024478.076	8.2313
-744573.76	-1075053.67	-744711.989	-1075303.361	7.5756
-720089.69	-1051396.2	-719549.768	-1051776.667	7.5017
-643782.714	-1036881.502	-644044.43	-1036806.581	3.2447
-770262.821	-1080426.88	-772326.804	-1081816.12	28.6961
-762901.1	-1072249.81	-763160.673	-1072458.821	3.7034
-741196.784	-1048787.996	-741810.06	-1048888.99	12.6031
-701528.588	-1063540.191	-702421.423	-1064295.483	15.8401
-768444.371	-1016274.293	-767274.47	-1016513.4	15.5511
-873251.51	-1009335.742	-873787.501	-1008866.41	15.7231
-882326.031	-1021972.177	-881983.98	-1022063.583	4.1552
-824107.511	-1073718.837	-824264.95	-1072040.14	15.8858
-754788.077	-1001786.249	-754814.802	-1001699.415	1.0097
-644748.24	-1050053.81	-639846.184	-1052873.303	49.5551
-787221.94	-989369.96	-786887.737	-989073.619	8.9336
-721021.3	-979133.49	-721027.22	-979132.25	0.0672
-693340.93	-1061831.51	-692009.2	-1062034.14	27.4669
-751396.792	-1060134.969	-751209.618	-1060054.65	4.0837
-768529.35	-1040347.1	-771582.07	-1041055.57	48.9112
-741472.762	-1058921.539	-743483.882	-1061707.065	46.8829
-691868.159	-1074084.509	-691695.8	-1073983.308	2.5491
-733200.063	-1042131.375	-732836.67	-1042212.23	7.7247
-751707.204	-986163.13	-751684.123	-986198.741	0.4731
-698314.29	-1047246.79	-697060.79	-1046682.57	16.1096
-643740.101	-1062714.823	-643747.476	-1062699.874	0.4528
-835329.698	-1001077.37	-832380.79	-998170.642	57.9396
-718045.351	-1046662.504	-718280.08	-1046521.31	5.8468
-734155.582	-1053828.039	-734158.512	-1053815.078	0.3649
-741343.85	-1001880.77	-741364.58	-1001918.11	0.8618
-659661.553	-1072015.61	-659839.208	-1072077.168	2.1319
-750852.576	-1078422.336	-750380.595	-1079381.839	20.5101
-840471.692	-1045622.968	-842302.555	-1046516.057	25.2574
-698080.568	-1031875.656	-698038.13	-1031923.59	1.2804
-731456.036	-1032452.02	-731998.558	-1034800.427	31.0753
-836762.77	-1065574.434	-836979.04	-1066144.369	10.9573
-752021.69	-1007728.89	-751869.49	-1007496.09	3.1979
-758435.475	-1047850.706	-758581.22	-1047649.45	6.7331
-798000.79	-986310.91	-797753.763	-986251.175	2.824
-869459.653	-1046669.966	-866147.59	-1048867.78	48.371
-676047.76	-1037292.652	-673859.18	-1036991.5	24.7559
-725279.685	-978455.469	-725244.182	-978527.548	1.6382
-836617.377	-1071326.255	-838610.5	-1070832.2	23.6159
-655843.43	-1016058.73	-656533.551	-1015712.533	16.3992
-762955.47	-1033824.97	-763505.9	-1033868.07	11.1923
-746939.588	-1017404.603	-746935.196	-1017374.917	0.4268
-725952.316	-1059744.272	-725145.027	-1060895.97	16.2391
-681195.203	-1064518.936	-681218.36	-1064419.74	2.2314
-874888.952	-1032193.255	-876242.996	-1030422.038	25.4379
-728218.96	-1060617.02	-727179.101	-1060948.226	14.1009
-686911.15	-1008704.37	-686814.05	-1008736.01	1.1348
-770134.93	-1065005.61	-769022.858	-1065177.67	14.062
-840193.184	-1031849.07	-840141.402	-1031858.768	0.5992
-845191.49	-1031871.04	-844330.373	-1033732.859	23.6391
-674924.1	-1006230.06	-674651.37	-1006768.64	14.0085
-698520.044	-1004628.598	-698382.33	-1004446.27	1.7579
-784288.839	-1027120.132	-784722.76	-1026987.074	9.0881
-728504.4	-1038825.74	-728805.03	-1039018.55	7.3856
-804263.349	-1031449.801	-803588.439	-1034301.199	36.4014
-671049.521	-1063972.753	-668752.667	-1067421.221	54.6891
-764031.53	-1023816.45	-760153.032	-1022707.912	50.8532
-709530.633	-1060363.498	-708293.082	-1060819.934	15.2561
-886250.58	-1006012.601	-884506.74	-1004900.6	28.1769
-790206.27	-1005012.06	-790265.88	-1005024.77	1.219
-667129.442	-1066091.123	-667043.204	-1067308.969	16.9506
-878282.351	-1013601.323	-878158.696	-1013432.341	2.3925
-728066.664	-1055965.989	-727990.498	-1055920.737	1.7733
-776337.19	-1022113.34	-775831.845	-1021783.448	8.5106
-738809.24	-982583.25	-739534.3	-982791.08	10.3711
-717159.18	-1080163.72	-715285.172	-1080005.619	21.9278
-644971.38	-1032389.41	-645187.107	-1032010.729	6.1135
-807693.375	-990365.75	-807650.58	-990353.79	1.603
-836164.17	-1022988.813	-838341.13	-1022100.99	26.1229
-761907.571	-976770.73	-760837.709	-976497.676	24.1007
-642044.356	-1068029.289	-643462.07	-1067914.49	19.5751
-712680.04	-1051246.1	-714462.42	-1055250.06	56.0605
-786090.39	-1037006.11	-790952.09	-1034494.9	79.6616
-693322.025	-1064570.064	-693430.41	-1064777.02	2.597
-716142.935	-1064705.901	-716040.63	-1064652.88	1.5565
-843640.906	-1021731.064	-843040.578	-1020185.817	23.1673
-711768.96	-1048828.93	-710938.84	-1049923.0	15.9947
-783084.22	-993501.92	-783004.341	-993179.619	4.3371
-834339.5	-984063.875	-834336.717	-983541.544	14.4012
-724223.542	-1037385.671	-723099.912	-1038173.839	15.4231
-718833.728	-1055399.71	-720526.708	-1056117.042	21.6379
-760693.291	-1033875.884	-760541.54	-1033838.85	3.5123
-766883.809	-1046462.034	-766691.98	-1046504.28	6.3817
-664819.92	-1015788.69	-663693.88	-1014805.29	20.5925
-740121.86	-1003622.47	-740158.762	-1003494.466	1.4819
-689840.591	-1046565.689	-689683.664	-1046665.256	2.2389
-744236.42	-1009120.34	-741854.22	-1010686.5	32.4197
-751388.652	-1060260.748	-751385.125	-1060360.375	1.999
-722247.869	-1041388.495	-722238.804	-1041749.558	4.0279
-857573.863	-1066733.292	-857533.049	-1066623.251	2.3261
-695525.99	-1038429.14	-694823.848	-1038077.865	8.7298
-649293.63	-1044451.85	-648158.06	-1044058.02	14.1526
-694114.03	-1044357.51	-693704.61	-1044343.74	8.1958
-719451.27	-1030484.668	-719475.96	-1030489.794	0.2802
-704443.17	-1014666.94	-701712.32	-1012534.577	27.6679
-826501.441	-1068388.419	-826561.251	-1068451.761	1.7441
-741854.177	-1043506.321	-741982.434	-1043721.781	5.0749
-755730.734	-1053467.832	-756225.859	-1053549.114	5.6274
-757267.007	-984599.297	-755368.419	-983684.174	49.3037
-698131.165	-1054356.979	-696930.45	-1054809.26	25.521
-744555.04	-1048217.91	-744515.11	-1048334.02	2.4601
-778474.61	-1058840.4	-778543.215	-1058986.636	1.991
-670644.52	-1018055.48	-670189.41	-1018692.36	10.0361
-808223.64	-990949.31	-808485.125	-991109.938	6.1513
-774043.413	-1053278.193	-772391.897	-1054695.278	32.4358
-648413.314	-1082896.161	-647752.667	-1082966.945	14.1509
-788332.757	-1064664.699	-788343.271	-1064612.307	1.2388
-794276.65	-1021389.39	-796743.252	-1021713.892	32.119
-727980.95	-1063807.84	-725151.135	-1065325.721	44.5487
-846262.964	-1072549.949	-846480.96	-1072910.577	5.031
-799218.218	-1001629.481	-799253.133	-1001546.675	1.1717
-655208.774	-1044304.982	-654688.28	-1041606.53	31.9511
-800596.166	-1012756.763	-799844.276	-1011794.855	15.7577
-717856.3	-1014038.06	-717527.23	-1013320.72	10.0038
-867797.09	-1017264.35	-867825.597	-1017288.354	0.7455
-830057.621	-1024759.739	-830648.017	-1024637.152	6.6999
-752288.159	-1043073.247	-752069.84	-1043174.12	5.1133
-715890.681	-1088469.826	-714968.885	-1087407.117	23.0679
-697737.923	-1088514.467	-698428.52	-1089773.763	23.9075
-725880.561	-1051661.289	-724863.773	-1053139.85	20.3956
-742474.966	-1070295.532	-741888.77	-1069502.56	11.8159
-765332.98	-974699.53	-765196.794	-974682.32	2.4417
-801698.213	-1026307.738	-802794.93	-1024854.449	37.6242
-688841.052	-1024527.626	-687658.851	-1025776.211	21.5248
-760153.032	-1022707.912	-760314.243	-1021962.298	8.6102
-690753.69	-988616.63	-690706.42	-988081.35	7.4788
-808466.28	-991341.55	-808471.63	-991328.41	0.2837
-875862.03	-1021140.17	-875380.78	-1022791.35	21.4405
-701546.07	-1012463.02	-701596.83	-1012405.94	3.5501
-776656.257	-975645.026	-776638.812	-975624.141	0.6655
-726689.83	-1026631.446	-726488.977	-1026838.942	3.2742
-743452.955	-980028.534	-743175.9	-979324.29	8.667
-645067.818	-1071285.796	-645117.992	-1071120.304	4.091
-740534.457	-1001860.181	-740829.08	-1001958.87	6.8064
-665904.29	-1038767.04	-665198.39	-1036833.92	25.0722
-767089.88	-999138.78	-765648.759	-998992.338	18.9119
-722614.982	-1066511.47	-721753.897	-1066602.22	23.3273
-764877.03	-1012008.11	-764886.883	-1011569.505	4.9835
-750159.616	-1005373.797	-750162.817	-1005349.323	0.6627
-813867.769	-1067703.753	-814496.11	-1069885.77	29.9043
-647666.53	-1028933.83	-647779.42	-1029670.83	8.6978
-673489.357	-1059464.553	-674304.001	-1060024.199	13.2485
-729412.166	-990629.707	-730645.6	-989247.51	24.7105
-750101.294	-1010966.75	-749354.35	-1010423.3	12.1461
-648126.207	-1091893.832	-649683.878	-1091372.448	26.7418
-810715.06	-991827.23	-810692.36	-991756.35	0.9829
-775862.951	-1014698.686	-775870.915	-1014731.959	0.3916
-760611.745	-1052040.79	-760675.221	-1052259.156	2.5281
-670833.536	-1070603.537	-669241.87	-1070174.56	19.1637
-654990.028	-1070130.784	-654976.495	-1070115.663	0.2803
-765373.3	-1031314.94	-763563.12	-1031604.49	37.9997
-752546.196	-1048649.874	-752636.513	-1048619.039	1.9106
-678264.47	-1069167.266	-676572.772	-1070747.448	25.8144
-732473.929	-1029694.138	-731834.33	-1029703.1	13.6057
-792414.944	-979502.006	-792428.59	-979461.55	1.1273
-804263.349	-1031449.801	-799989.731	-1028725.366	80.987
-643588.187	-1083031.45	-644237.59	-1084047.54	14.4268
-753928.13	-1020771.05	-753117.8	-1020971.36	9.8995
-709665.003	-1067962.98	-710311.89	-1067211.04	11.3439
-802844.27	-977135.1	-802773.366	-977149.587	0.8113
-760171.191	-983620.658	-760202.75	-983625.94	0.7371
-724274.798	-973246.14	-724270.15	-973222.03	0.2728
-695648.89	-1038421.25	-695497.4	-1038523.04	2.0281
-737651.041	-1050958.164	-737610.085	-1050865.03	3.3808
-717956.261	-978710.688	-716968.387	-978496.964	12.426
-782602.134	-994536.807	-783084.22	-993501.92	13.3368
-847463.732	-1070394.531	-847194.103	-1070434.811	2.0971
-780697.882	-1009437.239	-780724.916	-1009557.171	1.9602
-648596.872	-1058283.361	-648343.932	-1058416.838	5.7605
-727322.78	-1001073.29	-727373.78	-1001091.72	0.6028
-711236.63	-1008487.29	-712394.631	-1007056.945	21.1046
-770118.517	-1053941.916	-769866.22	-1053817.49	5.649
-746638.009	-1054351.695	-746465.698	-1054244.406	4.1222
-756555.782	-970472.63	-757602.79	-971436.4	19.1311
-641586.119	-1068128.802	-641543.114	-1068176.51	0.7143
-763706.99	-983102.71	-763796.37	-983171.0	1.2808
-662956.071	-1048677.243	-662783.192	-1048928.588	4.3455
-736593.38	-1082815.93	-737473.168	-1082305.607	12.8204
-695521.784	-1081674.409	-693900.894	-1080600.033	50.358
-719856.982	-1019559.838	-719190.421	-1019607.808	9.2293
-791001.246	-987901.667	-791126.51	-987607.11	6.6332
-876112.84	-1021128.58	-876123.83	-1021118.45	0.2095
-743547.913	-1024927.2	-743555.275	-1024949.43	0.5745
-724270.15	-973222.03	-724215.976	-973098.652	139.9157
-672661.78	-1068657.88	-671926.45	-1066273.52	42.4118
-707917.295	-1073589.318	-710201.554	-1072896.705	54.9517
-831489.69	-1057699.8	-832599.1	-1057956.73	17.8816
-663227.05	-1065826.86	-664710.698	-1068052.491	30.5433
-755698.61	-1036277.05	-756029.13	-1036151.93	7.1134
-812613.446	-1005240.202	-809066.94	-1005897.9	40.287
-705583.77	-1044359.47	-711842.72	-1041644.94	53.7239
-672388.42	-1014268.33	-672363.2	-1014434.51	3.699
-696684.966	-1001039.062	-696639.975	-1001044.38	1.8398
-791832.5	-1069959.04	-791606.75	-1071129.55	13.5501
-707477.85	-1021377.78	-707600.53	-1021382.59	3.8803
-657536.88	-1031376.23	-657115.409	-1031419.73	4.7119
-653003.451	-1071333.469	-653444.512	-1071622.173	6.7061
-690428.86	-1055963.47	-690427.58	-1056053.09	1.0273
-723735.714	-1035565.991	-723713.141	-1035582.541	0.818
-868040.734	-1017497.515	-867814.1	-1017398.97	4.9427
-703931.569	-1057508.405	-701896.658	-1058378.527	26.2702
-788680.01	-1023327.75	-787253.25	-1019605.16	62.095
-806948.62	-989708.11	-807099.2	-989740.06	3.0802
-779991.27	-1060768.32	-779096.91	-1060367.77	13.3056
-756917.591	-1032428.333	-756117.029	-1034221.27	15.219
-789608.58	-989239.3	-789495.07	-989274.28	2.392
-759470.21	-1031669.35	-759057.97	-1031667.64	4.5935
-769243.19	-1037394.21	-768767.21	-1035843.27	35.992
-758207.97	-971824.14	-758232.25	-972614.85	8.9514
-812289.554	-1062962.548	-811109.853	-1063053.73	14.4554
-739591.68	-979100.8	-736406.053	-979182.316	55.2632
-775925.31	-978800.85	-776088.61	-978656.5	2.6619
-750558.56	-969160.07	-750665.14	-969225.28	1.6025
-876123.83	-1021118.45	-876134.38	-1021131.71	0.2538
-751262.25	-1060150.06	-751284.64	-1060098.92	1.1941
-773400.23	-1067433.99	-773240.26	-1065794.28	18.3787
-742607.189	-1076199.05	-740731.098	-1076827.058	25.3361
-754673.83	-1017453.87	-752741.46	-1017317.94	23.2614
-706674.3	-1047175.28	-705436.794	-1046812.341	18.238
-769238.54	-993296.93	-769035.413	-993099.911	4.4575
-814454.41	-1025832.225	-811830.888	-1027053.033	36.2093
-692961.71	-1082107.65	-692767.08	-1082544.26	6.8288
-787676.69	-1068629.84	-791084.48	-1070616.5	56.318
-851345.22	-995275.32	-845082.797	-994053.104	82.9325
-824983.948	-1067325.925	-824867.795	-1067191.528	3.566
-781032.98	-972376.97	-781131.98	-972624.87	20.9029
-669600.52	-1014050.55	-669313.43	-1014057.66	5.7611
-769898.37	-991447.69	-771084.724	-991785.444	14.025
-846083.92	-1033571.49	-844330.373	-1033732.859	21.2424
-726774.909	-1054699.946	-726849.801	-1054952.963	7.4086
-766786.24	-987720.39	-767026.934	-988599.297	14.1408
-887976.316	-1019880.503	-888082.494	-1019890.193	16.6837
-782602.134	-994536.807	-781996.75	-994762.76	7.2334
-794155.71	-978814.24	-795395.58	-979342.28	29.8931
-754985.457	-1001811.321	-754781.524	-1001917.383	1.7686
-776091.86	-974206.31	-776731.11	-973928.64	20.2029
-869054.945	-1041051.578	-869392.325	-1039644.254	35.6102
-642337.72	-1083758.318	-642120.637	-1083459.658	7.4585
-681845.974	-1048307.668	-680469.593	-1048668.601	16.3074
-804256.144	-996697.82	-804456.578	-996470.834	3.3647
-753311.776	-1004662.85	-753296.424	-1004671.452	0.2225
-853567.4	-1004294.55	-854768.45	-1002319.94	32.3305
-690356.566	-1079498.692	-690164.81	-1079502.753	2.5475
-713740.82	-1041561.3	-721975.74	-1041876.18	64.4293
-815739.139	-1013793.564	-815246.72	-1013467.88	6.8401
-810863.52	-992009.87	-810780.18	-991970.74	1.0251
-758678.932	-1048979.29	-758643.631	-1049289.582	6.3301
-711196.12	-1028825.26	-710963.818	-1027337.27	18.2271
-761264.677	-994889.293	-761283.792	-994857.136	0.4157
-819055.79	-999123.85	-819969.08	-998246.88	37.1619
-886513.43	-1022598.52	-886531.538	-1022597.097	0.7388
-768767.21	-1035843.27	-768875.26	-1035702.9	3.5429
-652491.095	-1062328.171	-652486.137	-1062382.974	0.6126
-740728.766	-1032572.313	-741692.335	-1033085.037	12.207
-671542.164	-1018829.612	-671549.868	-1018795.541	0.3921
-842812.78	-1001987.65	-842937.02	-1002015.9	1.4195
-772865.013	-1031315.823	-772248.35	-1030173.62	28.0086
-839894.429	-1041506.852	-840037.09	-1044765.746	37.7812
-684041.72	-1005087.56	-684528.15	-1005371.2	7.1485
-666792.402	-1075750.654	-667325.808	-1078035.471	28.9311
-812059.04	-1017095.62	-812119.815	-1017145.01	1.6098
-864476.03	-1014847.41	-864470.66	-1014864.14	0.3665
-711973.004	-1040687.026	-711847.499	-1040364.743	3.963
-760260.421	-1021845.213	-758407.752	-1021128.973	22.0718
-738253.96	-1085565.87	-738973.364	-1084211.183	18.3347
-707778.92	-1042034.12	-707018.55	-1039608.68	28.5157
-773639.74	-1042187.29	-774306.54	-1039273.79	49.8219
-726885.05	-1020661.03	-726936.28	-1019982.02	16.1373
-748158.512	-1005367.104	-748135.706	-1005360.224	0.6537
-749056.74	-1045692.48	-749015.514	-1045769.626	2.5623
-773549.494	-1055894.737	-773578.204	-1055794.147	3.2576
-643648.62	-1039472.04	-643645.52	-1039548.34	2.2273
-783870.85	-988372.22	-784300.96	-988109.78	5.5989
-647609.524	-1054245.965	-647715.52	-1054537.59	3.5015
-725513.61	-1087363.32	-725483.484	-1087463.909	613.8806
-736148.49	-1007963.14	-735705.76	-1007865.98	9.2496
-690475.514	-993524.549	-691937.46	-991755.66	40.1109
-690988.11	-1040220.55	-692331.51	-1039270.14	18.7919
-759487.57	-1004337.58	-758817.28	-1005029.9	25.7159
-704915.13	-1014967.32	-704514.89	-1014722.42	3.617
-772303.679	-1081833.637	-772326.804	-1081816.12	0.3908
-829774.868	-1072801.654	-829852.064	-1072797.4	0.8698
-758024.031	-1040462.154	-758333.318	-1040644.002	10.7434
-743775.84	-1049079.58	-744500.5	-1048316.55	34.1366
-728602.923	-1056061.229	-728591.498	-1056076.54	0.4416
-672905.118	-1083829.117	-674914.18	-1089234.17	73.8971
-809740.499	-1004240.265	-809822.205	-1004207.396	0.9796
-754549.701	-1063563.589	-753698.5	-1066634.56	42.6795
-766045.79	-1076247.01	-766150.46	-1076233.34	1.8206
-746806.121	-1017300.037	-746935.15	-1017088.725	2.7521
-697737.923	-1088514.467	-697293.577	-1088936.349	10.6335
-841143.11	-1018832.66	-840950.41	-1019092.03	3.5904
-731883.003	-1036860.527	-730995.632	-1036426.044	20.0439
-793599.0	-1059065.25	-794870.63	-1058854.38	16.6453
-751384.235	-1045613.361	-751513.932	-1045689.238	3.2725
-741631.52	-1043058.113	-741695.67	-1043261.92	4.2843
-674878.64	-996275.35	-672608.33	-995756.58	34.4135
-855921.459	-1019949.745	-856001.9	-1018600.46	31.809
-819105.02	-1017258.59	-821380.38	-1015120.25	44.9951
-704681.19	-1057271.49	-704838.284	-1057569.131	11.1959
-679769.06	-1010345.8	-679748.9	-1010316.53	0.399
-664237.125	-1047754.375	-664402.25	-1047829.813	2.9147
-711251.968	-1079633.447	-707996.479	-1083867.228	114.9559
-833476.732	-1038908.045	-833363.716	-1037852.263	15.3494
-736423.45	-1046524.588	-735825.19	-1046142.27	15.9581
-678265.186	-995168.713	-678090.67	-994050.34	12.9129
-761131.05	-994656.63	-761077.286	-994700.252	0.8369
-808145.48	-991727.01	-809500.35	-993536.53	28.0197
-646459.174	-1071635.768	-646469.519	-1071658.796	1.0312
-742265.16	-1013559.67	-743374.6	-1015246.99	23.6125
-697610.397	-1074461.541	-697918.251	-1075416.571	11.7392
-640247.606	-1080219.461	-640971.591	-1080795.556	11.4536
-758723.942	-1005058.214	-758817.28	-1005029.9	2.6027
-783025.01	-1000786.78	-782989.44	-1000828.26	0.6089
-775193.89	-971812.77	-773231.093	-971897.078	24.4335
-712254.06	-1010026.6	-712793.96	-1009995.02	25.1134
-738451.761	-1057492.143	-740512.28	-1057582.49	22.9728
-772208.43	-1030101.8	-770955.98	-1029438.48	16.0796
-700006.43	-1023097.54	-698678.517	-1022574.473	22.2354
-765177.23	-1054586.34	-765487.184	-1056779.747	57.2269
-747360.061	-1036303.743	-747359.43	-1036333.52	0.9494
-774202.32	-992661.03	-773957.78	-995737.93	37.9638
-713500.782	-1003654.163	-715004.37	-1003747.86	17.2454
-656815.057	-1081622.732	-655487.301	-1082266.333	20.4166
-884000.584	-1021660.832	-882326.031	-1021972.177	13.2804
-727322.317	-1058318.754	-726488.524	-1059462.93	16.3889
-882364.974	-1021867.773	-881983.98	-1022063.583	5.3328
-782067.999	-1010291.553	-781414.81	-1012256.33	29.5533
-757934.49	-1010342.66	-757914.398	-1010094.6	2.7799
-718454.813	-1019105.75	-719178.228	-1019507.295	12.3835
-649159.42	-1037960.11	-648867.65	-1037515.07	6.4226
-727941.64	-1071846.7	-728124.965	-1071992.392	5.6493
-665856.66	-1046300.12	-665737.91	-1047301.884	11.8483
-647230.95	-1071708.757	-647242.168	-1071682.457	0.9468
-714250.17	-1026275.32	-713662.754	-1023813.781	58.0377
-685945.277	-993525.079	-685904.886	-993511.359	0.9094
-830648.017	-1024637.152	-830311.214	-1027135.661	36.5737
-685044.6	-1065769.01	-686461.341	-1063475.722	34.1126
-672247.067	-1089901.6	-671756.449	-1089521.72	12.9095
-842356.181	-1017256.984	-841410.33	-1016492.513	16.186
-726528.96	-994833.11	-727431.61	-994557.49	13.6368
-793798.06	-1006808.01	-794318.27	-1008076.35	23.7058
-713242.06	-1039074.99	-713263.437	-1040260.418	14.159
-741865.394	-1082445.309	-741455.886	-1082750.656	7.4428
-686681.775	-1073823.663	-687216.404	-1072981.57	12.43
-865862.262	-1050082.874	-866212.348	-1049465.936	14.4491
-731116.63	-981112.06	-731655.538	-981365.218	6.6299
-808219.18	-1071172.18	-808102.851	-1071160.684	1.3743
-664834.34	-1049612.79	-664640.67	-1051052.65	19.8984
-784622.64	-1025930.58	-785977.28	-1023470.17	37.2411
-729694.704	-1025204.159	-729120.302	-1023911.409	18.3281
-766752.906	-981642.493	-765150.999	-983372.343	26.7612
-665737.91	-1047301.884	-664834.34	-1049612.79	47.2948
-759813.41	-1049340.45	-761459.77	-1049754.57	20.8419
-770554.816	-995687.17	-770073.586	-995598.948	5.4432
-747854.476	-1033972.682	-746489.202	-1033127.865	19.2351
-761882.31	-972778.63	-761891.2	-972771.3	0.2651
-699617.042	-1004972.588	-699058.165	-1004402.255	16.0735
-853201.371	-1010579.777	-852913.01	-1010654.81	8.6142
-829876.287	-1072800.346	-829800.781	-1072833.673	0.9171
-819205.852	-999912.507	-819069.756	-999150.362	18.5562
-698460.38	-1007973.56	-696640.96	-1007359.589	25.6899
-870487.08	-1018234.17	-875917.851	-1021414.166	50.4676
-854800.58	-1025541.49	-854601.226	-1025671.39	2.8486
-753947.112	-1033697.12	-751995.4	-1034166.44	25.9924
-643162.475	-1076986.149	-642692.768	-1077259.837	8.9202
-806713.478	-1072855.768	-806698.84	-1072860.548	0.3792
-805457.62	-1024430.37	-804910.541	-1024792.196	7.6299
-779130.4	-989055.72	-779121.43	-989023.46	0.3722
-745026.82	-1016248.9	-744777.031	-1016567.584	4.5291
-652839.2	-1078377.746	-651875.036	-1077623.313	21.5235
-825767.75	-989720.75	-824650.02	-990103.79	16.5397
-766913.952	-1052125.544	-766810.913	-1052223.818	1.5841
-674324.159	-1057175.819	-674341.718	-1057174.539	0.2358
-667092.245	-1033928.634	-667319.162	-1033690.175	4.2288
-749525.97	-1004500.69	-749350.147	-1004412.107	4.5594
-793621.56	-1033086.45	-797014.828	-1029002.774	63.1417
-646842.755	-1034783.755	-646608.894	-1035148.209	4.8115
-878282.351	-1013601.323	-880905.313	-1014385.715	33.4418
-723564.93	-1036303.18	-723474.115	-1036356.159	3.9448
-776802.536	-1056510.053	-775865.26	-1056885.35	12.2854
-676199.203	-1040644.76	-675814.885	-1041137.364	8.7407
-712874.327	-982742.071	-712841.43	-982561.72	3.8119
-727866.83	-1040514.95	-727719.25	-1040456.16	1.2221
-693471.355	-1086672.673	-691570.7	-1086813.51	28.3664
-691865.31	-1062400.71	-692009.2	-1062034.14	10.9258
-656472.334	-1069860.411	-656596.064	-1070185.016	7.0119
-666454.352	-1070173.633	-666018.226	-1070164.497	4.847
-730687.99	-1081563.35	-730718.34	-1083526.82	24.3812
-721593.39	-1032506.03	-721719.49	-1032667.78	1.5777
-719804.22	-1007774.48	-720456.84	-1007740.75	7.3661
-819652.398	-1075671.193	-819585.6	-1075741.06	2.2251
-772656.07	-983709.93	-773501.44	-983276.18	19.6671
-664871.25	-1006255.21	-664670.146	-1006510.766	3.8817
-795458.379	-985806.939	-795667.788	-985977.504	3.4509
-805227.15	-994348.1	-805993.21	-995316.03	14.0386
-854511.14	-1037818.87	-854902.93	-1038237.73	11.5132
-823471.08	-1076452.11	-823835.5	-1076396.56	2.8386
-687349.345	-1073792.005	-687216.404	-1072981.57	9.3071
-725038.0	-1067234.92	-724991.13	-1067014.4	4.5141
-864470.66	-1014864.14	-864442.09	-1014849.73	1.0508
-846771.531	-1050208.283	-847327.469	-1050227.846	8.0745
-734902.885	-1053869.137	-735102.067	-1052910.76	13.9371
-649242.897	-1072063.856	-649715.312	-1070556.795	19.3141
-757592.42	-1040046.747	-757602.58	-1040026.348	0.6283
-700834.385	-1010509.411	-700845.442	-1010328.436	2.0288
-698663.43	-1070023.37	-698162.83	-1068427.65	23.9583
-727871.94	-1040503.61	-730085.58	-1041031.44	17.5541
-817226.33	-1047661.17	-819030.08	-1043568.33	115.4146
-704166.528	-1008995.424	-704178.924	-1008981.104	0.4575
-705427.33	-1071399.53	-704769.23	-1071747.73	8.2861
-693781.511	-1079055.923	-693900.894	-1080600.033	23.2825
-869846.944	-1037645.178	-869866.577	-1037657.729	0.5188
-767245.15	-1059854.23	-768369.27	-1057962.9	35.1128
-708246.42	-1058914.524	-709276.209	-1059920.284	16.3284
-674215.166	-1055126.978	-673446.92	-1056164.381	16.7288
-848523.626	-1010330.793	-848807.265	-1010205.507	6.274
-684152.15	-1027257.2	-684190.79	-1027277.101	0.5018
-854281.48	-992394.52	-849337.108	-991340.404	60.3511
-686358.42	-991295.94	-686155.73	-989128.63	20.8636
-764319.04	-977108.64	-764348.989	-977294.751	3.7737
-780793.58	-993776.99	-781140.14	-990701.09	41.0345
-833891.103	-1071345.312	-833863.846	-1070978.163	7.3635
-757577.549	-1039736.157	-757564.373	-1039753.091	0.2993
-685485.66	-1072865.66	-685086.342	-1072947.949	5.4267
-743382.07	-1034744.24	-745200.55	-1034512.93	27.7216
-683938.509	-995086.879	-683918.584	-995065.001	0.8522
-881891.08	-1006954.27	-886250.58	-1006012.601	52.3618
-854429.27	-1039690.03	-854549.78	-1038901.8	10.5818
-696337.563	-1001026.313	-696319.73	-1000896.59	2.909
-779957.29	-1013277.41	-779946.4	-1012986.89	4.4672
-786726.05	-1069976.2	-785628.543	-1070900.617	33.3849
-810715.06	-991827.23	-810760.28	-991750.83	0.8076
-859405.76	-1012005.62	-859271.08	-1010969.95	12.2096
-647896.691	-1067703.176	-647889.573	-1067719.845	0.4519
-763475.06	-992883.25	-763504.4	-992745.44	3.8593
-762615.35	-1026263.42	-762240.73	-1026225.87	4.1945
-763108.52	-981028.27	-763578.23	-983007.87	23.6833
-814776.967	-1064361.641	-814433.931	-1063888.09	7.3933
-659466.97	-1008885.9	-659467.018	-1008866.672	0.4858
-723303.99	-1003392.09	-721527.44	-1003516.38	29.108
-788342.61	-990271.92	-788280.93	-990324.35	1.6294
-669759.314	-1093268.536	-669708.766	-1093312.537	231.7862
-884366.997	-1021690.341	-884579.566	-1021802.378	2.6881
-677619.43	-1058850.1	-676102.921	-1060763.556	30.7501
-703668.99	-1062360.73	-702258.08	-1062721.58	16.3585
-814565.083	-1061261.8	-814762.766	-1060740.963	6.708
-661889.22	-1088148.474	-664329.433	-1088720.01	35.9696
-821930.923	-997708.197	-821921.948	-997679.521	0.3471
-770831.342	-1010431.064	-770537.784	-1010225.627	7.2968
-652600.61	-1037242.8	-651444.72	-1037641.76	17.1803
-696132.37	-994057.13	-695525.86	-994939.15	12.4614
-859584.221	-1013023.281	-859589.953	-1012999.229	0.5527
-789064.31	-977443.98	-787928.47	-977004.18	25.3199
-770079.88	-1058149.69	-770168.015	-1057386.5	8.8834
-731080.52	-1056883.61	-731485.306	-1056196.984	6.1319
-815676.12	-1031636.57	-815722.086	-1031559.484	0.9974
-762531.944	-1003861.896	-759487.57	-1004337.58	39.5615
-722106.46	-1087702.35	-722029.689	-1087826.079	2454.8857
-735808.974	-970272.071	-738345.836	-968782.306	43.0075
-707454.24	-1021457.44	-707388.19	-1021381.55	2.0124
-646191.925	-1074020.369	-646202.866	-1074027.276	0.3141
-758964.03	-1039865.74	-762589.597	-1038670.466	30.2924
-800071.814	-1017257.071	-800201.947	-1016933.534	3.8806
-706910.78	-1002589.29	-702465.55	-1002891.55	77.5104
-699291.53	-1077338.05	-700889.801	-1078074.226	23.517
-690289.7	-995274.992	-689576.86	-994911.26	6.2481
-755302.51	-1019567.2	-755450.54	-1019550.08	1.8472
-762589.597	-1038670.466	-762633.19	-1038581.89	1.2699
-801982.816	-1007913.053	-801970.256	-1007936.59	0.6605
-775704.41	-982371.16	-775414.03	-983225.06	12.5364
-788196.28	-1055375.31	-787808.86	-1055696.75	5.6125
-670189.41	-1018692.36	-671542.164	-1018829.612	16.5015
-729872.994	-1011869.243	-726644.58	-1011861.32	54.3606
-766909.38	-1037768.3	-766842.83	-1037701.77	2.3476
-757586.218	-1024782.417	-761127.644	-1026146.311	48.2809
-794479.43	-1042272.98	-794129.88	-1043579.34	15.3503
-681256.73	-1047284.67	-680982.82	-1047338.25	2.1483
-725662.193	-1042408.85	-730106.85	-1043466.23	35.8503
-822762.154	-1059353.561	-825412.87	-1058791.226	31.8228
-684409.04	-1065821.75	-684220.492	-1066037.532	8.4466
-654046.05	-1050054.39	-653856.95	-1049706.51	4.3998
-645066.18	-1061855.84	-643574.344	-1062389.511	32.1044
-762680.47	-1060588.85	-763757.86	-1061027.09	13.6356
-647759.378	-1060941.888	-647820.968	-1061964.638	20.4951
-741719.28	-980863.58	-741819.671	-981309.368	5.9048
-757115.472	-1047055.704	-757104.465	-1047060.626	0.2811
-706775.892	-1083266.411	-706480.287	-1083116.055	3.705
-680379.32	-1044857.65	-681028.93	-1044054.66	12.9492
-745792.773	-982646.313	-747983.512	-984649.72	38.9479
-875917.851	-1021414.166	-876190.41	-1021455.21	2.1326
-734677.054	-970731.792	-735808.974	-970272.071	14.2545
-753284.357	-1004660.27	-753305.819	-1004644.725	0.4549
-813798.296	-1067557.869	-813867.769	-1067703.753	3.3219
-671291.953	-1086947.758	-672120.642	-1089643.44	32.7793
-662921.774	-1081765.354	-662825.369	-1081498.459	3.7047
-690298.86	-1066702.72	-691342.203	-1067706.148	17.2154
-720286.94	-1041210.65	-719830.39	-1043692.55	29.8283
-711981.896	-1040711.458	-711965.234	-1040703.688	0.2514
-712141.42	-1048863.26	-712270.797	-1048925.539	2.8784
-804806.243	-988967.024	-802655.752	-986806.555	36.3361
-742087.72	-1049062.09	-740955.439	-1048852.577	24.6933
-730701.736	-1024118.019	-730642.02	-1024217.53	2.4
-728993.509	-979673.837	-729880.485	-980588.693	15.849
-706426.48	-1046260.97	-705436.794	-1046812.341	13.9484
-689716.953	-997008.588	-687699.089	-997235.854	26.4681
-857732.115	-1066589.07	-863408.068	-1062954.783	80.769
-661758.59	-1047597.21	-661756.959	-1046881.545	8.3969
-836114.539	-1065585.291	-837490.184	-1064292.459	38.2218
-711835.19	-1003771.39	-713500.782	-1003654.163	36.3312
-773107.31	-1004082.68	-771821.53	-1003361.86	19.4557
-699263.048	-1087577.665	-699234.121	-1087672.849	1.9897
-772208.43	-1030101.8	-772454.415	-1029186.133	12.1249
-751204.95	-1019753.38	-751115.129	-1019859.845	1.715
-646543.902	-1089958.564	-648126.207	-1091893.832	42.0656
-699058.165	-1004402.255	-699040.425	-1004400.43	0.4251
-680243.275	-1067444.876	-680107.004	-1067418.19	2.8537
-689540.7	-994871.36	-690144.75	-995126.75	7.3272
-825983.792	-1025686.738	-825972.997	-1025706.344	0.3205
-711586.299	-1058720.341	-709840.532	-1059128.884	24.4118
-884584.089	-1021818.952	-884579.566	-1021802.378	0.2099
-735262.793	-1013251.225	-735287.43	-1013267.253	1.4325
-732551.005	-1019593.952	-732011.39	-1019535.212	7.1224
-761156.009	-1019960.611	-761076.54	-1020198.18	3.0182
-796721.698	-1010100.98	-796781.35	-1010291.26	2.2172
-808440.439	-1030227.676	-809815.994	-1032117.026	27.4487
-832522.232	-1070640.672	-831956.795	-1074208.004	43.7638
-720978.91	-1047681.804	-720963.674	-1048017.921	6.8264
-708202.91	-1085272.06	-708212.788	-1085402.243	1.7681
-850853.76	-1050620.43	-852241.709	-1051299.341	19.2223
-665659.82	-1000236.89	-667061.9	-1000843.75	30.8674
-820573.83	-1001637.48	-823078.656	-1002317.929	40.3572
-750808.93	-1059654.04	-750699.51	-1059660.66	2.2474
-874233.106	-1033511.212	-874888.952	-1032193.255	16.5373
-646300.86	-1046567.36	-646232.24	-1046458.52	1.4296
-859409.09	-1043331.37	-859143.877	-1042936.492	5.2857
-805117.21	-995960.29	-805993.21	-995316.03	12.0823
-728360.75	-1071940.41	-728124.965	-1071992.392	4.8304
-767274.47	-1016513.4	-764189.86	-1017649.5	44.8608
-749732.38	-969641.23	-750558.56	-969160.07	12.1237
-734262.605	-1065215.685	-734545.897	-1065441.216	7.4656
-754814.802	-1001699.415	-755110.84	-1000537.22	13.3741
-796115.625	-986060.813	-795883.692	-986069.676	2.5841
-692971.18	-1005051.9	-693161.08	-1007415.74	27.2675
-741289.261	-1026790.821	-740663.06	-1026232.44	21.2315
-641200.314	-1062662.991	-640946.109	-1062588.507	4.0712
-776672.51	-998311.07	-778693.313	-997118.305	27.1292
-867684.29	-1017483.61	-867704.25	-1017459.2	1.5814
-655740.759	-1079064.003	-653997.465	-1078928.095	19.7462
-867839.488	-1006747.598	-867829.675	-1006778.003	0.465
-809115.507	-1021031.276	-810296.354	-1022428.423	22.7427
-665519.497	-1072390.694	-667006.204	-1075075.738	40.5916
-845892.06	-1072257.44	-843739.265	-1072584.84	33.5496
-794217.912	-1010748.602	-795219.54	-1011981.77	19.817
-731016.52	-1008914.65	-729635.775	-1008318.394	20.0889
-712258.79	-1048727.42	-712141.42	-1048863.26	3.6127
-762541.454	-992050.625	-762829.78	-987338.79	75.4264
-735050.321	-973748.849	-736067.29	-972759.2	17.9322
-739286.62	-1033463.37	-739314.48	-1033595.88	2.9017
-702216.03	-1056459.18	-701964.71	-1056572.05	3.0785
-641125.062	-1075815.382	-639903.72	-1076179.409	19.6817
-643596.482	-1045856.711	-643645.325	-1045832.171	1.1038
-742589.37	-1041655.95	-744427.01	-1041940.53	37.8135
-756458.593	-974627.332	-757602.79	-971436.4	52.8879
-782154.75	-986473.19	-781603.936	-986039.87	14.2275
-658734.781	-1060337.432	-657068.638	-1061265.033	21.5105
-781999.68	-1007407.95	-781512.0	-1007581.01	10.8395
-649434.39	-1031417.11	-647990.36	-1032865.77	23.5
-653288.426	-1030346.54	-653274.017	-1030254.879	1.0346
-648330.054	-1058407.276	-648343.932	-1058416.838	0.3859
-682351.386	-994485.127	-681654.74	-994560.4	10.0935
-665351.65	-1074709.53	-664145.916	-1075139.42	22.3566
-668640.97	-1092650.74	-669759.314	-1093268.536	19.437
-674884.57	-1013545.47	-674890.948	-1013709.212	1.8591
-788952.78	-1072079.93	-788459.55	-1072267.42	12.8835
-689062.61	-1020772.0	-688329.48	-1023091.54	29.1987
-692738.64	-1049095.92	-693177.75	-1048932.25	5.2077
-724041.077	-1042827.831	-724435.034	-1041584.202	14.7637
-683820.559	-1032132.705	-681667.189	-1030216.736	32.2556
-776088.61	-978656.5	-776401.408	-979320.987	12.3553
-744236.42	-1009120.34	-744900.21	-1011766.54	34.7185
-698405.12	-1004797.91	-693555.67	-1004756.118	58.7888
-773864.194	-1048488.016	-772578.543	-1049495.683	20.0301
-693574.45	-1045192.32	-692732.56	-1045939.57	12.5115
-770510.56	-979664.55	-770029.944	-979827.303	5.6957
-861166.839	-999768.473	-858314.518	-999543.567	38.3631
-718948.86	-1088120.98	-719223.977	-1088120.291	293.382
-770159.84	-988711.64	-769382.87	-990174.37	20.4821
-749702.51	-1051274.86	-749649.335	-1050470.317	6.2085
-793511.08	-1041584.97	-794479.43	-1042272.98	19.912
-774514.85	-974990.51	-773827.82	-974156.23	39.8392
-737308.984	-1051237.17	-737651.041	-1050958.164	8.8287
-661149.182	-1010762.684	-659942.94	-1008908.75	27.0875
-867483.791	-1012854.693	-870331.398	-1011239.458	46.9614
-742057.5	-1057042.55	-742070.951	-1057036.488	0.34
-842542.325	-992122.825	-841342.57	-992949.56	24.8947
-776225.12	-1062572.7	-777701.42	-1060876.17	30.2801
-741534.32	-1042066.38	-741532.85	-1042058.86	0.1532
-765787.493	-989853.0	-765555.283	-989751.387	4.5434
-836677.955	-1034938.437	-836650.58	-1036172.06	14.0108
-669497.98	-1013920.47	-669296.23	-1014157.35	7.2146
-755632.973	-991024.533	-751442.58	-989970.89	49.8796
-647851.998	-1059211.296	-647852.61	-1059246.72	0.7101
-852041.021	-1068690.317	-857284.065	-1073643.084	143.9598
-800596.166	-1012756.763	-801255.009	-1013122.702	9.4516
-828845.054	-1056403.335	-826137.341	-1057679.481	39.8297
-765231.41	-1062235.92	-765269.55	-1061964.842	3.0424
-754755.285	-1001979.444	-754829.201	-1002021.875	1.2333
-662930.859	-1022904.339	-663061.438	-1022726.344	3.1271
-806165.628	-1044338.021	-805127.27	-1043943.27	25.568
-682430.78	-1018853.25	-683331.887	-1021783.553	36.1592
-699845.446	-1030267.007	-699485.167	-1029400.556	14.1616
-756883.813	-1065377.25	-757043.375	-1065616.625	6.3402
-815525.153	-1070903.131	-815342.16	-1071045.65	5.0708
-841650.69	-1038035.14	-840796.862	-1039063.86	14.8971
-756178.87	-993320.65	-756162.76	-993334.08	0.5168
-868040.734	-1017497.515	-867788.045	-1017518.115	5.4354
-728591.498	-1056076.54	-728572.896	-1056069.171	0.4663
-694056.52	-1014023.47	-690154.749	-1015646.511	54.0353
-733323.88	-1057749.755	-731942.46	-1058578.55	37.0612
-647832.09	-1089321.13	-650963.85	-1089493.64	66.2822
-823320.067	-1077204.604	-823465.147	-1076379.897	14.7068
-780351.726	-1028866.151	-782560.95	-1028351.4	28.0367
-788497.064	-1013954.972	-789054.08	-1013997.06	7.6431
-731373.413	-1012206.889	-731016.52	-1008914.65	41.5888
-806860.08	-1048701.62	-807591.864	-1048105.356	10.9375
-659220.915	-1079389.294	-658278.062	-1080883.94	23.3676
-716020.614	-1038184.376	-714915.84	-1038608.6	14.5751
-762528.41	-1038705.278	-762482.866	-1038804.222	1.4549
-671049.521	-1063972.753	-670388.99	-1063714.97	13.5078
-672915.76	-998637.81	-672750.27	-997377.3	17.1399
-846077.369	-1022040.031	-844388.004	-1021825.916	19.0344
-767940.059	-1080699.253	-767507.91	-1078990.72	20.7429
-751603.929	-1041232.075	-751454.25	-1041126.938	12.9964
-748241.04	-1061951.15	-747718.385	-1062503.67	16.1005
-726367.226	-1053620.562	-724828.216	-1053726.832	33.027
-757209.257	-1016685.09	-756188.18	-1019118.53	32.9745
-730643.52	-1042110.79	-730629.17	-1041975.49	2.7221
-813711.95	-1072683.86	-812660.89	-1072249.56	8.948
-757077.25	-1043105.17	-756739.51	-1042458.0	8.3717
-781300.55	-995123.38	-780287.5	-995623.64	12.9711
-805021.72	-990150.88	-805009.831	-989120.872	20.8873
-732027.544	-1034837.103	-731998.558	-1034800.427	1.02
-741063.502	-1048724.768	-741196.784	-1048787.996	3.3621
-728526.364	-1028355.445	-728238.84	-1027416.73	11.1721
-688787.54	-1007956.6	-689070.19	-1007867.98	3.323
-776890.3	-1059359.67	-777136.27	-1059288.63	5.3341
-854518.045	-1011572.677	-854461.66	-1011514.51	1.6335
-758938.02	-1047552.36	-754251.64	-1045761.339	40.7562
-858749.02	-1009317.91	-858746.6	-1009335.38	0.3862
-807383.57	-1006123.78	-806887.597	-1006244.926	5.6729
-737854.217	-1050792.84	-738583.816	-1049577.088	30.8536
-866288.3	-1043015.41	-866462.663	-1041892.823	13.2398
-698663.43	-1070023.37	-697944.0	-1070337.97	9.3496
-882326.031	-1021972.177	-881863.103	-1021865.019	3.6712
-674915.84	-1061397.35	-675139.333	-1061799.364	5.6873
-809767.319	-1004181.139	-808777.7	-1000828.95	39.0546
-762182.323	-1026283.08	-762115.67	-1026223.8	2.0852
-749649.335	-1050470.317	-749465.23	-1050122.22	4.6475
-868041.697	-1002230.454	-867153.465	-1001938.043	12.3671
-722976.671	-1047379.047	-720978.91	-1047681.804	45.1994
-770855.944	-1069628.976	-770694.099	-1069735.531	2.3115
-753862.964	-979708.209	-753590.731	-980826.759	15.1674
-671563.613	-1083323.763	-671277.981	-1082418.007	26.042
-712045.77	-1042447.66	-712035.9	-1041732.29	8.1104
-769283.265	-983580.511	-770124.39	-983578.44	13.7985
-737608.164	-1050851.346	-737561.611	-1050860.013	0.9471
-770553.82	-979593.09	-770510.56	-979664.55	1.0965
-762950.25	-987344.438	-762660.384	-984434.985	33.717
-758080.6	-977733.33	-758927.861	-978298.285	14.1005
-711730.929	-983702.925	-711225.74	-979518.69	104.4215
-822680.54	-1016949.64	-825471.49	-1016156.886	39.9954
-700473.75	-1088323.41	-700438.95	-1088340.9	0.9796
-816784.88	-1003586.38	-817904.49	-1002212.89	23.156
-742958.3	-969312.55	-743905.723	-968542.522	88.4284
-700115.94	-1071955.9	-697691.297	-1074154.362	39.7931
-694128.44	-1044382.37	-693574.45	-1045192.32	20.6454
-701179.42	-1050315.94	-702914.4	-1049943.85	23.7353
-730970.659	-1017482.306	-730348.884	-1016544.738	24.8277
-669881.57	-1048196.08	-669738.375	-1048283.0	1.9088
-711981.554	-1058828.416	-711558.013	-1059050.548	5.314
-861061.81	-1008985.666	-861324.758	-1008825.029	6.7724
-698378.936	-995723.523	-698168.294	-995083.306	7.6438
-808211.018	-1014754.016	-808225.379	-1014843.19	1.0391
-830303.18	-997579.08	-830193.24	-997923.3	7.5638
-723474.115	-1036356.159	-723405.57	-1036180.08	3.9983
-824213.47	-1074941.09	-824120.46	-1075002.36	3.4962
-746310.408	-1054210.684	-746013.188	-1054135.162	6.7507
-866869.598	-1018950.646	-867555.44	-1019361.02	21.9686
-765234.64	-991502.28	-766165.82	-991342.19	12.4276
-752225.81	-1036646.64	-751912.67	-1036668.09	6.9278
-690363.5	-989936.5	-688899.57	-989589.51	25.8251
-730736.98	-1045388.49	-730877.41	-1045434.47	2.0685
-813365.998	-1017598.31	-814347.41	-1017477.37	11.4914
-825205.903	-1022313.492	-827404.39	-1021838.42	44.0991
-763339.8	-1034082.64	-763005.62	-1036747.49	31.2113
-680910.023	-998142.572	-680031.91	-999395.38	17.41
-771682.606	-1049823.739	-771087.984	-1050192.956	14.1494
-835866.39	-1032659.405	-835871.16	-1032618.1	0.462
-739275.09	-1033725.54	-739206.313	-1033719.313	1.3932
-694590.564	-1011296.896	-691878.43	-1009643.53	35.6956
-701391.16	-1012222.38	-701426.13	-1012166.332	1.5841
-744510.13	-989935.9	-744509.614	-989894.407	0.4721
-781032.98	-972376.97	-782566.51	-972839.89	18.4038
-781179.2	-1062387.13	-781022.69	-1062431.11	5.9344
-771682.606	-1049823.739	-770616.68	-1049952.96	22.3764
-788537.62	-982462.36	-788330.76	-981826.62	8.2332
-671527.25	-1005694.29	-671577.98	-1006391.83	8.0905
-704869.377	-1015104.338	-704786.109	-1015222.899	1.6279
-749869.5	-1051283.82	-749720.36	-1051443.07	4.5536
-781511.97	-1060800.29	-781617.583	-1060871.373	1.4302
-687783.35	-1038479.31	-687874.492	-1039550.678	11.9887
-707185.87	-1028507.77	-711196.12	-1028825.26	45.6001
-745989.314	-1053778.021	-746047.369	-1053841.548	1.7253
-763066.181	-1017946.531	-763008.46	-1017707.62	4.9631
-874192.144	-1018571.621	-874121.601	-1018592.013	1.6267
-747385.37	-1004570.34	-746969.765	-1004072.67	16.8576
-686489.92	-1021623.05	-685901.05	-1019332.07	32.3015
-771921.115	-1041128.653	-773639.74	-1042187.29	25.0928
-685914.715	-1053772.587	-685892.135	-1053690.929	4.0059
-644786.662	-1049401.287	-645200.794	-1049985.649	14.3693
-753113.08	-1024805.07	-753803.99	-1024166.82	24.4839
-805145.749	-1058032.169	-806814.361	-1057381.18	27.463
-672750.27	-997377.3	-670178.28	-996831.58	33.5468
-773879.42	-1006095.68	-772487.21	-1006107.28	16.2474
-734442.59	-1013574.83	-734378.01	-1013701.963	4.5818
-779092.241	-981900.865	-779009.3	-981800.15	2.6099
-744598.1	-1047894.96	-744834.87	-1048200.68	8.0209
-643808.34	-1070090.39	-643742.916	-1069951.408	1.7085
-773668.627	-1055483.882	-774496.01	-1055892.09	18.6597
-657729.773	-1036434.307	-658390.748	-1035431.995	13.9317
-715869.92	-1040181.649	-716020.614	-1038184.376	27.9437
-800442.53	-998372.8	-802221.716	-997025.126	26.0258
-791734.12	-1047652.83	-792232.22	-1046092.91	21.2693
-778604.682	-1048733.957	-778592.53	-1048743.11	0.1782
-887588.336	-1017002.628	-885169.37	-1016810.178	29.9013
-727363.065	-993004.762	-726689.4	-990317.24	32.9632
-886994.779	-1012209.452	-887784.316	-1012581.551	17.7969
-778139.229	-981927.018	-777773.68	-981956.07	7.9861
-857799.223	-1012554.283	-858880.97	-1012255.26	36.0677
-796891.93	-1033882.09	-797635.514	-1032416.889	26.0013
-816164.41	-1011933.429	-816246.79	-1011621.86	4.1169
-719134.73	-1068870.94	-718661.881	-1070686.967	26.8658
-768797.409	-1022728.128	-767792.95	-1022765.24	20.3882
-703810.42	-1030188.63	-704198.73	-1030521.64	5.7665
-751747.313	-1007286.838	-751860.75	-1007434.16	3.7636
-698458.8	-1004746.19	-698500.86	-1004795.83	0.723
-862990.333	-1037035.084	-860277.03	-1033622.47	50.0485
-697671.988	-1037727.436	-697616.116	-1037824.725	2.2465
-733935.061	-1053545.826	-733950.735	-1053559.331	0.8784
-792298.458	-1045843.765	-793028.404	-1046518.587	12.8696
-768260.833	-1007314.323	-768249.083	-1007290.14	0.2987
-795679.997	-1064193.145	-793087.077	-1064377.439	31.2708
-736423.45	-1046524.588	-737520.29	-1046623.77	24.6735
-875959.361	-1019407.808	-875917.834	-1018665.126	17.4474
-840950.41	-1019092.03	-841292.178	-1019966.294	17.933
-734745.64	-1045801.2	-734657.963	-1045867.082	3.3342
-746787.335	-1017309.584	-745026.82	-1016248.9	23.557
-867483.791	-1012854.693	-866969.154	-1012833.063	11.2479
-756162.76	-993334.08	-756148.73	-993317.52	0.5336
-806814.361	-1057381.18	-806629.323	-1056052.109	15.3396
-680031.91	-999395.38	-679093.04	-1000965.52	20.3425
-645737.901	-1075911.281	-645093.092	-1076178.564	10.2698
-766544.821	-1023277.347	-768007.545	-1020866.625	35.041
-701969.68	-997871.5	-701015.15	-997671.7	12.0039
-684077.699	-1033039.805	-683820.559	-1032132.705	10.8983
-757506.533	-1048248.178	-757868.27	-1048074.85	11.9452
-741581.782	-1042671.899	-741516.928	-1042621.167	2.6744
-822786.712	-1008871.24	-823782.609	-1010399.294	31.1428
-774162.8	-1021173.806	-774148.97	-1021052.88	1.363
-674999.298	-1006664.392	-675234.35	-1007214.66	6.6917
-725314.234	-997871.642	-727274.83	-995905.14	36.5034
-670477.6	-1047600.09	-671159.25	-1047519.8	5.3126
-737108.71	-1036116.39	-737490.74	-1035633.23	12.3495
-804955.382	-988969.297	-805089.981	-989045.638	3.1293
-746116.811	-973842.852	-746623.603	-974081.1	11.0545
-653997.465	-1078928.095	-653715.262	-1078892.329	3.2468
-707084.08	-1063283.91	-707983.12	-1065331.4	28.0646
-770079.88	-1058149.69	-770613.32	-1057820.99	8.5934
-736973.547	-1032504.996	-736877.894	-1032374.731	3.2467
-716966.12	-1059997.85	-715277.1	-1058561.07	29.7849
-776401.92	-975501.85	-776509.75	-975546.23	2.352
-846221.073	-1022074.287	-848826.599	-1016534.692	134.433
-769427.816	-1056808.768	-769893.111	-1056003.317	10.6398
-847194.103	-1070434.811	-845909.205	-1070288.711	10.1913
-823930.32	-1076414.79	-823761.0	-1076417.74	1.8836
-689493.64	-1014122.95	-689790.54	-1015301.08	14.7529
-884949.578	-1018011.069	-884923.621	-1017017.813	16.4165
-717406.529	-1074272.847	-717476.215	-1074203.095	1.2088
-753002.54	-1060673.47	-751396.792	-1060134.969	19.5823
-797183.36	-980928.33	-796562.33	-980874.64	12.883
-652045.78	-1024674.21	-650683.511	-1024504.108	18.6702
-730655.43	-1045534.04	-730532.79	-1045370.4	2.9462
-767494.606	-1023226.062	-766628.606	-1023246.233	9.6251
-754788.525	-1047527.713	-754771.353	-1047530.553	0.8191
-701224.85	-1010374.38	-701176.638	-1010409.645	1.8652
-776333.91	-979441.43	-776512.28	-979470.94	2.0222
-753336.78	-1029263.22	-753531.82	-1029255.4	3.0991
-810737.74	-991815.48	-810664.83	-991921.07	1.1678
-746750.122	-981687.967	-747166.779	-980982.656	9.3229
-671532.991	-1028463.149	-670559.87	-1029061.34	12.7283
-651010.35	-1053240.12	-649828.14	-1051460.55	26.7312
-680185.978	-1081430.417	-680494.767	-1082143.702	10.5036
-764873.57	-1004102.66	-764366.745	-1004081.947	10.4879
-688698.887	-1043756.642	-688716.595	-1043740.464	0.329
-682293.429	-1035791.976	-683386.861	-1034885.469	16.0149
-660582.24	-1001564.12	-659867.64	-1000480.32	16.5707
-833692.707	-1042370.341	-833882.948	-1042635.148	4.2291
-757880.474	-1066161.822	-759295.33	-1068468.69	38.3258
-754650.992	-1063263.595	-754631.91	-1063279.292	0.6969
-748666.48	-1028418.07	-748849.49	-1028560.0	2.62
-766216.779	-972599.195	-766442.505	-972340.414	4.4781
-700477.578	-1004743.59	-700310.18	-1005653.43	12.0958
-758621.139	-1050300.073	-759455.821	-1051347.97	20.238
-646916.449	-1057818.684	-646901.705	-1057807.415	0.4316
-775016.4	-1033843.46	-775549.611	-1033649.768	12.0883
-799287.83	-1001381.43	-799277.79	-1001414.86	0.4441
-717811.44	-1001502.344	-717802.91	-1000992.65	5.9723
-752416.495	-974195.927	-755091.9	-973220.77	45.0525
-780523.91	-993848.68	-780793.58	-993776.99	3.1018
-672376.184	-1079422.655	-672288.651	-1079657.96	2.7984
-838341.13	-1022100.99	-838593.93	-1021984.24	5.5905
-678787.092	-991793.835	-678999.557	-991254.104	12.9276
-857538.356	-1040343.281	-857552.918	-1040169.703	2.2342
-749676.91	-981210.14	-751116.62	-980309.58	22.7621
-788804.87	-979200.83	-791116.66	-978532.24	29.2346
-719175.82	-1016530.84	-719483.589	-1016406.002	6.932
-792357.45	-1006464.49	-791609.69	-1007895.0	22.7758
-697498.543	-1012712.62	-696760.706	-1013421.934	26.4422
-871283.725	-1032561.522	-870696.034	-1028508.817	109.0858
-757206.81	-969692.0	-757150.413	-969618.764	1260.9528
-808771.898	-1069374.469	-809201.691	-1069386.297	5.7552
-645035.518	-1071764.984	-643963.03	-1072646.66	15.4854
-658843.558	-1036421.033	-659427.17	-1037681.69	15.8794
-645607.656	-1042430.919	-645559.416	-1042295.828	1.6191
-729315.731	-1056841.451	-729042.743	-1056568.722	8.0856
-753916.336	-1032670.828	-754461.07	-1031778.15	13.7031
-756749.59	-1049906.669	-756649.728	-1049700.133	4.6772
-825699.63	-1025635.04	-825805.35	-1025515.51	2.1162
-754765.41	-1002093.81	-754717.26	-1002056.5	0.7806
-745284.26	-1030042.76	-745157.975	-1029685.995	8.945
-667059.7	-1028552.2	-668447.737	-1026624.005	39.4152
-654058.89	-1033547.74	-653653.858	-1031493.301	25.2259
-673440.367	-1043397.604	-673324.09	-1043429.71	2.4129
-730242.39	-1077387.21	-729948.9	-1077657.6	4.4832
-710966.346	-1033701.742	-711196.12	-1028825.26	58.8686
-762873.549	-1050943.551	-762817.16	-1050840.94	2.8921
-655883.891	-1048425.175	-655855.307	-1048416.028	0.8742
-779200.26	-990148.94	-779963.1	-991110.24	14.5139
-679748.9	-1010316.53	-677198.54	-1010537.89	29.0202
-754624.95	-1063256.073	-754650.992	-1063263.595	0.8779
-701630.49	-1012426.75	-701719.02	-1012444.79	2.6487
-857217.29	-1002438.67	-858289.002	-999646.275	47.3364
-654071.518	-1081504.252	-652959.885	-1081153.486	16.4961
-701312.21	-1063705.53	-699256.34	-1061459.02	43.5921
-750796.39	-1054270.21	-751092.81	-1054280.59	5.9541
-719043.9	-1045005.64	-718828.8	-1045805.59	14.3403
-867341.426	-1012987.657	-867355.248	-1013000.322	0.4325
-821011.9	-1071493.72	-821061.59	-1071473.86	1.365
-736596.62	-982676.97	-736540.74	-982423.3	7.1937
-744067.25	-1049103.77	-742420.7	-1049165.78	33.0737
-706247.82	-1004012.78	-706910.78	-1002589.29	23.4035
-730891.19	-1057518.92	-730916.56	-1057495.52	0.4701
-702716.327	-1012097.239	-699861.59	-1016544.73	82.5676
-689352.666	-1030052.024	-689305.54	-1029964.54	2.3547
-776845.82	-1057733.48	-776802.536	-1056510.053	16.0478
-669092.05	-1031725.74	-667623.97	-1033602.94	28.1957
-821301.72	-996383.229	-821510.98	-996075.529	4.1377
-804256.144	-996697.82	-803234.05	-1000504.67	47.1079
-698369.796	-1034987.46	-699093.76	-1035168.08	9.7076
-845567.78	-1007928.33	-844281.09	-1007844.36	16.1734
-765863.36	-1026064.72	-767595.67	-1025910.37	22.5842
-765494.96	-1058755.27	-768369.27	-1057962.9	40.5434
-727026.639	-1054719.235	-726878.932	-1054903.12	4.738
-775831.845	-1021783.448	-775478.8	-1021851.08	5.2252
-873639.53	-996190.27	-874060.667	-995595.356	15.0416
-715971.72	-1019153.54	-715953.55	-1017612.59	26.4938
-745363.224	-990602.243	-744510.13	-989935.9	13.0397
-724943.03	-1065253.85	-725021.263	-1065471.044	4.8417
-832638.577	-1024569.831	-834057.502	-1024380.541	16.6293
-743303.43	-993703.84	-741480.124	-993828.554	26.1304
-646328.303	-1042747.946	-646202.371	-1042722.936	1.4397
-693268.136	-1066214.459	-691791.485	-1067486.309	22.4974
-740009.513	-1048529.159	-740113.877	-1048564.374	2.2044
-664179.01	-1008798.93	-665200.63	-1008792.28	14.9382
-713680.036	-1033381.515	-712002.982	-1034390.585	22.9175
-865314.314	-1050375.508	-865862.262	-1050082.874	13.9629
-773957.78	-995737.93	-773921.32	-996305.2	6.3484
-678410.454	-1063641.313	-678499.29	-1063064.14	6.54
-779191.24	-1014972.48	-780629.94	-1015323.93	20.1843
-726344.15	-1051657.65	-726367.226	-1053620.562	23.6563
-823222.53	-1069474.727	-823855.72	-1069646.52	13.3773
-682819.282	-1070271.519	-681395.684	-1071134.646	19.0337
-794356.679	-1003853.725	-794127.69	-1003786.15	2.7202
-686097.313	-1024010.399	-686489.92	-1021623.05	29.6014
-770401.64	-988243.48	-770085.383	-988416.706	4.1689
-762732.99	-1003869.0	-762531.944	-1003861.896	2.2369
-776447.02	-975916.66	-776525.65	-975733.18	4.0102
-794659.195	-1039549.728	-793511.08	-1041584.97	35.3498
-846907.119	-1029513.505	-847499.198	-1027049.942	37.4232
-705237.46	-1015233.13	-704869.377	-1015104.338	4.7946
-761471.89	-996476.41	-761466.601	-996551.08	0.8328
-778138.73	-1024703.06	-778671.883	-1022544.298	70.3916
-676545.294	-1071198.007	-676562.503	-1071189.945	0.5148
-714572.525	-1006513.706	-714820.38	-1007312.86	10.2644
-694429.348	-1089271.621	-694355.705	-1089393.858	1.6835
-843765.648	-1071279.334	-843630.218	-1072166.861	11.4171
-674656.892	-1092793.668	-674727.057	-1092641.383	27.524
-701170.686	-1050328.027	-701160.682	-1050315.687	0.4294
-789545.719	-1063955.989	-789574.11	-1063961.26	0.8597
-770218.87	-1076595.4	-770233.58	-1076648.03	1.0936
-828839.53	-1072102.6	-828932.054	-1072228.151	1.7435
-692330.5	-998364.0	-692398.188	-998321.563	1.4259
-874032.452	-1008795.661	-874849.441	-1007985.653	27.5295
-667929.81	-1056163.46	-667768.771	-1055949.579	3.3184
-645473.846	-1084218.04	-645624.534	-1084805.598	9.7473
-757882.5	-991091.75	-757868.95	-991072.94	0.3087
-799554.59	-1047903.381	-799809.037	-1047978.029	3.149
-792028.321	-986617.401	-792103.448	-986597.519	2.1087
-773249.142	-978438.85	-773188.07	-978559.92	2.7231
-844110.592	-1005120.302	-844176.69	-1005150.86	1.3198
-672068.23	-1045290.33	-673303.703	-1043503.367	30.7192
-883775.713	-1027406.873	-883289.645	-1027547.259	352.3538
-738224.31	-1046716.3	-739376.2	-1047664.69	44.4321
-728374.028	-974653.538	-727739.13	-975636.15	24.5671
-739362.188	-1033725.438	-739381.44	-1034615.21	17.8868
-653846.459	-1023468.5	-653828.341	-1023515.8	2.4128
-759601.922	-991807.613	-760192.584	-991129.884	18.4462
-774848.379	-1008981.515	-771527.21	-1009234.35	41.1724
-761466.601	-996551.08	-763584.281	-996371.119	28.0486
-673446.92	-1056164.381	-667929.81	-1056163.46	72.7175
-805089.981	-989045.638	-805540.33	-989168.23	9.5197
-713162.22	-977605.93	-713196.037	-977054.958	70.1311
-855476.543	-997761.633	-853804.223	-995401.259	59.6484
-860415.091	-1062241.287	-855315.385	-1062627.136	109.2807
-704178.924	-1008981.104	-704310.07	-1008548.95	9.1045
-640123.901	-1043109.222	-639960.604	-1042280.486	18.7691
-644700.4	-1050094.82	-644945.99	-1049785.66	8.0363
-773048.249	-1059316.095	-774407.999	-1059551.367	16.2586
-699040.425	-1004400.43	-699042.528	-1004380.546	0.5117
-694413.003	-1068650.807	-693113.22	-1068851.6	14.8813
-793349.32	-1072590.22	-793360.15	-1072600.56	0.1664
-807309.492	-1072493.849	-807299.173	-1072508.732	0.4435
-686514.378	-993466.449	-686922.48	-993715.83	3.7266
-730667.11	-1042312.4	-730628.22	-1042752.2	8.8488
-804002.151	-1079230.313	-807210.486	-1077866.641	51.8375
-653220.938	-1089309.626	-651460.323	-1090112.656	26.8521
-682819.282	-1070271.519	-682349.499	-1071601.107	19.2626
-751424.034	-1004313.261	-753326.41	-1002532.8	31.7033
-764234.519	-975925.19	-763638.895	-976417.956	25.8229
-864526.91	-1015039.05	-864222.74	-1014670.3	3.6787
-766766.386	-980503.856	-767063.123	-980589.59	3.785
-784669.925	-1007684.127	-784577.155	-1007581.555	1.5402
-644717.33	-1027771.45	-643738.9	-1027158.62	13.8172
-821865.352	-1022146.499	-817424.87	-1024213.2	63.5567
-679414.3	-1041652.05	-679258.65	-1041636.42	1.7382
-692271.419	-1046317.644	-692452.786	-1046276.343	1.4311
-691847.25	-1063408.12	-691781.71	-1063248.08	1.9234
-652047.5	-1023327.26	-650955.58	-1022784.5	25.6913
-749577.765	-1073879.55	-748818.637	-1072539.24	27.555
-790781.372	-1005118.501	-794437.34	-1003918.24	29.8324
-759690.42	-1080853.77	-761211.483	-1080770.238	20.0693
-807727.166	-1053405.654	-807543.937	-1052574.329	32.1394
-649898.54	-1031791.11	-649833.27	-1032576.94	9.2897
-749649.335	-1050470.317	-749742.1	-1050014.13	3.6065
-798652.692	-1067077.747	-800209.26	-1067457.76	19.5763
-817234.585	-1072653.72	-817251.698	-1072627.624	0.7409
-653288.426	-1030346.54	-651631.14	-1029572.69	22.0071
-767218.369	-971343.443	-766393.859	-970369.872	74.5796
-660048.533	-1007516.181	-659300.865	-1008357.932	26.2888
-760606.221	-1034962.461	-760255.56	-1034967.11	8.6216
-644892.875	-1038839.148	-645570.393	-1042290.671	27.4554
-772422.27	-1081689.42	-772410.73	-1081798.56	1.7806
-664041.83	-1013251.99	-663479.48	-1012953.12	8.8404
-751758.933	-1077986.983	-749711.46	-1078290.19	24.8159
-681981.482	-1092025.6	-682236.742	-1091181.041	41.3117
-754895.68	-1063355.495	-754845.73	-1063381.37	1.2659
-857552.918	-1040169.703	-857071.95	-1039267.52	12.1628
-673021.41	-1020128.33	-671006.791	-1021002.446	26.7481
-668653.807	-1010130.087	-666463.19	-1011202.75	30.7623
-828147.172	-1034491.817	-831869.923	-1035242.397	63.7782
-771785.16	-1039028.54	-771813.517	-1038836.782	3.9251
-761019.6	-1062391.89	-761163.65	-1062835.03	7.3052
-731883.95	-1042140.41	-731675.898	-1042251.919	5.512
-688043.64	-1047784.78	-688328.881	-1046580.985	14.0337
-687216.404	-1072981.57	-687258.963	-1071987.155	12.4636
-713550.47	-1017791.14	-712407.94	-1019209.31	25.1148
-736748.94	-1037377.2	-736820.855	-1036772.279	12.2578
-812396.788	-1065188.615	-813460.061	-1065957.135	17.9382
-826654.644	-1032180.645	-826513.595	-1029200.402	43.8003
-735445.09	-1030178.68	-735510.1	-1028628.63	17.2892
-712438.272	-983588.937	-712856.0	-983393.06	9.4593
-871048.19	-1046030.49	-871076.13	-1046023.98	0.3205
-854518.045	-1011572.677	-854546.74	-1011568.45	0.6833
-722700.99	-1033242.12	-718577.311	-1036428.431	90.5258
-641261.701	-1065502.962	-639874.645	-1064401.85	24.4214
-840379.37	-1008893.03	-840326.19	-1008863.21	1.2621
-645335.65	-1017763.32	-645240.097	-1017019.882	30.32
-742929.375	-1026753.869	-742912.944	-1026773.713	1.0113
-785138.66	-976815.94	-785739.323	-976850.146	12.5733
-698530.61	-1004621.99	-700825.306	-1010100.418	57.0718
-681195.203	-1064518.936	-680588.724	-1064347.312	12.7321
-782478.45	-972725.89	-781131.98	-972624.87	22.5192
-688749.65	-1008095.61	-688769.71	-1008043.16	1.1832
-679112.792	-1023693.859	-678869.3	-1023471.75	6.9441
-696876.45	-1050935.08	-697451.56	-1052233.88	16.6272
-753337.248	-1047994.104	-753337.621	-1047834.546	3.3144
-763457.945	-1022252.058	-763343.522	-1022249.458	1.5538
-735859.82	-1031839.76	-736914.79	-1030879.55	22.8604
-887831.988	-1020327.405	-887834.629	-1020295.463	50.6012
-654394.282	-1054653.301	-654382.464	-1054649.897	0.2012
-702777.85	-1027874.37	-703587.82	-1025875.13	26.7292
-791858.12	-976182.05	-791785.451	-976203.762	1.5169
-789561.15	-1048395.93	-791734.12	-1047652.83	30.3917
-649858.43	-1049355.31	-649260.73	-1048288.6	14.2781
-701519.57	-1012451.9	-701362.057	-1012418.346	3.3433
-813476.993	-1065953.547	-813476.289	-1065972.225	0.5102
-781250.658	-985708.254	-781263.042	-985714.254	0.3393
-646239.872	-1056008.99	-644668.77	-1056301.76	17.9798
-658260.77	-1017886.87	-655878.4	-1018527.01	32.0231
-751080.485	-980975.691	-751116.62	-980309.58	8.5897
-645267.57	-1031669.73	-646665.5	-1030270.69	23.2237
-705554.843	-1006843.949	-704645.72	-1007854.94	30.1954
-765963.41	-1076199.13	-765814.94	-1076101.44	1.3679
-710182.35	-1049300.4	-708596.11	-1049854.13	18.7929
-754037.11	-1054324.91	-755730.734	-1053467.832	26.1542
-764243.32	-984430.27	-765788.7	-990262.19	59.8236
-665226.62	-1028236.89	-665733.375	-1028673.938	7.4597
-821906.889	-1029730.126	-821551.075	-1030096.024	7.6163
-755281.611	-1046316.443	-755258.008	-1046325.019	0.761
-654688.28	-1041606.53	-655306.9	-1041293.601	8.7413
-743022.731	-1024000.975	-741582.743	-1023354.686	20.3277
-784808.85	-1041929.78	-786445.15	-1042487.17	22.3422
-809789.61	-1048129.71	-809437.625	-1049733.25	21.0661
-669484.44	-1009602.86	-669888.65	-1010483.138	11.7308
-824493.68	-1076358.88	-824685.53	-1076388.79	2.1605
-651339.498	-1066525.743	-650571.6	-1066556.63	8.9415
-672969.55	-994817.47	-673264.643	-994341.451	47.2635
-697488.35	-1036432.86	-697622.34	-1037173.95	8.5429
-720456.84	-1007740.75	-720501.53	-1007824.76	1.0573
-659370.678	-1008787.28	-659098.75	-1009155.77	11.3533
-663828.882	-1070724.962	-662294.7	-1072165.97	34.9077
-720052.54	-1075565.5	-718531.302	-1074829.682	22.2341
-712046.546	-1006565.202	-711835.19	-1003771.39	37.7906
-860534.036	-1012923.266	-859749.207	-1013110.078	17.2973
-700213.91	-1012677.63	-700456.327	-1013842.723	26.5976
-730753.01	-1037058.017	-730720.959	-1037571.582	10.3392
-832231.66	-993998.69	-831589.265	-996343.731	85.1513
-743582.44	-1031752.64	-742534.2	-1030094.56	28.2304
-731089.392	-1056745.661	-731187.241	-1056627.94	1.8617
-812873.32	-1012034.53	-812244.87	-1012043.72	7.0174
-642693.355	-1084116.936	-642337.72	-1083758.318	10.7817
-735668.52	-1031215.732	-735648.061	-1031206.468	0.5692
-860889.384	-1066222.927	-861430.814	-1066405.71	345.0868
-686056.885	-993614.347	-685944.85	-993645.62	2.3279
-776724.47	-975367.25	-776744.647	-975479.767	2.5811
-752062.27	-1029376.05	-752280.591	-1029233.34	3.1589
-688388.569	-1045386.217	-689435.69	-1044244.64	18.4046
-720364.8	-1053251.55	-721062.76	-1053407.858	8.9893
-728655.924	-1060908.631	-728664.809	-1060889.23	0.2679
-720417.87	-1047567.4	-720554.445	-1047589.278	2.7671
-854777.54	-1011091.37	-854821.13	-1011089.54	1.4155
-645345.71	-1071388.114	-645304.913	-1071479.305	2.2134
-690524.34	-1056303.93	-689380.5	-1058492.11	31.7363
-751550.16	-1040812.85	-751544.04	-1040573.99	4.7791
-666173.04	-1011510.76	-665581.79	-1012129.63	10.0724
-746502.643	-1054238.287	-747391.63	-1054904.92	22.2322
-728567.02	-972171.56	-728957.97	-973977.14	26.4335
-794212.96	-1004037.02	-791003.305	-1005121.547	26.13
-694056.868	-991633.331	-693880.659	-991617.913	1.9901
-772764.25	-1031598.74	-767013.48	-1037675.4	73.7621
-844371.505	-1015266.524	-845099.434	-1014584.88	11.0808
-706921.2	-1069889.39	-705725.959	-1070298.695	20.45
-675509.289	-1054207.776	-674205.56	-1052947.414	20.1541
-792127.679	-1002992.899	-790860.627	-1002521.829	15.2491
-780721.85	-1035760.81	-776749.33	-1034354.42	69.0591
-674914.18	-1089234.17	-674162.497	-1089510.348	9.1716
-792851.98	-1070549.81	-793371.063	-1072480.937	23.6854
-840067.835	-1070535.742	-840159.538	-1070577.962	1.6813
-732856.34	-1029634.35	-732768.863	-1029469.931	3.7687
-657654.09	-1066536.93	-657774.214	-1064956.032	20.3614
-793250.807	-1004363.66	-793463.21	-1003661.43	11.7446
-829183.22	-1057270.09	-828948.94	-1056426.107	12.6531
-799534.342	-1038607.217	-798436.954	-1040654.338	28.8333
-670493.82	-1074876.4	-670499.965	-1076816.189	24.6037
-717956.261	-978710.688	-717937.101	-978584.615	2.5528
-765156.42	-1039346.91	-765271.33	-1038248.14	23.5196
-834866.785	-1038392.737	-835231.406	-1039871.309	18.2518
-750593.342	-1076454.824	-749668.16	-1075819.72	14.1663
-864454.75	-1014835.04	-864476.03	-1014847.41	0.5954
-681594.23	-1047241.68	-689565.56	-1046565.28	62.868
-727727.2	-1040446.25	-727871.94	-1040503.61	1.1977
-729086.02	-1078563.0	-729076.19	-1078660.54	3.8898
-763563.12	-1031604.49	-763808.35	-1031004.17	15.9006
-881849.902	-1006983.169	-881872.21	-1006938.51	0.5565
-822828.862	-1069529.776	-823222.53	-1069474.727	8.5137
-842745.5	-1001935.625	-843135.49	-1000536.953	18.9772
-725770.197	-1069696.402	-725737.899	-1069763.208	0.9244
-766752.906	-981642.493	-766953.473	-981111.047	6.3723
-668996.86	-1009376.63	-670016.23	-1007047.13	37.0886
-794339.238	-1026365.099	-794811.08	-1026343.35	5.2803
-727447.57	-1019795.24	-726936.28	-1019982.02	6.0679
-868497.133	-1010424.36	-868667.144	-1010400.462	1.9168
-691865.31	-1062400.71	-693322.025	-1064570.064	35.9254
-774165.979	-1032839.506	-773839.37	-1032477.27	9.7871
-673597.602	-1036645.257	-673108.98	-1036819.32	6.3769
-697498.543	-1012712.62	-696827.82	-1012290.25	15.9084
-836341.28	-1052408.963	-834410.647	-1056690.533	55.3313
-738750.231	-1040041.52	-737685.69	-1039179.09	27.4549
-697479.08	-1067461.79	-696768.359	-1065799.89	20.7784
-675081.441	-1076381.104	-675625.415	-1077648.716	26.0326
-642583.084	-1075093.771	-641685.442	-1075561.728	11.2749
-750228.414	-988919.972	-751217.73	-988675.46	12.7419
-770275.01	-1015936.58	-770301.57	-1016164.93	4.5996
-751860.75	-1007434.16	-751669.33	-1007020.21	5.443
-855539.19	-1006492.17	-853238.64	-1005290.72	47.5658
-817250.794	-1072663.047	-816650.416	-1075683.859	40.4938
-680379.32	-1044857.65	-679486.459	-1043293.085	28.9179
-824175.43	-1076403.11	-823930.32	-1076414.79	2.7268
-646612.72	-1029025.29	-647401.8	-1028096.74	15.5694
-740449.38	-984069.56	-740425.24	-984956.78	10.0684
-823782.609	-1010399.294	-824204.341	-1011429.901	13.5901
-665985.665	-1014190.974	-667596.64	-1016697.53	38.4784
-668977.106	-1067594.311	-667413.88	-1070189.63	37.4275
-732406.261	-1057487.646	-731999.944	-1057687.789	9.8203
-875290.624	-1010744.429	-874248.415	-1011555.602	15.2868
-653072.91	-1022891.08	-653288.69	-1021283.75	31.7482
-702718.41	-1046996.8	-703193.08	-1047787.47	18.7735
-752939.66	-1019805.72	-753404.14	-1020020.39	14.9017
-687848.521	-1056929.249	-687848.906	-1056461.199	9.5452
-842743.14	-1009995.94	-840674.114	-1009034.216	50.1971
-682349.499	-1071601.107	-681516.604	-1071396.197	11.1527
-654422.55	-1033954.05	-654259.08	-1033888.45	2.0368
-758946.8	-1047715.38	-758938.02	-1047552.36	3.4966
-791126.51	-987607.11	-791773.631	-986774.146	23.6148
-740041.62	-1048597.98	-740040.5	-1048642.14	0.9128